system:index,B11,B12,B2,B3,B4,B5,B6,B7,B8,B8A,SCL,date,h_wrb4,latitude,longitude,profile_id,source_db,.geo
20220810T103629_20220810T103652_T31TCH_00000000000000000854_0,3624,2852,906,1462,1930,2311,2523,2727,2828,3017,5,2022-08-10,Mollic Umbrisols,43.23675734912461,1.7343973183347328,2192,RMQS1,"{""type"":""MultiPoint"",""coordinates"":[]}"
20220810T103629_20220810T103652_T31TCJ_000000000000000007e1_0,4499,3362,1316,1838,2540,2950,3088,3343,3452,3556,5,2022-08-10,Calcaric Cambisols,43.66811185509377,1.7298359782939583,2062,RMQS1,"{""type"":""MultiPoint"",""coordinates"":[]}"
20220810T103629_20220810T103652_T31TCJ_0000000000000000080b_0,3457,2695,778,1218,1576,1954,2114,2347,2408,2584,5,2022-08-10,Calcaric Cambisols,43.524309926758626,1.7313633815716516,2108,RMQS1,"{""type"":""MultiPoint"",""coordinates"":[]}"
20220810T103629_20220810T103652_T31TCJ_00000000000000000832_0,4849,3400,1516,2024,2834,3320,3444,3671,3864,4037,5,2022-08-10,Calcaric Cambisols,43.379238151330306,1.5357705717025496,2152,RMQS1,"{""type"":""MultiPoint"",""coordinates"":[]}"
20220810T103629_20220810T103652_T31TCJ_00000000000000000833_0,3724,2860,1014,1482,1772,2633,3134,3579,3708,3728,5,2022-08-10,Regosols (Colluvic),43.3805251082789,1.7328839686620165,2153,RMQS1,"{""type"":""MultiPoint"",""coordinates"":[]}"
20220810T103629_20220810T103652_T31TDH_0000000000000000006a_0,3405,2267,780,1192,1758,2159,2707,2941,3062,3244,5,2022-08-10,Calcaric Cambisols,43.25643616146044,2.453036771590776,SIM23594,HWSDv2,"{""type"":""MultiPoint"",""coordinates"":[]}"
20220810T103629_20220810T103652_T31TDH_00000000000000000856_0,2848,2196,1232,1820,1988,2383,2563,2697,2850,2956,5,2022-08-10,Calcaric Arenosols,43.23824536900353,2.1276596812268993,2194,RMQS1,"{""type"":""MultiPoint"",""coordinates"":[]}"
20220810T103629_20220810T103652_T31TDH_00000000000000000857_0,4070,2813,869,1190,1722,2134,2470,2760,2916,3168,5,2022-08-10,Calcaric Cambisols,43.238449309842004,2.324294647249126,2195,RMQS1,"{""type"":""MultiPoint"",""coordinates"":[]}"
20220810T103629_20220810T103652_T31TDH_00000000000000000858_0,2900,1778,470,798,974,1620,2227,2531,2830,2883,5,2022-08-10,Calcaric Cambisols,43.23829353328013,2.520928813086623,2196,RMQS1,"{""type"":""MultiPoint"",""coordinates"":[]}"
20220810T103629_20220810T103652_T31TDH_0000000000000000085b_0,2706,1926,476,780,768,1685,2389,2594,2442,2862,5,2022-08-10,Calcaric Cambisols,43.23566998923507,3.1108089650892605,2199,RMQS1,"{""type"":""MultiPoint"",""coordinates"":[]}"
20220810T103629_20220810T103652_T31TDH_00000000000000000871_0,3374,2196,610,902,1204,1630,2040,2303,2443,2698,5,2022-08-10,Calcaric Cambisols,43.09469607384413,2.3243282873192377,2230,RMQS1,"{""type"":""MultiPoint"",""coordinates"":[]}"
20220810T103629_20220810T103652_T31TDH_00000000000000000872_0,3007,1750,537,821,987,1583,2128,2396,2601,2796,5,2022-08-10,Calcaric Cambisols,43.09454041537799,2.520470944219245,2231,RMQS1,"{""type"":""MultiPoint"",""coordinates"":[]}"
20220810T103629_20220810T103652_T31TDH_00000000000000000873_0,3793,2584,916,1292,1760,2123,2496,2717,2880,3068,5,2022-08-10,Calcaric Cambisols,43.094026894148875,2.7166120760122463,2232,RMQS1,"{""type"":""MultiPoint"",""coordinates"":[]}"
20220810T103629_20220810T103652_T31TDH_00000000000000000895_0,2983,2559,720,1212,2046,2325,2348,2470,2377,2466,5,2022-08-10,Calcaric Cambisols,42.80571523077259,2.9098926161750236,2284,RMQS1,"{""type"":""MultiPoint"",""coordinates"":[]}"
20220810T103629_20220810T103652_T31TDH_0000000000000000089e_0,2875,2145,866,1142,1394,1889,2271,2381,2380,2540,5,2022-08-10,Calcaric Cambisols,42.6620252526446,2.9084752236407057,2304,RMQS1,"{""type"":""MultiPoint"",""coordinates"":[]}"
20220810T103629_20220810T103652_T31TDH_00000000000000000894_0,3317,2519,702,1164,1482,2023,2679,3033,2952,3183,5,2022-08-10,Eutric Cambisols,42.80658280776676,2.714730808908014,2283,RMQS1,"{""type"":""MultiPoint"",""coordinates"":[]}"
20220810T103629_20220810T103652_T31TDH_000000000000000008ab_0,3225,2586,742,1098,1316,2052,2791,3292,2902,3391,5,2022-08-10,Regosols (Colluvic),42.5171379429873,3.1012569688336855,2319,RMQS1,"{""type"":""MultiPoint"",""coordinates"":[]}"
20220810T103629_20220810T103652_T31TDH_00000000000000000855_0,4573,3648,1426,2086,2834,3233,3227,3435,3531,3594,5,2022-08-10,Rendzic Leptosols,43.237681525941696,1.9310260055678181,2193,RMQS1,"{""type"":""MultiPoint"",""coordinates"":[]}"
20220810T103629_20220810T103652_T31TDH_00000000000000000875_0,3310,3366,1574,2062,2452,2617,2590,2658,2620,2595,5,2022-08-10,Stagnic Gleysols,43.091924316673435,3.108878696679787,2234,RMQS1,"{""type"":""MultiPoint"",""coordinates"":[]}"
20220810T103629_20220810T103652_T31TDJ_00000000000000000760_0,4275,3048,894,1418,2046,2583,3146,3419,3348,3550,5,2022-08-10,Calcaric Cambisols,44.10054393938835,1.9248303898472057,1924,RMQS1,"{""type"":""MultiPoint"",""coordinates"":[]}"
20220810T103629_20220810T103652_T31TDJ_0000000000000000078c_0,2789,2093,760,1180,1132,2150,2857,3130,3239,3113,5,2022-08-10,Calcaric Cambisols,43.9572674411978,2.1250002129640184,1972,RMQS1,"{""type"":""MultiPoint"",""coordinates"":[]}"
20220810T103629_20220810T103652_T31TDJ_00000000000000000791_0,3308,2226,611,930,1272,1798,2395,2709,2944,3093,5,2022-08-10,Calcaric Cambisols,43.95465713914819,3.120606378144465,1977,RMQS1,"{""type"":""MultiPoint"",""coordinates"":[]}"
20220810T103629_20220810T103652_T31TDJ_000000000000000007bd_0,4278,2938,874,1264,1766,2355,2811,3141,3303,3550,5,2022-08-10,Calcaric Cambisols,43.81082817775317,3.1186271740423095,2023,RMQS1,"{""type"":""MultiPoint"",""coordinates"":[]}"
20220810T103629_20220810T103652_T31TDJ_000000000000000007e3_0,5012,3201,1272,1836,2834,3420,3530,3863,4079,4336,5,2022-08-10,Calcaric Cambisols,43.66961104280001,2.1260713188749483,2064,RMQS1,"{""type"":""MultiPoint"",""coordinates"":[]}"
20220810T103629_20220810T103652_T31TDJ_00000000000000000839_0,3534,3397,930,1300,1896,2203,2293,2469,2504,2666,5,2022-08-10,Calcaric Cambisols,43.38067200264482,2.915635021626933,2159,RMQS1,"{""type"":""MultiPoint"",""coordinates"":[]}"
20220810T103629_20220810T103652_T31TDJ_00000000000000000735_0,4910,3193,1036,1406,2050,2560,2769,3126,3352,3623,5,2022-08-10,Eutric Cambisols,44.244978977774174,2.1239161405307447,1879,RMQS1,"{""type"":""MultiPoint"",""coordinates"":[]}"
20220810T103629_20220810T103652_T31TDJ_00000000000000000739_0,2964,2823,716,928,1392,1544,1612,1777,1969,1983,5,2022-08-10,Eutric Cambisols,44.243613438171685,2.9244684072218954,1883,RMQS1,"{""type"":""MultiPoint"",""coordinates"":[]}"
20220810T103629_20220810T103652_T31TDJ_00000000000000000762_0,4410,3769,1668,2040,2642,2911,2973,3162,3308,3372,5,2022-08-10,Eutric Cambisols,44.10132367901196,2.3240912497602655,1926,RMQS1,"{""type"":""MultiPoint"",""coordinates"":[]}"
20220810T103629_20220810T103652_T31TDJ_0000000000000000078b_0,4061,2769,952,1282,1788,2178,2486,2782,2967,3197,5,2022-08-10,Eutric Cambisols,43.95669683331813,1.9258768685870264,1971,RMQS1,"{""type"":""MultiPoint"",""coordinates"":[]}"
20220810T103629_20220810T103652_T31TDJ_0000000000000000078f_0,3716,2578,782,1114,1556,2086,2439,2806,2893,3082,5,2022-08-10,Eutric Cambisols,43.95679455630971,2.7223763371721823,1975,RMQS1,"{""type"":""MultiPoint"",""coordinates"":[]}"
20220810T103629_20220810T103652_T31TDJ_000000000000000007ba_0,4632,2911,896,1260,1864,2147,2454,2886,3097,3414,5,2022-08-10,Eutric Cambisols,43.813480521984715,2.5227831617559686,2020,RMQS1,"{""type"":""MultiPoint"",""coordinates"":[]}"
20220810T103629_20220810T103652_T31TDJ_000000000000000007e4_0,4078,2779,980,1278,1708,2134,2508,2795,2895,3069,5,2022-08-10,Eutric Cambisols,43.66981672988419,2.3241939270868723,2065,RMQS1,"{""type"":""MultiPoint"",""coordinates"":[]}"
20220810T103629_20220810T103652_T31TDJ_00000000000000000835_0,3566,2728,876,1140,1460,1782,2244,2578,2674,2829,5,2022-08-10,Eutric Cambisols,43.382016692062045,2.1271323662078934,2155,RMQS1,"{""type"":""MultiPoint"",""coordinates"":[]}"
20220810T103629_20220810T103652_T31TDJ_00000000000000000736_0,4598,3146,972,1344,2006,2426,2682,2994,3365,3493,5,2022-08-10,Haplic Luvisols,44.24518706868091,2.3240567532591774,1880,RMQS1,"{""type"":""MultiPoint"",""coordinates"":[]}"
20220810T103629_20220810T103652_T31TDJ_0000000000000000080c_0,3726,2374,700,952,1274,1650,2067,2311,2715,2662,5,2022-08-10,Haplic Luvisols,43.52580553458276,2.1266028762483478,2110,RMQS1,"{""type"":""MultiPoint"",""coordinates"":[]}"
20220810T103629_20220810T103652_T31TDJ_000000000000000007b9_0,4689,3282,1464,1998,2792,2780,2941,3093,3705,3367,5,2022-08-10,Luvic Cambisols,43.813637782487255,2.324160020455109,2019,RMQS1,"{""type"":""MultiPoint"",""coordinates"":[]}"
20220810T103629_20220810T103652_T31TDJ_000000000000000007e2_0,3939,2919,1146,1648,2258,2518,2826,3168,3577,3560,5,2022-08-10,Luvic Cambisols,43.669042809087784,1.9279512878727754,2063,RMQS1,"{""type"":""MultiPoint"",""coordinates"":[]}"
20220810T103629_20220810T103652_T31TDJ_00000000000000000734_0,4061,2475,735,1006,1506,2042,2583,3031,3492,3641,5,2022-08-10,Mollic Umbrisols,44.24440461578297,1.9237783117129552,1878,RMQS1,"{""type"":""MultiPoint"",""coordinates"":[]}"
20220810T103629_20220810T103652_T31TDJ_000000000000000007e5_0,4674,3361,1228,1810,2586,3063,3214,3470,3824,3917,5,2022-08-10,Mollic Umbrisols,43.6696596863548,2.522316477806547,2066,RMQS1,"{""type"":""MultiPoint"",""coordinates"":[]}"
20220810T103629_20220810T103652_T31TDJ_00000000000000000834_0,5052,3693,1676,2236,2974,3324,3349,3578,3815,3816,5,2022-08-10,Regosols (Colluvic),43.38145144609924,1.9300054714673698,2154,RMQS1,"{""type"":""MultiPoint"",""coordinates"":[]}"
20220810T103629_20220810T103652_T31TDJ_000000000000000007b8_0,4402,3028,1142,1622,2374,2701,2854,3116,3423,3470,5,2022-08-10,Rendzic Leptosols,43.81343217854103,2.1255375569197064,2018,RMQS1,"{""type"":""MultiPoint"",""coordinates"":[]}"
20220810T103629_20220810T103652_T31TDJ_00000000000000000811_0,2834,2144,844,1210,1532,1843,2182,2332,2519,2550,5,2022-08-10,Skeletic Leptosols,43.523216159874494,3.114698744468044,2115,RMQS1,"{""type"":""MultiPoint"",""coordinates"":[]}"
20220810T103629_20220810T103652_T31TDJ_00000000000000000737_0,5170,3557,932,1250,1910,2380,2658,2972,3220,3511,5,2022-08-10,Umbric Leptosols,44.24502924266704,2.5241971825902305,1881,RMQS1,"{""type"":""MultiPoint"",""coordinates"":[]}"
20220810T103629_20220810T103652_T31TDJ_00000000000000000738_0,4717,3296,866,1196,1786,2163,2386,2725,2957,3225,5,2022-08-10,Umbric Leptosols,44.244504694751356,2.7243348476022655,1882,RMQS1,"{""type"":""MultiPoint"",""coordinates"":[]}"
20220810T103629_20220810T103652_T31TDJ_00000000000000000761_0,4023,2893,738,938,1340,1559,1817,2066,2279,2308,5,2022-08-10,Umbric Leptosols,44.10111660045673,2.1244594998986797,1925,RMQS1,"{""type"":""MultiPoint"",""coordinates"":[]}"
20220810T103629_20220810T103652_T31TDJ_00000000000000000763_0,4026,2706,856,1216,1888,2175,2443,2742,2986,3180,5,2022-08-10,Umbric Leptosols,44.10116589260761,2.523723311353843,1927,RMQS1,"{""type"":""MultiPoint"",""coordinates"":[]}"
20220810T103629_20220810T103652_T31TDK_00000000000000000060_0,3727,2246,688,1000,1270,1858,2484,2818,3232,3359,5,2022-08-10,Dystric Cambisols,44.45520625129903,2.263277884416782,SIM44470,HWSDv2,"{""type"":""MultiPoint"",""coordinates"":[]}"
20220810T103629_20220810T103652_T31TDK_000000000000000006c2_0,4777,3197,998,1418,2038,2496,2769,3071,3312,3597,5,2022-08-10,Dystric Cambisols,44.67615650531218,2.7273127243921524,1755,RMQS1,"{""type"":""MultiPoint"",""coordinates"":[]}"
20220810T103629_20220810T103652_T31TDK_000000000000000006e5_0,3860,2244,772,1128,1562,2108,2912,3291,3968,3907,5,2022-08-10,Dystric Cambisols,44.532738933382134,2.12282229806787,1794,RMQS1,"{""type"":""MultiPoint"",""coordinates"":[]}"
20220810T103629_20220810T103652_T31TDK_000000000000000006e8_0,4190,2617,816,1120,1616,2093,2575,2986,3280,3450,5,2022-08-10,Dystric Cambisols,44.53136615363973,2.927472897575099,1798,RMQS1,"{""type"":""MultiPoint"",""coordinates"":[]}"
20220810T103629_20220810T103652_T31TDK_00000000000000000735_0,4877,3176,1034,1396,2030,2529,2760,3115,3344,3619,5,2022-08-10,Eutric Cambisols,44.244978977774174,2.1239161405307447,1879,RMQS1,"{""type"":""MultiPoint"",""coordinates"":[]}"
20220810T103629_20220810T103652_T31TDK_00000000000000000739_0,2957,2823,723,933,1388,1545,1622,1786,1982,1995,5,2022-08-10,Eutric Cambisols,44.243613438171685,2.9244684072218954,1883,RMQS1,"{""type"":""MultiPoint"",""coordinates"":[]}"
20220810T103629_20220810T103652_T31TDK_00000000000000000736_0,4579,3139,972,1338,1992,2409,2674,2981,3352,3481,5,2022-08-10,Haplic Luvisols,44.24518706868091,2.3240567532591774,1880,RMQS1,"{""type"":""MultiPoint"",""coordinates"":[]}"
20220810T103629_20220810T103652_T31TDK_0000000000000000070d_0,4447,3132,971,1300,1836,2248,2485,2856,3124,3329,5,2022-08-10,Lithic Leptosols,44.388904134938514,2.524673828874761,1838,RMQS1,"{""type"":""MultiPoint"",""coordinates"":[]}"
20220810T103629_20220810T103652_T31TDK_00000000000000000734_0,4043,2465,734,1002,1492,2026,2564,2999,3472,3608,5,2022-08-10,Mollic Umbrisols,44.24440461578297,1.9237783117129552,1878,RMQS1,"{""type"":""MultiPoint"",""coordinates"":[]}"
20220810T103629_20220810T103652_T31TDK_0000000000000000070a_0,4094,2588,803,995,1392,1749,2178,2456,2730,2962,5,2022-08-10,Rendzic Leptosols,44.38827791423929,1.9227214717370675,1835,RMQS1,"{""type"":""MultiPoint"",""coordinates"":[]}"
20220810T103629_20220810T103652_T31TDK_00000000000000000671_0,4276,2638,854,1110,1656,2043,2453,2871,3132,3448,5,2022-08-10,Umbric Leptosols,44.964454496326915,2.1211612828410127,1667,RMQS1,"{""type"":""MultiPoint"",""coordinates"":[]}"
20220810T103629_20220810T103652_T31TDK_0000000000000000069a_0,3972,2453,726,1010,1400,1988,2540,2964,3284,3492,5,2022-08-10,Umbric Leptosols,44.82059069646942,2.5261177106685717,1711,RMQS1,"{""type"":""MultiPoint"",""coordinates"":[]}"
20220810T103629_20220810T103652_T31TDK_0000000000000000070c_0,4296,3283,1210,1558,2302,2512,2686,2918,3196,3284,5,2022-08-10,Umbric Leptosols,44.38906236160645,2.324022314234377,1837,RMQS1,"{""type"":""MultiPoint"",""coordinates"":[]}"
20220810T103629_20220810T103652_T31TDK_00000000000000000737_0,5145,3551,936,1250,1904,2364,2650,2961,3212,3498,5,2022-08-10,Umbric Leptosols,44.24502924266704,2.5241971825902305,1881,RMQS1,"{""type"":""MultiPoint"",""coordinates"":[]}"
20220810T103629_20220810T103652_T31TDK_00000000000000000738_0,4700,3292,870,1196,1772,2150,2381,2722,2952,3218,5,2022-08-10,Umbric Leptosols,44.244504694751356,2.7243348476022655,1882,RMQS1,"{""type"":""MultiPoint"",""coordinates"":[]}"
20220810T103629_20220810T103652_T31TDK_00000000000000000674_0,3743,2501,646,971,1400,1863,2361,2754,2954,3188,5,2022-08-10,Vitric Andosols,44.96397307996938,2.7293236704161887,1670,RMQS1,"{""type"":""MultiPoint"",""coordinates"":[]}"
20220810T103629_20220810T103652_T31TDK_0000000000000000069b_0,3638,2279,844,1172,1626,1846,2507,2857,3100,3288,5,2022-08-10,Vitric Andosols,44.82006041011753,2.72831562730668,1712,RMQS1,"{""type"":""MultiPoint"",""coordinates"":[]}"
20220810T103629_20220810T103652_T31TDK_0000000000000000001e_0,4113,2711,719,1013,1472,1945,2490,2908,3244,3404,5,2022-08-10,Dystric Gleysols,45.09722222,2.1222222199999994,68781,"{WD-eSOTER,WD-WISE}","{""type"":""MultiPoint"",""coordinates"":[]}"
20220810T103629_20220810T103652_T31TDL_000000000000000005ae_0,4503,2907,826,1150,1552,2132,2599,2935,3260,3474,5,2022-08-10,Dystric Cambisols,45.68433522031902,2.3237039273097384,1461,RMQS1,"{""type"":""MultiPoint"",""coordinates"":[]}"
20220810T103629_20220810T103652_T31TDL_00000000000000000627_0,3787,2520,738,1044,1500,1902,2462,2709,2900,3209,5,2022-08-10,Eutric Cambisols,45.250912370554616,2.9351172726186774,1589,RMQS1,"{""type"":""MultiPoint"",""coordinates"":[]}"
20220810T103629_20220810T103652_T31TDL_0000000000000000001e_0,4119,2714,712,1011,1476,1950,2491,2911,3248,3410,5,2022-08-10,Dystric Gleysols,45.09722222,2.1222222199999994,68781,"{WD-eSOTER,WD-WISE}","{""type"":""MultiPoint"",""coordinates"":[]}"
20220810T103629_20220810T103652_T31TDM_00000000000000000488_0,4850,4417,1538,2118,2758,3203,3380,3629,3752,3835,5,2022-08-10,Eutric Retisols,46.835211482898934,2.7429212005666344,1134,RMQS1,"{""type"":""MultiPoint"",""coordinates"":[]}"
20220810T103629_20220810T103652_T31TDM_000000000000000004d6_0,4052,2729,841,1156,1624,2093,2601,2906,3188,3333,5,2022-08-10,Haplic Luvisols,46.546391687559506,2.9493976467387704,1216,RMQS1,"{""type"":""MultiPoint"",""coordinates"":[]}"
20220810T103629_20220810T103652_T31TDM_00000000000000000540_0,4465,3675,1532,1924,2490,2747,2921,3154,3336,3438,5,2022-08-10,Luvic Stagnosols,46.11602001349392,2.5305880344950036,1339,RMQS1,"{""type"":""MultiPoint"",""coordinates"":[]}"
20220810T103629_20220810T103652_T31TDM_000000000000000004f8_0,4315,2903,877,1152,1654,2229,2648,2980,3252,3521,5,2022-08-10,Umbric Leptosols,46.40337439332457,2.739697268260874,1257,RMQS1,"{""type"":""MultiPoint"",""coordinates"":[]}"
20220810T103629_20220810T103652_T31TDM_00000000000000000009_0,4360,2568,781,1120,1622,2183,2749,3158,3708,3879,5,2022-08-10,Chromic Luvisols,46.3675,2.9111111099999993,66249,"{WD-eSOTER,WD-WISE}","{""type"":""MultiPoint"",""coordinates"":[]}"
20220810T103629_20220810T103652_T31TDN_0000000000000000040f_0,3186,2541,972,1328,1570,1952,2616,2840,3056,3121,5,2022-08-10,Eutric Cambisols,47.26607029067076,2.957639518006341,1002,RMQS1,"{""type"":""MultiPoint"",""coordinates"":[]}"
20220810T103629_20220810T103652_T31TEH_0000000000000000085b_0,2684,1925,582,862,836,1696,2385,2590,2452,2849,5,2022-08-10,Calcaric Cambisols,43.23566998923507,3.1108089650892605,2199,RMQS1,"{""type"":""MultiPoint"",""coordinates"":[]}"
20220810T103629_20220810T103652_T31TEH_000000000000000008ab_0,3194,2584,818,1152,1330,2037,2736,3224,2862,3328,5,2022-08-10,Regosols (Colluvic),42.5171379429873,3.1012569688336855,2319,RMQS1,"{""type"":""MultiPoint"",""coordinates"":[]}"
20220810T103629_20220810T103652_T31TEH_00000000000000000875_0,3253,3328,1546,2002,2346,2517,2495,2565,2520,2516,5,2022-08-10,Stagnic Gleysols,43.091924316673435,3.108878696679787,2234,RMQS1,"{""type"":""MultiPoint"",""coordinates"":[]}"
20220810T103629_20220810T103652_T31TEJ_0000000000000000008e_0,3097,2657,1090,1324,1548,1939,1920,2187,1942,2353,5,2022-08-10,Calcaric Cambisols,43.82267482299646,4.27074147658991,SIM8588,HWSDv2,"{""type"":""MultiPoint"",""coordinates"":[]}"
20220810T103629_20220810T103652_T31TEJ_00000000000000000066_0,3889,3214,1306,1788,2210,2635,3042,3245,3416,3458,5,2022-08-10,Chromic Cambisols,43.438877638553414,3.7161008590451607,SIM29157,HWSDv2,"{""type"":""MultiPoint"",""coordinates"":[]}"
20220810T103629_20220810T103652_T31TEJ_0000000000000000076b_0,3995,2768,834,1192,1716,2243,2547,2807,2682,3154,5,2022-08-10,Calcaric Cambisols,44.08674946075085,4.120475872034243,1935,RMQS1,"{""type"":""MultiPoint"",""coordinates"":[]}"
20220810T103629_20220810T103652_T31TEJ_00000000000000000791_0,3328,2231,608,936,1288,1819,2419,2741,2995,3126,5,2022-08-10,Calcaric Cambisols,43.95465713914819,3.120606378144465,1977,RMQS1,"{""type"":""MultiPoint"",""coordinates"":[]}"
20220810T103629_20220810T103652_T31TEJ_00000000000000000796_0,3506,2343,1192,1750,2002,2199,3454,4088,4416,4378,5,2022-08-10,Calcaric Cambisols,43.942938074897434,4.115959775964826,1982,RMQS1,"{""type"":""MultiPoint"",""coordinates"":[]}"
20220810T103629_20220810T103652_T31TEJ_000000000000000007bd_0,4290,2936,877,1270,1782,2395,2830,3156,3308,3568,5,2022-08-10,Calcaric Cambisols,43.81082817775317,3.1186271740423095,2023,RMQS1,"{""type"":""MultiPoint"",""coordinates"":[]}"
20220810T103629_20220810T103652_T31TEJ_000000000000000007c2_0,3760,2758,1166,1494,1996,2302,2619,2931,3104,3262,5,2022-08-10,Calcaric Cambisols,43.7991410171107,4.111467427699521,2028,RMQS1,"{""type"":""MultiPoint"",""coordinates"":[]}"
20220810T103629_20220810T103652_T31TEJ_000000000000000007ea_0,3352,2236,700,1100,1426,1904,2303,2594,2884,2894,5,2022-08-10,Calcaric Cambisols,43.66343804271974,3.512842034103026,2071,RMQS1,"{""type"":""MultiPoint"",""coordinates"":[]}"
20220810T103629_20220810T103652_T31TEJ_000000000000000007ec_0,2759,2350,998,1262,1720,1599,2507,2738,3312,2912,5,2022-08-10,Calcaric Cambisols,43.65841424428006,3.9089655718013168,2073,RMQS1,"{""type"":""MultiPoint"",""coordinates"":[]}"
20220810T103629_20220810T103652_T31TEJ_00000000000000000812_0,3463,2468,920,1366,1738,2046,2548,2837,3035,3091,5,2022-08-10,Calcaric Cambisols,43.521613839532165,3.31229977771075,2116,RMQS1,"{""type"":""MultiPoint"",""coordinates"":[]}"
20220810T103629_20220810T103652_T31TEJ_00000000000000000814_0,3526,2713,886,1268,1560,2038,2989,3441,3608,3770,5,2022-08-10,Calcaric Cambisols,43.5173242466422,3.707460304517194,2118,RMQS1,"{""type"":""MultiPoint"",""coordinates"":[]}"
20220810T103629_20220810T103652_T31TEJ_00000000000000000767_0,3296,2136,645,857,1092,1558,2096,2373,2489,2752,5,2022-08-10,Chromic Cambisols,44.096880677203906,3.322201988005559,1931,RMQS1,"{""type"":""MultiPoint"",""coordinates"":[]}"
20220810T103629_20220810T103652_T31TEJ_000000000000000007ee_0,3345,2731,790,1240,1662,2037,2666,2963,2959,3026,5,2022-08-10,Chromic Luvisols,43.651940920186576,4.305007084751487,2075,RMQS1,"{""type"":""MultiPoint"",""coordinates"":[]}"
20220810T103629_20220810T103652_T31TEJ_000000000000000007e9_0,2378,1479,575,785,1122,1375,1851,2136,2118,2410,5,2022-08-10,Eutric Cambisols,43.66540718825601,3.3147562146817404,2070,RMQS1,"{""type"":""MultiPoint"",""coordinates"":[]}"
20220810T103629_20220810T103652_T31TEJ_00000000000000000797_0,4248,2858,1378,1930,2734,2545,3037,3408,4028,3821,5,2022-08-10,Haplic Luvisols,43.93950182631036,4.314972449656151,1983,RMQS1,"{""type"":""MultiPoint"",""coordinates"":[]}"
20220810T103629_20220810T103652_T31TEJ_0000000000000000083c_0,2863,2240,836,1242,1622,1659,2309,2642,2850,2834,5,2022-08-10,Regosols (Colluvic),43.375877056455096,3.506947570061407,2162,RMQS1,"{""type"":""MultiPoint"",""coordinates"":[]}"
20220810T103629_20220810T103652_T31TEJ_0000000000000000073b_0,3881,2734,1134,1538,2136,2402,2888,3150,3432,3427,5,2022-08-10,Rendzic Leptosols,44.24073240119096,3.324708340600912,1885,RMQS1,"{""type"":""MultiPoint"",""coordinates"":[]}"
20220810T103629_20220810T103652_T31TEJ_0000000000000000073c_0,4343,3097,1036,1332,1790,2103,2298,2563,2740,2924,5,2022-08-10,Rendzic Leptosols,44.23874168929613,3.5248106592311035,1886,RMQS1,"{""type"":""MultiPoint"",""coordinates"":[]}"
20220810T103629_20220810T103652_T31TEJ_00000000000000000792_0,3189,2109,515,754,907,1518,2193,2464,2723,2788,5,2022-08-10,Rendzic Leptosols,43.95304151175681,3.31970765939725,1978,RMQS1,"{""type"":""MultiPoint"",""coordinates"":[]}"
20220810T103629_20220810T103652_T31TEJ_00000000000000000795_0,2894,1997,662,803,1015,1469,1969,2165,2351,2485,5,2022-08-10,Rendzic Leptosols,43.94601042464444,3.9169252417754867,1981,RMQS1,"{""type"":""MultiPoint"",""coordinates"":[]}"
20220810T103629_20220810T103652_T31TEJ_000000000000000007c3_0,2789,2285,818,1140,1360,1837,2214,2467,2730,2544,5,2022-08-10,Rendzic Leptosols,43.79571428157454,4.309977101992488,2029,RMQS1,"{""type"":""MultiPoint"",""coordinates"":[]}"
20220810T103629_20220810T103652_T31TEJ_000000000000000007eb_0,3689,2712,778,1358,1670,2244,2939,3286,3352,3541,5,2022-08-10,Rendzic Leptosols,43.66110719495738,3.710912738409119,2072,RMQS1,"{""type"":""MultiPoint"",""coordinates"":[]}"
20220810T103629_20220810T103652_T31TEJ_00000000000000000811_0,2853,2157,854,1230,1566,1879,2193,2339,2520,2563,5,2022-08-10,Skeletic Leptosols,43.523216159874494,3.114698744468044,2115,RMQS1,"{""type"":""MultiPoint"",""coordinates"":[]}"
20220810T103629_20220810T103652_T31TEK_00000000000000000055_0,4473,3173,962,1354,1800,2273,2603,2907,3077,3316,5,2022-08-10,Calcaric Cambisols,44.5378974828575,3.2610253720654487,SIM68612,HWSDv2,"{""type"":""MultiPoint"",""coordinates"":[]}"
20220810T103629_20220810T103652_T31TEK_000000000000000006a0_0,4408,2919,958,1216,1570,2121,2857,3158,3364,3597,5,2022-08-10,Dystric Cambisols,44.811854530814195,3.7391688969725227,1717,RMQS1,"{""type"":""MultiPoint"",""coordinates"":[]}"
20220810T103629_20220810T103652_T31TEK_00000000000000000652_0,4480,3120,1284,1786,2662,2990,3139,3376,3719,3858,5,2022-08-10,Eutric Cambisols,45.09964253245595,3.7464163929022947,1634,RMQS1,"{""type"":""MultiPoint"",""coordinates"":[]}"
20220810T103629_20220810T103652_T31TEK_000000000000000006c8_0,3870,2522,679,908,1206,1620,2195,2505,2708,2932,5,2022-08-10,Eutric Cambisols,44.665228431993945,3.937183399035445,1761,RMQS1,"{""type"":""MultiPoint"",""coordinates"":[]}"
20220810T103629_20220810T103652_T31TEK_00000000000000000678_0,4242,3437,2110,2556,2962,3393,3671,3755,3972,3819,5,2022-08-10,Luvic Stagnosols,44.9581322392053,3.5401170376830255,1674,RMQS1,"{""type"":""MultiPoint"",""coordinates"":[]}"
20220810T103629_20220810T103652_T31TEK_000000000000000006eb_0,4143,3086,1390,1902,2656,2987,3107,3352,3535,3684,5,2022-08-10,Mollic Umbrisols,44.52409969825902,3.7319994644051873,1802,RMQS1,"{""type"":""MultiPoint"",""coordinates"":[]}"
20220810T103629_20220810T103652_T31TEK_0000000000000000067a_0,2828,1919,472,590,716,1499,2328,2538,1909,2831,5,2022-08-10,Regosols (Colluvic),44.95298615884477,3.945431512555657,1676,RMQS1,"{""type"":""MultiPoint"",""coordinates"":[]}"
20220810T103629_20220810T103652_T31TEK_000000000000000006c4_0,4575,2905,768,1060,1562,2013,2411,2687,3042,3247,5,2022-08-10,Regosols (Colluvic),44.67399079291431,3.1306526990206116,1757,RMQS1,"{""type"":""MultiPoint"",""coordinates"":[]}"
20220810T103629_20220810T103652_T31TEK_000000000000000006ee_0,3387,2331,776,1024,1350,1666,1951,2083,2226,2415,5,2022-08-10,Rendzic Leptosols,44.51478295625641,4.335209410010762,1805,RMQS1,"{""type"":""MultiPoint"",""coordinates"":[]}"
20220810T103629_20220810T103652_T31TEK_0000000000000000073b_0,3881,2740,1128,1534,2132,2404,2889,3152,3432,3430,5,2022-08-10,Rendzic Leptosols,44.24073240119096,3.324708340600912,1885,RMQS1,"{""type"":""MultiPoint"",""coordinates"":[]}"
20220810T103629_20220810T103652_T31TEK_0000000000000000073c_0,4325,3085,1028,1324,1780,2094,2285,2549,2728,2910,5,2022-08-10,Rendzic Leptosols,44.23874168929613,3.5248106592311035,1886,RMQS1,"{""type"":""MultiPoint"",""coordinates"":[]}"
20220810T103629_20220810T103652_T31TEK_0000000000000000069e_0,4505,3048,858,1124,1540,1894,2193,2455,2725,2917,5,2022-08-10,Umbric Leptosols,44.81624720276049,3.334865958884358,1715,RMQS1,"{""type"":""MultiPoint"",""coordinates"":[]}"
20220810T103629_20220810T103652_T31TEK_000000000000000006c5_0,4986,3537,1000,1338,1860,2246,2483,2760,2997,3285,5,2022-08-10,Umbric Leptosols,44.67235403910823,3.332307655594701,1758,RMQS1,"{""type"":""MultiPoint"",""coordinates"":[]}"
20220810T103629_20220810T103652_T31TEK_000000000000000006ec_0,4175,2943,978,1278,1726,2115,2428,2639,2867,3019,5,2022-08-10,Umbric Leptosols,44.52136256549968,3.93309169910545,1803,RMQS1,"{""type"":""MultiPoint"",""coordinates"":[]}"
20220810T103629_20220810T103652_T31TEL_000000000000000005dd_0,3634,2801,1060,1276,1538,2038,2289,2531,2513,2763,5,2022-08-10,Calcaric Cambisols,45.52542214420943,4.166928983720046,1511,RMQS1,"{""type"":""MultiPoint"",""coordinates"":[]}"
20220810T103629_20220810T103652_T31TEL_00000000000000000596_0,3714,2379,692,1008,1390,1765,2237,2580,3042,3028,5,2022-08-10,Dystric Cambisols,45.80967846008117,4.382293949373143,1431,RMQS1,"{""type"":""MultiPoint"",""coordinates"":[]}"
20220810T103629_20220810T103652_T31TEL_00000000000000000606_0,3370,2621,872,1100,1566,1893,2222,2409,2431,2580,5,2022-08-10,Dystric Cambisols,45.377992881655096,4.3663564003467705,1554,RMQS1,"{""type"":""MultiPoint"",""coordinates"":[]}"
20220810T103629_20220810T103652_T31TEL_0000000000000000062c_0,4008,3616,882,1196,1716,1997,2090,2324,2421,2492,5,2022-08-10,Dystric Cambisols,45.24077317645841,3.953769285763391,1594,RMQS1,"{""type"":""MultiPoint"",""coordinates"":[]}"
20220810T103629_20220810T103652_T31TEL_0000000000000000056a_0,3269,2066,662,915,1156,1947,2733,3052,3152,3375,5,2022-08-10,Eutric Cambisols,45.969307702721736,3.14940195717346,1384,RMQS1,"{""type"":""MultiPoint"",""coordinates"":[]}"
20220810T103629_20220810T103652_T31TEL_00000000000000000590_0,2934,2578,901,1190,1464,1959,2395,2509,2353,2533,5,2022-08-10,Eutric Cambisols,45.82536654174085,3.14727434954861,1425,RMQS1,"{""type"":""MultiPoint"",""coordinates"":[]}"
20220810T103629_20220810T103652_T31TEL_00000000000000000628_0,4203,2639,784,1062,1590,1940,2187,2452,2783,2944,5,2022-08-10,Eutric Cambisols,45.24963070756122,3.1388743946959705,1590,RMQS1,"{""type"":""MultiPoint"",""coordinates"":[]}"
20220810T103629_20220810T103652_T31TEL_00000000000000000652_0,4427,3101,1256,1732,2568,2894,3067,3307,3647,3787,5,2022-08-10,Eutric Cambisols,45.09964253245595,3.7464163929022947,1634,RMQS1,"{""type"":""MultiPoint"",""coordinates"":[]}"
20220810T103629_20220810T103652_T31TEL_000000000000000005b7_0,2502,2149,684,878,1404,1529,2092,2347,2262,2433,5,2022-08-10,Eutric Planosols,45.669326793727166,4.171706692624691,1470,RMQS1,"{""type"":""MultiPoint"",""coordinates"":[]}"
20220810T103629_20220810T103652_T31TEL_00000000000000000603_0,4524,3160,755,976,1428,1733,2060,2339,2563,2858,5,2022-08-10,Eutric Stagnosols,45.38745838653209,3.7537407611103553,1551,RMQS1,"{""type"":""MultiPoint"",""coordinates"":[]}"
20220810T103629_20220810T103652_T31TEL_000000000000000005d8_0,3644,2508,562,929,1032,1866,2784,3097,3629,3505,5,2022-08-10,Haplic Vertisols,45.53749059550481,3.1430513588344695,1506,RMQS1,"{""type"":""MultiPoint"",""coordinates"":[]}"
20220810T103629_20220810T103652_T31TEL_000000000000000005d9_0,3888,2577,806,1078,1598,1960,2190,2511,2739,2950,5,2022-08-10,Mollic Umbrisols,45.53582735378092,3.3478597805752126,1507,RMQS1,"{""type"":""MultiPoint"",""coordinates"":[]}"
20220810T103629_20220810T103652_T31TEL_0000000000000000056b_0,3593,2305,1004,1422,1762,2346,3153,3425,3703,3824,5,2022-08-10,Regosols (Colluvic),45.96763063983362,3.355823049470566,1385,RMQS1,"{""type"":""MultiPoint"",""coordinates"":[]}"
20220810T103629_20220810T103652_T31TEL_000000000000000005de_0,3388,2287,689,944,1300,1598,2044,2385,2620,2812,5,2022-08-10,Regosols (Colluvic),45.52188439032412,4.371641844269313,1512,RMQS1,"{""type"":""MultiPoint"",""coordinates"":[]}"
20220810T103629_20220810T103652_T31TEL_00000000000000000605_0,4472,3092,1005,1306,1936,2266,2516,2744,3068,3149,5,2022-08-10,Regosols (Colluvic),45.38152155735521,4.162175892985983,1553,RMQS1,"{""type"":""MultiPoint"",""coordinates"":[]}"
20220810T103629_20220810T103652_T31TEL_00000000000000000592_0,3843,2508,652,893,1224,1718,2127,2420,2698,2936,5,2022-08-10,Stagnic Gleysols,45.82164445251886,3.559022515471215,1427,RMQS1,"{""type"":""MultiPoint"",""coordinates"":[]}"
20220810T103629_20220810T103652_T31TEM_00000000000000000058_0,3880,2439,656,950,1340,1746,2278,2583,2940,3067,5,2022-08-10,Calcaric Cambisols,46.303371281774204,4.212802100014239,SIM58291,HWSDv2,"{""type"":""MultiPoint"",""coordinates"":[]}"
20220810T103629_20220810T103652_T31TEM_0000000000000000005d_0,4290,3083,954,1284,1948,2347,2547,2802,2942,3166,5,2022-08-10,Dystric Cambisols,46.72236823472247,4.04957637442354,SIM25904,HWSDv2,"{""type"":""MultiPoint"",""coordinates"":[]}"
20220810T103629_20220810T103652_T31TEM_00000000000000000074_0,4139,3490,1332,1708,2212,2675,3075,3313,3412,3617,5,2022-08-10,Gleyic Luvisols,46.13610610606232,3.9110557583196854,SIM51771,HWSDv2,"{""type"":""MultiPoint"",""coordinates"":[]}"
20220810T103629_20220810T103652_T31TEM_000000000000000004d7_0,3998,2547,1388,1836,2288,3130,3705,4058,4300,4370,5,2022-08-10,Calcaric Cambisols,46.5450787191567,3.1580218533469955,1217,RMQS1,"{""type"":""MultiPoint"",""coordinates"":[]}"
20220810T103629_20220810T103652_T31TEM_0000000000000000048f_0,3859,2475,648,924,1408,1761,2109,2400,2688,2870,5,2022-08-10,Eutric Cambisols,46.82059705639419,4.210856825632106,1141,RMQS1,"{""type"":""MultiPoint"",""coordinates"":[]}"
20220810T103629_20220810T103652_T31TEM_000000000000000004b6_0,4212,2700,840,1148,1730,2064,2381,2645,2980,2992,5,2022-08-10,Eutric Cambisols,46.67992314864527,3.9967805513984263,1181,RMQS1,"{""type"":""MultiPoint"",""coordinates"":[]}"
20220810T103629_20220810T103652_T31TEM_000000000000000004dd_0,3492,2173,630,902,1232,1494,2198,2671,3082,3048,5,2022-08-10,Eutric Cambisols,46.52918227534784,4.409422646420094,1223,RMQS1,"{""type"":""MultiPoint"",""coordinates"":[]}"
20220810T103629_20220810T103652_T31TEM_000000000000000004ff_0,4371,2866,710,1016,1572,1932,2214,2557,2908,3094,5,2022-08-10,Eutric Cambisols,46.38887682673248,4.195980379073793,1264,RMQS1,"{""type"":""MultiPoint"",""coordinates"":[]}"
20220810T103629_20220810T103652_T31TEM_00000000000000000526_0,3823,2368,591,830,1280,1601,1898,2236,2587,2710,5,2022-08-10,Eutric Cambisols,46.244966557160595,4.191074702470398,1306,RMQS1,"{""type"":""MultiPoint"",""coordinates"":[]}"
20220810T103629_20220810T103652_T31TEM_0000000000000000056a_0,3262,2064,670,920,1158,1938,2727,3046,3152,3367,5,2022-08-10,Eutric Cambisols,45.969307702721736,3.14940195717346,1384,RMQS1,"{""type"":""MultiPoint"",""coordinates"":[]}"
20220810T103629_20220810T103652_T31TEM_000000000000000004b5_0,3891,2676,884,1204,1620,1924,2486,2917,3388,3392,5,2022-08-10,Eutric Planosols,46.68277144268723,3.787666472046673,1180,RMQS1,"{""type"":""MultiPoint"",""coordinates"":[]}"
20220810T103629_20220810T103652_T31TEM_00000000000000000523_0,3702,2319,647,866,1246,1720,2085,2417,2801,2944,5,2022-08-10,Eutric Planosols,46.253442299898516,3.5686996575366936,1303,RMQS1,"{""type"":""MultiPoint"",""coordinates"":[]}"
20220810T103629_20220810T103652_T31TEM_000000000000000008d5_0,4389,2730,810,1098,1600,2216,2670,3080,3497,3730,5,2022-08-10,Eutric Planosols,46.832955360495376,3.162404385466637,11136,RMQS1,"{""type"":""MultiPoint"",""coordinates"":[]}"
20220810T103629_20220810T103652_T31TEM_00000000000000000547_0,3989,2467,686,988,1432,1962,2502,2930,3213,3535,5,2022-08-10,Eutric Retisols,46.104252110969135,3.979304488816642,1346,RMQS1,"{""type"":""MultiPoint"",""coordinates"":[]}"
20220810T103629_20220810T103652_T31TEM_000000000000000004da_0,4004,2683,776,1064,1476,1940,2347,2638,2918,3093,5,2022-08-10,Eutric Stagnosols,46.53884808772313,3.7838164892692934,1220,RMQS1,"{""type"":""MultiPoint"",""coordinates"":[]}"
20220810T103629_20220810T103652_T31TEM_00000000000000000545_0,3801,2460,650,944,1252,1718,2344,2718,3037,3203,5,2022-08-10,Eutric Stagnosols,46.109508719803586,3.565456671920217,1344,RMQS1,"{""type"":""MultiPoint"",""coordinates"":[]}"
20220810T103629_20220810T103652_T31TEM_000000000000000004fe_0,3802,2528,684,950,1370,1810,2148,2405,2670,2846,5,2022-08-10,Fluvic Cambisols,46.39208995758754,3.987995703885363,1263,RMQS1,"{""type"":""MultiPoint"",""coordinates"":[]}"
20220810T103629_20220810T103652_T31TEM_000000000000000004b4_0,3598,2733,1070,1498,1910,2391,2874,3170,3343,3532,5,2022-08-10,Haplic Luvisols,46.6852369563891,3.578530612144559,1179,RMQS1,"{""type"":""MultiPoint"",""coordinates"":[]}"
20220810T103629_20220810T103652_T31TEM_000000000000000004fd_0,4001,2690,768,988,1322,1751,2274,2643,2952,3107,5,2022-08-10,Luvic Stagnosols (Ruptic),46.39492308751163,3.7799878647677483,1262,RMQS1,"{""type"":""MultiPoint"",""coordinates"":[]}"
20220810T103629_20220810T103652_T31TEM_000000000000000004d9_0,4110,2503,730,976,1444,1861,2300,2628,3032,3181,5,2022-08-10,Mollic Umbrisols,46.541307234339925,3.575235904485403,1219,RMQS1,"{""type"":""MultiPoint"",""coordinates"":[]}"
20220810T103629_20220810T103652_T31TEM_00000000000000000521_0,2621,1775,656,892,1194,1628,2181,2453,2448,2680,5,2022-08-10,Mollic Umbrisols,46.25719372691628,3.15368891738102,1301,RMQS1,"{""type"":""MultiPoint"",""coordinates"":[]}"
20220810T103629_20220810T103652_T31TEM_00000000000000000524_0,4017,2545,720,1034,1522,1885,2427,2765,3151,3333,5,2022-08-10,Regosols (Colluvic),46.25099663252978,3.7761795109519727,1304,RMQS1,"{""type"":""MultiPoint"",""coordinates"":[]}"
20220810T103629_20220810T103652_T31TEM_0000000000000000056b_0,3591,2305,1008,1418,1754,2333,3132,3405,3676,3802,5,2022-08-10,Regosols (Colluvic),45.96763063983362,3.355823049470566,1385,RMQS1,"{""type"":""MultiPoint"",""coordinates"":[]}"
20220810T103629_20220810T103652_T31TEM_0000000000000000048a_0,4389,2730,810,1098,1600,2216,2670,3080,3497,3730,5,2022-08-10,Stagnic Gleysols,46.832955360495376,3.162404385466637,1136,RMQS1,"{""type"":""MultiPoint"",""coordinates"":[]}"
20220810T103629_20220810T103652_T31TEM_00000000000000000543_0,3783,2253,670,906,1258,1695,2178,2495,2780,2980,5,2022-08-10,Umbric Leptosols,46.11325015735942,3.151539686394987,1342,RMQS1,"{""type"":""MultiPoint"",""coordinates"":[]}"
20220810T103629_20220810T103652_T31TEM_0000000000000000000c_0,3843,2780,1238,1582,2184,2425,2563,2756,2979,3071,5,2022-08-10,Haplic Vertisols,46.32222222,3.46388889,68777,"{WD-eSOTER,WD-WISE}","{""type"":""MultiPoint"",""coordinates"":[]}"
20220810T103629_20220810T103652_T31TEN_0000000000000000007c_0,3847,3300,1126,1736,2278,2725,2933,3085,3228,3224,5,2022-08-10,Calcaric Cambisols,47.676614112368384,4.047817177848944,SIM59109,HWSDv2,"{""type"":""MultiPoint"",""coordinates"":[]}"
20220810T103629_20220810T103652_T31TEN_0000000000000000038c_0,4580,3697,1338,1958,2742,3082,3159,3364,3564,3527,5,2022-08-10,Calcaric Cambisols,47.683907057906545,4.241339670233422,860,RMQS1,"{""type"":""MultiPoint"",""coordinates"":[]}"
20220810T103629_20220810T103652_T31TEN_00000000000000000416_0,4093,2784,1176,1656,2326,2632,3033,3348,3597,3653,5,2022-08-10,Calcaric Cambisols,47.24863075794484,4.437286060360243,1009,RMQS1,"{""type"":""MultiPoint"",""coordinates"":[]}"
20220810T103629_20220810T103652_T31TEN_00000000000000000464_0,3985,2502,944,1396,1798,2147,2819,3259,3748,3691,5,2022-08-10,Calcaric Cambisols,46.97517963642519,3.3749014626727494,1093,RMQS1,"{""type"":""MultiPoint"",""coordinates"":[]}"
20220810T103629_20220810T103652_T31TEN_00000000000000000413_0,3911,2434,670,892,1292,1707,2010,2324,2670,2795,5,2022-08-10,Dystric Cambisols,47.25842706076886,3.8032742533259207,1006,RMQS1,"{""type"":""MultiPoint"",""coordinates"":[]}"
20220810T103629_20220810T103652_T31TEN_0000000000000000035c_0,3943,2755,1022,1406,1998,2467,2887,3150,3328,3432,5,2022-08-10,Eutric Cambisols,47.82407340617893,4.4601231189041926,809,RMQS1,"{""type"":""MultiPoint"",""coordinates"":[]}"
20220810T103629_20220810T103652_T31TEN_0000000000000000038a_0,3285,2747,912,1354,1908,2202,2349,2474,2584,2622,5,2022-08-10,Eutric Cambisols,47.69010033133988,3.81520383273741,858,RMQS1,"{""type"":""MultiPoint"",""coordinates"":[]}"
20220810T103629_20220810T103652_T31TEN_000000000000000003e4_0,3818,3432,993,1426,2128,2400,2499,2666,2800,2797,5,2022-08-10,Eutric Cambisols,47.40865578006737,3.171315212024671,958,RMQS1,"{""type"":""MultiPoint"",""coordinates"":[]}"
20220810T103629_20220810T103652_T31TEN_000000000000000003e5_0,3482,2734,913,1408,2056,2358,2398,2566,2586,2580,5,2022-08-10,Eutric Cambisols,47.40693357261238,3.3833017951649333,959,RMQS1,"{""type"":""MultiPoint"",""coordinates"":[]}"
20220810T103629_20220810T103652_T31TEN_000000000000000003e6_0,3548,2898,1074,1622,2258,2397,2566,2767,3017,2900,5,2022-08-10,Eutric Cambisols,47.404823861309914,3.5952738799570167,960,RMQS1,"{""type"":""MultiPoint"",""coordinates"":[]}"
20220810T103629_20220810T103652_T31TEN_000000000000000003ea_0,2057,1296,462,713,563,1141,1739,2029,888,2028,5,2022-08-10,Eutric Cambisols,47.392503703143014,4.4429497576418155,964,RMQS1,"{""type"":""MultiPoint"",""coordinates"":[]}"
20220810T103629_20220810T103652_T31TEN_00000000000000000466_0,4077,2556,728,1006,1410,1897,2430,2749,3188,3331,5,2022-08-10,Eutric Cambisols,46.970609509695926,3.795429354009069,1095,RMQS1,"{""type"":""MultiPoint"",""coordinates"":[]}"
20220810T103629_20220810T103652_T31TEN_000000000000000008ce_0,3911,2434,670,892,1292,1707,2010,2324,2670,2795,5,2022-08-10,Eutric Cambisols,47.25842706076886,3.8032742533259207,11006,RMQS1,"{""type"":""MultiPoint"",""coordinates"":[]}"
20220810T103629_20220810T103652_T31TEN_000000000000000003ba_0,3447,2284,614,858,1013,1874,2482,2823,3164,3260,5,2022-08-10,Eutric Fluvisols,47.5433231594685,4.023709400434391,911,RMQS1,"{""type"":""MultiPoint"",""coordinates"":[]}"
20220810T103629_20220810T103652_T31TEN_000000000000000003e9_0,3774,2324,658,902,1258,1631,2123,2484,2789,2997,5,2022-08-10,Eutric Planosols,47.396165510804614,4.231068927241189,963,RMQS1,"{""type"":""MultiPoint"",""coordinates"":[]}"
20220810T103629_20220810T103652_T31TEN_000000000000000003bc_0,3679,2341,643,899,1196,1663,2106,2445,2708,2836,5,2022-08-10,Fluvic Cambisols,47.53636883635267,4.448643441343787,913,RMQS1,"{""type"":""MultiPoint"",""coordinates"":[]}"
20220810T103629_20220810T103652_T31TEN_00000000000000000463_0,3254,2461,733,1060,1322,1859,2360,2632,2798,2906,5,2022-08-10,Fluvic Cambisols,46.976888260905774,3.1646134293807,1092,RMQS1,"{""type"":""MultiPoint"",""coordinates"":[]}"
20220810T103629_20220810T103652_T31TEN_000000000000000003bb_0,4812,4153,1476,2216,2886,3257,3351,3537,3656,3795,5,2022-08-10,Luvic Stagnosols,47.54004028028161,4.236190387376669,912,RMQS1,"{""type"":""MultiPoint"",""coordinates"":[]}"
20220810T103629_20220810T103652_T31TEN_00000000000000000357_0,3444,3058,1096,1554,2052,2215,2273,2458,2518,2573,5,2022-08-10,Regosols (Colluvic),47.83862082138957,3.39184320342842,804,RMQS1,"{""type"":""MultiPoint"",""coordinates"":[]}"
20220810T103629_20220810T103652_T31TEN_00000000000000000359_0,3702,2660,806,1080,1414,1989,2520,2828,2920,3155,5,2022-08-10,Rendzic Leptosols,47.83397449347843,3.819224578897194,806,RMQS1,"{""type"":""MultiPoint"",""coordinates"":[]}"
20220810T103629_20220810T103652_T31TEN_000000000000000003b8_0,3848,3110,993,1416,2034,2419,2580,2742,2700,2896,5,2022-08-10,Rendzic Leptosols,47.54872203789853,3.598677838598693,909,RMQS1,"{""type"":""MultiPoint"",""coordinates"":[]}"
20220810T103629_20220810T103652_T31TEN_00000000000000000465_0,4793,4389,1614,2250,2922,3235,3347,3569,3688,3747,5,2022-08-10,Stagnic Gleysols,46.97308682231077,3.585174830835298,1094,RMQS1,"{""type"":""MultiPoint"",""coordinates"":[]}"
20220810T103629_20220810T103652_T31TEN_0000000000000000043c_0,4587,3098,930,1228,1848,2196,2393,2635,2908,3074,5,2022-08-10,Umbric Leptosols,47.114521329209076,3.79934138714766,1051,RMQS1,"{""type"":""MultiPoint"",""coordinates"":[]}"
20220810T103629_20220810T103652_T31TFJ_0000000000000000008e_0,3108,2659,1114,1340,1564,1952,1922,2187,1938,2356,5,2022-08-10,Calcaric Cambisols,43.82267482299646,4.27074147658991,SIM8588,HWSDv2,"{""type"":""MultiPoint"",""coordinates"":[]}"
20220810T103629_20220810T103652_T31TFJ_00000000000000000743_0,2885,2150,592,982,1144,1644,2163,2436,2962,2709,5,2022-08-10,Calcaric Cambisols,44.2145601741229,4.924948964730098,1893,RMQS1,"{""type"":""MultiPoint"",""coordinates"":[]}"
20220810T103629_20220810T103652_T31TFJ_00000000000000000746_0,3166,2380,916,1316,1660,1954,2321,2519,2608,2746,5,2022-08-10,Calcaric Cambisols,44.19870862994588,5.524554734109808,1896,RMQS1,"{""type"":""MultiPoint"",""coordinates"":[]}"
20220810T103629_20220810T103652_T31TFJ_00000000000000000770_0,3694,2828,951,1422,1742,2273,2917,3157,3276,3452,5,2022-08-10,Calcaric Cambisols,44.06587227044803,5.117781325738767,1940,RMQS1,"{""type"":""MultiPoint"",""coordinates"":[]}"
20220810T103629_20220810T103652_T31TFJ_000000000000000007c6_0,4047,2866,772,1062,1590,2255,2577,2951,2964,3348,5,2022-08-10,Calcaric Cambisols,43.783254342179475,4.905346990334603,2032,RMQS1,"{""type"":""MultiPoint"",""coordinates"":[]}"
20220810T103629_20220810T103652_T31TFJ_000000000000000007f2_0,3305,2391,877,1208,1558,1940,2242,2542,2542,2802,5,2022-08-10,Calcaric Cambisols,43.629418273765886,5.294634825434948,2080,RMQS1,"{""type"":""MultiPoint"",""coordinates"":[]}"
20220810T103629_20220810T103652_T31TFJ_000000000000000007f1_0,2751,1888,672,988,1204,1461,2103,2465,2854,2733,5,2022-08-10,Chromic Cambisols,43.6395133952316,4.898879072072512,2078,RMQS1,"{""type"":""MultiPoint"",""coordinates"":[]}"
20220810T103629_20220810T103652_T31TFJ_000000000000000007ee_0,3357,2735,803,1250,1676,2050,2683,2977,2968,3040,5,2022-08-10,Chromic Luvisols,43.651940920186576,4.305007084751487,2075,RMQS1,"{""type"":""MultiPoint"",""coordinates"":[]}"
20220810T103629_20220810T103652_T31TFJ_0000000000000000083e_0,3313,2639,950,1260,1518,1735,1979,2129,2370,2376,5,2022-08-10,Dolomitic Cambisols,43.34723710496175,5.082946091575694,2167,RMQS1,"{""type"":""MultiPoint"",""coordinates"":[]}"
20220810T103629_20220810T103652_T31TFJ_0000000000000000076d_0,3672,2310,836,1228,1772,2138,2370,2635,2706,3079,5,2022-08-10,Eutric Cambisols,44.079492943691065,4.519485466401334,1937,RMQS1,"{""type"":""MultiPoint"",""coordinates"":[]}"
20220810T103629_20220810T103652_T31TFJ_0000000000000000076e_0,3865,2705,955,1288,1910,2268,2490,2761,3044,3129,5,2022-08-10,Eutric Fluvisols,44.075319038047944,4.7189493610902415,1938,RMQS1,"{""type"":""MultiPoint"",""coordinates"":[]}"
20220810T103629_20220810T103652_T31TFJ_000000000000000007c5_0,3296,2721,1100,1404,1830,2245,2455,2746,2584,2848,5,2022-08-10,Eutric Fluvisols,43.78777090047127,4.706920151632265,2031,RMQS1,"{""type"":""MultiPoint"",""coordinates"":[]}"
20220810T103629_20220810T103652_T31TFJ_00000000000000000797_0,4260,2863,1404,1974,2788,2572,3054,3438,4060,3842,5,2022-08-10,Haplic Luvisols,43.93950182631036,4.314972449656151,1983,RMQS1,"{""type"":""MultiPoint"",""coordinates"":[]}"
20220810T103629_20220810T103652_T31TFJ_00000000000000000745_0,2465,1609,966,1312,1576,1613,2165,2361,2696,2657,5,2022-08-10,Regosols (Colluvic),44.204357473523174,5.324724511573212,1895,RMQS1,"{""type"":""MultiPoint"",""coordinates"":[]}"
20220810T103629_20220810T103652_T31TFJ_000000000000000007c7_0,3504,2739,1312,1716,2044,2222,2667,2863,2920,3222,5,2022-08-10,Regosols (Colluvic),43.778374794235376,5.103741429705629,2033,RMQS1,"{""type"":""MultiPoint"",""coordinates"":[]}"
20220810T103629_20220810T103652_T31TFJ_0000000000000000079c_0,3172,1985,732,959,1340,1645,1919,2161,2320,2486,5,2022-08-10,Rendzic Leptosols,43.91686054583768,5.309604619382001,1988,RMQS1,"{""type"":""MultiPoint"",""coordinates"":[]}"
20220810T103629_20220810T103652_T31TFJ_000000000000000007c3_0,2798,2282,826,1146,1360,1844,2223,2479,2744,2552,5,2022-08-10,Rendzic Leptosols,43.79571428157454,4.309977101992488,2029,RMQS1,"{""type"":""MultiPoint"",""coordinates"":[]}"
20220810T103629_20220810T103652_T31TFJ_00000000000000000818_0,3275,2298,701,961,1272,1836,2196,2405,2658,2862,5,2022-08-10,Stagnic Gleysols,43.50028078392974,4.6950129493239725,2123,RMQS1,"{""type"":""MultiPoint"",""coordinates"":[]}"
20220810T103629_20220810T103652_T31TFK_000000000000000006a8_0,2450,1986,730,822,926,1444,1754,1878,1873,2174,5,2022-08-10,Calcaric Cambisols,44.77948566253333,5.355434366398421,1725,RMQS1,"{""type"":""MultiPoint"",""coordinates"":[]}"
20220810T103629_20220810T103652_T31TFK_000000000000000006ce_0,2719,1967,857,1060,1144,1500,1991,2206,2340,2493,5,2022-08-10,Calcaric Cambisols,44.63568913989154,5.347697430368574,1768,RMQS1,"{""type"":""MultiPoint"",""coordinates"":[]}"
20220810T103629_20220810T103652_T31TFK_000000000000000006f1_0,4036,2621,1068,1384,1954,2399,2727,3012,3183,3470,5,2022-08-10,Calcaric Cambisols,44.50215740174453,4.938184326258726,1808,RMQS1,"{""type"":""MultiPoint"",""coordinates"":[]}"
20220810T103629_20220810T103652_T31TFK_0000000000000000071b_0,3053,2006,722,1060,1410,1787,2515,2682,2880,3068,5,2022-08-10,Calcaric Cambisols,44.34812390350216,5.332342668774621,1852,RMQS1,"{""type"":""MultiPoint"",""coordinates"":[]}"
20220810T103629_20220810T103652_T31TFK_00000000000000000743_0,2890,2151,585,978,1142,1643,2165,2435,2974,2712,5,2022-08-10,Calcaric Cambisols,44.2145601741229,4.924948964730098,1893,RMQS1,"{""type"":""MultiPoint"",""coordinates"":[]}"
20220810T103629_20220810T103652_T31TFK_00000000000000000746_0,3157,2370,908,1314,1656,1949,2311,2509,2596,2735,5,2022-08-10,Calcaric Cambisols,44.19870862994588,5.524554734109808,1896,RMQS1,"{""type"":""MultiPoint"",""coordinates"":[]}"
20220810T103629_20220810T103652_T31TFK_00000000000000000659_0,3172,1879,629,864,1096,1623,2088,2392,2555,2853,5,2022-08-10,Chromic Luvisols,45.07247026263128,5.168067370451039,1641,RMQS1,"{""type"":""MultiPoint"",""coordinates"":[]}"
20220810T103629_20220810T103652_T31TFK_0000000000000000067f_0,3768,3228,982,1422,1886,2479,2843,3061,2967,3142,5,2022-08-10,Chromic Luvisols,44.933627428602776,4.9582941596966705,1681,RMQS1,"{""type"":""MultiPoint"",""coordinates"":[]}"
20220810T103629_20220810T103652_T31TFK_0000000000000000067e_0,3777,2471,1072,1418,1872,2307,2860,3223,3307,3531,5,2022-08-10,Eutric Cambisols,44.93824071247942,4.755781585563273,1680,RMQS1,"{""type"":""MultiPoint"",""coordinates"":[]}"
20220810T103629_20220810T103652_T31TFK_000000000000000006a6_0,3286,2411,807,1248,1664,2050,2374,2638,2786,2920,5,2022-08-10,Eutric Cambisols,44.78979517030629,4.951555973398702,1723,RMQS1,"{""type"":""MultiPoint"",""coordinates"":[]}"
20220810T103629_20220810T103652_T31TFK_00000000000000000658_0,3082,2167,590,914,1102,1741,2358,2653,2814,2963,5,2022-08-10,Mollic Umbrisols,45.0774671586796,4.965067689507808,1640,RMQS1,"{""type"":""MultiPoint"",""coordinates"":[]}"
20220810T103629_20220810T103652_T31TFK_000000000000000006a5_0,3587,2297,896,1138,1554,2019,2524,2720,2807,3118,5,2022-08-10,Regosols (Colluvic),44.79439613153225,4.7495633085205995,1722,RMQS1,"{""type"":""MultiPoint"",""coordinates"":[]}"
20220810T103629_20220810T103652_T31TFK_00000000000000000745_0,2456,1602,961,1308,1578,1608,2158,2352,2692,2645,5,2022-08-10,Regosols (Colluvic),44.204357473523174,5.324724511573212,1895,RMQS1,"{""type"":""MultiPoint"",""coordinates"":[]}"
20220810T103629_20220810T103652_T31TFK_000000000000000006ee_0,3407,2339,790,1036,1362,1678,1962,2089,2232,2425,5,2022-08-10,Rendzic Leptosols,44.51478295625641,4.335209410010762,1805,RMQS1,"{""type"":""MultiPoint"",""coordinates"":[]}"
20220810T103629_20220810T103652_T31TFL_00000000000000000571_0,3780,2382,894,1264,1820,2298,2689,3040,3252,3387,5,2022-08-10,Calcaric Cambisols,45.949634617836466,4.593957509135352,1391,RMQS1,"{""type"":""MultiPoint"",""coordinates"":[]}"
20220810T103629_20220810T103652_T31TFL_0000000000000000059b_0,3558,2247,647,924,1306,1709,2203,2467,2733,2938,5,2022-08-10,Calcaric Cambisols,45.780429127039035,5.616299933894183,1437,RMQS1,"{""type"":""MultiPoint"",""coordinates"":[]}"
20220810T103629_20220810T103652_T31TFL_000000000000000005ba_0,3032,1852,475,642,902,1141,1440,1598,1889,1965,5,2022-08-10,Chromic Cambisols,45.65755875838404,4.787359900392917,1473,RMQS1,"{""type"":""MultiPoint"",""coordinates"":[]}"
20220810T103629_20220810T103652_T31TFL_000000000000000005e1_0,3903,2683,766,1096,1374,1955,2590,2897,3216,3202,5,2022-08-10,Chromic Cambisols,45.50902217885483,4.985597065598166,1515,RMQS1,"{""type"":""MultiPoint"",""coordinates"":[]}"
20220810T103629_20220810T103652_T31TFL_0000000000000000060a_0,4158,3321,1308,1812,2578,2932,3042,3243,3240,3457,5,2022-08-10,Chromic Cambisols,45.36014152926371,5.182771455285953,1558,RMQS1,"{""type"":""MultiPoint"",""coordinates"":[]}"
20220810T103629_20220810T103652_T31TFL_0000000000000000060c_0,3684,3046,789,974,1348,1846,2280,2574,2721,2777,5,2022-08-10,Chromic Cambisols,45.348974989864736,5.59075852236478,1560,RMQS1,"{""type"":""MultiPoint"",""coordinates"":[]}"
20220810T103629_20220810T103652_T31TFL_00000000000000000659_0,3141,1875,678,896,1106,1614,2086,2385,2545,2828,5,2022-08-10,Chromic Luvisols,45.07247026263128,5.168067370451039,1641,RMQS1,"{""type"":""MultiPoint"",""coordinates"":[]}"
20220810T103629_20220810T103652_T31TFL_00000000000000000596_0,3748,2397,705,1021,1404,1788,2252,2606,3057,3052,5,2022-08-10,Dystric Cambisols,45.80967846008117,4.382293949373143,1431,RMQS1,"{""type"":""MultiPoint"",""coordinates"":[]}"
20220810T103629_20220810T103652_T31TFL_00000000000000000606_0,3367,2616,894,1116,1584,1908,2220,2406,2433,2558,5,2022-08-10,Dystric Cambisols,45.377992881655096,4.3663564003467705,1554,RMQS1,"{""type"":""MultiPoint"",""coordinates"":[]}"
20220810T103629_20220810T103652_T31TFL_00000000000000000572_0,3440,2327,784,1160,1720,2091,2457,2786,3196,3208,5,2022-08-10,Eutric Cambisols,45.945312518974724,4.800220136940568,1392,RMQS1,"{""type"":""MultiPoint"",""coordinates"":[]}"
20220810T103629_20220810T103652_T31TFL_00000000000000000597_0,3844,2531,670,924,1418,1644,2202,2475,2646,2988,5,2022-08-10,Eutric Cambisols,45.8057450688457,4.58804994879069,1432,RMQS1,"{""type"":""MultiPoint"",""coordinates"":[]}"
20220810T103629_20220810T103652_T31TFL_000000000000000005bc_0,3242,1979,498,684,980,1427,1914,2171,2502,2590,5,2022-08-10,Eutric Cambisols,45.64783438965092,5.197628673307313,1475,RMQS1,"{""type"":""MultiPoint"",""coordinates"":[]}"
20220810T103629_20220810T103652_T31TFL_000000000000000005e2_0,4113,2765,812,1098,1592,2043,2440,2721,2949,3207,5,2022-08-10,Eutric Cambisols,45.50398587977253,5.190180460123177,1516,RMQS1,"{""type"":""MultiPoint"",""coordinates"":[]}"
20220810T103629_20220810T103652_T31TFL_00000000000000000609_0,3870,3227,1096,1604,2296,2661,2766,2963,2964,3110,5,2022-08-10,Eutric Cambisols,45.36516439013031,4.97871851610353,1557,RMQS1,"{""type"":""MultiPoint"",""coordinates"":[]}"
20220810T103629_20220810T103652_T31TFL_00000000000000000630_0,4264,3523,1136,1550,2022,2434,2583,2839,2864,3131,5,2022-08-10,Eutric Cambisols,45.22595044443891,4.768315602266387,1598,RMQS1,"{""type"":""MultiPoint"",""coordinates"":[]}"
20220810T103629_20220810T103652_T31TFL_000000000000000005bd_0,3180,2206,700,939,1296,1610,1844,2090,2414,2386,5,2022-08-10,Eutric Fluvisols,45.64240909179624,5.402706411776524,1476,RMQS1,"{""type"":""MultiPoint"",""coordinates"":[]}"
20220810T103629_20220810T103652_T31TFL_00000000000000000658_0,3058,2158,647,947,1122,1734,2349,2644,2800,2943,5,2022-08-10,Mollic Umbrisols,45.0774671586796,4.965067689507808,1640,RMQS1,"{""type"":""MultiPoint"",""coordinates"":[]}"
20220810T103629_20220810T103652_T31TFL_000000000000000005de_0,3386,2279,698,952,1312,1605,2041,2386,2628,2811,5,2022-08-10,Regosols (Colluvic),45.52188439032412,4.371641844269313,1512,RMQS1,"{""type"":""MultiPoint"",""coordinates"":[]}"
20220810T103629_20220810T103652_T31TFM_0000000000000000006e_0,3760,2417,608,821,1242,1610,1962,2300,2517,2763,5,2022-08-10,Calcaric Cambisols,46.46151827155928,4.555951290499547,SIM54077,HWSDv2,"{""type"":""MultiPoint"",""coordinates"":[]}"
20220810T103629_20220810T103652_T31TFM_0000000000000000004e_0,3999,3655,1250,1700,2230,2463,2759,3012,3220,3215,5,2022-08-10,Gleyic Luvisols,46.722368234722474,5.160514962896045,SIM84318,HWSDv2,"{""type"":""MultiPoint"",""coordinates"":[]}"
20220810T103629_20220810T103652_T31TFM_000000000000000004b9_0,4149,2705,749,1102,1556,2207,2702,3017,3416,3454,5,2022-08-10,Calcaric Cambisols,46.669083260365554,4.62397038388998,1184,RMQS1,"{""type"":""MultiPoint"",""coordinates"":[]}"
20220810T103629_20220810T103652_T31TFM_000000000000000004dd_0,3494,2175,642,908,1234,1494,2196,2677,3082,3051,5,2022-08-10,Eutric Cambisols,46.52918227534784,4.409422646420094,1223,RMQS1,"{""type"":""MultiPoint"",""coordinates"":[]}"
20220810T103629_20220810T103652_T31TFM_00000000000000000501_0,3816,2478,846,1136,1670,2116,2687,3079,3396,3433,5,2022-08-10,Eutric Cambisols,46.38130749497116,4.61186948492844,1266,RMQS1,"{""type"":""MultiPoint"",""coordinates"":[]}"
20220810T103629_20220810T103652_T31TFM_00000000000000000528_0,3247,2304,718,985,1400,1571,1980,2262,2354,2602,5,2022-08-10,Eutric Cambisols,46.23741704182637,4.605867296891584,1308,RMQS1,"{""type"":""MultiPoint"",""coordinates"":[]}"
20220810T103629_20220810T103652_T31TFM_00000000000000000493_0,3393,2088,541,854,1266,1646,2050,2372,2806,2963,5,2022-08-10,Eutric Retisols,46.803804068823716,5.049152274455226,1145,RMQS1,"{""type"":""MultiPoint"",""coordinates"":[]}"
20220810T103629_20220810T103652_T31TFM_00000000000000000503_0,3732,2347,684,960,1356,1855,2498,2836,2997,3265,5,2022-08-10,Eutric Retisols,46.37221513371656,5.027629244235443,1268,RMQS1,"{""type"":""MultiPoint"",""coordinates"":[]}"
20220810T103629_20220810T103652_T31TFM_0000000000000000054b_0,3012,1979,716,1108,1410,1961,2701,3077,3376,3436,5,2022-08-10,Luvic Cambisols,46.08919260231894,4.806700494706255,1350,RMQS1,"{""type"":""MultiPoint"",""coordinates"":[]}"
20220810T103629_20220810T103652_T31TFM_000000000000000004bd_0,3249,2691,764,1248,1730,2042,2131,2276,2358,2341,5,2022-08-10,Mollic Umbrisols,46.649274339453164,5.459756988478541,1188,RMQS1,"{""type"":""MultiPoint"",""coordinates"":[]}"
20220810T103629_20220810T103652_T31TFM_000000000000000004ba_0,3936,2691,817,1080,1418,2059,2668,3026,3288,3358,5,2022-08-10,Stagnic Gleysols,46.66470468663543,4.832972206379704,1185,RMQS1,"{""type"":""MultiPoint"",""coordinates"":[]}"
20220810T103629_20220810T103652_T31TFM_0000000000000000052b_0,2514,2262,794,1050,1118,1712,1853,1950,1609,2025,5,2022-08-10,Stagnic Gleysols,46.223244397390665,5.227810656855331,1311,RMQS1,"{""type"":""MultiPoint"",""coordinates"":[]}"
20220810T103629_20220810T103652_T31TFN_000000000000000008cf_0,4402,3086,1368,1892,2648,3049,3262,3475,3732,3801,5,2022-08-10,Anthrosols,47.240166159484886,4.859812112885713,11011,RMQS1,"{""type"":""MultiPoint"",""coordinates"":[]}"
20220810T103629_20220810T103652_T31TFN_000000000000000003bd_0,3793,3303,1066,1506,2204,2467,2540,2693,2880,2856,5,2022-08-10,Calcaric Cambisols,47.53230874215226,4.6610644067164815,914,RMQS1,"{""type"":""MultiPoint"",""coordinates"":[]}"
20220810T103629_20220810T103652_T31TFN_00000000000000000416_0,4090,2785,1190,1660,2320,2630,3033,3349,3587,3646,5,2022-08-10,Calcaric Cambisols,47.24863075794484,4.437286060360243,1009,RMQS1,"{""type"":""MultiPoint"",""coordinates"":[]}"
20220810T103629_20220810T103652_T31TFN_00000000000000000418_0,4402,3086,1368,1892,2648,3049,3262,3475,3732,3801,5,2022-08-10,Calcaric Cambisols,47.240166159484886,4.859812112885713,1011,RMQS1,"{""type"":""MultiPoint"",""coordinates"":[]}"
20220810T103629_20220810T103652_T31TFN_0000000000000000046d_0,2808,2222,802,1172,1572,1763,1882,1997,2068,2123,5,2022-08-10,Calcaric Cambisols,46.942489190136705,5.266447175206212,1102,RMQS1,"{""type"":""MultiPoint"",""coordinates"":[]}"
20220810T103629_20220810T103652_T31TFN_000000000000000008cc_0,3418,2745,1019,1460,2058,2323,2400,2504,2644,2637,5,2022-08-10,Calcaric Cambisols,47.379192490295694,5.0783908223797525,10967,RMQS1,"{""type"":""MultiPoint"",""coordinates"":[]}"
20220810T103629_20220810T103652_T31TFN_000000000000000003c0_0,3885,2563,886,1194,1470,2116,2997,3399,3707,3812,5,2022-08-10,Dystric Cambisols,47.517796417449496,5.298110260179189,917,RMQS1,"{""type"":""MultiPoint"",""coordinates"":[]}"
20220810T103629_20220810T103652_T31TFN_000000000000000003ee_0,4464,3213,1302,1804,2652,3043,3278,3492,3696,3824,5,2022-08-10,Dystric Cambisols,47.373980408629926,5.290129643366718,968,RMQS1,"{""type"":""MultiPoint"",""coordinates"":[]}"
20220810T103629_20220810T103652_T31TFN_0000000000000000035c_0,3928,2744,1036,1406,1988,2455,2879,3138,3304,3407,5,2022-08-10,Eutric Cambisols,47.82407340617893,4.4601231189041926,809,RMQS1,"{""type"":""MultiPoint"",""coordinates"":[]}"
20220810T103629_20220810T103652_T31TFN_00000000000000000393_0,4117,3678,994,1546,2152,2548,2684,2856,2817,2991,5,2022-08-10,Eutric Cambisols,47.64995555803329,5.731766218748434,867,RMQS1,"{""type"":""MultiPoint"",""coordinates"":[]}"
20220810T103629_20220810T103652_T31TFN_000000000000000003ea_0,2059,1295,488,728,578,1152,1747,2035,900,2039,5,2022-08-10,Eutric Cambisols,47.392503703143014,4.4429497576418155,964,RMQS1,"{""type"":""MultiPoint"",""coordinates"":[]}"
20220810T103629_20220810T103652_T31TFN_00000000000000000419_0,3979,3239,1190,1714,2284,2751,3035,3274,3388,3464,5,2022-08-10,Eutric Cambisols,47.235354552554966,5.071022029221408,1012,RMQS1,"{""type"":""MultiPoint"",""coordinates"":[]}"
20220810T103629_20220810T103652_T31TFN_0000000000000000041a_0,3654,2473,1354,1614,1902,2211,2992,3386,3676,3804,5,2022-08-10,Eutric Cambisols,47.23015651190584,5.282192573440284,1013,RMQS1,"{""type"":""MultiPoint"",""coordinates"":[]}"
20220810T103629_20220810T103652_T31TFN_00000000000000000444_0,2586,2010,1086,1074,1450,1752,2047,2139,2083,2341,5,2022-08-10,Eutric Fluvisols,47.08075584776984,5.48486178722655,1059,RMQS1,"{""type"":""MultiPoint"",""coordinates"":[]}"
20220810T103629_20220810T103652_T31TFN_0000000000000000046b_0,3444,2271,816,1072,1286,1780,2440,2759,3076,3168,5,2022-08-10,Eutric Retisols,46.9524455139156,4.846320628184025,1100,RMQS1,"{""type"":""MultiPoint"",""coordinates"":[]}"
20220810T103629_20220810T103652_T31TFN_0000000000000000046c_0,3982,2723,996,1444,1958,2349,2824,3137,3464,3425,5,2022-08-10,Eutric Retisols,46.94765964881329,5.056403210641897,1101,RMQS1,"{""type"":""MultiPoint"",""coordinates"":[]}"
20220810T103629_20220810T103652_T31TFN_00000000000000000361_0,3838,3368,960,1534,2156,2436,2510,2725,2792,2813,5,2022-08-10,Eutric Stagnosols,47.799756393989746,5.527617818852358,814,RMQS1,"{""type"":""MultiPoint"",""coordinates"":[]}"
20220810T103629_20220810T103652_T31TFN_0000000000000000038e_0,3885,3250,1086,1250,1408,1860,2132,2298,2241,2554,5,2022-08-10,Fluvic Cambisols,47.67615480944893,4.66736379080017,862,RMQS1,"{""type"":""MultiPoint"",""coordinates"":[]}"
20220810T103629_20220810T103652_T31TFN_000000000000000003bc_0,3677,2340,666,910,1200,1667,2112,2445,2707,2834,5,2022-08-10,Fluvic Cambisols,47.53636883635267,4.448643441343787,913,RMQS1,"{""type"":""MultiPoint"",""coordinates"":[]}"
20220810T103629_20220810T103652_T31TFN_00000000000000000392_0,4589,3283,1068,1444,2110,2473,2673,2958,3263,3365,5,2022-08-10,Mollic Umbrisols,47.655974265920705,5.518973506086715,866,RMQS1,"{""type"":""MultiPoint"",""coordinates"":[]}"
20220810T103629_20220810T103652_T31TFN_00000000000000000360_0,3298,2796,902,1328,1874,2080,2202,2319,2501,2497,5,2022-08-10,Regosols (Colluvic),47.80540085538012,5.314201401003654,813,RMQS1,"{""type"":""MultiPoint"",""coordinates"":[]}"
20220810T103629_20220810T103652_T31TFN_000000000000000003f0_0,4037,3464,1066,1638,2370,2663,2745,2965,3068,3115,5,2022-08-10,Regosols (Ruptic),47.36239392557489,5.713474517117324,970,RMQS1,"{""type"":""MultiPoint"",""coordinates"":[]}"
20220810T103629_20220810T103652_T31TFN_00000000000000000362_0,4290,3672,1122,1682,2358,2621,2780,2935,3105,3123,5,2022-08-10,Rendzic Leptosols,47.793721561206425,5.740987305897506,815,RMQS1,"{""type"":""MultiPoint"",""coordinates"":[]}"
20220810T103629_20220810T103652_T31TFN_00000000000000000390_0,3928,2700,970,1346,1868,2417,2728,2943,3017,3218,5,2022-08-10,Rendzic Leptosols,47.666843364097495,5.093250326423389,864,RMQS1,"{""type"":""MultiPoint"",""coordinates"":[]}"
20220810T103629_20220810T103652_T31TFN_000000000000000003bf_0,4631,3380,1316,1830,2590,2915,3139,3397,3616,3736,5,2022-08-10,Rendzic Leptosols,47.52302239963847,5.085800233897634,916,RMQS1,"{""type"":""MultiPoint"",""coordinates"":[]}"
20220810T103629_20220810T103652_T31TFN_000000000000000003ed_0,3418,2745,1019,1460,2058,2323,2400,2504,2644,2637,5,2022-08-10,Rendzic Leptosols,47.379192490295694,5.0783908223797525,967,RMQS1,"{""type"":""MultiPoint"",""coordinates"":[]}"
20220810T103629_20220810T103652_T31TFN_00000000000000000441_0,2698,2232,836,1282,1846,1587,1844,2018,2576,2133,5,2022-08-10,Rendzic Leptosols,47.09630868231444,4.853048273733548,1056,RMQS1,"{""type"":""MultiPoint"",""coordinates"":[]}"
20220810T103629_20220810T103652_T31TGJ_00000000000000000746_0,3177,2385,918,1324,1674,1967,2328,2526,2610,2750,5,2022-08-10,Calcaric Cambisols,44.19870862994588,5.524554734109808,1896,RMQS1,"{""type"":""MultiPoint"",""coordinates"":[]}"
20220810T103629_20220810T103652_T31TGK_00000000000000000746_0,3160,2378,919,1314,1656,1946,2315,2513,2608,2742,5,2022-08-10,Calcaric Cambisols,44.19870862994588,5.524554734109808,1896,RMQS1,"{""type"":""MultiPoint"",""coordinates"":[]}"
20220810T103629_20220810T103652_T31TGK_0000000000000000065c_0,4450,3266,1302,1776,2604,2523,2766,2859,3676,3238,5,2022-08-10,Eutric Fluvisols,45.05525049588974,5.776827183971264,1644,RMQS1,"{""type"":""MultiPoint"",""coordinates"":[]}"
20220810T103629_20220810T103652_T31TGL_0000000000000000059b_0,3554,2240,664,934,1312,1707,2199,2465,2744,2932,5,2022-08-10,Calcaric Cambisols,45.780429127039035,5.616299933894183,1437,RMQS1,"{""type"":""MultiPoint"",""coordinates"":[]}"
20220810T103629_20220810T103652_T31TGL_0000000000000000060c_0,3676,3038,806,983,1348,1840,2279,2571,2718,2774,5,2022-08-10,Chromic Cambisols,45.348974989864736,5.59075852236478,1560,RMQS1,"{""type"":""MultiPoint"",""coordinates"":[]}"
20220810T103629_20220810T103652_T31TGL_0000000000000000065c_0,4398,3246,1272,1710,2488,2442,2729,2841,3616,3208,5,2022-08-10,Eutric Fluvisols,45.05525049588974,5.776827183971264,1644,RMQS1,"{""type"":""MultiPoint"",""coordinates"":[]}"
20220810T103629_20220810T103652_T31TGM_00000000000000000508_0,4139,2835,1100,1508,2136,2570,2979,3199,3312,3534,5,2022-08-10,Calcaric Cambisols,46.34282917287789,6.066325112943683,1273,RMQS1,"{""type"":""MultiPoint"",""coordinates"":[]}"
20220810T103629_20220810T103652_T31TGM_0000000000000000050a_0,3117,2404,1084,1316,1544,1613,2148,2371,2330,2651,5,2022-08-10,Calcaric Cambisols,46.32841678107406,6.481457198672554,1275,RMQS1,"{""type"":""MultiPoint"",""coordinates"":[]}"
20220810T103629_20220810T103652_T31TGM_00000000000000000551_0,3481,2230,882,1276,1670,2238,2937,3246,3452,3666,5,2022-08-10,Calcaric Cambisols,46.055248467917984,6.046713248775069,1356,RMQS1,"{""type"":""MultiPoint"",""coordinates"":[]}"
20220810T103629_20220810T103652_T31TGM_00000000000000000509_0,3601,2365,838,1144,1534,1908,2413,2698,2956,3143,5,2022-08-10,Stagnic Gleysols,46.33581264201243,6.273919261492982,1274,RMQS1,"{""type"":""MultiPoint"",""coordinates"":[]}"
20220810T103629_20220810T103652_T31TGN_000000000000000003f4_0,4383,2894,780,1090,1606,2067,2537,2895,3240,3418,5,2022-08-10,Calcaric Cambisols,47.33457746221703,6.559552688442842,974,RMQS1,"{""type"":""MultiPoint"",""coordinates"":[]}"
20220810T103629_20220810T103652_T31TGN_00000000000000000393_0,4117,3677,1019,1562,2166,2557,2689,2857,2822,2994,5,2022-08-10,Eutric Cambisols,47.64995555803329,5.731766218748434,867,RMQS1,"{""type"":""MultiPoint"",""coordinates"":[]}"
20220810T103629_20220810T103652_T31TGN_000000000000000003f5_0,2357,1838,1028,1092,1166,1360,1830,2148,2122,2338,5,2022-08-10,Eutric Cambisols,47.326656571239184,6.7709263870876315,975,RMQS1,"{""type"":""MultiPoint"",""coordinates"":[]}"
20220810T103629_20220810T103652_T31TGN_0000000000000000041f_0,3823,2502,761,1018,1432,1828,2226,2581,2692,2925,5,2022-08-10,Mollic Umbrisols,47.19085772921663,6.548215837391324,1019,RMQS1,"{""type"":""MultiPoint"",""coordinates"":[]}"
20220810T103629_20220810T103652_T31TGN_00000000000000000446_0,2561,1825,728,1082,1286,1469,1976,2304,2596,2490,5,2022-08-10,Mollic Umbrisols,47.0684603599251,5.905849219725427,1061,RMQS1,"{""type"":""MultiPoint"",""coordinates"":[]}"
20220810T103629_20220810T103652_T31TGN_00000000000000000449_0,3793,2521,715,1022,1440,1749,2275,2555,2834,3011,5,2022-08-10,Mollic Umbrisols,47.04713054829146,6.53693986200336,1064,RMQS1,"{""type"":""MultiPoint"",""coordinates"":[]}"
20220810T103629_20220810T103652_T31TGN_000000000000000003c4_0,2876,1938,772,1100,1306,1761,2458,2767,3244,3160,5,2022-08-10,Regosols (Ruptic),47.493009455051435,6.146883345795047,921,RMQS1,"{""type"":""MultiPoint"",""coordinates"":[]}"
20220810T103629_20220810T103652_T31TGN_000000000000000003f0_0,4035,3464,1096,1656,2386,2670,2752,2968,3076,3122,5,2022-08-10,Regosols (Ruptic),47.36239392557489,5.713474517117324,970,RMQS1,"{""type"":""MultiPoint"",""coordinates"":[]}"
20220810T103629_20220810T103652_T31TGN_00000000000000000362_0,4290,3673,1154,1704,2378,2633,2785,2933,3116,3129,5,2022-08-10,Rendzic Leptosols,47.793721561206425,5.740987305897506,815,RMQS1,"{""type"":""MultiPoint"",""coordinates"":[]}"
20220810T103629_20220810T103652_T31TGN_00000000000000000471_0,3555,2348,628,901,1218,1553,2106,2448,2634,2783,5,2022-08-10,Rendzic Leptosols,46.91087150089696,6.3159772400452106,1107,RMQS1,"{""type"":""MultiPoint"",""coordinates"":[]}"
20220810T103629_20220810T103652_T31UEP_0000000000000000007f_0,4250,3775,1180,1680,2382,2698,2792,2988,3096,3197,5,2022-08-10,Eutric Cambisols,48.71300587349915,3.430504638075634,SIM51527,HWSDv2,"{""type"":""MultiPoint"",""coordinates"":[]}"
20220810T103629_20220810T103652_T31UEP_0000000000000000027f_0,5306,4498,1658,2168,2922,3418,3626,3868,3940,4207,5,2022-08-10,Calcaric Cambisols,48.406418205516395,4.051533416952645,578,RMQS1,"{""type"":""MultiPoint"",""coordinates"":[]}"
20220810T103629_20220810T103652_T31UEP_000000000000000002b5_0,4004,3128,1252,1778,2210,2562,3250,3571,3620,3852,5,2022-08-10,Calcaric Cambisols,48.270214890027546,3.40052240924141,634,RMQS1,"{""type"":""MultiPoint"",""coordinates"":[]}"
20220810T103629_20220810T103652_T31UEP_00000000000000000327_0,3893,2903,889,1360,1664,2368,2735,2979,3168,3193,5,2022-08-10,Calcaric Cambisols,47.974921263139784,4.037508014400093,752,RMQS1,"{""type"":""MultiPoint"",""coordinates"":[]}"
20220810T103629_20220810T103652_T31UEP_00000000000000000329_0,3750,3195,1038,1412,1972,2163,2332,2486,2728,2728,5,2022-08-10,Calcaric Cambisols,47.967910801776064,4.465910681616188,754,RMQS1,"{""type"":""MultiPoint"",""coordinates"":[]}"
20220810T103629_20220810T103652_T31UEP_00000000000000000245_0,4431,4017,1304,1824,2546,2921,3029,3235,3384,3461,5,2022-08-10,Eutric Cambisols,48.55788147307679,3.4063886320425496,517,RMQS1,"{""type"":""MultiPoint"",""coordinates"":[]}"
20220810T103629_20220810T103652_T31UEP_0000000000000000035c_0,3945,2758,1018,1404,1998,2465,2888,3148,3332,3429,5,2022-08-10,Eutric Cambisols,47.82407340617893,4.4601231189041926,809,RMQS1,"{""type"":""MultiPoint"",""coordinates"":[]}"
20220810T103629_20220810T103652_T31UEP_00000000000000000247_0,3877,3447,1082,1508,2106,2359,2431,2649,2764,2813,5,2022-08-10,Fluvic Cambisols,48.55317262682796,3.8396575992660655,519,RMQS1,"{""type"":""MultiPoint"",""coordinates"":[]}"
20220810T103629_20220810T103652_T31UEP_00000000000000000326_0,3897,2932,1062,1584,2092,2535,3001,3298,3488,3516,5,2022-08-10,Haplic Luvisols,47.977838510183425,3.8232666387845935,751,RMQS1,"{""type"":""MultiPoint"",""coordinates"":[]}"
20220810T103629_20220810T103652_T31UEP_000000000000000002ba_0,4417,3149,1056,1452,1958,2228,2568,2839,3196,3261,5,2022-08-10,Luvic Stagnosols,48.2555502989698,4.477580917578768,639,RMQS1,"{""type"":""MultiPoint"",""coordinates"":[]}"
20220810T103629_20220810T103652_T31UEP_0000000000000000020d_0,5053,4657,1542,2172,2958,3362,3484,3676,3840,3928,5,2022-08-10,Regosols (Colluvic),48.70169366844977,3.4093457089391372,457,RMQS1,"{""type"":""MultiPoint"",""coordinates"":[]}"
20220810T103629_20220810T103652_T31UEP_0000000000000000027c_0,3495,2501,1154,1534,1930,2032,2892,3086,2924,3554,5,2022-08-10,Regosols (Colluvic),48.41405496172534,3.4034476214968983,575,RMQS1,"{""type"":""MultiPoint"",""coordinates"":[]}"
20220810T103629_20220810T103652_T31UEP_00000000000000000328_0,4473,3401,1472,2060,2852,3116,3225,3410,3732,3706,5,2022-08-10,Regosols (Colluvic),47.971611944960706,4.251723526947866,753,RMQS1,"{""type"":""MultiPoint"",""coordinates"":[]}"
20220810T103629_20220810T103652_T31UEP_00000000000000000357_0,3448,3063,1094,1550,2050,2215,2274,2458,2524,2575,5,2022-08-10,Regosols (Colluvic),47.83862082138957,3.39184320342842,804,RMQS1,"{""type"":""MultiPoint"",""coordinates"":[]}"
20220810T103629_20220810T103652_T31UEP_0000000000000000020f_0,4111,3368,1482,1878,2164,2847,3765,4221,4428,4501,5,2022-08-10,Rendzic Leptosols,48.69697151537463,3.84381025026381,459,RMQS1,"{""type"":""MultiPoint"",""coordinates"":[]}"
20220810T103629_20220810T103652_T31UEP_00000000000000000246_0,5225,4106,1664,2176,2910,3436,3603,3911,4080,4232,5,2022-08-10,Rendzic Leptosols,48.55572508899328,3.623033464744165,518,RMQS1,"{""type"":""MultiPoint"",""coordinates"":[]}"
20220810T103629_20220810T103652_T31UEP_000000000000000002b7_0,4000,3156,1492,2270,2410,3048,4082,4389,4688,4549,5,2022-08-10,Rendzic Leptosols,48.265531928145386,3.8314183567168554,636,RMQS1,"{""type"":""MultiPoint"",""coordinates"":[]}"
20220810T103629_20220810T103652_T31UEP_000000000000000002b8_0,3370,3000,1144,1410,1616,2303,2708,2632,2466,2958,5,2022-08-10,Rendzic Leptosols,48.26259874368474,4.046833414678177,637,RMQS1,"{""type"":""MultiPoint"",""coordinates"":[]}"
20220810T103629_20220810T103652_T31UEP_00000000000000000324_0,2769,2634,660,856,970,1194,1334,1487,1420,1682,5,2022-08-10,Rendzic Leptosols,47.982497159296926,3.394720601458198,749,RMQS1,"{""type"":""MultiPoint"",""coordinates"":[]}"
20220810T103629_20220810T103652_T31UEP_00000000000000000359_0,3704,2662,799,1076,1412,1987,2521,2831,2922,3155,5,2022-08-10,Rendzic Leptosols,47.83397449347843,3.819224578897194,806,RMQS1,"{""type"":""MultiPoint"",""coordinates"":[]}"
20220810T103629_20220810T103652_T31UEP_000000000000000002ec_0,4195,3481,1172,1672,2268,2647,2792,2952,3068,3178,5,2022-08-10,Stagnic Gleysols,48.12810780180863,3.1827287684756462,691,RMQS1,"{""type"":""MultiPoint"",""coordinates"":[]}"
20220810T103629_20220810T103652_T31UEQ_0000000000000000007f_0,4251,3772,1172,1676,2378,2697,2791,2988,3094,3194,5,2022-08-10,Eutric Cambisols,48.71300587349915,3.430504638075634,SIM51527,HWSDv2,"{""type"":""MultiPoint"",""coordinates"":[]}"
20220810T103629_20220810T103652_T31UEQ_00000000000000000134_0,4977,4734,1782,2298,2934,3290,3300,3479,3696,3718,5,2022-08-10,Calcaric Cambisols,49.412712015559535,4.085171344798594,207,RMQS1,"{""type"":""MultiPoint"",""coordinates"":[]}"
20220810T103629_20220810T103652_T31UEQ_00000000000000000135_0,2443,1896,790,1156,968,1465,1955,2178,2612,2495,5,2022-08-10,Calcaric Cambisols,49.40931256011699,4.305386426131146,208,RMQS1,"{""type"":""MultiPoint"",""coordinates"":[]}"
20220810T103629_20220810T103652_T31UEQ_000000000000000001a7_0,3046,2194,782,1094,1184,1761,2533,2903,2962,3132,5,2022-08-10,Calcaric Cambisols,48.98709446808667,3.633756216630653,339,RMQS1,"{""type"":""MultiPoint"",""coordinates"":[]}"
20220810T103629_20220810T103652_T31UEQ_000000000000000001db_0,5444,4965,2146,2674,3388,3730,3826,4053,4252,4267,5,2022-08-10,Calcaric Cambisols,48.83778942360765,4.065787310355802,399,RMQS1,"{""type"":""MultiPoint"",""coordinates"":[]}"
20220810T103629_20220810T103652_T31UEQ_00000000000000000157_0,3591,2991,1148,1550,2136,2467,2593,2746,2796,2960,5,2022-08-10,Eutric Cambisols,49.274585829064,3.6410073595306423,244,RMQS1,"{""type"":""MultiPoint"",""coordinates"":[]}"
20220810T103629_20220810T103652_T31UEQ_000000000000000001da_0,3477,2497,1042,1404,1616,2162,3358,3695,3840,3897,5,2022-08-10,Eutric Cambisols,48.84075502171976,3.8479859850554314,398,RMQS1,"{""type"":""MultiPoint"",""coordinates"":[]}"
20220810T103629_20220810T103652_T31UEQ_00000000000000000118_0,3419,2943,1130,1516,1996,2247,2384,2539,2680,2656,5,2022-08-10,Eutric Fluvisols,49.552985910691305,4.310920889162134,169,RMQS1,"{""type"":""MultiPoint"",""coordinates"":[]}"
20220810T103629_20220810T103652_T31UEQ_00000000000000000159_0,4030,3418,1722,2148,2702,2791,3007,3210,3484,3422,5,2022-08-10,Regosols (Colluvic),49.26900917934291,4.080283111786636,246,RMQS1,"{""type"":""MultiPoint"",""coordinates"":[]}"
20220810T103629_20220810T103652_T31UEQ_000000000000000001a9_0,4692,3847,1274,1632,2220,2749,2838,3090,3212,3373,5,2022-08-10,Regosols (Colluvic),48.9815477887394,4.070591756163375,341,RMQS1,"{""type"":""MultiPoint"",""coordinates"":[]}"
20220810T103629_20220810T103652_T31UEQ_0000000000000000020d_0,5054,4657,1536,2164,2958,3360,3481,3672,3836,3926,5,2022-08-10,Regosols (Colluvic),48.70169366844977,3.4093457089391372,457,RMQS1,"{""type"":""MultiPoint"",""coordinates"":[]}"
20220810T103629_20220810T103652_T31UEQ_0000000000000000020f_0,4109,3367,1470,1874,2166,2845,3763,4220,4432,4498,5,2022-08-10,Rendzic Leptosols,48.69697151537463,3.84381025026381,459,RMQS1,"{""type"":""MultiPoint"",""coordinates"":[]}"
20220810T103629_20220810T103652_T31UER_000000000000000000e5_0,4002,3554,1100,1502,2092,2379,2491,2725,2824,2919,5,2022-08-10,Haplic Luvisols,49.846716377679186,3.877890881957365,110,RMQS1,"{""type"":""MultiPoint"",""coordinates"":[]}"
20220810T103629_20220810T103652_T31UER_000000000000000000fd_0,4997,3677,1660,2156,3032,3504,3705,3966,4232,4401,5,2022-08-10,Haplic Luvisols,49.700056004656744,4.095030212917225,139,RMQS1,"{""type"":""MultiPoint"",""coordinates"":[]}"
20220810T103629_20220810T103652_T31UER_000000000000000000e7_0,3385,2890,722,1210,1656,1920,2152,2360,2348,2451,5,2022-08-10,Mollic Umbrisols,49.840267006570215,4.322083069370896,112,RMQS1,"{""type"":""MultiPoint"",""coordinates"":[]}"
20220810T103629_20220810T103652_T31UFP_00000000000000000216_0,4677,3878,1844,2504,3228,3522,3565,3734,3937,3931,5,2022-08-10,Calcaric Cambisols,48.66793399152604,5.36353824674769,466,RMQS1,"{""type"":""MultiPoint"",""coordinates"":[]}"
20220810T103629_20220810T103652_T31UFP_0000000000000000024a_0,4270,3697,1250,1758,2396,2720,2795,2986,3144,3167,5,2022-08-10,Calcaric Cambisols,48.54313673632617,4.4893801670582985,522,RMQS1,"{""type"":""MultiPoint"",""coordinates"":[]}"
20220810T103629_20220810T103652_T31UFP_000000000000000002bb_0,4493,3349,1250,1672,2236,2547,2791,3003,3184,3256,5,2022-08-10,Calcaric Cambisols,48.25143516324276,4.692909482923313,640,RMQS1,"{""type"":""MultiPoint"",""coordinates"":[]}"
20220810T103629_20220810T103652_T31UFP_00000000000000000329_0,3764,3208,1052,1416,1968,2171,2350,2503,2728,2742,5,2022-08-10,Calcaric Cambisols,47.967910801776064,4.465910681616188,754,RMQS1,"{""type"":""MultiPoint"",""coordinates"":[]}"
20220810T103629_20220810T103652_T31UFP_0000000000000000032e_0,3649,2333,658,961,1384,1701,2070,2303,2710,2794,5,2022-08-10,Dolomitic Cambisols,47.93747719603999,5.750258195119118,760,RMQS1,"{""type"":""MultiPoint"",""coordinates"":[]}"
20220810T103629_20220810T103652_T31UFP_00000000000000000213_0,3879,3150,1930,2402,2790,2785,3179,3447,3664,3608,5,2022-08-10,Eutric Cambisols,48.6827591856006,4.712439211085572,463,RMQS1,"{""type"":""MultiPoint"",""coordinates"":[]}"
20220810T103629_20220810T103652_T31UFP_0000000000000000024e_0,3727,2547,764,1004,1448,1842,2190,2415,2756,2787,5,2022-08-10,Eutric Cambisols,48.52421359749113,5.355202633132048,526,RMQS1,"{""type"":""MultiPoint"",""coordinates"":[]}"
20220810T103629_20220810T103652_T31UFP_00000000000000000281_0,3467,2728,864,1222,1548,1965,2300,2506,2734,2717,5,2022-08-10,Eutric Cambisols,48.399350716545385,4.483464387234075,580,RMQS1,"{""type"":""MultiPoint"",""coordinates"":[]}"
20220810T103629_20220810T103652_T31UFP_00000000000000000285_0,3760,3535,703,940,1710,2031,2209,2325,2340,2381,5,2022-08-10,Eutric Cambisols,48.38047762390891,5.346912911651458,584,RMQS1,"{""type"":""MultiPoint"",""coordinates"":[]}"
20220810T103629_20220810T103652_T31UFP_000000000000000002bc_0,3610,3145,1022,1404,1896,2220,2336,2461,2476,2596,5,2022-08-10,Eutric Cambisols,48.246926581045386,4.908201987448285,641,RMQS1,"{""type"":""MultiPoint"",""coordinates"":[]}"
20220810T103629_20220810T103652_T31UFP_000000000000000002be_0,4338,2814,702,974,1434,1730,2016,2279,2602,2856,5,2022-08-10,Eutric Cambisols,48.23672701796811,5.338668168097932,643,RMQS1,"{""type"":""MultiPoint"",""coordinates"":[]}"
20220810T103629_20220810T103652_T31UFP_000000000000000002f6_0,3644,3151,862,1356,2034,2346,2451,2632,2668,2774,5,2022-08-10,Eutric Cambisols,48.09296298114268,5.330468181400458,701,RMQS1,"{""type"":""MultiPoint"",""coordinates"":[]}"
20220810T103629_20220810T103652_T31UFP_0000000000000000032b_0,4288,3130,1110,1590,2210,2469,2630,2838,3032,3098,5,2022-08-10,Eutric Cambisols,47.95933253441665,4.894188569812933,756,RMQS1,"{""type"":""MultiPoint"",""coordinates"":[]}"
20220810T103629_20220810T103652_T31UFP_0000000000000000032c_0,4444,3167,1132,1554,2182,2485,2662,2844,3108,3222,5,2022-08-10,Eutric Cambisols,47.949187427252134,5.322313032034231,758,RMQS1,"{""type"":""MultiPoint"",""coordinates"":[]}"
20220810T103629_20220810T103652_T31UFP_0000000000000000035c_0,3943,2756,1032,1406,1990,2467,2891,3153,3308,3425,5,2022-08-10,Eutric Cambisols,47.82407340617893,4.4601231189041926,809,RMQS1,"{""type"":""MultiPoint"",""coordinates"":[]}"
20220810T103629_20220810T103652_T31UFP_00000000000000000361_0,3841,3369,957,1540,2170,2436,2511,2725,2806,2814,5,2022-08-10,Eutric Stagnosols,47.799756393989746,5.527617818852358,814,RMQS1,"{""type"":""MultiPoint"",""coordinates"":[]}"
20220810T103629_20220810T103652_T31UFP_0000000000000000032d_0,3651,2847,986,1506,2188,2266,2548,2580,3002,2804,5,2022-08-10,Luvic Cambisols,47.9435279190986,5.536309333528441,759,RMQS1,"{""type"":""MultiPoint"",""coordinates"":[]}"
20220810T103629_20220810T103652_T31UFP_000000000000000002ba_0,4421,3151,1078,1466,1960,2237,2565,2835,3181,3250,5,2022-08-10,Luvic Stagnosols,48.2555502989698,4.477580917578768,639,RMQS1,"{""type"":""MultiPoint"",""coordinates"":[]}"
20220810T103629_20220810T103652_T31UFP_00000000000000000283_0,3684,2547,769,1084,1392,1734,2222,2513,2743,2816,5,2022-08-10,Regosols (Colluvic),48.39070380980306,4.915266649497199,582,RMQS1,"{""type"":""MultiPoint"",""coordinates"":[]}"
20220810T103629_20220810T103652_T31UFP_00000000000000000360_0,3294,2796,894,1324,1876,2079,2200,2319,2500,2492,5,2022-08-10,Regosols (Colluvic),47.80540085538012,5.314201401003654,813,RMQS1,"{""type"":""MultiPoint"",""coordinates"":[]}"
20220810T103629_20220810T103652_T31UFP_00000000000000000212_0,5406,4961,2326,2886,3476,3827,3878,4042,4244,4201,5,2022-08-10,Rendzic Leptosols,48.68690742446665,4.495328388213507,462,RMQS1,"{""type"":""MultiPoint"",""coordinates"":[]}"
20220810T103629_20220810T103652_T31UFP_00000000000000000362_0,4289,3672,1118,1680,2360,2621,2779,2934,3109,3121,5,2022-08-10,Rendzic Leptosols,47.793721561206425,5.740987305897506,815,RMQS1,"{""type"":""MultiPoint"",""coordinates"":[]}"
20220810T103629_20220810T103652_T31UFQ_0000000000000000015b_0,4738,4241,1606,2198,2954,3312,3399,3573,3689,3762,5,2022-08-10,Calcaric Cambisols,49.261827045241304,4.519452882190931,248,RMQS1,"{""type"":""MultiPoint"",""coordinates"":[]}"
20220810T103629_20220810T103652_T31UFQ_0000000000000000015c_0,4158,2839,921,1198,1510,2008,2569,2888,3197,3292,5,2022-08-10,Calcaric Cambisols,49.257633159731164,4.738988003066428,249,RMQS1,"{""type"":""MultiPoint"",""coordinates"":[]}"
20220810T103629_20220810T103652_T31UFQ_00000000000000000184_0,3743,3072,860,1332,1664,2127,2581,2870,2889,3097,5,2022-08-10,Calcaric Cambisols,49.09899430099772,5.388827639859106,295,RMQS1,"{""type"":""MultiPoint"",""coordinates"":[]}"
20220810T103629_20220810T103652_T31UFQ_000000000000000001ab_0,5027,4183,1490,2056,2832,3234,3340,3552,3772,3951,5,2022-08-10,Calcaric Cambisols,48.97440230177886,4.507322370591027,343,RMQS1,"{""type"":""MultiPoint"",""coordinates"":[]}"
20220810T103629_20220810T103652_T31UFQ_000000000000000001b0_0,3517,2269,680,988,1238,1767,2331,2635,2908,3048,5,2022-08-10,Calcaric Cambisols,48.94955827913519,5.598498187313916,348,RMQS1,"{""type"":""MultiPoint"",""coordinates"":[]}"
20220810T103629_20220810T103652_T31UFQ_000000000000000001b1_0,4063,3150,1094,1494,2126,2356,2475,2670,2886,2963,5,2022-08-10,Calcaric Cambisols,48.943393382585704,5.8165948289553695,349,RMQS1,"{""type"":""MultiPoint"",""coordinates"":[]}"
20220810T103629_20220810T103652_T31UFQ_000000000000000001df_0,4292,3491,1254,1650,2232,2566,2716,2959,3124,3194,5,2022-08-10,Calcaric Cambisols,48.821946019086994,4.93669536884499,403,RMQS1,"{""type"":""MultiPoint"",""coordinates"":[]}"
20220810T103629_20220810T103652_T31UFQ_00000000000000000216_0,4678,3881,1852,2520,3244,3527,3568,3730,3949,3940,5,2022-08-10,Calcaric Cambisols,48.66793399152604,5.36353824674769,466,RMQS1,"{""type"":""MultiPoint"",""coordinates"":[]}"
20220810T103629_20220810T103652_T31UFQ_00000000000000000138_0,3636,2992,1162,1636,2174,2473,2584,2743,2812,2888,5,2022-08-10,Eutric Cambisols,49.39669771864854,4.965831391660081,211,RMQS1,"{""type"":""MultiPoint"",""coordinates"":[]}"
20220810T103629_20220810T103652_T31UFQ_000000000000000001e2_0,3888,2993,960,1348,1918,2212,2390,2590,2720,2861,5,2022-08-10,Eutric Cambisols,48.80588682120067,5.589465094519986,406,RMQS1,"{""type"":""MultiPoint"",""coordinates"":[]}"
20220810T103629_20220810T103652_T31UFQ_00000000000000000213_0,3886,3147,1948,2420,2812,2787,3182,3448,3676,3618,5,2022-08-10,Eutric Cambisols,48.6827591856006,4.712439211085572,463,RMQS1,"{""type"":""MultiPoint"",""coordinates"":[]}"
20220810T103629_20220810T103652_T31UFQ_0000000000000000011d_0,4163,3079,1000,1334,1874,2075,2251,2487,2736,2765,5,2022-08-10,Eutric Stagnosols,49.52988794759481,5.4145479932327865,174,RMQS1,"{""type"":""MultiPoint"",""coordinates"":[]}"
20220810T103629_20220810T103652_T31UFQ_00000000000000000183_0,3916,3333,1078,1610,2154,2518,2657,2818,2830,2926,5,2022-08-10,Mollic Umbrisols,49.104376378414244,5.170026231041101,294,RMQS1,"{""type"":""MultiPoint"",""coordinates"":[]}"
20220810T103629_20220810T103652_T31UFQ_00000000000000000181_0,5072,4646,1600,2128,2790,3129,3221,3470,3652,3673,5,2022-08-10,Rendzic Leptosols,49.11394157902409,4.732294541267736,292,RMQS1,"{""type"":""MultiPoint"",""coordinates"":[]}"
20220810T103629_20220810T103652_T31UFQ_000000000000000001ac_0,4531,3762,1456,1970,2720,3071,3216,3409,3620,3642,5,2022-08-10,Rendzic Leptosols,48.97023112282538,4.725639105215556,344,RMQS1,"{""type"":""MultiPoint"",""coordinates"":[]}"
20220810T103629_20220810T103652_T31UFQ_000000000000000001de_0,5346,4605,2114,2588,3288,3631,3776,3986,4256,4253,5,2022-08-10,Rendzic Leptosols,48.82650319106196,4.71902098610247,402,RMQS1,"{""type"":""MultiPoint"",""coordinates"":[]}"
20220810T103629_20220810T103652_T31UFQ_00000000000000000212_0,5428,4986,2336,2896,3488,3848,3893,4057,4260,4228,5,2022-08-10,Rendzic Leptosols,48.68690742446665,4.495328388213507,462,RMQS1,"{""type"":""MultiPoint"",""coordinates"":[]}"
20220810T103629_20220810T103652_T31UFQ_0000000000000000013a_0,4019,2630,773,1038,1376,1872,2538,2886,3185,3381,5,2022-08-10,Stagnic Gleysols,49.38627729080119,5.405925398342706,213,RMQS1,"{""type"":""MultiPoint"",""coordinates"":[]}"
20220810T103629_20220810T103652_T31UFQ_00000000000000000119_0,3730,3060,1230,1632,2142,2142,2479,2616,2834,2821,5,2022-08-10,Vertic Cambisols,49.54917309265782,4.5317230180671295,170,RMQS1,"{""type"":""MultiPoint"",""coordinates"":[]}"
20220810T103629_20220810T103652_T31UFR_000000000000000000c8_0,3441,2412,730,930,1154,1544,1958,2256,2398,2536,5,2022-08-10,Eutric Cambisols,50.119337054502985,4.77995940105834,73,RMQS1,"{""type"":""MultiPoint"",""coordinates"":[]}"
20220810T103629_20220810T103652_T31UFR_00000000000000000101_0,2631,1879,711,902,1044,1472,1932,2184,2685,2465,5,2022-08-10,Eutric Cambisols,49.68395472524528,4.980648981852431,143,RMQS1,"{""type"":""MultiPoint"",""coordinates"":[]}"
20220810T103629_20220810T103652_T31UFR_00000000000000000102_0,4326,2998,668,846,1166,1680,1991,2483,2364,2976,5,2022-08-10,Haplic Luvisols,49.678917855605576,5.201957134936044,144,RMQS1,"{""type"":""MultiPoint"",""coordinates"":[]}"
20220810T103629_20220810T103652_T31UGP_00000000000000000251_0,4014,2601,788,1086,1550,1979,2377,2640,2870,3103,5,2022-08-10,Calcaric Cambisols,48.50586655926446,6.004097928383127,529,RMQS1,"{""type"":""MultiPoint"",""coordinates"":[]}"
20220810T103629_20220810T103652_T31UGP_00000000000000000254_0,3421,2347,679,977,1356,1811,2101,2349,2648,2740,5,2022-08-10,Calcaric Cambisols,48.4839641650022,6.652492141926479,532,RMQS1,"{""type"":""MultiPoint"",""coordinates"":[]}"
20220810T103629_20220810T103652_T31UGP_0000000000000000028a_0,3820,2616,822,1162,1574,2053,2483,2792,3028,3190,5,2022-08-10,Calcaric Cambisols,48.34801022306576,6.425172097848806,589,RMQS1,"{""type"":""MultiPoint"",""coordinates"":[]}"
20220810T103629_20220810T103652_T31UGP_00000000000000000289_0,3485,2343,712,1010,1402,1737,2263,2532,2770,2905,5,2022-08-10,Dolomitic Cambisols,48.355291748330224,6.209630807817553,588,RMQS1,"{""type"":""MultiPoint"",""coordinates"":[]}"
20220810T103629_20220810T103652_T31UGP_0000000000000000032e_0,3652,2332,684,976,1394,1711,2076,2303,2712,2796,5,2022-08-10,Dolomitic Cambisols,47.93747719603999,5.750258195119118,760,RMQS1,"{""type"":""MultiPoint"",""coordinates"":[]}"
20220810T103629_20220810T103652_T31UGP_000000000000000002f9_0,4057,2599,643,920,1426,1866,2247,2599,2953,3171,5,2022-08-10,Dystric Cambisols,48.07476300654543,5.974060631863859,704,RMQS1,"{""type"":""MultiPoint"",""coordinates"":[]}"
20220810T103629_20220810T103652_T31UGP_00000000000000000255_0,3763,2549,538,840,1020,1871,2362,2618,2597,3114,5,2022-08-10,Eutric Cambisols,48.475873798216846,6.868497231735232,533,RMQS1,"{""type"":""MultiPoint"",""coordinates"":[]}"
20220810T103629_20220810T103652_T31UGP_00000000000000000288_0,4003,2543,778,1078,1522,1978,2479,2799,3091,3249,5,2022-08-10,Eutric Stagnosols,48.36217966966052,5.994030585928952,587,RMQS1,"{""type"":""MultiPoint"",""coordinates"":[]}"
20220810T103629_20220810T103652_T31UGP_0000000000000000028b_0,3511,2327,790,1098,1432,1840,2499,2836,3141,3277,5,2022-08-10,Fluvic Stagnosols,48.3403347810104,6.640652030606853,590,RMQS1,"{""type"":""MultiPoint"",""coordinates"":[]}"
20220810T103629_20220810T103652_T31UGP_0000000000000000021a_0,4263,2984,1224,1726,2500,2793,2956,3173,3507,3518,5,2022-08-10,Haplic Luvisols,48.635293635944215,6.44773299634704,471,RMQS1,"{""type"":""MultiPoint"",""coordinates"":[]}"
20220810T103629_20220810T103652_T31UGP_0000000000000000028c_0,4144,2665,736,1072,1614,2125,2549,2809,3125,3380,5,2022-08-10,Mollic Umbrisols,48.33226577624861,6.8560671459288125,591,RMQS1,"{""type"":""MultiPoint"",""coordinates"":[]}"
20220810T103629_20220810T103652_T31UGP_0000000000000000032f_0,3403,2727,1023,1428,1810,2134,2427,2607,2731,2782,5,2022-08-10,Regosols (Ruptic),47.931035644514346,5.964157023030967,761,RMQS1,"{""type"":""MultiPoint"",""coordinates"":[]}"
20220810T103629_20220810T103652_T31UGP_00000000000000000362_0,4291,3674,1152,1710,2386,2638,2789,2940,3119,3131,5,2022-08-10,Rendzic Leptosols,47.793721561206425,5.740987305897506,815,RMQS1,"{""type"":""MultiPoint"",""coordinates"":[]}"
20220810T103629_20220810T103652_T31UGP_00000000000000000253_0,2853,1851,497,780,1036,1580,2240,2492,2446,2729,5,2022-08-10,Stagnic Gleysols,48.49165966832759,6.4364215484470115,531,RMQS1,"{""type"":""MultiPoint"",""coordinates"":[]}"
20220810T103629_20220810T103652_T31UGP_00000000000000000219_0,3467,2757,1198,1704,2266,2535,2595,2775,2854,2924,5,2022-08-10,Vertic Cambisols,48.64261379725882,6.23100658057034,470,RMQS1,"{""type"":""MultiPoint"",""coordinates"":[]}"
20220810T103629_20220810T103652_T31UGP_00000000000000000006_0,3708,2795,1120,1502,2070,2350,2471,2700,2909,3004,5,2022-08-10,Eutric Fluvisols,48.25333333,6.052499999999999,68792,"{WD-eSOTER,WD-WISE}","{""type"":""MultiPoint"",""coordinates"":[]}"
20220810T103629_20220810T103652_T31UGQ_00000000000000000188_0,3465,2178,714,926,1248,1687,2208,2516,2720,2817,5,2022-08-10,Calcaric Cambisols,49.07347106860166,6.263520115482033,299,RMQS1,"{""type"":""MultiPoint"",""coordinates"":[]}"
20220810T103629_20220810T103652_T31UGQ_00000000000000000189_0,3542,3052,1310,1658,2106,2461,2469,2627,2592,2756,5,2022-08-10,Calcaric Cambisols,49.06609296333066,6.482048429861109,300,RMQS1,"{""type"":""MultiPoint"",""coordinates"":[]}"
20220810T103629_20220810T103652_T31UGQ_0000000000000000018c_0,3313,2236,724,946,1242,1571,2112,2393,2568,2793,5,2022-08-10,Calcaric Cambisols,49.041564102641246,7.137239897583359,303,RMQS1,"{""type"":""MultiPoint"",""coordinates"":[]}"
20220810T103629_20220810T103652_T31UGQ_000000000000000001b1_0,4061,3145,1120,1506,2126,2361,2479,2672,2886,2966,5,2022-08-10,Calcaric Cambisols,48.943393382585704,5.8165948289553695,349,RMQS1,"{""type"":""MultiPoint"",""coordinates"":[]}"
20220810T103629_20220810T103652_T31UGQ_000000000000000008c3_0,2446,1596,291,426,525,1190,1777,1948,1672,2324,5,2022-08-10,Calcaric Cambisols,48.898046849201414,7.123929315596595,10355,RMQS1,"{""type"":""MultiPoint"",""coordinates"":[]}"
20220810T103629_20220810T103652_T31UGQ_00000000000000000162_0,4590,3099,1482,1982,2812,3138,3285,3431,3720,3803,5,2022-08-10,Eutric Cambisols,49.22405156974901,6.055282669778303,255,RMQS1,"{""type"":""MultiPoint"",""coordinates"":[]}"
20220810T103629_20220810T103652_T31UGQ_000000000000000001b6_0,4486,3449,1318,1738,2414,2697,2884,3119,3320,3431,5,2022-08-10,Eutric Cambisols,48.90659944327129,6.906204482455559,354,RMQS1,"{""type"":""MultiPoint"",""coordinates"":[]}"
20220810T103629_20220810T103652_T31UGQ_000000000000000001b7_0,2446,1596,291,426,525,1190,1777,1948,1672,2324,5,2022-08-10,Eutric Cambisols,48.898046849201414,7.123929315596595,355,RMQS1,"{""type"":""MultiPoint"",""coordinates"":[]}"
20220810T103629_20220810T103652_T31UGQ_000000000000000001e7_0,2173,1568,705,1184,1388,1938,2326,2521,2580,2697,5,2022-08-10,Eutric Cambisols,48.77117488358892,6.676369913602444,411,RMQS1,"{""type"":""MultiPoint"",""coordinates"":[]}"
20220810T103629_20220810T103652_T31UGQ_000000000000000001b4_0,4411,3194,1124,1504,2186,2554,2734,3016,3248,3411,5,2022-08-10,Eutric Fluvisols,48.92251158464282,6.470546002730092,352,RMQS1,"{""type"":""MultiPoint"",""coordinates"":[]}"
20220810T103629_20220810T103652_T31UGQ_0000000000000000018b_0,3445,2713,826,1054,1372,1616,2076,2338,2644,2607,5,2022-08-10,Haplic Luvisols,49.05013991512068,6.9189123874126786,302,RMQS1,"{""type"":""MultiPoint"",""coordinates"":[]}"
20220810T103629_20220810T103652_T31UGQ_000000000000000001e8_0,3007,2621,995,1354,1924,2058,2186,2298,2490,2477,5,2022-08-10,Haplic Luvisols,48.763041278101454,6.8935661212171055,412,RMQS1,"{""type"":""MultiPoint"",""coordinates"":[]}"
20220810T103629_20220810T103652_T31UGQ_0000000000000000021a_0,4264,2986,1214,1720,2492,2786,2955,3170,3504,3511,5,2022-08-10,Haplic Luvisols,48.635293635944215,6.44773299634704,471,RMQS1,"{""type"":""MultiPoint"",""coordinates"":[]}"
20220810T103629_20220810T103652_T31UGQ_000000000000000001e4_0,3684,3291,1022,1562,2208,2528,2627,2759,2866,2871,5,2022-08-10,Mollic Umbrisols,48.79319310596471,6.024400451948738,408,RMQS1,"{""type"":""MultiPoint"",""coordinates"":[]}"
20220810T103629_20220810T103652_T31UGQ_000000000000000001e6_0,3328,2334,764,1026,1372,1779,2317,2620,2818,2985,5,2022-08-10,Regosols (Colluvic),48.77891134550069,6.459107645765941,410,RMQS1,"{""type"":""MultiPoint"",""coordinates"":[]}"
20220810T103629_20220810T103652_T31UGQ_000000000000000001b5_0,2940,2516,976,1274,1636,1848,1891,2047,2178,2204,5,2022-08-10,Vertic Cambisols,48.91475470195591,6.6884084179337275,353,RMQS1,"{""type"":""MultiPoint"",""coordinates"":[]}"
20220810T103629_20220810T103652_T31UGQ_00000000000000000219_0,3468,2760,1192,1698,2260,2530,2596,2773,2852,2918,5,2022-08-10,Vertic Cambisols,48.64261379725882,6.23100658057034,470,RMQS1,"{""type"":""MultiPoint"",""coordinates"":[]}"
20220810T103629_20220810T103652_T32TLS_0000000000000000050a_0,3186,2601,1166,1374,1596,1810,2167,2311,2354,2527,5,2022-08-10,Calcaric Cambisols,46.32841678107406,6.481457198672554,1275,RMQS1,"{""type"":""MultiPoint"",""coordinates"":[]}"
20220810T103629_20220810T103652_T32TLT_000000000000000003f4_0,4364,2873,774,1092,1604,2045,2529,2882,3244,3410,5,2022-08-10,Calcaric Cambisols,47.33457746221703,6.559552688442842,974,RMQS1,"{""type"":""MultiPoint"",""coordinates"":[]}"
20220810T103629_20220810T103652_T32TLT_0000000000000000041f_0,3771,2463,766,1032,1412,1765,2203,2502,2680,2938,5,2022-08-10,Mollic Umbrisols,47.19085772921663,6.548215837391324,1019,RMQS1,"{""type"":""MultiPoint"",""coordinates"":[]}"
20220810T103629_20220810T103652_T32TLT_00000000000000000449_0,3771,2527,720,1024,1448,1798,2256,2537,2842,2994,5,2022-08-10,Mollic Umbrisols,47.04713054829146,6.53693986200336,1064,RMQS1,"{""type"":""MultiPoint"",""coordinates"":[]}"
20220810T103629_20220810T103652_T32ULU_00000000000000000254_0,3404,2330,676,973,1350,1798,2091,2341,2626,2718,5,2022-08-10,Calcaric Cambisols,48.4839641650022,6.652492141926479,532,RMQS1,"{""type"":""MultiPoint"",""coordinates"":[]}"
20220810T103629_20220810T103652_T32ULU_0000000000000000028a_0,3536,2361,799,1120,1528,1848,2356,2572,3078,2939,5,2022-08-10,Calcaric Cambisols,48.34801022306576,6.425172097848806,589,RMQS1,"{""type"":""MultiPoint"",""coordinates"":[]}"
20220810T103629_20220810T103652_T32ULU_00000000000000000255_0,3465,2275,564,879,966,1577,2211,2550,2756,2940,5,2022-08-10,Eutric Cambisols,48.475873798216846,6.868497231735232,533,RMQS1,"{""type"":""MultiPoint"",""coordinates"":[]}"
20220810T103629_20220810T103652_T32ULU_0000000000000000028b_0,3751,2469,878,1188,1534,1914,2540,2803,3040,3264,5,2022-08-10,Fluvic Stagnosols,48.3403347810104,6.640652030606853,590,RMQS1,"{""type"":""MultiPoint"",""coordinates"":[]}"
20220810T103629_20220810T103652_T32ULU_0000000000000000021a_0,4258,2999,1194,1682,2496,2810,2969,3205,3488,3525,5,2022-08-10,Haplic Luvisols,48.635293635944215,6.44773299634704,471,RMQS1,"{""type"":""MultiPoint"",""coordinates"":[]}"
20220810T103629_20220810T103652_T32ULU_000000000000000001eb_0,3772,2583,1050,1424,1748,2368,3141,3518,3960,3923,5,2022-08-10,Mollic Umbrisols,48.73626270512865,7.544721808268485,415,RMQS1,"{""type"":""MultiPoint"",""coordinates"":[]}"
20220810T103629_20220810T103652_T32ULU_0000000000000000028c_0,4093,2624,700,1018,1524,2080,2478,2791,3074,3309,5,2022-08-10,Mollic Umbrisols,48.33226577624861,6.8560671459288125,591,RMQS1,"{""type"":""MultiPoint"",""coordinates"":[]}"
20220810T103629_20220810T103652_T32ULV_00000000000000000188_0,3398,2124,668,868,1150,1613,2195,2490,2641,2801,5,2022-08-10,Calcaric Cambisols,49.07347106860166,6.263520115482033,299,RMQS1,"{""type"":""MultiPoint"",""coordinates"":[]}"
20220810T103629_20220810T103652_T32ULV_00000000000000000189_0,3325,2876,1294,1636,2106,2227,2294,2398,2587,2503,5,2022-08-10,Calcaric Cambisols,49.06609296333066,6.482048429861109,300,RMQS1,"{""type"":""MultiPoint"",""coordinates"":[]}"
20220810T103629_20220810T103652_T32ULV_0000000000000000018c_0,3269,2234,724,938,1248,1579,2073,2377,2566,2746,5,2022-08-10,Calcaric Cambisols,49.041564102641246,7.137239897583359,303,RMQS1,"{""type"":""MultiPoint"",""coordinates"":[]}"
20220810T103629_20220810T103652_T32ULV_00000000000000000165_0,1412,1121,418,477,530,1038,1382,1520,1686,1518,5,2022-08-10,Dystric Cambisols,49.193660538287034,6.931691560146278,259,RMQS1,"{""type"":""MultiPoint"",""coordinates"":[]}"
20220810T103629_20220810T103652_T32ULV_000000000000000001b6_0,4513,3480,1326,1726,2414,2734,2923,3138,3299,3464,5,2022-08-10,Eutric Cambisols,48.90659944327129,6.906204482455559,354,RMQS1,"{""type"":""MultiPoint"",""coordinates"":[]}"
20220810T103629_20220810T103652_T32ULV_000000000000000001e7_0,2148,1557,710,1190,1386,1931,2316,2498,2578,2669,5,2022-08-10,Eutric Cambisols,48.77117488358892,6.676369913602444,411,RMQS1,"{""type"":""MultiPoint"",""coordinates"":[]}"
20220810T103629_20220810T103652_T32ULV_000000000000000001b4_0,4388,3185,1150,1522,2194,2539,2724,2995,3235,3409,5,2022-08-10,Eutric Fluvisols,48.92251158464282,6.470546002730092,352,RMQS1,"{""type"":""MultiPoint"",""coordinates"":[]}"
20220810T103629_20220810T103652_T32ULV_000000000000000001b9_0,3737,2406,681,928,1340,1826,2303,2567,2900,3023,5,2022-08-10,Eutric Planosols,48.8797494778979,7.559156002424398,357,RMQS1,"{""type"":""MultiPoint"",""coordinates"":[]}"
20220810T103629_20220810T103652_T32ULV_0000000000000000018b_0,3628,2492,802,1024,1362,1834,2231,2561,2792,2897,5,2022-08-10,Haplic Luvisols,49.05013991512068,6.9189123874126786,302,RMQS1,"{""type"":""MultiPoint"",""coordinates"":[]}"
20220810T103629_20220810T103652_T32ULV_000000000000000001e8_0,2941,2547,996,1344,1930,2009,2143,2249,2462,2433,5,2022-08-10,Haplic Luvisols,48.763041278101454,6.8935661212171055,412,RMQS1,"{""type"":""MultiPoint"",""coordinates"":[]}"
20220810T103629_20220810T103652_T32ULV_000000000000000001eb_0,3789,2596,1050,1426,1754,2378,3154,3534,3968,3939,5,2022-08-10,Mollic Umbrisols,48.73626270512865,7.544721808268485,415,RMQS1,"{""type"":""MultiPoint"",""coordinates"":[]}"
20220810T103629_20220810T103652_T32ULV_000000000000000001e6_0,3268,2312,770,1028,1386,1781,2359,2672,2796,3020,5,2022-08-10,Regosols (Colluvic),48.77891134550069,6.459107645765941,410,RMQS1,"{""type"":""MultiPoint"",""coordinates"":[]}"
20220810T103629_20220810T103652_T32ULV_000000000000000001b5_0,2882,2453,968,1284,1650,1807,1878,2002,2176,2164,5,2022-08-10,Vertic Cambisols,48.91475470195591,6.6884084179337275,353,RMQS1,"{""type"":""MultiPoint"",""coordinates"":[]}"
