system:index,B11,B12,B2,B3,B4,B5,B6,B7,B8,B8A,SCL,date,h_wrb4,latitude,longitude,profile_id,source_db,.geo
20220808T104631_20220808T104632_T30TXQ_000000000000000006d8_0,1382,1233,262,421,742,857,921,1008,1220,1195,5,2022-08-08,Albic Podzols,44.496527322829905,-0.4911163235972143,1781,RMQS1,"{""type"":""MultiPoint"",""coordinates"":[]}"
20220808T104631_20220808T104632_T30TXQ_0000000000000000068b_0,3657,3333,4516,4848,4484,3700,3445,3381,4304,3637,5,2022-08-08,Eutric Cambisols,44.78413733927169,-0.5056548387951271,1696,RMQS1,"{""type"":""MultiPoint"",""coordinates"":[]}"
20220808T104631_20220808T104632_T30TXQ_000000000000000006b2_0,4237,2829,703,1042,1586,1954,2274,2531,2744,3023,5,2022-08-08,Eutric Cambisols,44.640327770669494,-0.4983671773063285,1739,RMQS1,"{""type"":""MultiPoint"",""coordinates"":[]}"
20220808T104631_20220808T104632_T30TYP_00000000000000000046_0,3596,2279,893,1388,1988,2294,2988,3328,3596,3667,5,2022-08-08,Gleyic Cambisols,43.74950007383431,0.1370914792787227,SIM91955,HWSDv2,"{""type"":""MultiPoint"",""coordinates"":[]}"
20220808T104631_20220808T104632_T30TYP_000000000000000007b2_0,4862,3309,1548,2250,3082,3311,3466,3658,4104,4081,5,2022-08-08,Calcaric Cambisols,43.801814078706926,0.7353863730644742,2011,RMQS1,"{""type"":""MultiPoint"",""coordinates"":[]}"
20220808T104631_20220808T104632_T30TYP_000000000000000007dd_0,3790,2991,1064,1812,2336,2600,2641,2783,2822,2887,5,2022-08-08,Calcaric Cambisols,43.65802295237102,0.7394234284125767,2057,RMQS1,"{""type"":""MultiPoint"",""coordinates"":[]}"
20220808T104631_20220808T104632_T30TYP_00000000000000000782_0,3868,2436,680,1104,1594,2102,2594,2956,3220,3438,5,2022-08-08,Eutric Cambisols,43.930951648700834,-0.0646614475812049,1961,RMQS1,"{""type"":""MultiPoint"",""coordinates"":[]}"
20220808T104631_20220808T104632_T30TYP_000000000000000007b0_0,4206,2648,732,1086,1520,2000,2205,2473,2850,2957,5,2022-08-08,Eutric Cambisols,43.79522514265497,0.3383439567382782,2009,RMQS1,"{""type"":""MultiPoint"",""coordinates"":[]}"
20220808T104631_20220808T104632_T30TYP_000000000000000007b1_0,2982,2137,664,1338,1622,1945,2158,2312,2348,2441,5,2022-08-08,Eutric Cambisols,43.79870099823677,0.5368540129522552,2010,RMQS1,"{""type"":""MultiPoint"",""coordinates"":[]}"
20220808T104631_20220808T104632_T30TYP_00000000000000000759_0,5411,3447,1404,2006,3140,3637,3796,4154,4584,4717,5,2022-08-08,Haplic Luvisols,44.08281502778731,0.32819314039789665,1916,RMQS1,"{""type"":""MultiPoint"",""coordinates"":[]}"
20220808T104631_20220808T104632_T30TYP_00000000000000000783_0,3305,2385,682,1086,1340,1854,2759,3149,3360,3497,5,2022-08-08,Haplic Luvisols,43.93516460209728,0.1342955175968594,1962,RMQS1,"{""type"":""MultiPoint"",""coordinates"":[]}"
20220808T104631_20220808T104632_T30TYQ_0000000000000000072b_0,3095,1777,531,706,1086,1433,1752,2003,2260,2398,5,2022-08-08,Albic Podzols,44.2227601300758,0.12308158813210761,1869,RMQS1,"{""type"":""MultiPoint"",""coordinates"":[]}"
20220808T104631_20220808T104632_T30TYQ_00000000000000000701_0,4215,2587,1066,1482,2176,2539,2807,3050,3445,3531,5,2022-08-08,Calcaric Cambisols,44.36657602891278,0.11743191867862429,1826,RMQS1,"{""type"":""MultiPoint"",""coordinates"":[]}"
20220808T104631_20220808T104632_T30TYQ_00000000000000000690_0,3556,2247,705,1080,1386,2027,2655,2999,3372,3422,5,2022-08-08,Eutric Cambisols,44.80553634563195,0.504440417181361,1701,RMQS1,"{""type"":""MultiPoint"",""coordinates"":[]}"
20220808T104631_20220808T104632_T30TYQ_0000000000000000063e_0,3690,2360,700,968,1232,1765,2234,2446,2641,2807,5,2022-08-08,Haplic Luvisols,45.07682572428559,-0.317346758335372,1614,RMQS1,"{""type"":""MultiPoint"",""coordinates"":[]}"
20220808T104631_20220808T104632_T30TYQ_00000000000000000641_0,3986,2396,578,908,1270,1956,2666,2845,3596,3369,5,2022-08-08,Haplic Luvisols,45.08973181236325,0.2918435407221803,1617,RMQS1,"{""type"":""MultiPoint"",""coordinates"":[]}"
20220808T104631_20220808T104632_T30TYQ_0000000000000000068c_0,4556,3036,947,1326,1856,2333,2603,2879,3175,3421,5,2022-08-08,Haplic Luvisols,44.789155867083174,-0.3036999732697204,1697,RMQS1,"{""type"":""MultiPoint"",""coordinates"":[]}"
20220808T104631_20220808T104632_T30TYQ_0000000000000000068e_0,3213,2135,526,836,1124,1460,1933,2151,2356,2552,5,2022-08-08,Haplic Luvisols,44.798084038586595,0.1003104414595138,1699,RMQS1,"{""type"":""MultiPoint"",""coordinates"":[]}"
20220808T104631_20220808T104632_T30TYQ_000000000000000006b4_0,3904,2624,722,1006,1454,1874,2138,2453,2776,2920,5,2022-08-08,Haplic Luvisols,44.64997037130344,-0.09545710057892369,1741,RMQS1,"{""type"":""MultiPoint"",""coordinates"":[]}"
20220808T104631_20220808T104632_T30TYQ_000000000000000006b7_0,4085,2591,1062,1462,2098,2118,2646,2882,3428,3306,5,2022-08-08,Haplic Luvisols,44.66167066056686,0.5091410357468154,1744,RMQS1,"{""type"":""MultiPoint"",""coordinates"":[]}"
20220808T104631_20220808T104632_T30TYQ_000000000000000006b8_0,3634,2713,1116,1700,2222,2416,2552,2692,2890,2844,5,2022-08-08,Haplic Luvisols,44.664832562379004,0.7107266218471442,1745,RMQS1,"{""type"":""MultiPoint"",""coordinates"":[]}"
20220808T104631_20220808T104632_T30TYQ_000000000000000006dc_0,2793,1993,702,1204,1476,1908,2233,2652,2886,2905,5,2022-08-08,Haplic Luvisols,44.51429265450901,0.3127722289681817,1785,RMQS1,"{""type"":""MultiPoint"",""coordinates"":[]}"
20220808T104631_20220808T104632_T30TYQ_000000000000000006dd_0,4363,2646,916,1344,1934,2504,2998,3296,3523,3767,5,2022-08-08,Haplic Luvisols,44.51781425187794,0.5138181479053451,1786,RMQS1,"{""type"":""MultiPoint"",""coordinates"":[]}"
20220808T104631_20220808T104632_T30TYQ_0000000000000000072d_0,2353,1494,701,1126,1368,1891,2599,2923,3120,3186,5,2022-08-08,Luvic Cambisols,44.230132383061516,0.5231018340485758,1871,RMQS1,"{""type"":""MultiPoint"",""coordinates"":[]}"
20220808T104631_20220808T104632_T30TYQ_000000000000000006b5_0,3594,2370,716,1036,1320,1755,2364,2673,3074,3057,5,2022-08-08,Mollic Umbrisols,44.654239038585125,0.1060466195283175,1742,RMQS1,"{""type"":""MultiPoint"",""coordinates"":[]}"
20220808T104631_20220808T104632_T30TYR_00000000000000000062_0,3533,2644,888,1472,2012,2412,2603,2797,2964,3103,5,2022-08-08,Calcaric Cambisols,45.9412014057957,0.065289686897003,SIM30965,HWSDv2,"{""type"":""MultiPoint"",""coordinates"":[]}"
20220808T104631_20220808T104632_T30TYR_0000000000000000006d_0,2577,1757,752,1228,1404,1930,2388,2558,2718,2826,5,2022-08-08,Dystric Cambisols,45.88556111979459,0.7843482631787697,SIM11541,HWSDv2,"{""type"":""MultiPoint"",""coordinates"":[]}"
20220808T104631_20220808T104632_T30TYR_000000000000000005a4_0,4181,2857,1136,1558,1932,2530,3288,3599,3836,3946,5,2022-08-08,Calcaric Cambisols,45.66131000624331,0.0652636300268976,1450,RMQS1,"{""type"":""MultiPoint"",""coordinates"":[]}"
20220808T104631_20220808T104632_T30TYR_000000000000000005a5_0,4190,3012,1300,1920,2576,2975,3253,3432,3664,3757,5,2022-08-08,Calcaric Cambisols,45.66528210595559,0.2704780405947115,1451,RMQS1,"{""type"":""MultiPoint"",""coordinates"":[]}"
20220808T104631_20220808T104632_T30TYR_000000000000000005c8_0,3580,2261,802,1160,1438,1813,2549,2792,3078,3255,5,2022-08-08,Calcaric Cambisols,45.513089622659,-0.13346799206529747,1490,RMQS1,"{""type"":""MultiPoint"",""coordinates"":[]}"
20220808T104631_20220808T104632_T30TYR_000000000000000005f2_0,3821,2492,752,1010,1304,1655,2040,2245,2524,2685,5,2022-08-08,Calcaric Cambisols,45.377496694565295,0.2812171796581916,1534,RMQS1,"{""type"":""MultiPoint"",""coordinates"":[]}"
20220808T104631_20220808T104632_T30TYR_000000000000000005ca_0,3188,2565,1120,1466,1852,2015,2031,2147,2330,2362,5,2022-08-08,Eutric Cambisols,45.52138752930262,0.2758619491347459,1492,RMQS1,"{""type"":""MultiPoint"",""coordinates"":[]}"
20220808T104631_20220808T104632_T30TYR_000000000000000005f0_0,3334,2335,830,1138,1404,1735,2419,2755,3012,3171,5,2022-08-08,Eutric Cambisols,45.36922081868101,-0.12705033910126268,1532,RMQS1,"{""type"":""MultiPoint"",""coordinates"":[]}"
20220808T104631_20220808T104632_T30TYR_000000000000000005f1_0,4390,2972,1112,1544,2036,2429,2720,3004,3316,3344,5,2022-08-08,Eutric Cambisols,45.373545582811104,0.07706807018069811,1533,RMQS1,"{""type"":""MultiPoint"",""coordinates"":[]}"
20220808T104631_20220808T104632_T30TYR_0000000000000000063e_0,3670,2354,708,974,1226,1755,2232,2444,2636,2809,5,2022-08-08,Haplic Luvisols,45.07682572428559,-0.317346758335372,1614,RMQS1,"{""type"":""MultiPoint"",""coordinates"":[]}"
20220808T104631_20220808T104632_T30TYR_00000000000000000641_0,3963,2392,586,904,1250,1933,2649,2829,3544,3354,5,2022-08-08,Haplic Luvisols,45.08973181236325,0.2918435407221803,1617,RMQS1,"{""type"":""MultiPoint"",""coordinates"":[]}"
20220808T104631_20220808T104632_T30TYR_00000000000000000619_0,3687,2186,838,1216,1606,2040,2554,2841,3352,3377,5,2022-08-08,Luvic Cambisols,45.22967037836249,0.0829237907257251,1575,RMQS1,"{""type"":""MultiPoint"",""coordinates"":[]}"
20220808T104631_20220808T104632_T30TYR_0000000000000000055b_0,3576,2953,777,1262,1868,2189,2448,2569,2670,2650,5,2022-08-08,Rendzic Leptosols,45.94908569567597,0.0533355420428352,1369,RMQS1,"{""type"":""MultiPoint"",""coordinates"":[]}"
20220808T104631_20220808T104632_T30TYR_00000000000000000582_0,4146,3490,983,1492,2316,2640,2696,2824,2952,2976,5,2022-08-08,Rendzic Leptosols,45.809179554957446,0.2650661302913653,1411,RMQS1,"{""type"":""MultiPoint"",""coordinates"":[]}"
20220808T104631_20220808T104632_T30TYR_0000000000000000061a_0,4484,2674,938,1354,1750,2426,3165,3544,3808,4028,5,2022-08-08,Rendzic Leptosols,45.23361103386122,0.2865440554918134,1576,RMQS1,"{""type"":""MultiPoint"",""coordinates"":[]}"
20220808T104631_20220808T104632_T30TYR_00000000000000000028_0,3621,2983,1288,1660,2000,2317,2723,2904,3120,3097,5,2022-08-08,Eutric Fluvisols,45.89861111,0.00277778,68782,{WD-WISE},"{""type"":""MultiPoint"",""coordinates"":[]}"
20220808T104631_20220808T104632_T30TYR_0000000000000000000a_0,4006,2882,1272,1578,2170,2202,3200,3648,3676,3891,5,2022-08-08,Haplic Calcisols,45.89860153,0.16666700000000004,613272,{WD-eSOTER},"{""type"":""MultiPoint"",""coordinates"":[]}"
20220808T104631_20220808T104632_T30TYS_0000000000000000005e_0,3866,2662,838,1178,1608,2025,2466,2779,2898,3135,5,2022-08-08,Calcaric Cambisols,46.50806450849034,0.9910526900588258,SIM48183,HWSDv2,"{""type"":""MultiPoint"",""coordinates"":[]}"
20220808T104631_20220808T104632_T30TYS_00000000000000000062_0,3538,2646,884,1470,2014,2414,2606,2801,2966,3106,5,2022-08-08,Calcaric Cambisols,45.9412014057957,0.065289686897003,SIM30965,HWSDv2,"{""type"":""MultiPoint"",""coordinates"":[]}"
20220808T104631_20220808T104632_T30TYS_000000000000000004a4_0,4494,3608,1310,1926,2762,3106,3151,3291,3428,3425,5,2022-08-08,Calcaric Cambisols,46.67258035875013,0.23199594562391013,1163,RMQS1,"{""type"":""MultiPoint"",""coordinates"":[]}"
20220808T104631_20220808T104632_T30TYS_000000000000000004a5_0,4353,3367,1182,1844,2624,2855,3097,3218,3396,3431,5,2022-08-08,Eutric Cambisols,46.67624425670514,0.4410565506621489,1164,RMQS1,"{""type"":""MultiPoint"",""coordinates"":[]}"
20220808T104631_20220808T104632_T30TYS_000000000000000004a7_0,3075,2224,766,1402,1672,2373,2999,3175,3324,3372,5,2022-08-08,Eutric Cambisols,46.68242330115931,0.8592545683175709,1166,RMQS1,"{""type"":""MultiPoint"",""coordinates"":[]}"
20220808T104631_20220808T104632_T30TYS_000000000000000004eb_0,3690,2356,566,792,1220,1546,1757,2039,2294,2504,5,2022-08-08,Eutric Cambisols,46.380758268333096,0.035208723464946995,1244,RMQS1,"{""type"":""MultiPoint"",""coordinates"":[]}"
20220808T104631_20220808T104632_T30TYS_00000000000000000535_0,4698,4087,1266,1898,2728,3070,3206,3389,3616,3665,5,2022-08-08,Eutric Cambisols,46.09297615641257,0.04732481199581941,1327,RMQS1,"{""type"":""MultiPoint"",""coordinates"":[]}"
20220808T104631_20220808T104632_T30TYS_0000000000000000047d_0,4071,3179,1212,1668,2248,2551,2675,2837,2956,3131,5,2022-08-08,Haplic Luvisols,46.82014893841074,0.43599984899138555,1123,RMQS1,"{""type"":""MultiPoint"",""coordinates"":[]}"
20220808T104631_20220808T104632_T30TYS_000000000000000004ca_0,4260,3028,941,1202,1662,2125,2603,2944,3084,3368,5,2022-08-08,Haplic Luvisols,46.52868315472322,0.2375799776288461,1203,RMQS1,"{""type"":""MultiPoint"",""coordinates"":[]}"
20220808T104631_20220808T104632_T30TYS_000000000000000004cb_0,3630,2465,845,1078,1506,1699,2456,2794,2930,3169,5,2022-08-08,Haplic Luvisols,46.532337162248965,0.4460865612049353,1204,RMQS1,"{""type"":""MultiPoint"",""coordinates"":[]}"
20220808T104631_20220808T104632_T30TYS_00000000000000000515_0,4528,2913,776,1110,1528,2064,2607,2907,3152,3372,5,2022-08-08,Haplic Luvisols,46.247771765350535,0.6635006352149346,1289,RMQS1,"{""type"":""MultiPoint"",""coordinates"":[]}"
20220808T104631_20220808T104632_T30TYS_000000000000000004ef_0,4289,3049,1056,1598,1986,2085,2856,3200,3596,3629,5,2022-08-08,Luvic Cambisols,46.3945739230684,0.8670762593857257,1248,RMQS1,"{""type"":""MultiPoint"",""coordinates"":[]}"
20220808T104631_20220808T104632_T30TYS_00000000000000000513_0,4772,3771,1434,2074,2930,3294,3436,3590,3764,3884,5,2022-08-08,Luvic Cambisols,46.240882187673726,0.2486608574550119,1287,RMQS1,"{""type"":""MultiPoint"",""coordinates"":[]}"
20220808T104631_20220808T104632_T30TYS_0000000000000000047e_0,3765,2310,785,1110,1372,1992,2636,2899,3046,3243,5,2022-08-08,Luvic Stagnosols,46.8234383704253,0.6456440699083928,1124,RMQS1,"{""type"":""MultiPoint"",""coordinates"":[]}"
20220808T104631_20220808T104632_T30TYS_0000000000000000055b_0,3580,2958,772,1260,1870,2190,2451,2571,2680,2652,5,2022-08-08,Rendzic Leptosols,45.94908569567597,0.0533355420428352,1369,RMQS1,"{""type"":""MultiPoint"",""coordinates"":[]}"
20220808T104631_20220808T104632_T30TYT_0000000000000000037b_0,4760,3283,1144,1548,2238,2665,2907,3216,3472,3672,5,2022-08-08,Eutric Cambisols,47.68680357363322,0.6181369317170614,843,RMQS1,"{""type"":""MultiPoint"",""coordinates"":[]}"
20220808T104631_20220808T104632_T30TYT_0000000000000000037d_0,3182,2619,688,1162,1684,1901,2012,2129,2200,2227,5,2022-08-08,Eutric Cambisols,47.69231735110835,1.0443128583803534,845,RMQS1,"{""type"":""MultiPoint"",""coordinates"":[]}"
20220808T104631_20220808T104632_T30TYT_000000000000000003aa_0,4965,3280,1474,2116,3062,3424,3575,3785,4048,4186,5,2022-08-08,Eutric Cambisols,47.542927371413136,0.6227839914739651,895,RMQS1,"{""type"":""MultiPoint"",""coordinates"":[]}"
20220808T104631_20220808T104632_T30TYT_00000000000000000459_0,4487,2868,903,1286,1832,2357,2714,3058,3272,3506,5,2022-08-08,Eutric Cambisols,46.97278837529007,1.061600350806898,1082,RMQS1,"{""type"":""MultiPoint"",""coordinates"":[]}"
20220808T104631_20220808T104632_T30TYT_00000000000000000456_0,3727,2397,1140,1494,1820,2411,3567,3920,4200,4194,5,2022-08-08,Eutric Planosols,46.96405011215721,0.43091598807012294,1079,RMQS1,"{""type"":""MultiPoint"",""coordinates"":[]}"
20220808T104631_20220808T104632_T30TYT_0000000000000000042f_0,4919,4223,1818,2448,3180,3547,3603,3788,3908,3997,5,2022-08-08,Eutric Retisols,47.11670746180148,1.0581797222389806,1038,RMQS1,"{""type"":""MultiPoint"",""coordinates"":[]}"
20220808T104631_20220808T104632_T30TYT_0000000000000000037c_0,4815,3193,1116,1614,2374,2840,3073,3309,3532,3761,5,2022-08-08,Haplic Luvisols,47.68975585042416,0.8312134254903143,844,RMQS1,"{""type"":""MultiPoint"",""coordinates"":[]}"
20220808T104631_20220808T104632_T30TYT_000000000000000003d7_0,4156,2792,858,1188,1644,2009,2413,2720,2930,3166,5,2022-08-08,Haplic Luvisols,47.395718283839564,0.4155014966302985,945,RMQS1,"{""type"":""MultiPoint"",""coordinates"":[]}"
20220808T104631_20220808T104632_T30TYT_0000000000000000047d_0,4076,3182,1210,1668,2250,2553,2677,2839,2958,3134,5,2022-08-08,Haplic Luvisols,46.82014893841074,0.43599984899138555,1123,RMQS1,"{""type"":""MultiPoint"",""coordinates"":[]}"
20220808T104631_20220808T104632_T30TYT_000000000000000003da_0,4123,2824,908,1258,1748,2040,2354,2614,2800,2991,5,2022-08-08,Luvic Cambisols,47.404526962741336,1.0512838631524177,948,RMQS1,"{""type"":""MultiPoint"",""coordinates"":[]}"
20220808T104631_20220808T104632_T30TYT_0000000000000000047e_0,3769,2312,782,1110,1374,1993,2637,2900,3052,3245,5,2022-08-08,Luvic Stagnosols,46.8234383704253,0.6456440699083928,1124,RMQS1,"{""type"":""MultiPoint"",""coordinates"":[]}"
20220808T104631_20220808T104632_T30TYT_0000000000000000042d_0,4670,3025,1342,1864,2670,3120,3299,3499,3764,3963,5,2022-08-08,Rendzic Leptosols,47.111251889494554,0.6365738313282675,1036,RMQS1,"{""type"":""MultiPoint"",""coordinates"":[]}"
20220808T104631_20220808T104632_T30TYT_00000000000000000457_0,3642,2485,840,1096,1324,1838,2196,2421,2490,2727,5,2022-08-08,Stagnic Gleysols,46.96734759548669,0.6411210616326486,1080,RMQS1,"{""type"":""MultiPoint"",""coordinates"":[]}"
20220808T104631_20220808T104632_T30UYU_00000000000000000317_0,4660,3370,1106,1568,2254,2524,2766,2994,3240,3377,5,2022-08-08,Eutric Cambisols,47.97452533653467,0.608767793538443,736,RMQS1,"{""type"":""MultiPoint"",""coordinates"":[]}"
20220808T104631_20220808T104632_T30UYU_00000000000000000272_0,4075,2707,1344,1854,2498,3013,3469,3652,3920,4069,5,2022-08-08,Eutric Retisols,48.411606154539754,1.0265529667530489,564,RMQS1,"{""type"":""MultiPoint"",""coordinates"":[]}"
20220808T104631_20220808T104632_T30UYU_000000000000000002aa_0,4412,3098,731,1328,1676,2638,3098,3378,3252,3879,5,2022-08-08,Eutric Retisols,48.267773070968104,1.0301448294912523,623,RMQS1,"{""type"":""MultiPoint"",""coordinates"":[]}"
20220808T104631_20220808T104632_T30UYU_000000000000000002e2_0,4180,2914,1266,1826,2496,2578,3080,3306,3832,3729,5,2022-08-08,Eutric Retisols,48.123926965867774,1.0337162685273735,681,RMQS1,"{""type"":""MultiPoint"",""coordinates"":[]}"
20220808T104631_20220808T104632_T30UYU_00000000000000000319_0,3551,2342,711,1116,1198,2074,2542,2917,2920,3402,5,2022-08-08,Haplic Luvisols,47.98006859464599,1.0372677251420688,738,RMQS1,"{""type"":""MultiPoint"",""coordinates"":[]}"
20220808T104631_20220808T104632_T30UYU_000000000000000002a9_0,4140,2994,1180,1572,2074,2680,2917,3124,3220,3531,5,2022-08-08,Luvic Stagnosols,48.265183822455356,0.8147095500113787,622,RMQS1,"{""type"":""MultiPoint"",""coordinates"":[]}"
20220808T104631_20220808T104632_T30UYU_0000000000000000034a_0,4773,3449,1238,1766,2534,2974,3121,3373,3572,3789,5,2022-08-08,Luvic Stagnosols,47.83066980746326,0.6134648025979296,791,RMQS1,"{""type"":""MultiPoint"",""coordinates"":[]}"
20220808T104631_20220808T104632_T30UYV_0000000000000000019b_0,4710,3251,1256,1752,2598,2969,3130,3352,3596,3792,5,2022-08-08,Eutric Cambisols,48.986789979658724,1.011980189683206,327,RMQS1,"{""type"":""MultiPoint"",""coordinates"":[]}"
20220808T104631_20220808T104632_T30UYV_0000000000000000019c_0,4116,3136,1462,1968,2644,2954,3080,3263,3440,3496,5,2022-08-08,Eutric Cambisols,48.9890140623296,1.2304298587690576,328,RMQS1,"{""type"":""MultiPoint"",""coordinates"":[]}"
20220808T104631_20220808T104632_T30UYV_000000000000000001cd_0,4173,3593,1386,1830,2376,2730,2916,3141,3184,3387,5,2022-08-08,Eutric Cambisols,48.843018131050385,1.0156540889892636,385,RMQS1,"{""type"":""MultiPoint"",""coordinates"":[]}"
20220808T104631_20220808T104632_T30UYV_0000000000000000014c_0,2494,1833,1048,1252,1470,1502,1864,2035,2038,2155,5,2022-08-08,Eutric Fluvisols,49.276515471368825,1.2242410066178666,233,RMQS1,"{""type"":""MultiPoint"",""coordinates"":[]}"
20220808T104631_20220808T104632_T30UYV_00000000000000000202_0,4758,3328,1334,1928,2780,3216,3386,3620,3836,4019,5,2022-08-08,Eutric Retisols,48.69922952521517,1.0193074302902678,446,RMQS1,"{""type"":""MultiPoint"",""coordinates"":[]}"
20220808T104631_20220808T104632_T30UYV_0000000000000000010a_0,4758,3102,1056,1634,2586,2932,3175,3508,4080,4139,5,2022-08-08,Luvic Cambisols,49.56393970113884,1.217982875699953,155,RMQS1,"{""type"":""MultiPoint"",""coordinates"":[]}"
20220808T104631_20220808T104632_T31TCJ_00000000000000000083_0,3054,2244,1160,1324,1748,2136,2602,2809,2950,3045,5,2022-08-08,Calcaric Cambisols,43.78608327784773,1.3843490695106873,SIM27892,HWSDv2,"{""type"":""MultiPoint"",""coordinates"":[]}"
20220808T104631_20220808T104632_T31TCJ_00000000000000000731_0,4311,3222,1394,2038,2730,3156,3306,3453,3517,3628,5,2022-08-08,Calcaric Cambisols,44.2404851063561,1.3234055011692607,1875,RMQS1,"{""type"":""MultiPoint"",""coordinates"":[]}"
20220808T104631_20220808T104632_T31TCJ_00000000000000000732_0,4137,2446,670,1030,1472,1760,2187,2449,2771,2885,5,2022-08-08,Calcaric Cambisols,44.24215747682371,1.5235202230528846,1876,RMQS1,"{""type"":""MultiPoint"",""coordinates"":[]}"
20220808T104631_20220808T104632_T31TCJ_0000000000000000078a_0,3943,2395,864,1348,1970,2252,3043,3439,3724,3880,5,2022-08-08,Calcaric Cambisols,43.95446120604993,1.5276452591165468,1969,RMQS1,"{""type"":""MultiPoint"",""coordinates"":[]}"
20220808T104631_20220808T104632_T31TCJ_000000000000000007dd_0,3699,2962,1064,1748,2246,2488,2595,2732,2792,2816,5,2022-08-08,Calcaric Cambisols,43.65802295237102,0.7394234284125767,2057,RMQS1,"{""type"":""MultiPoint"",""coordinates"":[]}"
20220808T104631_20220808T104632_T31TCJ_000000000000000007e1_0,4203,3036,1278,1882,2604,2875,3049,3242,3440,3504,5,2022-08-08,Calcaric Cambisols,43.66811185509377,1.7298359782939583,2062,RMQS1,"{""type"":""MultiPoint"",""coordinates"":[]}"
20220808T104631_20220808T104632_T31TCJ_0000000000000000080b_0,3042,2231,661,1116,1462,1793,1978,2167,2256,2408,5,2022-08-08,Calcaric Cambisols,43.524309926758626,1.7313633815716516,2108,RMQS1,"{""type"":""MultiPoint"",""coordinates"":[]}"
20220808T104631_20220808T104632_T31TCJ_000000000000000007b1_0,2938,2128,756,1306,1598,1934,2147,2273,2316,2434,5,2022-08-08,Eutric Cambisols,43.79870099823677,0.5368540129522552,2010,RMQS1,"{""type"":""MultiPoint"",""coordinates"":[]}"
20220808T104631_20220808T104632_T31TCJ_0000000000000000080a_0,3055,2226,821,1264,1568,2016,2635,2835,2988,3067,5,2022-08-08,Eutric Cambisols,43.52302003271735,1.5337542549797725,2107,RMQS1,"{""type"":""MultiPoint"",""coordinates"":[]}"
20220808T104631_20220808T104632_T31TCJ_0000000000000000075c_0,2773,2310,1098,1560,2126,2243,2442,2609,2664,2701,5,2022-08-08,Eutric Fluvisols,44.09220210607855,0.9268088875590461,1919,RMQS1,"{""type"":""MultiPoint"",""coordinates"":[]}"
20220808T104631_20220808T104632_T31TCJ_000000000000000007b5_0,3564,2541,1182,1538,1972,2312,2726,2985,3024,3237,5,2022-08-08,Haplic Luvisols,43.80897291409622,1.331094029024924,2014,RMQS1,"{""type"":""MultiPoint"",""coordinates"":[]}"
20220808T104631_20220808T104632_T31TCK_00000000000000000646_0,3629,2209,622,1038,1448,2055,2543,2857,3249,3298,5,2022-08-08,Calcaric Cambisols,45.10381088283523,1.3076748715645614,1622,RMQS1,"{""type"":""MultiPoint"",""coordinates"":[]}"
20220808T104631_20220808T104632_T31TCK_000000000000000006e2_0,3010,2032,684,1023,1318,1630,2290,2561,2792,2857,5,2022-08-08,Calcaric Cambisols,44.529903166558434,1.5193539537680492,1791,RMQS1,"{""type"":""MultiPoint"",""coordinates"":[]}"
20220808T104631_20220808T104632_T31TCK_00000000000000000731_0,4285,3209,1374,2020,2702,3130,3289,3436,3496,3605,5,2022-08-08,Calcaric Cambisols,44.2404851063561,1.3234055011692607,1875,RMQS1,"{""type"":""MultiPoint"",""coordinates"":[]}"
20220808T104631_20220808T104632_T31TCK_00000000000000000732_0,4139,2447,670,1030,1470,1761,2192,2452,2777,2885,5,2022-08-08,Calcaric Cambisols,44.24215747682371,1.5235202230528846,1876,RMQS1,"{""type"":""MultiPoint"",""coordinates"":[]}"
20220808T104631_20220808T104632_T31TCK_00000000000000000705_0,4271,2900,1294,1910,2424,3004,3411,3559,3607,3893,5,2022-08-08,Eutric Cambisols,44.37989169422893,0.9196071815825417,1830,RMQS1,"{""type"":""MultiPoint"",""coordinates"":[]}"
20220808T104631_20220808T104632_T31TCK_0000000000000000066f_0,3129,1928,582,904,1226,1548,2011,2330,2982,2816,5,2022-08-08,Haplic Luvisols,44.96292004003398,1.7157302514408141,1665,RMQS1,"{""type"":""MultiPoint"",""coordinates"":[]}"
20220808T104631_20220808T104632_T31TCK_000000000000000006b7_0,4473,2879,1096,1490,2062,2516,2833,3056,3420,3471,5,2022-08-08,Haplic Luvisols,44.66167066056686,0.5091410357468154,1744,RMQS1,"{""type"":""MultiPoint"",""coordinates"":[]}"
20220808T104631_20220808T104632_T31TCK_000000000000000006b8_0,3566,2545,1142,1690,2158,2286,2485,2659,2906,2936,5,2022-08-08,Haplic Luvisols,44.664832562379004,0.7107266218471442,1745,RMQS1,"{""type"":""MultiPoint"",""coordinates"":[]}"
20220808T104631_20220808T104632_T31TCK_000000000000000006dd_0,4337,2631,924,1344,1860,2468,2986,3305,3571,3743,5,2022-08-08,Haplic Luvisols,44.51781425187794,0.5138181479053451,1786,RMQS1,"{""type"":""MultiPoint"",""coordinates"":[]}"
20220808T104631_20220808T104632_T31TCK_0000000000000000072d_0,2341,1471,708,1136,1352,1858,2645,2997,3090,3288,5,2022-08-08,Luvic Cambisols,44.230132383061516,0.5231018340485758,1871,RMQS1,"{""type"":""MultiPoint"",""coordinates"":[]}"
20220808T104631_20220808T104632_T31TCK_0000000000000000066e_0,4110,2668,934,1362,2140,2544,2891,3261,3532,3779,5,2022-08-08,Rendzic Leptosols,44.96159614293844,1.5130249086385896,1664,RMQS1,"{""type"":""MultiPoint"",""coordinates"":[]}"
20220808T104631_20220808T104632_T31TCK_00000000000000000693_0,1659,1404,692,842,1120,1281,1444,1529,1686,1621,5,2022-08-08,Rendzic Leptosols,44.81393847153426,1.110812235605975,1704,RMQS1,"{""type"":""MultiPoint"",""coordinates"":[]}"
20220808T104631_20220808T104632_T31TCK_00000000000000000706_0,4380,2725,1066,1490,2054,2493,2861,3184,3576,3628,5,2022-08-08,Rendzic Leptosols,44.38230353158314,1.1202039397391548,1831,RMQS1,"{""type"":""MultiPoint"",""coordinates"":[]}"
20220808T104631_20220808T104632_T31TCK_000000000000000008e2_0,4110,2668,934,1362,2140,2544,2891,3261,3532,3779,5,2022-08-08,Rendzic Leptosols,44.96159614293844,1.5130249086385896,11664,RMQS1,"{""type"":""MultiPoint"",""coordinates"":[]}"
20220808T104631_20220808T104632_T31TCK_00000000000000000018_0,3564,2551,846,1240,1754,2156,2730,3036,3316,3379,5,2022-08-08,Calcaric Cambisols,44.94722222,1.6458333299999999,68778,"{WD-eSOTER,WD-WISE}","{""type"":""MultiPoint"",""coordinates"":[]}"
20220808T104631_20220808T104632_T31TCK_00000000000000000001_0,3561,2581,762,1110,1622,1972,2285,2482,2677,2870,5,2022-08-08,Dystric Gleysols,44.98055556,1.7166666699999997,66214,"{WD-eSOTER,WD-WISE}","{""type"":""MultiPoint"",""coordinates"":[]}"
20220808T104631_20220808T104632_T31TCL_0000000000000000006d_0,2595,1765,777,1252,1412,1939,2389,2586,2763,2838,5,2022-08-08,Dystric Cambisols,45.88556111979459,0.7843482631787697,SIM11541,HWSDv2,"{""type"":""MultiPoint"",""coordinates"":[]}"
20220808T104631_20220808T104632_T31TCL_00000000000000000646_0,3638,2210,629,1044,1454,2060,2549,2865,3253,3299,5,2022-08-08,Calcaric Cambisols,45.10381088283523,1.3076748715645614,1622,RMQS1,"{""type"":""MultiPoint"",""coordinates"":[]}"
20220808T104631_20220808T104632_T31TCL_00000000000000000562_0,3537,2264,739,1118,1520,1836,2410,2745,3108,3174,5,2022-08-08,Eutric Cambisols,45.969106456360905,1.497867656685885,1376,RMQS1,"{""type"":""MultiPoint"",""coordinates"":[]}"
20220808T104631_20220808T104632_T31TCL_00000000000000000589_0,4075,2580,755,1096,1556,1888,2239,2503,2770,2957,5,2022-08-08,Eutric Cambisols,45.82650964915315,1.7059567688195714,1418,RMQS1,"{""type"":""MultiPoint"",""coordinates"":[]}"
20220808T104631_20220808T104632_T31TCL_000000000000000005d0_0,4435,2821,847,1222,1832,2222,2681,3063,3433,3653,5,2022-08-08,Eutric Cambisols,45.53728966488264,1.5044315327285298,1498,RMQS1,"{""type"":""MultiPoint"",""coordinates"":[]}"
20220808T104631_20220808T104632_T31TCL_000000000000000005f8_0,3817,2311,600,883,1228,1641,2120,2501,2761,2878,5,2022-08-08,Umbric Leptosols,45.39335793747217,1.506596968002484,1540,RMQS1,"{""type"":""MultiPoint"",""coordinates"":[]}"
20220808T104631_20220808T104632_T31TCL_00000000000000000000_0,4289,2567,722,1088,1740,2264,2697,3050,3264,3601,5,2022-08-08,Calcaric Cambisols,45.16944444,1.7138888900000002,68784,"{WD-eSOTER,WD-WISE}","{""type"":""MultiPoint"",""coordinates"":[]}"
20220808T104631_20220808T104632_T31TCM_0000000000000000005e_0,3774,2523,855,1182,1586,1906,2401,2740,2912,3098,5,2022-08-08,Calcaric Cambisols,46.50806450849034,0.9910526900588258,SIM48183,HWSDv2,"{""type"":""MultiPoint"",""coordinates"":[]}"
20220808T104631_20220808T104632_T31TCM_00000000000000000482_0,3693,3154,828,1358,1872,2128,2224,2365,2458,2513,5,2022-08-08,Eutric Cambisols,46.83275616712597,1.484434384575593,1128,RMQS1,"{""type"":""MultiPoint"",""coordinates"":[]}"
20220808T104631_20220808T104632_T31TCM_00000000000000000483_0,2584,2150,781,966,948,1514,2253,2518,2407,2483,5,2022-08-08,Eutric Cambisols,46.834125907327305,1.6941691786867756,1129,RMQS1,"{""type"":""MultiPoint"",""coordinates"":[]}"
20220808T104631_20220808T104632_T31TCM_000000000000000004a5_0,4505,3498,1198,1852,2624,3005,3191,3324,3416,3506,5,2022-08-08,Eutric Cambisols,46.67624425670514,0.4410565506621489,1164,RMQS1,"{""type"":""MultiPoint"",""coordinates"":[]}"
20220808T104631_20220808T104632_T31TCM_000000000000000004a7_0,3136,2307,784,1404,1766,2363,2892,3065,3128,3256,5,2022-08-08,Eutric Cambisols,46.68242330115931,0.8592545683175709,1166,RMQS1,"{""type"":""MultiPoint"",""coordinates"":[]}"
20220808T104631_20220808T104632_T31TCM_000000000000000004a8_0,3968,2499,818,1220,1616,2084,2629,2891,3136,3312,5,2022-08-08,Eutric Cambisols,46.68493825055593,1.0683872613516354,1167,RMQS1,"{""type"":""MultiPoint"",""coordinates"":[]}"
20220808T104631_20220808T104632_T31TCM_000000000000000004d0_0,3740,2360,626,940,1222,1733,2224,2544,2851,2958,5,2022-08-08,Eutric Cambisols,46.546241796064976,1.697581007504501,1210,RMQS1,"{""type"":""MultiPoint"",""coordinates"":[]}"
20220808T104631_20220808T104632_T31TCM_00000000000000000562_0,3546,2263,731,1118,1528,1841,2403,2742,3107,3182,5,2022-08-08,Eutric Cambisols,45.969106456360905,1.497867656685885,1376,RMQS1,"{""type"":""MultiPoint"",""coordinates"":[]}"
20220808T104631_20220808T104632_T31TCM_0000000000000000047d_0,4117,3240,1208,1674,2250,2565,2673,2853,2966,3147,5,2022-08-08,Haplic Luvisols,46.82014893841074,0.43599984899138555,1123,RMQS1,"{""type"":""MultiPoint"",""coordinates"":[]}"
20220808T104631_20220808T104632_T31TCM_000000000000000004cb_0,3515,2451,738,992,1386,1716,2447,2752,2828,3121,5,2022-08-08,Haplic Luvisols,46.532337162248965,0.4460865612049353,1204,RMQS1,"{""type"":""MultiPoint"",""coordinates"":[]}"
20220808T104631_20220808T104632_T31TCM_000000000000000004f0_0,4419,2928,897,1222,1650,2149,2658,2974,3196,3481,5,2022-08-08,Haplic Luvisols,46.39707583850519,1.0751018843272806,1249,RMQS1,"{""type"":""MultiPoint"",""coordinates"":[]}"
20220808T104631_20220808T104632_T31TCM_00000000000000000515_0,4509,2918,814,1126,1534,2022,2556,2884,3168,3340,5,2022-08-08,Haplic Luvisols,46.247771765350535,0.6635006352149346,1289,RMQS1,"{""type"":""MultiPoint"",""coordinates"":[]}"
20220808T104631_20220808T104632_T31TCM_000000000000000004ef_0,4700,3530,1030,1556,1920,2387,2946,3390,3556,3711,5,2022-08-08,Luvic Cambisols,46.3945739230684,0.8670762593857257,1248,RMQS1,"{""type"":""MultiPoint"",""coordinates"":[]}"
20220808T104631_20220808T104632_T31TCM_000000000000000004f1_0,3960,2406,745,1092,1490,1921,2628,2911,3276,3302,5,2022-08-08,Luvic Cambisols,46.39919693196088,1.2831454307949937,1250,RMQS1,"{""type"":""MultiPoint"",""coordinates"":[]}"
20220808T104631_20220808T104632_T31TCM_0000000000000000047e_0,3754,2299,794,1122,1384,1991,2611,2876,3033,3247,5,2022-08-08,Luvic Stagnosols,46.8234383704253,0.6456440699083928,1124,RMQS1,"{""type"":""MultiPoint"",""coordinates"":[]}"
20220808T104631_20220808T104632_T31TCN_000000000000000003ae_0,2879,2176,973,1316,1636,1577,2250,2478,2382,2661,5,2022-08-08,Calcaric Cambisols,47.552368234556766,1.4729089085002178,899,RMQS1,"{""type"":""MultiPoint"",""coordinates"":[]}"
20220808T104631_20220808T104632_T31TCN_0000000000000000045c_0,3856,3031,916,1366,2062,2348,2500,2629,2718,2812,5,2022-08-08,Calcaric Cambisols,46.97806314421428,1.6924498201961606,1085,RMQS1,"{""type"":""MultiPoint"",""coordinates"":[]}"
20220808T104631_20220808T104632_T31TCN_0000000000000000037b_0,4764,3295,1166,1570,2236,2646,2893,3184,3428,3656,5,2022-08-08,Eutric Cambisols,47.68680357363322,0.6181369317170614,843,RMQS1,"{""type"":""MultiPoint"",""coordinates"":[]}"
20220808T104631_20220808T104632_T31TCN_0000000000000000037d_0,3234,2698,736,1194,1714,1966,2078,2208,2270,2317,5,2022-08-08,Eutric Cambisols,47.69231735110835,1.0443128583803534,845,RMQS1,"{""type"":""MultiPoint"",""coordinates"":[]}"
20220808T104631_20220808T104632_T31TCN_000000000000000003aa_0,4979,3253,1512,2116,3076,3446,3577,3785,4060,4202,5,2022-08-08,Eutric Cambisols,47.542927371413136,0.6227839914739651,895,RMQS1,"{""type"":""MultiPoint"",""coordinates"":[]}"
20220808T104631_20220808T104632_T31TCN_00000000000000000432_0,4168,2647,822,1160,1488,2075,2660,2969,3228,3459,5,2022-08-08,Eutric Cambisols,47.121995805732524,1.69072149454457,1041,RMQS1,"{""type"":""MultiPoint"",""coordinates"":[]}"
20220808T104631_20220808T104632_T31TCN_00000000000000000459_0,4591,2946,930,1328,1874,2403,2701,3036,3296,3534,5,2022-08-08,Eutric Cambisols,46.97278837529007,1.061600350806898,1082,RMQS1,"{""type"":""MultiPoint"",""coordinates"":[]}"
20220808T104631_20220808T104632_T31TCN_00000000000000000456_0,3766,2534,1176,1562,1876,2383,3314,3660,4184,3993,5,2022-08-08,Eutric Planosols,46.96405011215721,0.43091598807012294,1079,RMQS1,"{""type"":""MultiPoint"",""coordinates"":[]}"
20220808T104631_20220808T104632_T31TCN_0000000000000000042f_0,4895,4207,1826,2424,3144,3547,3598,3790,3861,3987,5,2022-08-08,Eutric Retisols,47.11670746180148,1.0581797222389806,1038,RMQS1,"{""type"":""MultiPoint"",""coordinates"":[]}"
20220808T104631_20220808T104632_T31TCN_00000000000000000431_0,4705,3953,1938,2420,3010,3279,3362,3539,3747,3807,5,2022-08-08,Eutric Retisols,47.120619712342474,1.4798610993880554,1040,RMQS1,"{""type"":""MultiPoint"",""coordinates"":[]}"
20220808T104631_20220808T104632_T31TCN_0000000000000000045a_0,3536,2728,1238,1780,1866,2423,3601,3940,4188,4204,5,2022-08-08,Eutric Retisols,46.97493184897627,1.2718698805445425,1083,RMQS1,"{""type"":""MultiPoint"",""coordinates"":[]}"
20220808T104631_20220808T104632_T31TCN_0000000000000000037c_0,4892,3236,1132,1644,2456,2916,3150,3364,3572,3845,5,2022-08-08,Haplic Luvisols,47.68975585042416,0.8312134254903143,844,RMQS1,"{""type"":""MultiPoint"",""coordinates"":[]}"
20220808T104631_20220808T104632_T31TCN_000000000000000003d7_0,4221,2860,866,1168,1672,2051,2396,2697,2996,3135,5,2022-08-08,Haplic Luvisols,47.395718283839564,0.4155014966302985,945,RMQS1,"{""type"":""MultiPoint"",""coordinates"":[]}"
20220808T104631_20220808T104632_T31TCN_0000000000000000034d_0,3280,2300,716,1060,1312,1879,2320,2711,2600,2811,5,2022-08-08,Luvic Cambisols,47.83837519938972,1.254497652282048,794,RMQS1,"{""type"":""MultiPoint"",""coordinates"":[]}"
20220808T104631_20220808T104632_T31TCN_000000000000000003da_0,4149,2824,890,1202,1666,2012,2401,2670,2750,3038,5,2022-08-08,Luvic Cambisols,47.404526962741336,1.0512838631524177,948,RMQS1,"{""type"":""MultiPoint"",""coordinates"":[]}"
20220808T104631_20220808T104632_T31TCN_000000000000000003db_0,4047,2473,924,1388,1726,2277,3149,3510,3688,3853,5,2022-08-08,Luvic Cambisols,47.40668735158221,1.2632529913235573,949,RMQS1,"{""type"":""MultiPoint"",""coordinates"":[]}"
20220808T104631_20220808T104632_T31TCN_0000000000000000045b_0,4091,2878,920,1238,1704,2019,2189,2404,2600,2687,5,2022-08-08,Luvic Cambisols,46.976690235974914,1.4821539910955996,1084,RMQS1,"{""type"":""MultiPoint"",""coordinates"":[]}"
20220808T104631_20220808T104632_T31TCN_0000000000000000037f_0,3354,2340,956,1456,1500,2206,3101,3430,3604,3755,5,2022-08-08,Rendzic Leptosols,47.696269219574035,1.4705667746731201,847,RMQS1,"{""type"":""MultiPoint"",""coordinates"":[]}"
20220808T104631_20220808T104632_T31TCN_0000000000000000042d_0,4611,2953,1334,1848,2658,3003,3242,3378,3748,3879,5,2022-08-08,Rendzic Leptosols,47.111251889494554,0.6365738313282675,1036,RMQS1,"{""type"":""MultiPoint"",""coordinates"":[]}"
20220808T104631_20220808T104632_T31TCN_00000000000000000457_0,3693,2514,958,1218,1456,1944,2307,2520,2542,2827,5,2022-08-08,Stagnic Gleysols,46.96734759548669,0.6411210616326486,1080,RMQS1,"{""type"":""MultiPoint"",""coordinates"":[]}"
20220808T104631_20220808T104632_T31TDJ_00000000000000000760_0,3896,2606,706,1238,1838,2273,2817,3039,3050,3268,5,2022-08-08,Calcaric Cambisols,44.10054393938835,1.9248303898472057,1924,RMQS1,"{""type"":""MultiPoint"",""coordinates"":[]}"
20220808T104631_20220808T104632_T31TDJ_0000000000000000078c_0,2852,2200,852,1158,1434,2142,2739,2921,2990,3069,5,2022-08-08,Calcaric Cambisols,43.9572674411978,2.1250002129640184,1972,RMQS1,"{""type"":""MultiPoint"",""coordinates"":[]}"
20220808T104631_20220808T104632_T31TDJ_000000000000000007e3_0,4640,2938,1144,1664,2602,3133,3331,3576,3792,4070,5,2022-08-08,Calcaric Cambisols,43.66961104280001,2.1260713188749483,2064,RMQS1,"{""type"":""MultiPoint"",""coordinates"":[]}"
20220808T104631_20220808T104632_T31TDJ_00000000000000000739_0,2775,2445,532,770,1210,1361,1421,1554,1756,1808,5,2022-08-08,Eutric Cambisols,44.243613438171685,2.9244684072218954,1883,RMQS1,"{""type"":""MultiPoint"",""coordinates"":[]}"
20220808T104631_20220808T104632_T31TDJ_0000000000000000078b_0,3713,2439,828,1158,1600,1968,2295,2561,2798,3028,5,2022-08-08,Eutric Cambisols,43.95669683331813,1.9258768685870264,1971,RMQS1,"{""type"":""MultiPoint"",""coordinates"":[]}"
20220808T104631_20220808T104632_T31TDJ_0000000000000000078f_0,3651,2435,736,1058,1538,2051,2462,2615,2822,3105,5,2022-08-08,Eutric Cambisols,43.95679455630971,2.7223763371721823,1975,RMQS1,"{""type"":""MultiPoint"",""coordinates"":[]}"
20220808T104631_20220808T104632_T31TDJ_000000000000000007ba_0,4161,2792,750,1134,1678,2104,2401,2786,2930,3239,5,2022-08-08,Eutric Cambisols,43.813480521984715,2.5227831617559686,2020,RMQS1,"{""type"":""MultiPoint"",""coordinates"":[]}"
20220808T104631_20220808T104632_T31TDJ_000000000000000007e4_0,3697,2412,808,1096,1512,1915,2276,2514,2666,2867,5,2022-08-08,Eutric Cambisols,43.66981672988419,2.3241939270868723,2065,RMQS1,"{""type"":""MultiPoint"",""coordinates"":[]}"
20220808T104631_20220808T104632_T31TDJ_00000000000000000835_0,3316,2495,732,1058,1344,1635,2164,2399,2486,2681,5,2022-08-08,Eutric Cambisols,43.382016692062045,2.1271323662078934,2155,RMQS1,"{""type"":""MultiPoint"",""coordinates"":[]}"
20220808T104631_20220808T104632_T31TDJ_00000000000000000736_0,4363,2897,893,1254,1870,2248,2569,2878,3164,3375,5,2022-08-08,Haplic Luvisols,44.24518706868091,2.3240567532591774,1880,RMQS1,"{""type"":""MultiPoint"",""coordinates"":[]}"
20220808T104631_20220808T104632_T31TDJ_0000000000000000080c_0,3420,2071,561,863,1168,1492,1860,2071,2458,2456,5,2022-08-08,Haplic Luvisols,43.52580553458276,2.1266028762483478,2110,RMQS1,"{""type"":""MultiPoint"",""coordinates"":[]}"
20220808T104631_20220808T104632_T31TDJ_000000000000000007b9_0,4437,3037,1318,1858,2646,2692,2787,3087,3464,3253,5,2022-08-08,Luvic Cambisols,43.813637782487255,2.324160020455109,2019,RMQS1,"{""type"":""MultiPoint"",""coordinates"":[]}"
20220808T104631_20220808T104632_T31TDJ_000000000000000007e2_0,3454,2414,1114,1616,2144,2433,2803,2971,3408,3205,5,2022-08-08,Luvic Cambisols,43.669042809087784,1.9279512878727754,2063,RMQS1,"{""type"":""MultiPoint"",""coordinates"":[]}"
20220808T104631_20220808T104632_T31TDJ_00000000000000000734_0,3541,2177,636,977,1360,2000,2604,2962,3488,3489,5,2022-08-08,Mollic Umbrisols,44.24440461578297,1.9237783117129552,1878,RMQS1,"{""type"":""MultiPoint"",""coordinates"":[]}"
20220808T104631_20220808T104632_T31TDJ_000000000000000007e5_0,3997,2842,1058,1528,2286,2695,2921,3241,3444,3698,5,2022-08-08,Mollic Umbrisols,43.6696596863548,2.522316477806547,2066,RMQS1,"{""type"":""MultiPoint"",""coordinates"":[]}"
20220808T104631_20220808T104632_T31TDJ_000000000000000007b8_0,4176,2813,1032,1516,2256,2556,2772,2967,3252,3330,5,2022-08-08,Rendzic Leptosols,43.81343217854103,2.1255375569197064,2018,RMQS1,"{""type"":""MultiPoint"",""coordinates"":[]}"
20220808T104631_20220808T104632_T31TDJ_00000000000000000737_0,4767,3182,785,1156,1756,2157,2448,2762,2998,3273,5,2022-08-08,Umbric Leptosols,44.24502924266704,2.5241971825902305,1881,RMQS1,"{""type"":""MultiPoint"",""coordinates"":[]}"
20220808T104631_20220808T104632_T31TDJ_00000000000000000738_0,4301,2930,730,1036,1538,1918,2224,2465,2700,2965,5,2022-08-08,Umbric Leptosols,44.244504694751356,2.7243348476022655,1882,RMQS1,"{""type"":""MultiPoint"",""coordinates"":[]}"
20220808T104631_20220808T104632_T31TDJ_00000000000000000761_0,3801,2648,617,856,1236,1439,1664,1890,2144,2174,5,2022-08-08,Umbric Leptosols,44.10111660045673,2.1244594998986797,1925,RMQS1,"{""type"":""MultiPoint"",""coordinates"":[]}"
20220808T104631_20220808T104632_T31TDK_00000000000000000060_0,3323,1972,548,872,1116,1753,2346,2666,3104,3057,5,2022-08-08,Dystric Cambisols,44.45520625129903,2.263277884416782,SIM44470,HWSDv2,"{""type"":""MultiPoint"",""coordinates"":[]}"
20220808T104631_20220808T104632_T31TDK_000000000000000006be_0,3040,2092,972,1252,1216,1691,2267,2668,2702,2935,5,2022-08-08,Calcaric Cambisols,44.67605628734128,1.9205934098289061,1751,RMQS1,"{""type"":""MultiPoint"",""coordinates"":[]}"
20220808T104631_20220808T104632_T31TDK_000000000000000006c2_0,4480,2887,866,1232,1860,2240,2571,2874,3072,3344,5,2022-08-08,Dystric Cambisols,44.67615650531218,2.7273127243921524,1755,RMQS1,"{""type"":""MultiPoint"",""coordinates"":[]}"
20220808T104631_20220808T104632_T31TDK_000000000000000006e8_0,3908,2328,640,986,1390,1886,2402,2728,2984,3228,5,2022-08-08,Dystric Cambisols,44.53136615363973,2.927472897575099,1798,RMQS1,"{""type"":""MultiPoint"",""coordinates"":[]}"
20220808T104631_20220808T104632_T31TDK_00000000000000000739_0,2761,2435,529,768,1204,1355,1412,1546,1754,1800,5,2022-08-08,Eutric Cambisols,44.243613438171685,2.9244684072218954,1883,RMQS1,"{""type"":""MultiPoint"",""coordinates"":[]}"
20220808T104631_20220808T104632_T31TDK_00000000000000000736_0,4369,2898,888,1252,1862,2250,2574,2883,3152,3373,5,2022-08-08,Haplic Luvisols,44.24518706868091,2.3240567532591774,1880,RMQS1,"{""type"":""MultiPoint"",""coordinates"":[]}"
20220808T104631_20220808T104632_T31TDK_0000000000000000070d_0,3935,2646,782,1160,1692,1968,2328,2582,2916,3022,5,2022-08-08,Lithic Leptosols,44.388904134938514,2.524673828874761,1838,RMQS1,"{""type"":""MultiPoint"",""coordinates"":[]}"
20220808T104631_20220808T104632_T31TDK_00000000000000000734_0,3521,2163,634,972,1352,1989,2596,2955,3472,3474,5,2022-08-08,Mollic Umbrisols,44.24440461578297,1.9237783117129552,1878,RMQS1,"{""type"":""MultiPoint"",""coordinates"":[]}"
20220808T104631_20220808T104632_T31TDK_00000000000000000671_0,3976,2344,697,964,1440,1853,2246,2580,2956,3153,5,2022-08-08,Umbric Leptosols,44.964454496326915,2.1211612828410127,1667,RMQS1,"{""type"":""MultiPoint"",""coordinates"":[]}"
20220808T104631_20220808T104632_T31TDK_0000000000000000070c_0,4018,2894,1032,1382,2084,2304,2467,2690,2946,3074,5,2022-08-08,Umbric Leptosols,44.38906236160645,2.324022314234377,1837,RMQS1,"{""type"":""MultiPoint"",""coordinates"":[]}"
20220808T104631_20220808T104632_T31TDK_00000000000000000737_0,4769,3187,784,1154,1754,2160,2449,2763,3000,3272,5,2022-08-08,Umbric Leptosols,44.24502924266704,2.5241971825902305,1881,RMQS1,"{""type"":""MultiPoint"",""coordinates"":[]}"
20220808T104631_20220808T104632_T31TDK_00000000000000000738_0,4305,2935,728,1036,1538,1918,2230,2470,2708,2965,5,2022-08-08,Umbric Leptosols,44.244504694751356,2.7243348476022655,1882,RMQS1,"{""type"":""MultiPoint"",""coordinates"":[]}"
20220808T104631_20220808T104632_T31TDK_0000000000000000069b_0,3735,2290,771,1084,1608,1837,2343,2657,2855,3084,5,2022-08-08,Vitric Andosols,44.82006041011753,2.72831562730668,1712,RMQS1,"{""type"":""MultiPoint"",""coordinates"":[]}"
20220808T104631_20220808T104632_T31TDL_000000000000000005ae_0,4183,2596,706,972,1366,1861,2388,2662,2978,3167,5,2022-08-08,Dystric Cambisols,45.68433522031902,2.3237039273097384,1461,RMQS1,"{""type"":""MultiPoint"",""coordinates"":[]}"
20220808T104631_20220808T104632_T31TDL_000000000000000005ac_0,3696,2473,567,846,1086,1574,2136,2397,2585,2777,5,2022-08-08,Eutric Cambisols,45.68353226211669,1.9129680788225958,1459,RMQS1,"{""type"":""MultiPoint"",""coordinates"":[]}"
20220808T104631_20220808T104632_T31TDL_00000000000000000627_0,3368,2166,573,880,1306,1630,2184,2459,2654,2924,5,2022-08-08,Eutric Cambisols,45.250912370554616,2.9351172726186774,1589,RMQS1,"{""type"":""MultiPoint"",""coordinates"":[]}"
20220808T104631_20220808T104632_T31TDM_00000000000000000483_0,2586,2147,804,976,958,1516,2257,2521,2408,2490,5,2022-08-08,Eutric Cambisols,46.834125907327305,1.6941691786867756,1129,RMQS1,"{""type"":""MultiPoint"",""coordinates"":[]}"
20220808T104631_20220808T104632_T31TDM_000000000000000004d0_0,3714,2345,642,946,1220,1720,2210,2524,2831,2940,5,2022-08-08,Eutric Cambisols,46.546241796064976,1.697581007504501,1210,RMQS1,"{""type"":""MultiPoint"",""coordinates"":[]}"
20220808T104631_20220808T104632_T31TDM_000000000000000004d2_0,2694,1880,607,850,1024,1464,1995,2206,2272,2532,5,2022-08-08,Eutric Cambisols,46.54782103342217,2.1148477902316745,1212,RMQS1,"{""type"":""MultiPoint"",""coordinates"":[]}"
20220808T104631_20220808T104632_T31TDM_0000000000000000053f_0,3772,2579,845,1238,1712,2106,2506,2674,2900,3246,5,2022-08-08,Eutric Cambisols,46.11618441035518,2.3235958429672405,1338,RMQS1,"{""type"":""MultiPoint"",""coordinates"":[]}"
20220808T104631_20220808T104632_T31TDM_000000000000000004d4_0,4393,3133,1036,1478,2040,2443,2759,2969,3082,3288,5,2022-08-08,Eutric Planosols,46.547870794473106,2.5321286170479222,1214,RMQS1,"{""type"":""MultiPoint"",""coordinates"":[]}"
20220808T104631_20220808T104632_T31TDM_00000000000000000488_0,4238,3673,1254,1832,2450,2788,2993,3184,3331,3393,5,2022-08-08,Eutric Retisols,46.835211482898934,2.7429212005666344,1134,RMQS1,"{""type"":""MultiPoint"",""coordinates"":[]}"
20220808T104631_20220808T104632_T31TDM_000000000000000004ae_0,4295,2715,820,1164,1670,2126,2396,2707,3002,3217,5,2022-08-08,Eutric Retisols,46.691985232644434,2.3234523208782796,1173,RMQS1,"{""type"":""MultiPoint"",""coordinates"":[]}"
20220808T104631_20220808T104632_T31TDM_000000000000000004ac_0,3041,2084,1018,1426,1660,1824,2671,2963,3309,3286,5,2022-08-08,Haplic Luvisols,46.69116882903263,1.9050655942545336,1171,RMQS1,"{""type"":""MultiPoint"",""coordinates"":[]}"
20220808T104631_20220808T104632_T31TDM_000000000000000004d6_0,3651,2420,691,1020,1480,1918,2449,2821,2900,3205,5,2022-08-08,Haplic Luvisols,46.546391687559506,2.9493976467387704,1216,RMQS1,"{""type"":""MultiPoint"",""coordinates"":[]}"
20220808T104631_20220808T104632_T31TDM_00000000000000000540_0,3916,3019,1236,1644,2104,2385,2548,2707,2864,2939,5,2022-08-08,Luvic Stagnosols,46.11602001349392,2.5305880344950036,1339,RMQS1,"{""type"":""MultiPoint"",""coordinates"":[]}"
20220808T104631_20220808T104632_T31TDM_000000000000000004f7_0,3427,2256,609,828,1226,1489,1854,2051,2255,2344,5,2022-08-08,Stagnic Luvisols,46.40392131704465,2.5316118780338015,1256,RMQS1,"{""type"":""MultiPoint"",""coordinates"":[]}"
20220808T104631_20220808T104632_T31TDM_000000000000000004f8_0,4137,2679,718,1036,1490,2034,2440,2764,2974,3298,5,2022-08-08,Umbric Leptosols,46.40337439332457,2.739697268260874,1257,RMQS1,"{""type"":""MultiPoint"",""coordinates"":[]}"
20220808T104631_20220808T104632_T31TDM_0000000000000000051c_0,3749,2400,715,974,1354,1657,2001,2292,2529,2676,5,2022-08-08,Umbric Leptosols,46.25992056175498,2.1160209204130283,1296,RMQS1,"{""type"":""MultiPoint"",""coordinates"":[]}"
20220808T104631_20220808T104632_T31TDN_00000000000000000436_0,1993,1332,572,1104,1264,1856,2462,2632,2661,2698,5,2022-08-08,Calcaric Cambisols,47.123640607401704,2.5342243250597987,1045,RMQS1,"{""type"":""MultiPoint"",""coordinates"":[]}"
20220808T104631_20220808T104632_T31TDN_0000000000000000045c_0,3873,3043,934,1374,2062,2359,2514,2644,2714,2825,5,2022-08-08,Calcaric Cambisols,46.97806314421428,1.6924498201961606,1085,RMQS1,"{""type"":""MultiPoint"",""coordinates"":[]}"
20220808T104631_20220808T104632_T31TDN_0000000000000000045e_0,2861,1936,582,990,1252,1785,2190,2375,2592,2662,5,2022-08-08,Calcaric Cambisols,46.979654960882996,2.113066139748655,1087,RMQS1,"{""type"":""MultiPoint"",""coordinates"":[]}"
20220808T104631_20220808T104632_T31TDN_00000000000000000460_0,4219,3445,914,1430,2076,2583,2741,2953,2846,3134,5,2022-08-08,Calcaric Cambisols,46.97970429233507,2.533695643621074,1089,RMQS1,"{""type"":""MultiPoint"",""coordinates"":[]}"
20220808T104631_20220808T104632_T31TDN_000000000000000008c9_0,3322,2195,762,1050,1278,1727,2149,2409,2587,2834,5,2022-08-08,Dystric Cambisols,47.84255830040598,1.8956764547247618,10797,RMQS1,"{""type"":""MultiPoint"",""coordinates"":[]}"
20220808T104631_20220808T104632_T31TDN_00000000000000000351_0,3021,2493,1010,1388,1860,2162,2333,2454,2485,2618,5,2022-08-08,Eutric Cambisols,47.843169868917435,2.1094201698833497,798,RMQS1,"{""type"":""MultiPoint"",""coordinates"":[]}"
20220808T104631_20220808T104632_T31TDN_00000000000000000383_0,3678,2324,658,932,1312,1735,2051,2266,2448,2688,5,2022-08-08,Eutric Cambisols,47.69949039246022,2.323203433676275,851,RMQS1,"{""type"":""MultiPoint"",""coordinates"":[]}"
20220808T104631_20220808T104632_T31TDN_000000000000000003b5_0,3867,3364,1070,1660,2230,2523,2677,2800,2912,2923,5,2022-08-08,Eutric Cambisols,47.55390274742055,2.9610017841947456,906,RMQS1,"{""type"":""MultiPoint"",""coordinates"":[]}"
20220808T104631_20220808T104632_T31TDN_0000000000000000040a_0,3488,2378,1004,1368,1704,1874,2583,3017,3267,3400,5,2022-08-08,Eutric Cambisols,47.26691526786204,1.9004209607850338,997,RMQS1,"{""type"":""MultiPoint"",""coordinates"":[]}"
20220808T104631_20220808T104632_T31TDN_0000000000000000040f_0,3053,2346,849,1228,1458,1875,2428,2625,2788,2862,5,2022-08-08,Eutric Cambisols,47.26607029067076,2.957639518006341,1002,RMQS1,"{""type"":""MultiPoint"",""coordinates"":[]}"
20220808T104631_20220808T104632_T31TDN_00000000000000000432_0,4165,2646,840,1168,1488,2075,2663,2972,3228,3457,5,2022-08-08,Eutric Cambisols,47.121995805732524,1.69072149454457,1041,RMQS1,"{""type"":""MultiPoint"",""coordinates"":[]}"
20220808T104631_20220808T104632_T31TDN_0000000000000000045f_0,3589,2725,871,1368,1802,2204,2903,3153,3212,3357,5,2022-08-08,Eutric Cambisols,46.979872395224476,2.3233806506173393,1088,RMQS1,"{""type"":""MultiPoint"",""coordinates"":[]}"
20220808T104631_20220808T104632_T31TDN_00000000000000000381_0,4795,3656,2254,2850,3124,2773,3239,3483,4352,3856,5,2022-08-08,Eutric Planosols,47.698660425916756,1.8968722804991947,849,RMQS1,"{""type"":""MultiPoint"",""coordinates"":[]}"
20220808T104631_20220808T104632_T31TDN_00000000000000000384_0,2946,2154,785,1124,1168,1403,2114,2286,3000,2726,5,2022-08-08,Eutric Planosols,47.69931950140868,2.536370775781721,852,RMQS1,"{""type"":""MultiPoint"",""coordinates"":[]}"
20220808T104631_20220808T104632_T31TDN_00000000000000000350_0,3322,2195,762,1050,1278,1727,2149,2409,2587,2834,5,2022-08-08,Haplic Luvisols,47.84255830040598,1.8956764547247618,797,RMQS1,"{""type"":""MultiPoint"",""coordinates"":[]}"
20220808T104631_20220808T104632_T31TDN_00000000000000000433_0,4416,3368,1162,1682,2260,2624,2873,3092,3140,3362,5,2022-08-08,Regosols (Colluvic),47.122986100947585,1.9015909191264737,1042,RMQS1,"{""type"":""MultiPoint"",""coordinates"":[]}"
20220808T104631_20220808T104632_T31TEK_000000000000000006c4_0,4096,2451,612,899,1328,1762,2111,2419,2744,2939,5,2022-08-08,Regosols (Colluvic),44.67399079291431,3.1306526990206116,1757,RMQS1,"{""type"":""MultiPoint"",""coordinates"":[]}"
20220808T104631_20220808T104632_T31TEK_0000000000000000069e_0,3897,2546,722,959,1302,1594,1830,2085,2354,2493,5,2022-08-08,Umbric Leptosols,44.81624720276049,3.334865958884358,1715,RMQS1,"{""type"":""MultiPoint"",""coordinates"":[]}"
20220808T104631_20220808T104632_T31TEL_0000000000000000056a_0,2994,1874,621,917,988,1839,2544,2852,2924,3151,5,2022-08-08,Eutric Cambisols,45.969307702721736,3.14940195717346,1384,RMQS1,"{""type"":""MultiPoint"",""coordinates"":[]}"
20220808T104631_20220808T104632_T31TEL_00000000000000000590_0,2638,2453,669,913,1238,1862,2091,2357,2062,2221,5,2022-08-08,Eutric Cambisols,45.82536654174085,3.14727434954861,1425,RMQS1,"{""type"":""MultiPoint"",""coordinates"":[]}"
20220808T104631_20220808T104632_T31TEL_00000000000000000628_0,3934,2371,656,908,1442,1769,2016,2309,2612,2785,5,2022-08-08,Eutric Cambisols,45.24963070756122,3.1388743946959705,1590,RMQS1,"{""type"":""MultiPoint"",""coordinates"":[]}"
20220808T104631_20220808T104632_T31TEL_00000000000000000601_0,301,145,128,189,163,199,232,217,260,283,5,2022-08-08,Eutric Fluvisols,45.39189905207909,3.3452333092200113,1549,RMQS1,"{""type"":""MultiPoint"",""coordinates"":[]}"
20220808T104631_20220808T104632_T31TEL_000000000000000005d8_0,3225,2144,447,713,818,1683,2468,2893,3284,3205,5,2022-08-08,Haplic Vertisols,45.53749059550481,3.1430513588344695,1506,RMQS1,"{""type"":""MultiPoint"",""coordinates"":[]}"
20220808T104631_20220808T104632_T31TEL_000000000000000005d9_0,3568,2274,644,916,1362,1774,2055,2320,2556,2759,5,2022-08-08,Mollic Umbrisols,45.53582735378092,3.3478597805752126,1507,RMQS1,"{""type"":""MultiPoint"",""coordinates"":[]}"
20220808T104631_20220808T104632_T31TEL_0000000000000000056b_0,3399,2163,897,1274,1626,2177,2936,3189,3388,3537,5,2022-08-08,Regosols (Colluvic),45.96763063983362,3.355823049470566,1385,RMQS1,"{""type"":""MultiPoint"",""coordinates"":[]}"
20220808T104631_20220808T104632_T31TEL_00000000000000000592_0,3470,2176,495,747,1028,1534,1919,2232,2386,2646,5,2022-08-08,Stagnic Gleysols,45.82164445251886,3.559022515471215,1427,RMQS1,"{""type"":""MultiPoint"",""coordinates"":[]}"
20220808T104631_20220808T104632_T31TEM_0000000000000000005d_0,3920,2669,769,1116,1706,2118,2309,2513,2612,2850,5,2022-08-08,Dystric Cambisols,46.72236823472247,4.04957637442354,SIM25904,HWSDv2,"{""type"":""MultiPoint"",""coordinates"":[]}"
20220808T104631_20220808T104632_T31TEM_000000000000000004d7_0,2584,1513,667,1009,1368,1967,2633,2925,3062,3236,5,2022-08-08,Calcaric Cambisols,46.5450787191567,3.1580218533469955,1217,RMQS1,"{""type"":""MultiPoint"",""coordinates"":[]}"
20220808T104631_20220808T104632_T31TEM_000000000000000004b6_0,3828,2362,698,982,1526,1897,2183,2430,2632,2871,5,2022-08-08,Eutric Cambisols,46.67992314864527,3.9967805513984263,1181,RMQS1,"{""type"":""MultiPoint"",""coordinates"":[]}"
20220808T104631_20220808T104632_T31TEM_0000000000000000056a_0,2993,1874,615,922,988,1839,2549,2853,2932,3156,5,2022-08-08,Eutric Cambisols,45.969307702721736,3.14940195717346,1384,RMQS1,"{""type"":""MultiPoint"",""coordinates"":[]}"
20220808T104631_20220808T104632_T31TEM_000000000000000004b5_0,3606,2369,651,900,1272,1679,2279,2649,2974,3050,5,2022-08-08,Eutric Planosols,46.68277144268723,3.787666472046673,1180,RMQS1,"{""type"":""MultiPoint"",""coordinates"":[]}"
20220808T104631_20220808T104632_T31TEM_00000000000000000523_0,3489,2117,539,853,1208,1645,2121,2307,2654,2813,5,2022-08-08,Eutric Planosols,46.253442299898516,3.5686996575366936,1303,RMQS1,"{""type"":""MultiPoint"",""coordinates"":[]}"
20220808T104631_20220808T104632_T31TEM_000000000000000004da_0,3749,2461,682,974,1342,1789,2234,2493,2734,2915,5,2022-08-08,Eutric Stagnosols,46.53884808772313,3.7838164892692934,1220,RMQS1,"{""type"":""MultiPoint"",""coordinates"":[]}"
20220808T104631_20220808T104632_T31TEM_000000000000000004fe_0,3530,2205,572,841,1216,1613,1989,2234,2520,2671,5,2022-08-08,Fluvic Cambisols,46.39208995758754,3.987995703885363,1263,RMQS1,"{""type"":""MultiPoint"",""coordinates"":[]}"
20220808T104631_20220808T104632_T31TEM_000000000000000004b4_0,3239,2442,912,1330,1708,2164,2671,2950,2974,3221,5,2022-08-08,Haplic Luvisols,46.6852369563891,3.578530612144559,1179,RMQS1,"{""type"":""MultiPoint"",""coordinates"":[]}"
20220808T104631_20220808T104632_T31TEM_000000000000000004fd_0,3609,2375,604,830,1104,1616,2110,2404,2670,2897,5,2022-08-08,Luvic Stagnosols (Ruptic),46.39492308751163,3.7799878647677483,1262,RMQS1,"{""type"":""MultiPoint"",""coordinates"":[]}"
20220808T104631_20220808T104632_T31TEM_000000000000000004d9_0,3718,2174,576,876,1236,1694,2126,2439,2770,2963,5,2022-08-08,Mollic Umbrisols,46.541307234339925,3.575235904485403,1219,RMQS1,"{""type"":""MultiPoint"",""coordinates"":[]}"
20220808T104631_20220808T104632_T31TEM_00000000000000000521_0,2422,1581,560,762,1068,1494,1981,2233,2244,2414,5,2022-08-08,Mollic Umbrisols,46.25719372691628,3.15368891738102,1301,RMQS1,"{""type"":""MultiPoint"",""coordinates"":[]}"
20220808T104631_20220808T104632_T31TEM_0000000000000000056b_0,3402,2165,901,1292,1642,2183,2938,3188,3384,3539,5,2022-08-08,Regosols (Colluvic),45.96763063983362,3.355823049470566,1385,RMQS1,"{""type"":""MultiPoint"",""coordinates"":[]}"
20220808T104631_20220808T104632_T31TEM_00000000000000000543_0,3431,1970,536,804,1084,1543,2079,2333,2640,2819,5,2022-08-08,Umbric Leptosols,46.11325015735942,3.151539686394987,1342,RMQS1,"{""type"":""MultiPoint"",""coordinates"":[]}"
20220808T104631_20220808T104632_T31TEM_0000000000000000000c_0,3565,2447,1042,1362,1928,2182,2320,2504,2658,2791,5,2022-08-08,Haplic Vertisols,46.32222222,3.46388889,68777,"{WD-eSOTER,WD-WISE}","{""type"":""MultiPoint"",""coordinates"":[]}"
20220808T104631_20220808T104632_T31TEN_0000000000000000007c_0,3348,2712,920,1554,1982,2411,2683,2806,2872,2984,5,2022-08-08,Calcaric Cambisols,47.676614112368384,4.047817177848944,SIM59109,HWSDv2,"{""type"":""MultiPoint"",""coordinates"":[]}"
20220808T104631_20220808T104632_T31TEN_0000000000000000038c_0,4402,3420,1250,1836,2630,2927,3029,3217,3352,3409,5,2022-08-08,Calcaric Cambisols,47.683907057906545,4.241339670233422,860,RMQS1,"{""type"":""MultiPoint"",""coordinates"":[]}"
20220808T104631_20220808T104632_T31TEN_00000000000000000413_0,3728,2226,542,760,1140,1555,1879,2122,2450,2645,5,2022-08-08,Dystric Cambisols,47.25842706076886,3.8032742533259207,1006,RMQS1,"{""type"":""MultiPoint"",""coordinates"":[]}"
20220808T104631_20220808T104632_T31TEN_0000000000000000035c_0,3634,2454,842,1246,1814,2260,2653,2843,3039,3106,5,2022-08-08,Eutric Cambisols,47.82407340617893,4.4601231189041926,809,RMQS1,"{""type"":""MultiPoint"",""coordinates"":[]}"
20220808T104631_20220808T104632_T31TEN_0000000000000000038a_0,2893,2314,746,1182,1654,1927,2076,2173,2266,2296,5,2022-08-08,Eutric Cambisols,47.69010033133988,3.81520383273741,858,RMQS1,"{""type"":""MultiPoint"",""coordinates"":[]}"
20220808T104631_20220808T104632_T31TEN_000000000000000003e4_0,3444,2986,810,1278,1886,2113,2276,2389,2498,2566,5,2022-08-08,Eutric Cambisols,47.40865578006737,3.171315212024671,958,RMQS1,"{""type"":""MultiPoint"",""coordinates"":[]}"
20220808T104631_20220808T104632_T31TEN_000000000000000003e5_0,3279,2509,774,1278,1882,2177,2284,2395,2358,2460,5,2022-08-08,Eutric Cambisols,47.40693357261238,3.3833017951649333,959,RMQS1,"{""type"":""MultiPoint"",""coordinates"":[]}"
20220808T104631_20220808T104632_T31TEN_000000000000000003e6_0,3255,2528,868,1384,1982,2183,2285,2426,2614,2612,5,2022-08-08,Eutric Cambisols,47.404823861309914,3.5952738799570167,960,RMQS1,"{""type"":""MultiPoint"",""coordinates"":[]}"
20220808T104631_20220808T104632_T31TEN_000000000000000008ce_0,3728,2226,542,760,1140,1555,1879,2122,2450,2645,5,2022-08-08,Eutric Cambisols,47.25842706076886,3.8032742533259207,11006,RMQS1,"{""type"":""MultiPoint"",""coordinates"":[]}"
20220808T104631_20220808T104632_T31TEN_000000000000000003ba_0,3447,2186,396,725,852,1583,2276,2610,2918,2924,5,2022-08-08,Eutric Fluvisols,47.5433231594685,4.023709400434391,911,RMQS1,"{""type"":""MultiPoint"",""coordinates"":[]}"
20220808T104631_20220808T104632_T31TEN_000000000000000003bc_0,3404,2024,516,783,1064,1512,1998,2259,2449,2676,5,2022-08-08,Fluvic Cambisols,47.53636883635267,4.448643441343787,913,RMQS1,"{""type"":""MultiPoint"",""coordinates"":[]}"
20220808T104631_20220808T104632_T31TEN_00000000000000000463_0,3155,2175,741,935,1240,1645,2230,2487,2524,2795,5,2022-08-08,Fluvic Cambisols,46.976888260905774,3.1646134293807,1092,RMQS1,"{""type"":""MultiPoint"",""coordinates"":[]}"
20220808T104631_20220808T104632_T31TEN_000000000000000003bb_0,4352,3697,1212,1878,2512,2894,3017,3205,3276,3426,5,2022-08-08,Luvic Stagnosols,47.54004028028161,4.236190387376669,912,RMQS1,"{""type"":""MultiPoint"",""coordinates"":[]}"
20220808T104631_20220808T104632_T31TEN_00000000000000000357_0,3043,2614,930,1380,1796,1925,1997,2161,2244,2244,5,2022-08-08,Regosols (Colluvic),47.83862082138957,3.39184320342842,804,RMQS1,"{""type"":""MultiPoint"",""coordinates"":[]}"
20220808T104631_20220808T104632_T31TEN_00000000000000000359_0,3380,2297,644,926,1214,1715,2268,2510,2634,2853,5,2022-08-08,Rendzic Leptosols,47.83397449347843,3.819224578897194,806,RMQS1,"{""type"":""MultiPoint"",""coordinates"":[]}"
20220808T104631_20220808T104632_T31TEN_000000000000000003b8_0,3493,2674,802,1202,1738,2215,2257,2403,2420,2656,5,2022-08-08,Rendzic Leptosols,47.54872203789853,3.598677838598693,909,RMQS1,"{""type"":""MultiPoint"",""coordinates"":[]}"
20220808T104631_20220808T104632_T31TEN_00000000000000000465_0,4294,3786,1380,1912,2520,2856,2989,3143,3212,3382,5,2022-08-08,Stagnic Gleysols,46.97308682231077,3.585174830835298,1094,RMQS1,"{""type"":""MultiPoint"",""coordinates"":[]}"
20220808T104631_20220808T104632_T31TEN_0000000000000000043c_0,4304,2795,763,1084,1642,1975,2186,2431,2598,2865,5,2022-08-08,Umbric Leptosols,47.114521329209076,3.79934138714766,1051,RMQS1,"{""type"":""MultiPoint"",""coordinates"":[]}"
20220808T104631_20220808T104632_T31TFN_0000000000000000035c_0,3632,2454,854,1252,1816,2265,2653,2841,3034,3105,5,2022-08-08,Eutric Cambisols,47.82407340617893,4.4601231189041926,809,RMQS1,"{""type"":""MultiPoint"",""coordinates"":[]}"
20220808T104631_20220808T104632_T31TFN_000000000000000003bc_0,3417,2031,527,790,1070,1520,2008,2272,2458,2688,5,2022-08-08,Fluvic Cambisols,47.53636883635267,4.448643441343787,913,RMQS1,"{""type"":""MultiPoint"",""coordinates"":[]}"
20220808T104631_20220808T104632_T31UCP_0000000000000000031b_0,3760,2852,952,1390,1970,2267,2457,2697,2812,3038,5,2022-08-08,Calcaric Cambisols,47.98404183296344,1.4658440887727766,740,RMQS1,"{""type"":""MultiPoint"",""coordinates"":[]}"
20220808T104631_20220808T104632_T31UCP_00000000000000000203_0,4139,3499,1194,1704,2358,2680,2850,3005,3192,3213,5,2022-08-08,Eutric Cambisols,48.701441663313894,1.2365494017005343,447,RMQS1,"{""type"":""MultiPoint"",""coordinates"":[]}"
20220808T104631_20220808T104632_T31UCP_0000000000000000023e_0,4482,2982,1274,1754,2564,2946,3086,3328,3508,3738,5,2022-08-08,Eutric Cambisols,48.56085542396343,1.6729155469005188,509,RMQS1,"{""type"":""MultiPoint"",""coordinates"":[]}"
20220808T104631_20220808T104632_T31UCP_00000000000000000274_0,3781,3110,1268,1748,2374,2520,3124,3194,3400,3576,5,2022-08-08,Eutric Cambisols,48.41561194192563,1.458662749206642,566,RMQS1,"{""type"":""MultiPoint"",""coordinates"":[]}"
20220808T104631_20220808T104632_T31UCP_00000000000000000317_0,4655,3396,1106,1550,2236,2506,2717,2952,3228,3365,5,2022-08-08,Eutric Cambisols,47.97452533653467,0.608767793538443,736,RMQS1,"{""type"":""MultiPoint"",""coordinates"":[]}"
20220808T104631_20220808T104632_T31UCP_00000000000000000202_0,4799,3319,1334,1904,2810,3211,3402,3640,3848,4011,5,2022-08-08,Eutric Retisols,48.69922952521517,1.0193074302902678,446,RMQS1,"{""type"":""MultiPoint"",""coordinates"":[]}"
20220808T104631_20220808T104632_T31UCP_00000000000000000272_0,4084,2709,1352,1864,2476,3059,3448,3654,3932,4068,5,2022-08-08,Eutric Retisols,48.411606154539754,1.0265529667530489,564,RMQS1,"{""type"":""MultiPoint"",""coordinates"":[]}"
20220808T104631_20220808T104632_T31UCP_000000000000000002aa_0,4407,3112,734,1314,1724,2708,3124,3391,3292,3896,5,2022-08-08,Eutric Retisols,48.267773070968104,1.0301448294912523,623,RMQS1,"{""type"":""MultiPoint"",""coordinates"":[]}"
20220808T104631_20220808T104632_T31UCP_000000000000000002e2_0,4192,2965,1232,1788,2432,2614,3084,3354,3804,3746,5,2022-08-08,Eutric Retisols,48.123926965867774,1.0337162685273735,681,RMQS1,"{""type"":""MultiPoint"",""coordinates"":[]}"
20220808T104631_20220808T104632_T31UCP_0000000000000000023c_0,3608,2204,776,1178,1568,1922,2610,3060,3408,3546,5,2022-08-08,Haplic Luvisols,48.55763156265125,1.2395833408114696,507,RMQS1,"{""type"":""MultiPoint"",""coordinates"":[]}"
20220808T104631_20220808T104632_T31UCP_0000000000000000023d_0,3585,2897,764,1280,1584,2409,3097,3329,3520,3519,5,2022-08-08,Haplic Luvisols,48.55944180120869,1.4562426837976599,508,RMQS1,"{""type"":""MultiPoint"",""coordinates"":[]}"
20220808T104631_20220808T104632_T31UCP_00000000000000000275_0,4313,3431,1272,1812,2570,2920,3039,3222,3460,3509,5,2022-08-08,Haplic Luvisols,48.41702172942115,1.6747395099090712,567,RMQS1,"{""type"":""MultiPoint"",""coordinates"":[]}"
20220808T104631_20220808T104632_T31UCP_00000000000000000319_0,3848,2598,730,1096,1216,2333,2785,2973,2754,3499,5,2022-08-08,Haplic Luvisols,47.98006859464599,1.0372677251420688,738,RMQS1,"{""type"":""MultiPoint"",""coordinates"":[]}"
20220808T104631_20220808T104632_T31UCP_00000000000000000273_0,4313,3333,1312,1846,2436,3025,3375,3581,3760,3852,5,2022-08-08,Luvic Cambisols,48.413806679517975,1.24259966485196,565,RMQS1,"{""type"":""MultiPoint"",""coordinates"":[]}"
20220808T104631_20220808T104632_T31UCP_000000000000000002ac_0,4439,3503,1354,1954,2770,3124,3245,3459,3640,3742,5,2022-08-08,Luvic Cambisols,48.271768171952196,1.4610694163442626,625,RMQS1,"{""type"":""MultiPoint"",""coordinates"":[]}"
20220808T104631_20220808T104632_T31UCP_000000000000000002ad_0,4149,3593,1248,1796,2446,2811,3092,3301,3556,3527,5,2022-08-08,Luvic Cambisols,48.273173775874774,1.6765533442912048,626,RMQS1,"{""type"":""MultiPoint"",""coordinates"":[]}"
20220808T104631_20220808T104632_T31UCP_0000000000000000034d_0,3283,2303,722,1070,1320,1890,2325,2708,2598,2809,5,2022-08-08,Luvic Cambisols,47.83837519938972,1.254497652282048,794,RMQS1,"{""type"":""MultiPoint"",""coordinates"":[]}"
20220808T104631_20220808T104632_T31UCP_000000000000000002a9_0,3886,2705,1252,1676,2266,2416,2807,3004,3332,3419,5,2022-08-08,Luvic Stagnosols,48.265183822455356,0.8147095500113787,622,RMQS1,"{""type"":""MultiPoint"",""coordinates"":[]}"
20220808T104631_20220808T104632_T31UCP_000000000000000002ab_0,4694,3431,1544,2120,2688,3199,3788,4052,4352,4402,5,2022-08-08,Luvic Stagnosols,48.2699679529574,1.2455987878276893,624,RMQS1,"{""type"":""MultiPoint"",""coordinates"":[]}"
20220808T104631_20220808T104632_T31UCP_0000000000000000034a_0,4775,3475,1282,1830,2566,2854,3146,3367,3640,3772,5,2022-08-08,Luvic Stagnosols,47.83066980746326,0.6134648025979296,791,RMQS1,"{""type"":""MultiPoint"",""coordinates"":[]}"
20220808T104631_20220808T104632_T31UCP_000000000000000002e5_0,4581,3190,1150,1660,2302,2779,3017,3258,3492,3701,5,2022-08-08,Rendzic Leptosols,48.129312960797584,1.6783584655939348,684,RMQS1,"{""type"":""MultiPoint"",""coordinates"":[]}"
20220808T104631_20220808T104632_T31UCQ_00000000000000000174_0,4270,3272,1190,1696,2340,2657,2787,2870,3188,3198,5,2022-08-08,Calcaric Cambisols,49.136032669120816,1.665509084487337,278,RMQS1,"{""type"":""MultiPoint"",""coordinates"":[]}"
20220808T104631_20220808T104632_T31UCQ_0000000000000000019b_0,4705,3270,1264,1764,2566,3005,3183,3397,3604,3830,5,2022-08-08,Eutric Cambisols,48.986789979658724,1.011980189683206,327,RMQS1,"{""type"":""MultiPoint"",""coordinates"":[]}"
20220808T104631_20220808T104632_T31UCQ_0000000000000000019c_0,4136,3125,1476,1976,2656,2998,3120,3307,3440,3527,5,2022-08-08,Eutric Cambisols,48.9890140623296,1.2304298587690576,328,RMQS1,"{""type"":""MultiPoint"",""coordinates"":[]}"
20220808T104631_20220808T104632_T31UCQ_000000000000000001cd_0,4162,3592,1420,1878,2398,2724,2906,3163,3196,3382,5,2022-08-08,Eutric Cambisols,48.843018131050385,1.0156540889892636,385,RMQS1,"{""type"":""MultiPoint"",""coordinates"":[]}"
20220808T104631_20220808T104632_T31UCQ_00000000000000000203_0,4159,3516,1192,1712,2370,2693,2862,3018,3212,3227,5,2022-08-08,Eutric Cambisols,48.701441663313894,1.2365494017005343,447,RMQS1,"{""type"":""MultiPoint"",""coordinates"":[]}"
20220808T104631_20220808T104632_T31UCQ_00000000000000000202_0,4800,3318,1326,1906,2808,3212,3400,3638,3852,4010,5,2022-08-08,Eutric Retisols,48.69922952521517,1.0193074302902678,446,RMQS1,"{""type"":""MultiPoint"",""coordinates"":[]}"
20220808T104631_20220808T104632_T31UCQ_0000000000000000010a_0,4645,3007,1092,1598,2588,2751,3108,3393,4072,3980,5,2022-08-08,Luvic Cambisols,49.56393970113884,1.217982875699953,155,RMQS1,"{""type"":""MultiPoint"",""coordinates"":[]}"
20220808T104631_20220808T104632_T31UCQ_00000000000000000128_0,4665,3390,1232,1742,2502,2994,3208,3444,3648,3907,5,2022-08-08,Luvic Cambisols,49.42207764226659,1.4414246711124157,195,RMQS1,"{""type"":""MultiPoint"",""coordinates"":[]}"
20220808T104631_20220808T104632_T31UCQ_0000000000000000014e_0,4247,3157,1204,1694,2316,2775,3074,3288,3392,3657,5,2022-08-08,Luvic Cambisols,49.279783234787686,1.6636314749754055,235,RMQS1,"{""type"":""MultiPoint"",""coordinates"":[]}"
20220808T104631_20220808T104632_T31UCQ_000000000000000001ce_0,3971,3028,1080,1656,2388,2713,2870,3041,3240,3321,5,2022-08-08,Luvic Cambisols,48.84523623220538,1.233498240194126,386,RMQS1,"{""type"":""MultiPoint"",""coordinates"":[]}"
20220808T104631_20220808T104632_T31UCR_000000000000000000da_0,4886,3963,1464,2000,2708,3178,3341,3536,3688,3839,5,2022-08-08,Calcaric Cambisols,49.853132208716076,1.4338262144811627,99,RMQS1,"{""type"":""MultiPoint"",""coordinates"":[]}"
20220808T104631_20220808T104632_T31UCR_000000000000000000bc_0,4303,3430,1080,1532,2162,2515,2768,2996,3016,3359,5,2022-08-08,Eutric Cambisols,50.14184543087868,1.6521414189885952,60,RMQS1,"{""type"":""MultiPoint"",""coordinates"":[]}"
20220808T104631_20220808T104632_T31UCR_000000000000000000c9_0,4457,3115,996,1456,2148,2443,2648,2911,3252,3367,5,2022-08-08,Luvic Cambisols,49.996771823054615,1.4312656624062745,76,RMQS1,"{""type"":""MultiPoint"",""coordinates"":[]}"
20220808T104631_20220808T104632_T31UCR_000000000000000000ca_0,4173,3325,990,1426,2018,2356,2479,2710,2886,3060,5,2022-08-08,Luvic Cambisols,49.99822488625304,1.654081486582689,77,RMQS1,"{""type"":""MultiPoint"",""coordinates"":[]}"
20220808T104631_20220808T104632_T31UCR_0000000000000000010a_0,4649,3007,1080,1600,2604,2761,3115,3394,4084,3994,5,2022-08-08,Luvic Cambisols,49.56393970113884,1.217982875699953,155,RMQS1,"{""type"":""MultiPoint"",""coordinates"":[]}"
20220808T104631_20220808T104632_T31UCR_000000000000000000a7_0,3221,2706,964,1232,1592,2082,2139,2312,2354,2580,5,2022-08-08,Regosols (Colluvic),50.42900525285804,1.64823093644194,34,RMQS1,"{""type"":""MultiPoint"",""coordinates"":[]}"
20220808T104631_20220808T104632_T31UDP_00000000000000000071_0,3745,3176,1140,1644,2236,2517,2637,2752,2884,2929,5,2022-08-08,Eutric Cambisols,48.5995654995664,2.512561932350915,SIM42232,HWSDv2,"{""type"":""MultiPoint"",""coordinates"":[]}"
20220808T104631_20220808T104632_T31UDP_0000000000000000020b_0,4536,3203,1132,1710,2544,2922,3276,3529,3672,4034,5,2022-08-08,Calcaric Cambisols,48.704826134191606,2.974812554703716,455,RMQS1,"{""type"":""MultiPoint"",""coordinates"":[]}"
20220808T104631_20220808T104632_T31UDP_00000000000000000276_0,3866,2535,948,1364,1892,2392,2734,2989,3221,3436,5,2022-08-08,Calcaric Cambisols,48.418035746824685,1.8908275052152994,568,RMQS1,"{""type"":""MultiPoint"",""coordinates"":[]}"
20220808T104631_20220808T104632_T31UDP_0000000000000000027b_0,3653,2787,1160,1558,2038,2162,2561,2723,3112,2885,5,2022-08-08,Calcaric Cambisols,48.41717099961288,2.9713017936535744,573,RMQS1,"{""type"":""MultiPoint"",""coordinates"":[]}"
20220808T104631_20220808T104632_T31UDP_000000000000000002ae_0,3955,3257,1010,1496,2162,2502,2594,2715,2836,2942,5,2022-08-08,Calcaric Cambisols,48.27418519339707,1.8920484065068364,627,RMQS1,"{""type"":""MultiPoint"",""coordinates"":[]}"
20220808T104631_20220808T104632_T31UDP_000000000000000002af_0,2497,2331,832,1190,1266,1546,1843,1973,2678,2219,5,2022-08-08,Calcaric Cambisols,48.274802304958676,2.1075512406430126,628,RMQS1,"{""type"":""MultiPoint"",""coordinates"":[]}"
20220808T104631_20220808T104632_T31UDP_000000000000000002b0_0,3854,3207,1080,1610,2300,2560,2740,2914,3068,3098,5,2022-08-08,Calcaric Cambisols,48.27502436219857,2.323057007667784,629,RMQS1,"{""type"":""MultiPoint"",""coordinates"":[]}"
20220808T104631_20220808T104632_T31UDP_000000000000000002b1_0,4165,3568,1112,1672,2354,2707,2868,3009,3108,3197,5,2022-08-08,Calcaric Cambisols,48.27485100267507,2.5385623357130096,630,RMQS1,"{""type"":""MultiPoint"",""coordinates"":[]}"
20220808T104631_20220808T104632_T31UDP_000000000000000002e8_0,3741,3112,1066,1538,2122,2428,2523,2662,2828,2898,5,2022-08-08,Calcaric Cambisols,48.13115799145747,2.3230934450304686,687,RMQS1,"{""type"":""MultiPoint"",""coordinates"":[]}"
20220808T104631_20220808T104632_T31UDP_000000000000000002e9_0,4369,3184,918,1362,1974,2421,2745,2983,3152,3340,5,2022-08-08,Calcaric Cambisols,48.13098489367784,2.5380099326487655,688,RMQS1,"{""type"":""MultiPoint"",""coordinates"":[]}"
20220808T104631_20220808T104632_T31UDP_00000000000000000321_0,2446,1929,592,889,1004,1303,1896,2044,2364,2259,5,2022-08-08,Calcaric Cambisols,47.9865426602432,2.7517886582102737,746,RMQS1,"{""type"":""MultiPoint"",""coordinates"":[]}"
20220808T104631_20220808T104632_T31UDP_000000000000000008c9_0,3326,2194,754,1044,1278,1728,2155,2406,2596,2836,5,2022-08-08,Dystric Cambisols,47.84255830040598,1.8956764547247618,10797,RMQS1,"{""type"":""MultiPoint"",""coordinates"":[]}"
20220808T104631_20220808T104632_T31UDP_0000000000000000023e_0,4478,2980,1290,1766,2570,2948,3087,3325,3508,3734,5,2022-08-08,Eutric Cambisols,48.56085542396343,1.6729155469005188,509,RMQS1,"{""type"":""MultiPoint"",""coordinates"":[]}"
20220808T104631_20220808T104632_T31UDP_000000000000000002e7_0,3822,3095,1094,1526,2114,2403,2536,2655,2780,2868,5,2022-08-08,Eutric Cambisols,48.13093680610043,2.108177321905969,686,RMQS1,"{""type"":""MultiPoint"",""coordinates"":[]}"
20220808T104631_20220808T104632_T31UDP_000000000000000002eb_0,4465,3782,1432,2096,2780,3127,3290,3419,3584,3675,5,2022-08-08,Eutric Cambisols,48.12946045767385,2.967831265015268,690,RMQS1,"{""type"":""MultiPoint"",""coordinates"":[]}"
20220808T104631_20220808T104632_T31UDP_00000000000000000351_0,3022,2494,1006,1388,1860,2162,2331,2454,2490,2618,5,2022-08-08,Eutric Cambisols,47.843169868917435,2.1094201698833497,798,RMQS1,"{""type"":""MultiPoint"",""coordinates"":[]}"
20220808T104631_20220808T104632_T31UDP_0000000000000000031d_0,3996,2518,884,1220,1590,2112,2579,2885,3024,3227,5,2022-08-08,Eutric Planosols,47.98644564029198,1.8944738375183001,742,RMQS1,"{""type"":""MultiPoint"",""coordinates"":[]}"
20220808T104631_20220808T104632_T31UDP_0000000000000000020a_0,4458,3021,1288,1698,2378,2694,2864,3012,3288,3313,5,2022-08-08,Haplic Luvisols,48.70579528894485,2.7575282555298437,454,RMQS1,"{""type"":""MultiPoint"",""coordinates"":[]}"
20220808T104631_20220808T104632_T31UDP_0000000000000000023f_0,4570,3684,1342,1960,2708,3084,3260,3454,3635,3684,5,2022-08-08,Haplic Luvisols,48.56187240436339,1.8895991857404957,510,RMQS1,"{""type"":""MultiPoint"",""coordinates"":[]}"
20220808T104631_20220808T104632_T31UDP_00000000000000000275_0,4332,3446,1294,1828,2588,2939,3055,3238,3476,3528,5,2022-08-08,Haplic Luvisols,48.41702172942115,1.6747395099090712,567,RMQS1,"{""type"":""MultiPoint"",""coordinates"":[]}"
20220808T104631_20220808T104632_T31UDP_00000000000000000278_0,3541,2701,978,1382,1930,1934,2378,2633,3252,2841,5,2022-08-08,Haplic Luvisols,48.418877511932216,2.3230202148648296,570,RMQS1,"{""type"":""MultiPoint"",""coordinates"":[]}"
20220808T104631_20220808T104632_T31UDP_00000000000000000350_0,3326,2194,754,1044,1278,1728,2155,2406,2596,2836,5,2022-08-08,Haplic Luvisols,47.84255830040598,1.8956764547247618,797,RMQS1,"{""type"":""MultiPoint"",""coordinates"":[]}"
20220808T104631_20220808T104632_T31UDP_00000000000000000209_0,2242,1769,704,912,1018,1520,2168,2231,2069,2341,5,2022-08-08,Luvic Cambisols,48.70636671812621,2.5402378321558636,453,RMQS1,"{""type"":""MultiPoint"",""coordinates"":[]}"
20220808T104631_20220808T104632_T31UDP_00000000000000000277_0,4221,3843,1204,1792,2514,2803,2888,3050,3132,3191,5,2022-08-08,Luvic Cambisols,48.41865449696645,2.1069223823788863,569,RMQS1,"{""type"":""MultiPoint"",""coordinates"":[]}"
20220808T104631_20220808T104632_T31UDP_000000000000000002ad_0,4147,3593,1264,1808,2448,2815,3094,3302,3552,3525,5,2022-08-08,Luvic Cambisols,48.273173775874774,1.6765533442912048,626,RMQS1,"{""type"":""MultiPoint"",""coordinates"":[]}"
20220808T104631_20220808T104632_T31UDP_000000000000000002e6_0,3097,2393,1130,1620,2214,2052,2704,3104,3046,3372,5,2022-08-08,Luvic Cambisols,48.13032151946579,1.893264373324863,685,RMQS1,"{""type"":""MultiPoint"",""coordinates"":[]}"
20220808T104631_20220808T104632_T31UDP_000000000000000002e5_0,4579,3187,1168,1666,2304,2783,3018,3259,3484,3700,5,2022-08-08,Rendzic Leptosols,48.129312960797584,1.6783584655939348,684,RMQS1,"{""type"":""MultiPoint"",""coordinates"":[]}"
20220808T104631_20220808T104632_T31UDP_00000000000000000243_0,3616,3015,1082,1632,2210,2448,2577,2742,2831,2935,5,2022-08-08,Stagnic Gleysols,48.56100580256318,2.9730521545318473,515,RMQS1,"{""type"":""MultiPoint"",""coordinates"":[]}"
20220808T104631_20220808T104632_T31UDQ_0000000000000000007d_0,4190,2888,896,1338,2036,2355,2539,2785,3012,3183,5,2022-08-08,Protoargic Arenosols,49.58589898837661,1.8391604822330379,SIM46907,HWSDv2,"{""type"":""MultiPoint"",""coordinates"":[]}"
20220808T104631_20220808T104632_T31UDQ_00000000000000000174_0,4265,3269,1208,1700,2332,2660,2787,2874,3176,3198,5,2022-08-08,Calcaric Cambisols,49.136032669120816,1.665509084487337,278,RMQS1,"{""type"":""MultiPoint"",""coordinates"":[]}"
20220808T104631_20220808T104632_T31UDQ_0000000000000000020b_0,4554,3219,1132,1706,2542,2935,3293,3547,3672,4052,5,2022-08-08,Calcaric Cambisols,48.704826134191606,2.974812554703716,455,RMQS1,"{""type"":""MultiPoint"",""coordinates"":[]}"
20220808T104631_20220808T104632_T31UDQ_0000000000000000012d_0,3541,3205,906,1426,2004,2257,2388,2508,2570,2618,5,2022-08-08,Eutric Cambisols,49.425230407063104,2.5430874224563476,200,RMQS1,"{""type"":""MultiPoint"",""coordinates"":[]}"
20220808T104631_20220808T104632_T31UDQ_0000000000000000019e_0,3921,2850,966,1248,1742,1888,2253,2480,2833,2762,5,2022-08-08,Eutric Cambisols,48.99226395558002,1.667375833412688,330,RMQS1,"{""type"":""MultiPoint"",""coordinates"":[]}"
20220808T104631_20220808T104632_T31UDQ_000000000000000001a2_0,3100,1885,640,930,1230,1578,1985,2252,2474,2582,5,2022-08-08,Eutric Cambisols,48.993966246076276,2.541368882765616,334,RMQS1,"{""type"":""MultiPoint"",""coordinates"":[]}"
20220808T104631_20220808T104632_T31UDQ_0000000000000000010e_0,3889,2921,1056,1572,2110,2210,2472,2717,3084,3110,5,2022-08-08,Eutric Stagnosols,49.56889381763422,2.101746362836863,159,RMQS1,"{""type"":""MultiPoint"",""coordinates"":[]}"
20220808T104631_20220808T104632_T31UDQ_0000000000000000012b_0,2076,1714,1026,1176,1326,1533,1894,2090,2176,2176,5,2022-08-08,Fibric Histosols,49.42517865837183,2.1024074145428684,198,RMQS1,"{""type"":""MultiPoint"",""coordinates"":[]}"
20220808T104631_20220808T104632_T31UDQ_000000000000000001a0_0,2630,2095,822,1058,1480,1449,1976,2135,2094,2272,5,2022-08-08,Fluvic Cambisols,48.99391509715455,2.1043645797039217,332,RMQS1,"{""type"":""MultiPoint"",""coordinates"":[]}"
20220808T104631_20220808T104632_T31UDQ_00000000000000000153_0,4353,3227,1452,1920,2454,2900,3198,3360,3525,3682,5,2022-08-08,Haplic Luvisols,49.28091769976065,2.7622320159826583,240,RMQS1,"{""type"":""MultiPoint"",""coordinates"":[]}"
20220808T104631_20220808T104632_T31UDQ_00000000000000000177_0,3428,2432,802,1098,1336,1677,2125,2352,2648,2667,5,2022-08-08,Haplic Luvisols,49.13791455267598,2.3228273594300304,281,RMQS1,"{""type"":""MultiPoint"",""coordinates"":[]}"
20220808T104631_20220808T104632_T31UDQ_0000000000000000020a_0,4460,3021,1284,1698,2376,2694,2859,3012,3295,3309,5,2022-08-08,Haplic Luvisols,48.70579528894485,2.7575282555298437,454,RMQS1,"{""type"":""MultiPoint"",""coordinates"":[]}"
20220808T104631_20220808T104632_T31UDQ_00000000000000000110_0,4085,3340,1252,1758,2460,2811,2901,3033,3128,3244,5,2022-08-08,Luvic Cambisols,49.56894583689343,2.5436666897699416,161,RMQS1,"{""type"":""MultiPoint"",""coordinates"":[]}"
20220808T104631_20220808T104632_T31UDQ_0000000000000000014e_0,4248,3156,1226,1706,2322,2778,3075,3293,3392,3656,5,2022-08-08,Luvic Cambisols,49.279783234787686,1.6636314749754055,235,RMQS1,"{""type"":""MultiPoint"",""coordinates"":[]}"
20220808T104631_20220808T104632_T31UDQ_00000000000000000175_0,3897,3358,1092,1666,2310,2727,2972,3185,3316,3429,5,2022-08-08,Luvic Cambisols,49.13706124741972,1.8846092571838453,279,RMQS1,"{""type"":""MultiPoint"",""coordinates"":[]}"
20220808T104631_20220808T104632_T31UDQ_00000000000000000209_0,2233,1762,701,910,1016,1512,2158,2220,2065,2328,5,2022-08-08,Luvic Cambisols,48.70636671812621,2.5402378321558636,453,RMQS1,"{""type"":""MultiPoint"",""coordinates"":[]}"
20220808T104631_20220808T104632_T31UDQ_0000000000000000010d_0,3898,2903,925,1272,1520,2253,2618,2851,2558,3030,5,2022-08-08,Luvic Stagnosols,49.56826098013314,1.8807904892721603,158,RMQS1,"{""type"":""MultiPoint"",""coordinates"":[]}"
20220808T104631_20220808T104632_T31UDQ_0000000000000000012c_0,4361,3131,1074,1454,2046,2433,2524,2729,2974,3085,5,2022-08-08,Luvic Stagnosols,49.42540614057504,2.3227471558419417,199,RMQS1,"{""type"":""MultiPoint"",""coordinates"":[]}"
20220808T104631_20220808T104632_T31UDQ_00000000000000000150_0,2975,1989,1792,1952,2222,1858,2706,2837,3164,3130,5,2022-08-08,Luvic Stagnosols,49.28144329184339,2.103064062809696,237,RMQS1,"{""type"":""MultiPoint"",""coordinates"":[]}"
20220808T104631_20220808T104632_T31UDQ_0000000000000000017a_0,4341,3007,1366,1810,2314,2889,3382,3622,3892,3970,5,2022-08-08,Luvic Stagnosols,49.13618741224519,2.9801472939415725,284,RMQS1,"{""type"":""MultiPoint"",""coordinates"":[]}"
20220808T104631_20220808T104632_T31UDQ_000000000000000001d6_0,4201,3042,998,1448,2056,2448,2648,2842,3140,3236,5,2022-08-08,Stagnic Gleysols,48.84863060747811,2.976581578756068,394,RMQS1,"{""type"":""MultiPoint"",""coordinates"":[]}"
20220808T104631_20220808T104632_T31UDQ_000000000000000001d3_0,2351,2118,1806,2014,2204,1771,2025,2120,2282,2116,5,2022-08-08,Technosols,48.85034873690586,2.322905488238686,391,RMQS1,"{""type"":""MultiPoint"",""coordinates"":[]}"
20220808T104631_20220808T104632_T31UDR_00000000000000000056_0,4342,3225,1086,1604,2370,2739,2877,3057,3372,3475,5,2022-08-08,Eutric Cambisols,50.15828941114408,2.86617988322367,SIM63940,HWSDv2,"{""type"":""MultiPoint"",""coordinates"":[]}"
20220808T104631_20220808T104632_T31UDR_0000000000000000007d_0,4189,2885,882,1332,2036,2353,2538,2778,3016,3182,5,2022-08-08,Protoargic Arenosols,49.58589898837661,1.8391604822330379,SIM46907,HWSDv2,"{""type"":""MultiPoint"",""coordinates"":[]}"
20220808T104631_20220808T104632_T31UDR_000000000000000000de_0,3948,3324,1044,1552,2186,2543,2668,2854,2962,3092,5,2022-08-08,Calcaric Cambisols,49.85648964531181,2.3226256379824948,103,RMQS1,"{""type"":""MultiPoint"",""coordinates"":[]}"
20220808T104631_20220808T104632_T31UDR_000000000000000000ac_0,1710,1475,785,809,786,806,991,1113,1156,1184,5,2022-08-08,Eutric Cambisols,50.430165085295194,2.7719553311287974,39,RMQS1,"{""type"":""MultiPoint"",""coordinates"":[]}"
20220808T104631_20220808T104632_T31UDR_000000000000000000ad_0,2546,1882,778,1050,1210,1577,2210,2429,2296,2573,5,2022-08-08,Eutric Cambisols,50.42916619393928,2.996695634941413,40,RMQS1,"{""type"":""MultiPoint"",""coordinates"":[]}"
20220808T104631_20220808T104632_T31UDR_000000000000000000b3_0,4515,2959,1280,1770,2536,2972,3130,3373,3543,3793,5,2022-08-08,Eutric Cambisols,50.28736043598306,2.3225017207889516,50,RMQS1,"{""type"":""MultiPoint"",""coordinates"":[]}"
20220808T104631_20220808T104632_T31UDR_000000000000000000b4_0,4548,3435,1178,1680,2338,2740,2942,3138,3275,3491,5,2022-08-08,Eutric Cambisols,50.28718216659681,2.546611534452438,51,RMQS1,"{""type"":""MultiPoint"",""coordinates"":[]}"
20220808T104631_20220808T104632_T31UDR_000000000000000000b5_0,1823,1384,562,586,754,1041,1524,1614,1160,1850,5,2022-08-08,Eutric Cambisols,50.28659484900255,2.7707172697287374,52,RMQS1,"{""type"":""MultiPoint"",""coordinates"":[]}"
20220808T104631_20220808T104632_T31UDR_000000000000000000bc_0,4297,3425,1098,1536,2156,2511,2769,2993,3012,3354,5,2022-08-08,Eutric Cambisols,50.14184543087868,1.6521414189885952,60,RMQS1,"{""type"":""MultiPoint"",""coordinates"":[]}"
20220808T104631_20220808T104632_T31UDR_000000000000000000c2_0,3762,3360,1006,1532,2094,2442,2663,2823,2858,2989,5,2022-08-08,Eutric Cambisols,50.14200369750157,2.992946997301806,66,RMQS1,"{""type"":""MultiPoint"",""coordinates"":[]}"
20220808T104631_20220808T104632_T31UDR_000000000000000000cb_0,4453,3157,1074,1510,2206,2518,2728,2914,3176,3285,5,2022-08-08,Eutric Cambisols,49.99927003977352,1.8769088733350434,78,RMQS1,"{""type"":""MultiPoint"",""coordinates"":[]}"
20220808T104631_20220808T104632_T31UDR_000000000000000000cd_0,2859,2128,427,568,775,920,1068,1232,1309,1461,5,2022-08-08,Eutric Cambisols,50.00013858967453,2.3225846734270483,80,RMQS1,"{""type"":""MultiPoint"",""coordinates"":[]}"
20220808T104631_20220808T104632_T31UDR_000000000000000000ce_0,4032,3744,1048,1556,2108,2444,2551,2694,2762,2917,5,2022-08-08,Eutric Cambisols,49.99996105481551,2.545424692034341,81,RMQS1,"{""type"":""MultiPoint"",""coordinates"":[]}"
20220808T104631_20220808T104632_T31UDR_000000000000000000cf_0,3972,3146,1112,1584,2208,2468,2526,2675,2964,2950,5,2022-08-08,Eutric Cambisols,49.999375467717336,2.768260418213498,82,RMQS1,"{""type"":""MultiPoint"",""coordinates"":[]}"
20220808T104631_20220808T104632_T31UDR_000000000000000000d0_0,4462,3167,1220,1766,2418,2758,2915,3126,3333,3472,5,2022-08-08,Eutric Cambisols,49.99838355325251,2.991087849150008,83,RMQS1,"{""type"":""MultiPoint"",""coordinates"":[]}"
20220808T104631_20220808T104632_T31UDR_000000000000000000dc_0,3397,2154,574,874,1178,1889,2399,2748,3208,3278,5,2022-08-08,Eutric Cambisols,49.85562314872213,1.8782091470255609,101,RMQS1,"{""type"":""MultiPoint"",""coordinates"":[]}"
20220808T104631_20220808T104632_T31UDR_000000000000000000df_0,2364,1792,774,954,1126,1402,1640,1740,1620,1943,5,2022-08-08,Eutric Cambisols,49.85631247393191,2.5448356402447683,104,RMQS1,"{""type"":""MultiPoint"",""coordinates"":[]}"
20220808T104631_20220808T104632_T31UDR_000000000000000000f7_0,4005,2678,1116,1674,2336,2648,2938,3312,3436,3636,5,2022-08-08,Eutric Cambisols,49.7120578590372,2.7658288977798313,133,RMQS1,"{""type"":""MultiPoint"",""coordinates"":[]}"
20220808T104631_20220808T104632_T31UDR_0000000000000000010e_0,3887,2922,1042,1568,2110,2208,2471,2711,3088,3112,5,2022-08-08,Eutric Stagnosols,49.56889381763422,2.101746362836863,159,RMQS1,"{""type"":""MultiPoint"",""coordinates"":[]}"
20220808T104631_20220808T104632_T31UDR_000000000000000000ca_0,4163,3321,1009,1432,2014,2351,2481,2711,2888,3054,5,2022-08-08,Luvic Cambisols,49.99822488625304,1.654081486582689,77,RMQS1,"{""type"":""MultiPoint"",""coordinates"":[]}"
20220808T104631_20220808T104632_T31UDR_000000000000000000f5_0,4142,2785,1012,1440,2058,2413,2719,2915,3086,3244,5,2022-08-08,Luvic Cambisols,49.7128174628079,2.3226656536691292,131,RMQS1,"{""type"":""MultiPoint"",""coordinates"":[]}"
20220808T104631_20220808T104632_T31UDR_00000000000000000110_0,4081,3339,1246,1758,2462,2813,2899,3032,3128,3246,5,2022-08-08,Luvic Cambisols,49.56894583689343,2.5436666897699416,161,RMQS1,"{""type"":""MultiPoint"",""coordinates"":[]}"
20220808T104631_20220808T104632_T31UDR_0000000000000000010d_0,3897,2901,910,1262,1514,2245,2609,2839,2558,3026,5,2022-08-08,Luvic Stagnosols,49.56826098013314,1.8807904892721603,158,RMQS1,"{""type"":""MultiPoint"",""coordinates"":[]}"
20220808T104631_20220808T104632_T31UDR_000000000000000000a7_0,3220,2707,982,1238,1590,2080,2142,2316,2361,2582,5,2022-08-08,Regosols (Colluvic),50.42900525285804,1.64823093644194,34,RMQS1,"{""type"":""MultiPoint"",""coordinates"":[]}"
20220808T104631_20220808T104632_T31UDR_000000000000000000c0_0,4613,3881,1324,1832,2430,2718,2862,3060,3300,3341,5,2022-08-08,Regosols (Colluvic),50.14358454537285,2.546016788788959,64,RMQS1,"{""type"":""MultiPoint"",""coordinates"":[]}"
20220808T104631_20220808T104632_T31UDR_000000000000000000c1_0,4572,2937,794,1294,2126,2580,2810,3094,3376,3745,5,2022-08-08,Regosols (Colluvic),50.14299796037709,2.7694857901814443,65,RMQS1,"{""type"":""MultiPoint"",""coordinates"":[]}"
20220808T104631_20220808T104632_T31UDS_00000000000000000094_0,4273,3195,1216,1790,2636,3090,3266,3492,3620,3889,5,2022-08-08,Eutric Cambisols,50.860597017905235,1.868950662715976,9,RMQS1,"{""type"":""MultiPoint"",""coordinates"":[]}"
20220808T104631_20220808T104632_T31UDS_000000000000000000a1_0,4404,3010,992,1434,2294,2623,2999,3254,3548,3645,5,2022-08-08,Eutric Cambisols,50.57424420701826,2.0970248442935078,26,RMQS1,"{""type"":""MultiPoint"",""coordinates"":[]}"
20220808T104631_20220808T104632_T31UDS_000000000000000000a4_0,3765,2612,1024,1428,2054,2429,2582,2795,2868,3113,5,2022-08-08,Fluvic Cambisols,50.57370842780058,2.773201014166533,29,RMQS1,"{""type"":""MultiPoint"",""coordinates"":[]}"
20220808T104631_20220808T104632_T31UDS_00000000000000000091_0,1970,1739,1340,1366,1566,1525,1678,1886,2044,1797,5,2022-08-08,Fluvic Stagnosols,51.00493790256749,2.3222866091527186,6,RMQS1,"{""type"":""MultiPoint"",""coordinates"":[]}"
20220808T104631_20220808T104632_T31UEP_0000000000000000007f_0,4100,3312,1188,1754,2460,2832,2972,3175,3364,3354,5,2022-08-08,Eutric Cambisols,48.71300587349915,3.430504638075634,SIM51527,HWSDv2,"{""type"":""MultiPoint"",""coordinates"":[]}"
20220808T104631_20220808T104632_T31UEP_0000000000000000020c_0,3800,3187,1086,1554,2082,2402,2520,2720,2822,2939,5,2022-08-08,Calcaric Cambisols,48.703458736127025,3.1920859181167343,456,RMQS1,"{""type"":""MultiPoint"",""coordinates"":[]}"
20220808T104631_20220808T104632_T31UEP_0000000000000000027d_0,3298,2466,944,1500,1576,2346,3495,3721,3876,3836,5,2022-08-08,Calcaric Cambisols,48.41190469276996,3.6194976604195355,576,RMQS1,"{""type"":""MultiPoint"",""coordinates"":[]}"
20220808T104631_20220808T104632_T31UEP_0000000000000000027f_0,4877,3986,1494,2008,2720,3168,3324,3480,3652,3827,5,2022-08-08,Calcaric Cambisols,48.406418205516395,4.051533416952645,578,RMQS1,"{""type"":""MultiPoint"",""coordinates"":[]}"
20220808T104631_20220808T104632_T31UEP_000000000000000002b5_0,3124,2275,977,1526,1926,2136,2910,3068,3264,3408,5,2022-08-08,Calcaric Cambisols,48.270214890027546,3.40052240924141,634,RMQS1,"{""type"":""MultiPoint"",""coordinates"":[]}"
20220808T104631_20220808T104632_T31UEP_00000000000000000327_0,3632,2703,858,1378,1768,2248,2475,2653,2856,2894,5,2022-08-08,Calcaric Cambisols,47.974921263139784,4.037508014400093,752,RMQS1,"{""type"":""MultiPoint"",""coordinates"":[]}"
20220808T104631_20220808T104632_T31UEP_00000000000000000329_0,3438,2810,842,1222,1734,1962,2100,2244,2418,2530,5,2022-08-08,Calcaric Cambisols,47.967910801776064,4.465910681616188,754,RMQS1,"{""type"":""MultiPoint"",""coordinates"":[]}"
20220808T104631_20220808T104632_T31UEP_00000000000000000244_0,4360,3494,1244,1808,2548,2889,3037,3213,3420,3505,5,2022-08-08,Eutric Cambisols,48.55964181413934,3.1897273282320016,516,RMQS1,"{""type"":""MultiPoint"",""coordinates"":[]}"
20220808T104631_20220808T104632_T31UEP_00000000000000000245_0,4010,3462,1088,1632,2254,2567,2686,2862,3000,3038,5,2022-08-08,Eutric Cambisols,48.55788147307679,3.4063886320425496,517,RMQS1,"{""type"":""MultiPoint"",""coordinates"":[]}"
20220808T104631_20220808T104632_T31UEP_0000000000000000035c_0,3632,2458,836,1246,1812,2260,2648,2844,3038,3107,5,2022-08-08,Eutric Cambisols,47.82407340617893,4.4601231189041926,809,RMQS1,"{""type"":""MultiPoint"",""coordinates"":[]}"
20220808T104631_20220808T104632_T31UEP_00000000000000000247_0,4204,3275,1132,1656,2398,2694,2818,3019,3172,3279,5,2022-08-08,Fluvic Cambisols,48.55317262682796,3.8396575992660655,519,RMQS1,"{""type"":""MultiPoint"",""coordinates"":[]}"
20220808T104631_20220808T104632_T31UEP_00000000000000000326_0,3663,2705,898,1476,1964,2415,2820,3083,3240,3340,5,2022-08-08,Haplic Luvisols,47.977838510183425,3.8232666387845935,751,RMQS1,"{""type"":""MultiPoint"",""coordinates"":[]}"
20220808T104631_20220808T104632_T31UEP_000000000000000002ba_0,3996,2836,949,1318,1918,2138,2473,2758,3034,3087,5,2022-08-08,Luvic Stagnosols,48.2555502989698,4.477580917578768,639,RMQS1,"{""type"":""MultiPoint"",""coordinates"":[]}"
20220808T104631_20220808T104632_T31UEP_0000000000000000020d_0,4734,4119,1376,1988,2706,3111,3230,3418,3572,3652,5,2022-08-08,Regosols (Colluvic),48.70169366844977,3.4093457089391372,457,RMQS1,"{""type"":""MultiPoint"",""coordinates"":[]}"
20220808T104631_20220808T104632_T31UEP_00000000000000000328_0,4212,3102,1318,1896,2668,2989,3089,3271,3520,3536,5,2022-08-08,Regosols (Colluvic),47.971611944960706,4.251723526947866,753,RMQS1,"{""type"":""MultiPoint"",""coordinates"":[]}"
20220808T104631_20220808T104632_T31UEP_00000000000000000357_0,3061,2628,924,1378,1794,1935,2007,2172,2244,2254,5,2022-08-08,Regosols (Colluvic),47.83862082138957,3.39184320342842,804,RMQS1,"{""type"":""MultiPoint"",""coordinates"":[]}"
20220808T104631_20220808T104632_T31UEP_00000000000000000246_0,4905,3757,1468,2016,2750,3234,3423,3636,3892,3994,5,2022-08-08,Rendzic Leptosols,48.55572508899328,3.623033464744165,518,RMQS1,"{""type"":""MultiPoint"",""coordinates"":[]}"
20220808T104631_20220808T104632_T31UEP_000000000000000002b7_0,3770,2877,1332,2048,2354,2763,3769,3980,4007,4188,5,2022-08-08,Rendzic Leptosols,48.265531928145386,3.8314183567168554,636,RMQS1,"{""type"":""MultiPoint"",""coordinates"":[]}"
20220808T104631_20220808T104632_T31UEP_000000000000000002b8_0,3216,2767,914,1166,1360,2288,2622,2833,2344,2668,5,2022-08-08,Rendzic Leptosols,48.26259874368474,4.046833414678177,637,RMQS1,"{""type"":""MultiPoint"",""coordinates"":[]}"
20220808T104631_20220808T104632_T31UEP_00000000000000000324_0,2477,2320,487,562,790,975,1067,1191,1278,1343,5,2022-08-08,Rendzic Leptosols,47.982497159296926,3.394720601458198,749,RMQS1,"{""type"":""MultiPoint"",""coordinates"":[]}"
20220808T104631_20220808T104632_T31UEP_00000000000000000359_0,3381,2298,641,928,1218,1716,2267,2506,2648,2853,5,2022-08-08,Rendzic Leptosols,47.83397449347843,3.819224578897194,806,RMQS1,"{""type"":""MultiPoint"",""coordinates"":[]}"
20220808T104631_20220808T104632_T31UEP_000000000000000002ec_0,3723,2965,974,1472,2008,2325,2429,2590,2708,2828,5,2022-08-08,Stagnic Gleysols,48.12810780180863,3.1827287684756462,691,RMQS1,"{""type"":""MultiPoint"",""coordinates"":[]}"
20220808T104631_20220808T104632_T31UEQ_0000000000000000007f_0,4099,3315,1172,1744,2456,2828,2973,3173,3368,3354,5,2022-08-08,Eutric Cambisols,48.71300587349915,3.430504638075634,SIM51527,HWSDv2,"{""type"":""MultiPoint"",""coordinates"":[]}"
20220808T104631_20220808T104632_T31UEQ_00000000000000000115_0,3730,3232,1204,1670,2132,2395,2516,2643,2834,2862,5,2022-08-08,Calcaric Cambisols,49.562001469354996,3.6483405966440827,166,RMQS1,"{""type"":""MultiPoint"",""coordinates"":[]}"
20220808T104631_20220808T104632_T31UEQ_00000000000000000134_0,4506,4093,1538,2048,2676,2933,3071,3230,3371,3494,5,2022-08-08,Calcaric Cambisols,49.412712015559535,4.085171344798594,207,RMQS1,"{""type"":""MultiPoint"",""coordinates"":[]}"
20220808T104631_20220808T104632_T31UEQ_00000000000000000135_0,2302,1697,863,1112,1210,1352,1958,2125,2440,2362,5,2022-08-08,Calcaric Cambisols,49.40931256011699,4.305386426131146,208,RMQS1,"{""type"":""MultiPoint"",""coordinates"":[]}"
20220808T104631_20220808T104632_T31UEQ_000000000000000001a7_0,2575,1738,585,860,961,1483,2113,2410,2438,2675,5,2022-08-08,Calcaric Cambisols,48.98709446808667,3.633756216630653,339,RMQS1,"{""type"":""MultiPoint"",""coordinates"":[]}"
20220808T104631_20220808T104632_T31UEQ_000000000000000001db_0,4978,4305,1908,2420,3064,3376,3569,3787,3940,4036,5,2022-08-08,Calcaric Cambisols,48.83778942360765,4.065787310355802,399,RMQS1,"{""type"":""MultiPoint"",""coordinates"":[]}"
20220808T104631_20220808T104632_T31UEQ_0000000000000000020c_0,3801,3191,1068,1550,2080,2397,2515,2718,2822,2935,5,2022-08-08,Calcaric Cambisols,48.703458736127025,3.1920859181167343,456,RMQS1,"{""type"":""MultiPoint"",""coordinates"":[]}"
20220808T104631_20220808T104632_T31UEQ_00000000000000000157_0,3262,2597,1006,1422,1946,2208,2360,2498,2624,2704,5,2022-08-08,Eutric Cambisols,49.274585829064,3.6410073595306423,244,RMQS1,"{""type"":""MultiPoint"",""coordinates"":[]}"
20220808T104631_20220808T104632_T31UEQ_00000000000000000131_0,4269,2846,1136,1598,2280,2605,2751,3019,3168,3391,5,2022-08-08,Haplic Luvisols,49.42049525316113,3.424376574569905,204,RMQS1,"{""type"":""MultiPoint"",""coordinates"":[]}"
20220808T104631_20220808T104632_T31UEQ_0000000000000000017c_0,3739,2802,1056,1512,2188,2477,2628,2805,3054,3097,5,2022-08-08,Haplic Luvisols,49.13302940640497,3.4183131268373956,286,RMQS1,"{""type"":""MultiPoint"",""coordinates"":[]}"
20220808T104631_20220808T104632_T31UEQ_00000000000000000159_0,4033,3375,1554,2004,2566,2642,2903,3065,3360,3312,5,2022-08-08,Regosols (Colluvic),49.26900917934291,4.080283111786636,246,RMQS1,"{""type"":""MultiPoint"",""coordinates"":[]}"
20220808T104631_20220808T104632_T31UEQ_000000000000000001a9_0,4397,3554,1072,1470,2050,2531,2711,2880,3044,3236,5,2022-08-08,Regosols (Colluvic),48.9815477887394,4.070591756163375,341,RMQS1,"{""type"":""MultiPoint"",""coordinates"":[]}"
20220808T104631_20220808T104632_T31UEQ_0000000000000000020d_0,4730,4119,1360,1982,2702,3105,3229,3414,3576,3649,5,2022-08-08,Regosols (Colluvic),48.70169366844977,3.4093457089391372,457,RMQS1,"{""type"":""MultiPoint"",""coordinates"":[]}"
20220808T104631_20220808T104632_T31UEQ_000000000000000001dc_0,3316,2637,628,1194,1050,2299,3512,3827,4636,4051,5,2022-08-08,Rendzic Leptosols,48.83442503518052,4.283563095018126,400,RMQS1,"{""type"":""MultiPoint"",""coordinates"":[]}"
20220808T104631_20220808T104632_T31UEQ_000000000000000001d8_0,3296,2169,689,1102,1504,2113,2580,2879,3292,3345,5,2022-08-08,Stagnic Gleysols,48.84548989394474,3.4123181623321734,396,RMQS1,"{""type"":""MultiPoint"",""coordinates"":[]}"
20220808T104631_20220808T104632_T31UER_000000000000000000f9_0,3775,2588,896,1282,1842,2099,2243,2440,2718,2800,5,2022-08-08,Calcaric Cambisols,49.70967905310882,3.2089608528497604,135,RMQS1,"{""type"":""MultiPoint"",""coordinates"":[]}"
20220808T104631_20220808T104632_T31UER_000000000000000000d1_0,4021,2986,1058,1478,2050,2334,2507,2692,3042,3072,5,2022-08-08,Eutric Cambisols,49.99698425992098,3.2139053697907163,84,RMQS1,"{""type"":""MultiPoint"",""coordinates"":[]}"
20220808T104631_20220808T104632_T31UER_000000000000000000e3_0,4178,2958,1092,1518,2136,2390,2618,2827,3112,3200,5,2022-08-08,Eutric Cambisols,49.85154127658212,3.433600324543512,108,RMQS1,"{""type"":""MultiPoint"",""coordinates"":[]}"
20220808T104631_20220808T104632_T31UER_000000000000000000d3_0,1662,1243,510,642,780,923,1477,1836,1615,1913,5,2022-08-08,Haplic Luvisols,49.992962405810275,3.6594955309676163,86,RMQS1,"{""type"":""MultiPoint"",""coordinates"":[]}"
20220808T104631_20220808T104632_T31UER_000000000000000000e4_0,4175,3003,998,1482,2222,2581,2761,3003,3203,3404,5,2022-08-08,Haplic Luvisols,49.84933182571976,3.655756320004579,109,RMQS1,"{""type"":""MultiPoint"",""coordinates"":[]}"
20220808T104631_20220808T104632_T31UER_000000000000000000e5_0,3490,2956,876,1296,1840,2066,2189,2384,2546,2625,5,2022-08-08,Haplic Luvisols,49.846716377679186,3.877890881957365,110,RMQS1,"{""type"":""MultiPoint"",""coordinates"":[]}"
20220808T104631_20220808T104632_T31UER_000000000000000000b7_0,2835,2204,1126,1486,1938,1885,2530,2819,2689,3153,5,2022-08-08,Luvic Cambisols,50.284191794055914,3.2189050612951036,54,RMQS1,"{""type"":""MultiPoint"",""coordinates"":[]}"
20220808T104631_20220808T104632_T31UER_000000000000000000b8_0,3447,2855,1100,1574,2126,2383,2618,2748,2834,2942,5,2022-08-08,Luvic Cambisols,50.28237565573063,3.4429805438389787,55,RMQS1,"{""type"":""MultiPoint"",""coordinates"":[]}"
20220808T104631_20220808T104632_T31UER_000000000000000000ba_0,3921,3486,1112,1892,2618,2903,2970,3072,3211,3177,5,2022-08-08,Luvic Cambisols,50.277513811755476,3.891075085094819,57,RMQS1,"{""type"":""MultiPoint"",""coordinates"":[]}"
20220808T104631_20220808T104632_T31UER_000000000000000000e7_0,2797,2218,559,1012,1400,1554,1808,1991,1973,2069,5,2022-08-08,Mollic Umbrisols,49.840267006570215,4.322083069370896,112,RMQS1,"{""type"":""MultiPoint"",""coordinates"":[]}"
20220808T104631_20220808T104632_T31UFP_0000000000000000024a_0,3842,3161,1032,1542,2160,2412,2522,2709,2770,2909,5,2022-08-08,Calcaric Cambisols,48.54313673632617,4.4893801670582985,522,RMQS1,"{""type"":""MultiPoint"",""coordinates"":[]}"
20220808T104631_20220808T104632_T31UFP_000000000000000002bb_0,4164,2970,1102,1494,2034,2302,2544,2702,2902,3005,5,2022-08-08,Calcaric Cambisols,48.25143516324276,4.692909482923313,640,RMQS1,"{""type"":""MultiPoint"",""coordinates"":[]}"
20220808T104631_20220808T104632_T31UFP_00000000000000000329_0,3454,2821,858,1236,1744,1976,2114,2257,2424,2541,5,2022-08-08,Calcaric Cambisols,47.967910801776064,4.465910681616188,754,RMQS1,"{""type"":""MultiPoint"",""coordinates"":[]}"
20220808T104631_20220808T104632_T31UFP_0000000000000000035c_0,3631,2454,850,1252,1816,2264,2652,2844,3032,3105,5,2022-08-08,Eutric Cambisols,47.82407340617893,4.4601231189041926,809,RMQS1,"{""type"":""MultiPoint"",""coordinates"":[]}"
20220808T104631_20220808T104632_T31UFP_000000000000000002ba_0,4008,2846,970,1336,1938,2152,2478,2761,3042,3090,5,2022-08-08,Luvic Stagnosols,48.2555502989698,4.477580917578768,639,RMQS1,"{""type"":""MultiPoint"",""coordinates"":[]}"
20220808T104631_20220808T104632_T31UFP_00000000000000000212_0,5062,4469,2110,2700,3248,3596,3654,3813,3904,4024,5,2022-08-08,Rendzic Leptosols,48.68690742446665,4.495328388213507,462,RMQS1,"{""type"":""MultiPoint"",""coordinates"":[]}"
20220808T104631_20220808T104632_T31UFQ_0000000000000000015c_0,3648,2409,812,1064,1352,1841,2418,2703,2918,3116,5,2022-08-08,Calcaric Cambisols,49.257633159731164,4.738988003066428,249,RMQS1,"{""type"":""MultiPoint"",""coordinates"":[]}"
20220808T104631_20220808T104632_T31UFQ_000000000000000001ab_0,4448,3513,1262,1780,2498,2888,2992,3215,3364,3612,5,2022-08-08,Calcaric Cambisols,48.97440230177886,4.507322370591027,343,RMQS1,"{""type"":""MultiPoint"",""coordinates"":[]}"
20220808T104631_20220808T104632_T31UFQ_00000000000000000181_0,4327,3491,1378,1874,2492,2789,2963,3159,3332,3459,5,2022-08-08,Rendzic Leptosols,49.11394157902409,4.732294541267736,292,RMQS1,"{""type"":""MultiPoint"",""coordinates"":[]}"
20220808T104631_20220808T104632_T31UFQ_000000000000000001de_0,4883,4049,1800,2266,2898,3302,3445,3608,3828,3925,5,2022-08-08,Rendzic Leptosols,48.82650319106196,4.71902098610247,402,RMQS1,"{""type"":""MultiPoint"",""coordinates"":[]}"
20220808T104631_20220808T104632_T31UFQ_00000000000000000212_0,5076,4487,2070,2666,3232,3578,3649,3812,3908,4030,5,2022-08-08,Rendzic Leptosols,48.68690742446665,4.495328388213507,462,RMQS1,"{""type"":""MultiPoint"",""coordinates"":[]}"
20220808T104631_20220808T104632_T31UFQ_00000000000000000119_0,3415,2517,1130,1498,1892,1991,2300,2553,2766,2794,5,2022-08-08,Vertic Cambisols,49.54917309265782,4.5317230180671295,170,RMQS1,"{""type"":""MultiPoint"",""coordinates"":[]}"
20220808T104631_20220808T104632_T31UFR_000000000000000000c8_0,2838,1936,572,758,946,1326,1795,1965,2100,2322,5,2022-08-08,Eutric Cambisols,50.119337054502985,4.77995940105834,73,RMQS1,"{""type"":""MultiPoint"",""coordinates"":[]}"
20220808T104631_20220808T105906_T30TXP_000000000000000007ab_0,123,72,286,338,80,53,7,20,0,38,5,2022-08-08,Luvic Cambisols,43.77240178848042,-0.6537657293997614,2004,RMQS1,"{""type"":""MultiPoint"",""coordinates"":[]}"
20220808T104631_20220808T105906_T30TYN_0000000000000000084c_0,4290,2952,886,1296,1876,2296,2559,2762,2877,3102,5,2022-08-08,Eutric Cambisols,43.21642624564816,0.16184093803944713,2184,RMQS1,"{""type"":""MultiPoint"",""coordinates"":[]}"
20220808T104631_20220808T105906_T30TYN_0000000000000000084e_0,3191,1912,654,912,1200,1714,2309,2581,2631,2905,5,2022-08-08,Eutric Cambisols,43.223663957343106,0.5548682836284,2186,RMQS1,"{""type"":""MultiPoint"",""coordinates"":[]}"
20220808T104631_20220808T105906_T30TYN_0000000000000000087e_0,2675,2009,667,906,1164,1532,1759,1943,1871,2139,5,2022-08-08,Eutric Cambisols,42.93931480823404,0.7593104679881422,2250,RMQS1,"{""type"":""MultiPoint"",""coordinates"":[]}"
20220808T104631_20220808T105906_T30TYN_0000000000000000084a_0,2731,1964,957,1224,1186,1419,2094,2279,2453,2556,5,2022-08-08,Skeletic Leptosols,43.20775050994949,-0.23107639245802053,2182,RMQS1,"{""type"":""MultiPoint"",""coordinates"":[]}"
20220808T104631_20220808T105906_T30TYP_00000000000000000046_0,3577,2280,894,1362,1938,2244,2913,3268,3540,3611,5,2022-08-08,Gleyic Cambisols,43.74950007383431,0.1370914792787227,SIM91955,HWSDv2,"{""type"":""MultiPoint"",""coordinates"":[]}"
20220808T104631_20220808T105906_T30TYP_000000000000000007b2_0,4795,3289,1512,2192,2968,3221,3387,3592,4032,4000,5,2022-08-08,Calcaric Cambisols,43.801814078706926,0.7353863730644742,2011,RMQS1,"{""type"":""MultiPoint"",""coordinates"":[]}"
20220808T104631_20220808T105906_T30TYP_000000000000000007dd_0,3738,2969,1070,1772,2274,2531,2607,2753,2802,2859,5,2022-08-08,Calcaric Cambisols,43.65802295237102,0.7394234284125767,2057,RMQS1,"{""type"":""MultiPoint"",""coordinates"":[]}"
20220808T104631_20220808T105906_T30TYP_00000000000000000805_0,3927,2478,886,1236,1632,2038,2428,2737,2878,3214,5,2022-08-08,Calcaric Cambisols,43.51115018753142,0.545904798783983,2102,RMQS1,"{""type"":""MultiPoint"",""coordinates"":[]}"
20220808T104631_20220808T105906_T30TYP_00000000000000000806_0,3712,2702,1034,1558,2010,2439,2827,3023,3176,3226,5,2022-08-08,Calcaric Cambisols,43.51424709370381,0.7434401003762473,2103,RMQS1,"{""type"":""MultiPoint"",""coordinates"":[]}"
20220808T104631_20220808T105906_T30TYP_0000000000000000082e_0,3758,2429,672,956,1174,1679,2259,2476,2746,2883,5,2022-08-08,Calcaric Cambisols,43.370487378478785,0.747437404719625,2148,RMQS1,"{""type"":""MultiPoint"",""coordinates"":[]}"
20220808T104631_20220808T105906_T30TYP_00000000000000000782_0,3759,2362,716,1078,1484,2026,2603,2958,3164,3441,5,2022-08-08,Eutric Cambisols,43.930951648700834,-0.0646614475812049,1961,RMQS1,"{""type"":""MultiPoint"",""coordinates"":[]}"
20220808T104631_20220808T105906_T30TYP_000000000000000007b0_0,4124,2594,774,1108,1514,1970,2200,2480,2876,2937,5,2022-08-08,Eutric Cambisols,43.79522514265497,0.3383439567382782,2009,RMQS1,"{""type"":""MultiPoint"",""coordinates"":[]}"
20220808T104631_20220808T105906_T30TYP_000000000000000007b1_0,2976,2135,734,1346,1640,1949,2176,2330,2360,2457,5,2022-08-08,Eutric Cambisols,43.79870099823677,0.5368540129522552,2010,RMQS1,"{""type"":""MultiPoint"",""coordinates"":[]}"
20220808T104631_20220808T105906_T30TYP_000000000000000007dc_0,3823,2425,1084,1576,2222,2300,2716,2996,3264,3345,5,2022-08-08,Eutric Cambisols,43.654918009678816,0.5413905996353507,2056,RMQS1,"{""type"":""MultiPoint"",""coordinates"":[]}"
20220808T104631_20220808T105906_T30TYP_0000000000000000084e_0,3091,1885,730,957,1170,1644,2286,2560,2622,2866,5,2022-08-08,Eutric Cambisols,43.223663957343106,0.5548682836284,2186,RMQS1,"{""type"":""MultiPoint"",""coordinates"":[]}"
20220808T104631_20220808T105906_T30TYP_00000000000000000803_0,3108,1833,534,758,1054,1432,1738,1953,2152,2369,5,2022-08-08,Haplic Luvisols,43.50387423018247,0.1509055164147366,2100,RMQS1,"{""type"":""MultiPoint"",""coordinates"":[]}"
20220808T104631_20220808T105906_T31TCH_00000000000000000852_0,3161,2194,1202,1812,2422,2277,2727,2953,3085,3246,5,2022-08-08,Calcaric Cambisols,43.233830788422544,1.3411659095380064,2190,RMQS1,"{""type"":""MultiPoint"",""coordinates"":[]}"
20220808T104631_20220808T105906_T31TCH_0000000000000000087e_0,2558,1919,682,902,1134,1400,1679,1814,1844,2055,5,2022-08-08,Eutric Cambisols,42.93931480823404,0.7593104679881422,2250,RMQS1,"{""type"":""MultiPoint"",""coordinates"":[]}"
20220808T104631_20220808T105906_T31TCH_00000000000000000854_0,3028,2262,722,1272,1642,2065,2297,2464,2612,2605,5,2022-08-08,Mollic Umbrisols,43.23675734912461,1.7343973183347328,2192,RMQS1,"{""type"":""MultiPoint"",""coordinates"":[]}"
20220808T104631_20220808T105906_T31TCH_00000000000000000850_0,3711,2251,639,1005,1336,1864,2400,2740,2775,3166,5,2022-08-08,Rendzic Leptosols,43.22946594670466,0.9479815188030146,2188,RMQS1,"{""type"":""MultiPoint"",""coordinates"":[]}"
20220808T104631_20220808T105906_T31TCJ_000000000000000007b2_0,4875,3350,1494,2156,2864,3265,3484,3673,3996,4135,5,2022-08-08,Calcaric Cambisols,43.801814078706926,0.7353863730644742,2011,RMQS1,"{""type"":""MultiPoint"",""coordinates"":[]}"
20220808T104631_20220808T105906_T31TCJ_000000000000000007dd_0,3698,2963,1062,1754,2246,2484,2594,2729,2788,2814,5,2022-08-08,Calcaric Cambisols,43.65802295237102,0.7394234284125767,2057,RMQS1,"{""type"":""MultiPoint"",""coordinates"":[]}"
20220808T104631_20220808T105906_T31TCJ_00000000000000000805_0,3734,2363,843,1222,1560,1932,2391,2644,2938,3031,5,2022-08-08,Calcaric Cambisols,43.51115018753142,0.545904798783983,2102,RMQS1,"{""type"":""MultiPoint"",""coordinates"":[]}"
20220808T104631_20220808T105906_T31TCJ_0000000000000000080b_0,3036,2226,662,1112,1460,1784,1970,2160,2246,2402,5,2022-08-08,Calcaric Cambisols,43.524309926758626,1.7313633815716516,2108,RMQS1,"{""type"":""MultiPoint"",""coordinates"":[]}"
20220808T104631_20220808T105906_T31TCJ_0000000000000000082e_0,3726,2435,669,958,1162,1714,2277,2483,2790,2928,5,2022-08-08,Calcaric Cambisols,43.370487378478785,0.747437404719625,2148,RMQS1,"{""type"":""MultiPoint"",""coordinates"":[]}"
20220808T104631_20220808T105906_T31TCJ_0000000000000000082f_0,3581,2326,708,1030,1354,1718,2117,2383,2548,2746,5,2022-08-08,Calcaric Cambisols,43.37321582323168,0.9444970152837399,2149,RMQS1,"{""type"":""MultiPoint"",""coordinates"":[]}"
20220808T104631_20220808T105906_T31TCJ_00000000000000000832_0,4536,3066,1412,1982,2792,3194,3332,3510,3708,3845,5,2022-08-08,Calcaric Cambisols,43.379238151330306,1.5357705717025496,2152,RMQS1,"{""type"":""MultiPoint"",""coordinates"":[]}"
20220808T104631_20220808T105906_T31TCJ_000000000000000007b1_0,2940,2126,768,1306,1596,1931,2149,2277,2310,2438,5,2022-08-08,Eutric Cambisols,43.79870099823677,0.5368540129522552,2010,RMQS1,"{""type"":""MultiPoint"",""coordinates"":[]}"
20220808T104631_20220808T105906_T31TCJ_0000000000000000080a_0,3063,2235,854,1318,1606,2017,2624,2826,3010,3056,5,2022-08-08,Eutric Cambisols,43.52302003271735,1.5337542549797725,2107,RMQS1,"{""type"":""MultiPoint"",""coordinates"":[]}"
20220808T104631_20220808T105906_T31TCJ_00000000000000000831_0,2533,1868,622,1058,1340,1779,1871,2230,2354,2316,5,2022-08-08,Eutric Stagnosols,43.377591309564,1.3386668701530315,2151,RMQS1,"{""type"":""MultiPoint"",""coordinates"":[]}"
20220808T104631_20220808T105906_T31TCJ_00000000000000000830_0,3393,2210,766,1134,1444,1833,2511,2802,2976,3172,5,2022-08-08,Fluvic Cambisols,43.37558387891417,1.141574489687156,2150,RMQS1,"{""type"":""MultiPoint"",""coordinates"":[]}"
20220808T104631_20220808T105906_T31TCJ_00000000000000000808_0,3393,2946,1278,1830,2358,2601,2699,2802,2878,2961,5,2022-08-08,Luvic Stagnosols,43.51935670825821,1.1385679467238081,2105,RMQS1,"{""type"":""MultiPoint"",""coordinates"":[]}"
20220808T104631_20220808T105906_T31TCJ_00000000000000000833_0,3508,2605,824,1274,1644,2369,2928,3360,3448,3590,5,2022-08-08,Regosols (Colluvic),43.3805251082789,1.7328839686620165,2153,RMQS1,"{""type"":""MultiPoint"",""coordinates"":[]}"
20220808T104631_20220808T105906_T31TCJ_00000000000000000809_0,3118,2357,882,1084,1226,1591,1881,2086,1852,2279,5,2022-08-08,Technosols,43.521369132715655,1.336155148233926,2106,RMQS1,"{""type"":""MultiPoint"",""coordinates"":[]}"
20220808T104631_20220808T105906_T31TDH_0000000000000000006a_0,3062,1934,658,1018,1544,1912,2433,2669,2750,3026,5,2022-08-08,Calcaric Cambisols,43.25643616146044,2.453036771590776,SIM23594,HWSDv2,"{""type"":""MultiPoint"",""coordinates"":[]}"
20220808T104631_20220808T105906_T31TDH_00000000000000000856_0,2639,1973,1046,1646,1792,1903,2344,2682,2598,2581,5,2022-08-08,Calcaric Arenosols,43.23824536900353,2.1276596812268993,2194,RMQS1,"{""type"":""MultiPoint"",""coordinates"":[]}"
20220808T104631_20220808T105906_T31TDH_00000000000000000857_0,3686,2504,655,1008,1478,1908,2163,2404,2612,2789,5,2022-08-08,Calcaric Cambisols,43.238449309842004,2.324294647249126,2195,RMQS1,"{""type"":""MultiPoint"",""coordinates"":[]}"
20220808T104631_20220808T105906_T31TDH_00000000000000000871_0,2964,1811,522,816,1100,1467,1862,2091,2262,2460,5,2022-08-08,Calcaric Cambisols,43.09469607384413,2.3243282873192377,2230,RMQS1,"{""type"":""MultiPoint"",""coordinates"":[]}"
20220808T104631_20220808T105906_T31TDH_00000000000000000872_0,2885,1604,432,764,886,1577,2096,2398,2512,2704,5,2022-08-08,Calcaric Cambisols,43.09454041537799,2.520470944219245,2231,RMQS1,"{""type"":""MultiPoint"",""coordinates"":[]}"
20220808T104631_20220808T105906_T31TDH_00000000000000000855_0,4148,3200,1300,1964,2604,2920,3001,3160,3244,3327,5,2022-08-08,Rendzic Leptosols,43.237681525941696,1.9310260055678181,2193,RMQS1,"{""type"":""MultiPoint"",""coordinates"":[]}"
20220808T104631_20220808T105906_T31TDJ_00000000000000000835_0,3316,2492,736,1062,1346,1639,2172,2405,2486,2687,5,2022-08-08,Eutric Cambisols,43.382016692062045,2.1271323662078934,2155,RMQS1,"{""type"":""MultiPoint"",""coordinates"":[]}"
20220808T104631_20220808T105906_T31TDJ_0000000000000000080c_0,3424,2072,558,865,1172,1485,1861,2068,2458,2449,5,2022-08-08,Haplic Luvisols,43.52580553458276,2.1266028762483478,2110,RMQS1,"{""type"":""MultiPoint"",""coordinates"":[]}"
20220808T104631_20220808T105906_T31TDJ_00000000000000000834_0,4711,3359,1584,2202,2874,3104,3230,3384,3672,3686,5,2022-08-08,Regosols (Colluvic),43.38145144609924,1.9300054714673698,2154,RMQS1,"{""type"":""MultiPoint"",""coordinates"":[]}"
