system:index,B11,B12,B2,B3,B4,B5,B6,B7,B8,B8A,SCL,date,h_wrb4,latitude,longitude,profile_id,source_db,.geo
20220806T100611_20220806T100924_T32TMM_000000000000000008be_0,4613,2899,819,1236,1896,2419,2766,3084,3188,3562,5,2022-08-06,Eutric Cambisols,41.58852524795022,9.022695648407758,2355,RMQS1,"{""type"":""MultiPoint"",""coordinates"":[]}"
20220806T100611_20220806T100924_T32TMM_000000000000000008b8_0,4383,3255,1046,1522,2308,2693,2858,3025,3228,3446,5,2022-08-06,Mollic Umbrisols,41.886619302369944,8.863920950143937,2345,RMQS1,"{""type"":""MultiPoint"",""coordinates"":[]}"
20220806T100611_20220806T100924_T32TMM_000000000000000008ad_0,2669,1713,512,788,1011,1527,2133,2391,2350,2559,5,2022-08-06,Umbric Leptosols,42.315905519983275,8.912076372712265,2322,RMQS1,"{""type"":""MultiPoint"",""coordinates"":[]}"
20220806T100611_20220806T100924_T32TMM_000000000000000008b1_0,3727,2788,1164,1512,1932,2038,2204,2319,2522,2533,5,2022-08-06,Umbric Leptosols,42.18458239847331,8.703525506772506,2334,RMQS1,"{""type"":""MultiPoint"",""coordinates"":[]}"
20220806T100611_20220806T100924_T32TNL_000000000000000008c0_0,2838,1874,638,912,1052,1360,1797,1918,2120,2206,5,2022-08-06,Umbric Leptosols,41.43322283025858,9.19645153173458,2360,RMQS1,"{""type"":""MultiPoint"",""coordinates"":[]}"
20220806T100611_20220806T100924_T32TNM_000000000000000008be_0,4655,2913,830,1254,1944,2468,2791,3112,3224,3599,5,2022-08-06,Eutric Cambisols,41.58852524795022,9.022695648407758,2355,RMQS1,"{""type"":""MultiPoint"",""coordinates"":[]}"
20220806T100611_20220806T100924_T32TNN_00000000000000000897_0,2905,1908,698,992,1378,1617,2291,2591,2950,2883,5,2022-08-06,Umbric Leptosols,42.58996196562447,9.1383292700287,2288,RMQS1,"{""type"":""MultiPoint"",""coordinates"":[]}"
20220806T105629_20220806T105840_T30TWS_0000000000000000044b_0,4761,3434,982,1224,1774,2016,2245,2456,2812,2923,5,2022-08-06,Eutric Stagnosols,46.90240035460174,-1.8789043482766836,1068,RMQS1,"{""type"":""MultiPoint"",""coordinates"":[]}"
20220806T105629_20220806T105840_T30TWS_0000000000000000049a_0,2853,2303,868,1082,1432,1586,1821,2021,2254,2249,5,2022-08-06,Luvic Cambisols,46.61491530352095,-1.856505488431847,1153,RMQS1,"{""type"":""MultiPoint"",""coordinates"":[]}"
20220806T105629_20220806T105840_T30TWS_0000000000000000044c_0,3663,2846,977,1354,1632,2096,2515,2761,3074,3091,5,2022-08-06,Luvic Stagnosols,46.90992528077999,-1.66915941877578,1069,RMQS1,"{""type"":""MultiPoint"",""coordinates"":[]}"
20220806T105629_20220806T105840_T30TWS_0000000000000000049b_0,2707,2169,1366,1310,1434,1517,1757,1757,2004,2020,5,2022-08-06,Regosols (Colluvic),46.622401223318654,-1.6478714452070151,1154,RMQS1,"{""type"":""MultiPoint"",""coordinates"":[]}"
20220806T105629_20220806T105840_T30TWS_0000000000000000044a_0,4347,3111,1080,1366,1890,2315,2546,2794,2966,3097,5,2022-08-06,Tidalic Fluvisols,46.89449146390841,-2.0885901951593606,1067,RMQS1,"{""type"":""MultiPoint"",""coordinates"":[]}"
20220806T105629_20220806T105840_T30TWT_00000000000000000033_0,3928,2583,724,926,1250,1650,1966,2293,2670,2759,5,2022-08-06,Fibric Histosols,47.077129570579544,-1.7252900659747124,SIM3274,HWSDv2,"{""type"":""MultiPoint"",""coordinates"":[]}"
20220806T105629_20220806T105840_T30TWT_0000000000000000036f_0,4703,3413,1366,1972,2878,3160,3392,3637,4084,4057,5,2022-08-06,Eutric Cambisols,47.62099768741021,-1.9359505851256793,831,RMQS1,"{""type"":""MultiPoint"",""coordinates"":[]}"
20220806T105629_20220806T105840_T30TWT_000000000000000003cc_0,4436,3084,948,1260,1680,2133,2567,2907,3376,3395,5,2022-08-06,Eutric Stagnosols,47.333583331801385,-1.9129513545879697,934,RMQS1,"{""type"":""MultiPoint"",""coordinates"":[]}"
20220806T105629_20220806T105840_T30TWT_000000000000000003f8_0,3487,2802,913,1094,1234,1672,2155,2278,2842,2693,5,2022-08-06,Eutric Stagnosols,47.18986296924984,-1.9015428571110984,979,RMQS1,"{""type"":""MultiPoint"",""coordinates"":[]}"
20220806T105629_20220806T105840_T30TWT_0000000000000000044b_0,4750,3435,982,1224,1766,2011,2244,2456,2812,2921,5,2022-08-06,Eutric Stagnosols,46.90240035460174,-1.8789043482766836,1068,RMQS1,"{""type"":""MultiPoint"",""coordinates"":[]}"
20220806T105629_20220806T105840_T30TWT_0000000000000000039e_0,3943,2758,1010,1220,1520,1969,2496,2718,3050,3169,5,2022-08-06,Luvic Stagnosols,47.47729537315615,-1.9244201828094953,883,RMQS1,"{""type"":""MultiPoint"",""coordinates"":[]}"
20220806T105629_20220806T105840_T30TWT_000000000000000003f7_0,3872,2687,772,982,1346,1648,1980,2248,2522,2633,5,2022-08-06,Luvic Stagnosols,47.18191339451739,-2.112349848353562,978,RMQS1,"{""type"":""MultiPoint"",""coordinates"":[]}"
20220806T105629_20220806T105840_T30TWT_0000000000000000044c_0,3657,2849,979,1354,1632,2094,2513,2759,3076,3088,5,2022-08-06,Luvic Stagnosols,46.90992528077999,-1.66915941877578,1069,RMQS1,"{""type"":""MultiPoint"",""coordinates"":[]}"
20220806T105629_20220806T105840_T30TWT_000000000000000003cb_0,4055,2638,922,1202,1660,2015,2345,2623,2968,3076,5,2022-08-06,Stagnic Gleysols,47.32561369663198,-2.124322175596236,933,RMQS1,"{""type"":""MultiPoint"",""coordinates"":[]}"
20220806T105629_20220806T105840_T30TWT_0000000000000000044a_0,4345,3112,1078,1362,1886,2309,2539,2789,2962,3091,5,2022-08-06,Tidalic Fluvisols,46.89449146390841,-2.0885901951593606,1067,RMQS1,"{""type"":""MultiPoint"",""coordinates"":[]}"
20220806T105629_20220806T105840_T30TXN_00000000000000000825_0,4167,4091,1160,1300,1630,1940,2235,2445,2283,2531,5,2022-08-06,Dystric Cambisols,43.323400884871134,-1.221651459511563,2138,RMQS1,"{""type"":""MultiPoint"",""coordinates"":[]}"
20220806T105629_20220806T105840_T30TXP_00000000000000000825_0,4207,4122,1156,1322,1668,1969,2231,2432,2266,2519,5,2022-08-06,Dystric Cambisols,43.323400884871134,-1.221651459511563,2138,RMQS1,"{""type"":""MultiPoint"",""coordinates"":[]}"
20220806T105629_20220806T105840_T30TXQ_0000000000000000068b_0,3502,3293,3408,3748,3628,3321,3091,3360,3632,3189,5,2022-08-06,Eutric Cambisols,44.78413733927169,-0.5056548387951271,1696,RMQS1,"{""type"":""MultiPoint"",""coordinates"":[]}"
20220806T105629_20220806T105840_T30TXQ_000000000000000006b2_0,3734,2516,609,888,1368,1767,2030,2342,2476,2764,5,2022-08-06,Eutric Cambisols,44.640327770669494,-0.4983671773063285,1739,RMQS1,"{""type"":""MultiPoint"",""coordinates"":[]}"
20220806T105629_20220806T105840_T30TXQ_0000000000000000063d_0,3420,2416,735,1050,1346,1898,2590,2960,3128,3297,5,2022-08-06,Haplic Luvisols,45.07178107831248,-0.520343550682928,1613,RMQS1,"{""type"":""MultiPoint"",""coordinates"":[]}"
20220806T105629_20220806T105840_T30TXQ_000000000000000006fb_0,2734,2316,805,1024,1240,1798,1935,2041,1832,2264,5,2022-08-06,Rustic Podzols,44.33559660067842,-1.084907903589234,1820,RMQS1,"{""type"":""MultiPoint"",""coordinates"":[]}"
20220806T105629_20220806T105840_T30TXQ_00000000000000000664_0,3914,2942,1186,1542,2122,2337,2559,3007,3216,3186,5,2022-08-06,Skeletic Leptosols,44.92795531064549,-0.5129802360448519,1654,RMQS1,"{""type"":""MultiPoint"",""coordinates"":[]}"
20220806T105629_20220806T105840_T30TXQ_0000000000000000068a_0,3427,2938,874,1394,2082,1919,2575,2788,3392,2988,5,2022-08-06,Umbric Podzols,44.77874883782861,-0.707573335382756,1695,RMQS1,"{""type"":""MultiPoint"",""coordinates"":[]}"
20220806T105629_20220806T105840_T30TXQ_000000000000000006d6_0,3770,3319,1726,1736,2168,2337,2853,3318,3064,3487,5,2022-08-06,Umbric Podzols,44.48543835751057,-0.8928506234944198,1779,RMQS1,"{""type"":""MultiPoint"",""coordinates"":[]}"
20220806T105629_20220806T105840_T30TXR_00000000000000000558_0,3752,2945,881,1466,2030,2523,2719,2907,2884,3133,5,2022-08-06,Calcaric Cambisols,45.93484109062398,-0.5653356804339617,1366,RMQS1,"{""type"":""MultiPoint"",""coordinates"":[]}"
20220806T105629_20220806T105840_T30TXR_00000000000000000559_0,4618,3202,1130,1548,2248,2565,2767,2974,3240,3309,5,2022-08-06,Calcaric Cambisols,45.93996642092588,-0.35914842977074507,1367,RMQS1,"{""type"":""MultiPoint"",""coordinates"":[]}"
20220806T105629_20220806T105840_T30TXR_0000000000000000057f_0,3119,2255,882,1246,1538,1877,2306,2506,2742,2713,5,2022-08-06,Calcaric Cambisols,45.796101290683936,-0.35209062396110746,1408,RMQS1,"{""type"":""MultiPoint"",""coordinates"":[]}"
20220806T105629_20220806T105840_T30TXR_0000000000000000059f_0,4686,3217,1726,2248,2996,3345,3536,3756,4092,4129,5,2022-08-06,Calcaric Cambisols,45.63581734636525,-0.9602860183142399,1445,RMQS1,"{""type"":""MultiPoint"",""coordinates"":[]}"
20220806T105629_20220806T105840_T30TXR_000000000000000005a2_0,4107,3148,1228,1670,2084,2462,2706,3032,3340,3333,5,2022-08-06,Calcaric Cambisols,45.65223876933945,-0.3450692344122223,1448,RMQS1,"{""type"":""MultiPoint"",""coordinates"":[]}"
20220806T105629_20220806T105840_T30TXR_0000000000000000057d_0,4063,2758,892,1260,1820,2223,2595,2830,3148,3149,5,2022-08-06,Eutric Cambisols,45.78550112756896,-0.7633473909222855,1406,RMQS1,"{""type"":""MultiPoint"",""coordinates"":[]}"
20220806T105629_20220806T105840_T30TXR_000000000000000005a0_0,3709,2292,882,1210,1668,2352,2973,3283,3540,3676,5,2022-08-06,Eutric Cambisols,45.641666296166285,-0.7552546452445758,1446,RMQS1,"{""type"":""MultiPoint"",""coordinates"":[]}"
20220806T105629_20220806T105840_T30TXR_0000000000000000063d_0,3391,2407,750,1058,1338,1873,2558,2927,3100,3264,5,2022-08-06,Haplic Luvisols,45.07178107831248,-0.520343550682928,1613,RMQS1,"{""type"":""MultiPoint"",""coordinates"":[]}"
20220806T105629_20220806T105840_T30TXR_000000000000000005c5_0,4164,3324,1220,1724,2370,2730,2864,3112,3380,3457,5,2022-08-06,Luvic Cambisols,45.49783449185945,-0.747204710895901,1487,RMQS1,"{""type"":""MultiPoint"",""coordinates"":[]}"
20220806T105629_20220806T105840_T30TXR_0000000000000000057c_0,3210,2436,668,1072,1322,1725,2110,2308,2680,2619,5,2022-08-06,Mollic Umbrisols,45.779636372546484,-0.9689136670910115,1405,RMQS1,"{""type"":""MultiPoint"",""coordinates"":[]}"
20220806T105629_20220806T105840_T30TXR_000000000000000005ed_0,3287,2370,686,948,1164,1522,2069,2420,2636,2731,5,2022-08-06,Skeletic Leptosols,45.34818802227573,-0.9431653634590488,1528,RMQS1,"{""type"":""MultiPoint"",""coordinates"":[]}"
20220806T105629_20220806T105840_T30TXR_00000000000000000556_0,3716,2414,883,1164,1530,1850,2215,2436,2698,2772,5,2022-08-06,Stagnic Gleysols,45.92345740043631,-0.9775871171113764,1364,RMQS1,"{""type"":""MultiPoint"",""coordinates"":[]}"
20220806T105629_20220806T105840_T30TXS_00000000000000000038_0,4239,2720,934,1216,1764,2256,2603,2908,3084,3302,5,2022-08-06,Dystric Cambisols,46.480134993254126,-0.3465850028819951,SIM96304,HWSDv2,"{""type"":""MultiPoint"",""coordinates"":[]}"
20220806T105629_20220806T105840_T30TXS_0000000000000000008f_0,3891,2500,662,944,1366,1785,2157,2483,2856,2975,5,2022-08-06,Dystric Cambisols,46.77832542777133,-0.3382411771660767,SIM14697,HWSDv2,"{""type"":""MultiPoint"",""coordinates"":[]}"
20220806T105629_20220806T105840_T30TXS_000000000000000004e9_0,2847,2000,652,1040,1378,1855,2460,2876,3176,3242,5,2022-08-06,Calcaric Cambisols,46.37156653893897,-0.3805451901586974,1242,RMQS1,"{""type"":""MultiPoint"",""coordinates"":[]}"
20220806T105629_20220806T105840_T30TXS_0000000000000000050d_0,3313,2187,608,836,952,1504,2413,2817,2900,3314,5,2022-08-06,Calcaric Cambisols,46.21110281935797,-0.995071505821047,1281,RMQS1,"{""type"":""MultiPoint"",""coordinates"":[]}"
20220806T105629_20220806T105840_T30TXS_0000000000000000050f_0,4209,3407,1440,2010,2668,2887,2963,3120,3360,3271,5,2022-08-06,Calcaric Cambisols,46.22254711219468,-0.5806490268943258,1283,RMQS1,"{""type"":""MultiPoint"",""coordinates"":[]}"
20220806T105629_20220806T105840_T30TXS_00000000000000000530_0,4016,3454,1100,1492,2082,2394,2532,2737,2796,2982,5,2022-08-06,Calcaric Cambisols,46.06727972171567,-0.9863064831544274,1322,RMQS1,"{""type"":""MultiPoint"",""coordinates"":[]}"
20220806T105629_20220806T105840_T30TXS_00000000000000000559_0,4561,3188,1136,1536,2198,2508,2732,2943,3208,3272,5,2022-08-06,Calcaric Cambisols,45.93996642092588,-0.35914842977074507,1367,RMQS1,"{""type"":""MultiPoint"",""coordinates"":[]}"
20220806T105629_20220806T105840_T30TXS_0000000000000000044f_0,3949,3139,1252,1618,2130,2204,2331,2448,3028,2680,5,2022-08-06,Eutric Cambisols,46.93019573775069,-1.0395982629544858,1072,RMQS1,"{""type"":""MultiPoint"",""coordinates"":[]}"
20220806T105629_20220806T105840_T30TXS_00000000000000000476_0,3141,2271,900,1466,1426,2139,3071,3345,3483,3546,5,2022-08-06,Eutric Cambisols,46.78638388628218,-1.0305987805233539,1116,RMQS1,"{""type"":""MultiPoint"",""coordinates"":[]}"
20220806T105629_20220806T105840_T30TXS_0000000000000000049e_0,4180,3618,1134,1534,2124,2424,2638,2857,2955,3067,5,2022-08-06,Eutric Cambisols,46.642567385032066,-1.0216466052080921,1157,RMQS1,"{""type"":""MultiPoint"",""coordinates"":[]}"
20220806T105629_20220806T105840_T30TXS_000000000000000004a0_0,3154,2691,970,1366,1906,2172,2262,2365,2455,2502,5,2022-08-06,Eutric Cambisols,46.65410133385252,-0.6039233335935068,1159,RMQS1,"{""type"":""MultiPoint"",""coordinates"":[]}"
20220806T105629_20220806T105840_T30TXS_000000000000000004c5_0,3108,2168,624,906,1138,1549,2058,2258,2512,2555,5,2022-08-06,Eutric Cambisols,46.504690527674455,-0.8044552022302291,1198,RMQS1,"{""type"":""MultiPoint"",""coordinates"":[]}"
20220806T105629_20220806T105840_T30TXS_0000000000000000050c_0,3531,2832,878,1240,1630,1922,2401,2650,2852,2893,5,2022-08-06,Eutric Cambisols,46.19814341135635,-1.4093118441587542,1279,RMQS1,"{""type"":""MultiPoint"",""coordinates"":[]}"
20220806T105629_20220806T105840_T30TXS_0000000000000000044e_0,3991,3540,1144,1556,2062,2340,2476,2600,2802,2800,5,2022-08-06,Eutric Stagnosols,46.92382265539237,-1.2495036368667687,1071,RMQS1,"{""type"":""MultiPoint"",""coordinates"":[]}"
20220806T105629_20220806T105840_T30TXS_000000000000000004e6_0,1886,1571,1058,1180,1368,1443,1449,1512,1522,1579,5,2022-08-06,Fluvic Stagnosols,46.35492541824284,-1.0038829095612218,1239,RMQS1,"{""type"":""MultiPoint"",""coordinates"":[]}"
20220806T105629_20220806T105840_T30TXS_000000000000000004c3_0,4134,2786,1096,1410,1964,2335,2700,3023,3184,3330,5,2022-08-06,Haplic Luvisols,46.492423512732024,-1.2209811254960148,1196,RMQS1,"{""type"":""MultiPoint"",""coordinates"":[]}"
20220806T105629_20220806T105840_T30TXS_0000000000000000044c_0,3664,2854,994,1364,1640,2100,2518,2764,3076,3093,5,2022-08-06,Luvic Stagnosols,46.90992528077999,-1.66915941877578,1069,RMQS1,"{""type"":""MultiPoint"",""coordinates"":[]}"
20220806T105629_20220806T105840_T30TXS_00000000000000000474_0,3188,2387,1044,1488,1736,2272,2748,2974,3200,3272,5,2022-08-06,Luvic Stagnosols,46.77328774027412,-1.449242871812326,1114,RMQS1,"{""type"":""MultiPoint"",""coordinates"":[]}"
20220806T105629_20220806T105840_T30TXS_000000000000000004c6_0,4341,2873,874,1208,1738,2134,2470,2731,3038,3218,5,2022-08-06,Mollic Umbrisols,46.51025176667468,-0.5961246392621613,1199,RMQS1,"{""type"":""MultiPoint"",""coordinates"":[]}"
20220806T105629_20220806T105840_T30TXS_0000000000000000049b_0,2703,2172,1382,1312,1432,1509,1746,1741,1988,2009,5,2022-08-06,Regosols (Colluvic),46.622401223318654,-1.6478714452070151,1154,RMQS1,"{""type"":""MultiPoint"",""coordinates"":[]}"
20220806T105629_20220806T105840_T30TXS_00000000000000000531_0,3306,2911,856,1232,1676,1790,2108,2169,2378,2378,5,2022-08-06,Regosols (Colluvic),46.07317598662114,-0.7796609584742306,1323,RMQS1,"{""type"":""MultiPoint"",""coordinates"":[]}"
20220806T105629_20220806T105840_T30TXS_000000000000000004c4_0,4201,3770,870,1316,1960,2340,2547,2750,2942,3038,5,2022-08-06,Rendzic Leptosols,46.49874732915589,-1.0127412452653954,1197,RMQS1,"{""type"":""MultiPoint"",""coordinates"":[]}"
20220806T105629_20220806T105840_T30TXS_000000000000000004e8_0,3683,3341,935,1366,2036,2285,2349,2521,2608,2647,5,2022-08-06,Rendzic Leptosols,46.36639999485048,-0.5883667267716697,1241,RMQS1,"{""type"":""MultiPoint"",""coordinates"":[]}"
20220806T105629_20220806T105840_T30TXS_00000000000000000510_0,4248,3636,1160,1722,2436,2692,2793,2926,3054,3099,5,2022-08-06,Rendzic Leptosols,46.22770007987587,-0.37337542741971824,1284,RMQS1,"{""type"":""MultiPoint"",""coordinates"":[]}"
20220806T105629_20220806T105840_T30TXS_00000000000000000532_0,4488,3319,1076,1498,2126,2648,2943,3206,3472,3549,5,2022-08-06,Rendzic Leptosols,46.07869390365567,-0.5729721220741497,1324,RMQS1,"{""type"":""MultiPoint"",""coordinates"":[]}"
20220806T105629_20220806T105840_T30TXS_0000000000000000049f_0,4005,2873,864,1138,1606,1874,2325,2665,2850,3080,5,2022-08-06,Stagnosols (Colluvic),46.648525712322844,-0.812807198893418,1158,RMQS1,"{""type"":""MultiPoint"",""coordinates"":[]}"
20220806T105629_20220806T105840_T30TXS_000000000000000004e5_0,1962,1473,825,1112,1296,1259,1527,1436,2134,1731,5,2022-08-06,Tidalic Fluvisols,46.348618271721726,-1.211573918982826,1238,RMQS1,"{""type"":""MultiPoint"",""coordinates"":[]}"
20220806T105629_20220806T105840_T30TXT_0000000000000000004f_0,4411,3178,813,1050,1552,1814,1976,2210,2565,2656,5,2022-08-06,Dystric Cambisols,47.49837804877488,-0.7380596229834975,SIM86021,HWSDv2,"{""type"":""MultiPoint"",""coordinates"":[]}"
20220806T105629_20220806T105840_T30TXT_000000000000000003ff_0,3373,2391,766,1072,1392,1742,2322,2652,2916,2937,5,2022-08-06,Calcaric Cambisols,47.23470667886189,-0.42436685046714595,986,RMQS1,"{""type"":""MultiPoint"",""coordinates"":[]}"
20220806T105629_20220806T105840_T30TXT_000000000000000003d3_0,3060,2027,928,1202,1404,1999,2527,2734,2987,3212,5,2022-08-06,Calcaric Stagnosols,47.378545490400924,-0.4318090677435681,941,RMQS1,"{""type"":""MultiPoint"",""coordinates"":[]}"
20220806T105629_20220806T105840_T30TXT_00000000000000000425_0,4337,3205,856,1060,1522,2001,2179,2462,2524,2855,5,2022-08-06,Dystric Cambisols,47.07400274117138,-1.0486456169071017,1028,RMQS1,"{""type"":""MultiPoint"",""coordinates"":[]}"
20220806T105629_20220806T105840_T30TXT_00000000000000000346_0,4150,3059,975,1394,1984,2308,2509,2747,2952,3041,5,2022-08-06,Eutric Cambisols,47.814923149860995,-0.2408778511839764,787,RMQS1,"{""type"":""MultiPoint"",""coordinates"":[]}"
20220806T105629_20220806T105840_T30TXT_000000000000000003a3_0,4135,3371,1278,1754,2194,2561,2846,3028,3232,3292,5,2022-08-06,Eutric Cambisols,47.5114371856529,-0.8638591780283975,888,RMQS1,"{""type"":""MultiPoint"",""coordinates"":[]}"
20220806T105629_20220806T105840_T30TXT_000000000000000003a6_0,2829,2110,749,1254,1460,1978,2411,2653,2844,2840,5,2022-08-06,Eutric Cambisols,47.52726373661135,-0.22694380944694587,891,RMQS1,"{""type"":""MultiPoint"",""coordinates"":[]}"
20220806T105629_20220806T105840_T30TXT_000000000000000003ce_0,4057,2924,889,1102,1570,1779,1948,2189,2500,2546,5,2022-08-06,Eutric Cambisols,47.34836494238278,-1.4900282927971908,936,RMQS1,"{""type"":""MultiPoint"",""coordinates"":[]}"
20220806T105629_20220806T105840_T30TXT_000000000000000003cf_0,3660,2365,784,1088,1414,1840,2574,2990,3256,3413,5,2022-08-06,Eutric Cambisols,47.35517571035672,-1.2784818904062163,937,RMQS1,"{""type"":""MultiPoint"",""coordinates"":[]}"
20220806T105629_20220806T105840_T30TXT_000000000000000003d0_0,4295,2931,1015,1422,1956,2376,2738,2990,3276,3433,5,2022-08-06,Eutric Cambisols,47.361599139918965,-1.066883803023206,938,RMQS1,"{""type"":""MultiPoint"",""coordinates"":[]}"
20220806T105629_20220806T105840_T30TXT_000000000000000003d1_0,2892,2180,843,972,1126,1499,1900,2237,2177,2469,5,2022-08-06,Eutric Cambisols,47.36763519287751,-0.8552369504202991,939,RMQS1,"{""type"":""MultiPoint"",""coordinates"":[]}"
20220806T105629_20220806T105840_T30TXT_000000000000000003fd_0,4671,3886,1424,2042,2742,3087,3216,3396,3695,3650,5,2022-08-06,Eutric Cambisols,47.22382482347914,-0.846661047954409,984,RMQS1,"{""type"":""MultiPoint"",""coordinates"":[]}"
20220806T105629_20220806T105840_T30TXT_00000000000000000428_0,3737,2490,594,730,1074,1516,1997,2332,2231,2805,5,2022-08-06,Eutric Cambisols,47.09086111243849,-0.4169649830118412,1031,RMQS1,"{""type"":""MultiPoint"",""coordinates"":[]}"
20220806T105629_20220806T105840_T30TXT_0000000000000000044f_0,3940,3142,1248,1608,2114,2193,2325,2452,3016,2682,5,2022-08-06,Eutric Cambisols,46.93019573775069,-1.0395982629544858,1072,RMQS1,"{""type"":""MultiPoint"",""coordinates"":[]}"
20220806T105629_20220806T105840_T30TXT_00000000000000000451_0,4719,4104,1306,1746,2450,2796,2902,3140,3280,3342,5,2022-08-06,Eutric Cambisols,46.9417895615141,-0.6196452491549915,1074,RMQS1,"{""type"":""MultiPoint"",""coordinates"":[]}"
20220806T105629_20220806T105840_T30TXT_00000000000000000452_0,4059,2628,941,1236,1770,2146,2520,2822,3010,3183,5,2022-08-06,Eutric Cambisols,46.94700987629724,-0.4096035481119666,1075,RMQS1,"{""type"":""MultiPoint"",""coordinates"":[]}"
20220806T105629_20220806T105840_T30TXT_000000000000000003a2_0,4773,3516,956,1240,1804,2147,2335,2606,2990,3061,5,2022-08-06,Eutric Planosols,47.5053851233505,-1.0760766183038721,887,RMQS1,"{""type"":""MultiPoint"",""coordinates"":[]}"
20220806T105629_20220806T105840_T30TXT_00000000000000000423_0,4047,2845,716,884,1236,1589,1768,2008,2204,2387,5,2022-08-06,Eutric Stagnosols,47.06083858674182,-1.4695277327144516,1026,RMQS1,"{""type"":""MultiPoint"",""coordinates"":[]}"
20220806T105629_20220806T105840_T30TXT_00000000000000000424_0,4248,2844,800,1074,1576,1936,2213,2531,2900,2973,5,2022-08-06,Eutric Stagnosols,47.06761295752735,-1.2591121383324968,1027,RMQS1,"{""type"":""MultiPoint"",""coordinates"":[]}"
20220806T105629_20220806T105840_T30TXT_0000000000000000044e_0,3982,3532,1144,1552,2048,2326,2470,2598,2795,2799,5,2022-08-06,Eutric Stagnosols,46.92382265539237,-1.2495036368667687,1071,RMQS1,"{""type"":""MultiPoint"",""coordinates"":[]}"
20220806T105629_20220806T105840_T30TXT_000000000000000003d2_0,3740,2530,725,932,1292,1628,2010,2285,2522,2633,5,2022-08-06,Fluvic Cambisols,47.373283735905275,-0.6435446460553932,940,RMQS1,"{""type"":""MultiPoint"",""coordinates"":[]}"
20220806T105629_20220806T105840_T30TXT_00000000000000000373_0,3595,2508,626,924,1232,1693,2296,2642,2733,3079,5,2022-08-06,Haplic Luvisols,47.649161307086686,-1.0853193015243408,835,RMQS1,"{""type"":""MultiPoint"",""coordinates"":[]}"
20220806T105629_20220806T105840_T30TXT_00000000000000000341_0,3609,2263,1028,1352,1720,2244,3191,3550,3965,4023,5,2022-08-06,Luvic Cambisols,47.78645279596832,-1.3079284435771275,782,RMQS1,"{""type"":""MultiPoint"",""coordinates"":[]}"
20220806T105629_20220806T105840_T30TXT_00000000000000000342_0,3541,2308,722,1005,1296,1759,2398,2687,3139,3237,5,2022-08-06,Luvic Stagnosols,47.792927590004076,-1.094611919198103,783,RMQS1,"{""type"":""MultiPoint"",""coordinates"":[]}"
20220806T105629_20220806T105840_T30TXT_00000000000000000371_0,3710,2413,656,888,1278,1669,2272,2618,3011,3100,5,2022-08-06,Luvic Stagnosols,47.63585721742105,-1.5107475871223333,833,RMQS1,"{""type"":""MultiPoint"",""coordinates"":[]}"
20220806T105629_20220806T105840_T30TXT_000000000000000003a1_0,3642,2587,730,947,1258,1604,2062,2301,2648,2759,5,2022-08-06,Luvic Stagnosols,47.498944685775584,-1.28824436436936,886,RMQS1,"{""type"":""MultiPoint"",""coordinates"":[]}"
20220806T105629_20220806T105840_T30TXT_000000000000000003a4_0,3710,2757,728,1116,1376,2334,2698,2968,2940,3183,5,2022-08-06,Luvic Stagnosols,47.51710088226913,-0.6515964560312686,889,RMQS1,"{""type"":""MultiPoint"",""coordinates"":[]}"
20220806T105629_20220806T105840_T30TXT_000000000000000003fb_0,3863,2656,802,1050,1470,1770,2163,2429,2890,2917,5,2022-08-06,Luvic Stagnosols,47.211397906657915,-1.2687716634863067,982,RMQS1,"{""type"":""MultiPoint"",""coordinates"":[]}"
20220806T105629_20220806T105840_T30TXT_000000000000000003fc_0,1674,1219,475,600,562,1017,1609,1867,1828,1978,5,2022-08-06,Luvic Stagnosols,47.21780454377256,-1.057740607968168,983,RMQS1,"{""type"":""MultiPoint"",""coordinates"":[]}"
20220806T105629_20220806T105840_T30TXT_000000000000000003fe_0,3582,2537,847,1188,1572,1659,2262,2591,2830,2980,5,2022-08-06,Luvic Stagnosols,47.22945853909696,-0.6355357376199361,985,RMQS1,"{""type"":""MultiPoint"",""coordinates"":[]}"
20220806T105629_20220806T105840_T30TXT_00000000000000000426_0,4144,2853,867,1146,1670,2040,2331,2649,2842,3091,5,2022-08-06,Luvic Stagnosols,47.0800075627226,-0.8381303482474657,1029,RMQS1,"{""type"":""MultiPoint"",""coordinates"":[]}"
20220806T105629_20220806T105840_T30TXT_00000000000000000427_0,4460,3110,942,1284,1870,2173,2381,2663,3028,3156,5,2022-08-06,Luvic Stagnosols,47.08562684884006,-0.6275691659890881,1030,RMQS1,"{""type"":""MultiPoint"",""coordinates"":[]}"
20220806T105629_20220806T105840_T30TXT_0000000000000000044c_0,3657,2850,1002,1366,1638,2094,2514,2761,3068,3086,5,2022-08-06,Luvic Stagnosols,46.90992528077999,-1.66915941877578,1069,RMQS1,"{""type"":""MultiPoint"",""coordinates"":[]}"
20220806T105629_20220806T105840_T30TXT_00000000000000000345_0,4326,3691,1504,2082,2710,3018,3241,3433,3688,3663,5,2022-08-06,Umbric Leptosols,47.810009864546274,-0.45437452705414894,786,RMQS1,"{""type"":""MultiPoint"",""coordinates"":[]}"
20220806T105629_20220806T105840_T30TXT_00000000000000000450_0,4265,3534,1058,1326,1894,2159,2351,2545,2751,2888,5,2022-08-06,Umbric Leptosols,46.93618477307166,-0.8296446531767723,1073,RMQS1,"{""type"":""MultiPoint"",""coordinates"":[]}"
20220806T105629_20220806T105840_T30TYN_0000000000000000084c_0,3986,2784,810,1142,1536,1984,2319,2601,2604,2878,5,2022-08-06,Eutric Cambisols,43.21642624564816,0.16184093803944713,2184,RMQS1,"{""type"":""MultiPoint"",""coordinates"":[]}"
20220806T105629_20220806T105840_T30TYP_00000000000000000046_0,3704,2372,941,1374,1876,2211,2965,3346,3476,3702,5,2022-08-06,Gleyic Cambisols,43.74950007383431,0.1370914792787227,SIM91955,HWSDv2,"{""type"":""MultiPoint"",""coordinates"":[]}"
20220806T105629_20220806T105840_T30TYP_00000000000000000784_0,3932,2420,952,1296,1954,2294,2476,2716,2790,3139,5,2022-08-06,Calcaric Cambisols,43.939013384960546,0.3332815597688434,1963,RMQS1,"{""type"":""MultiPoint"",""coordinates"":[]}"
20220806T105629_20220806T105840_T30TYP_00000000000000000782_0,3185,1961,637,947,1260,1730,2225,2584,2648,2957,5,2022-08-06,Eutric Cambisols,43.930951648700834,-0.0646614475812049,1961,RMQS1,"{""type"":""MultiPoint"",""coordinates"":[]}"
20220806T105629_20220806T105840_T30TYP_000000000000000007b0_0,3838,2403,764,962,1328,1825,2181,2495,2652,2959,5,2022-08-06,Eutric Cambisols,43.79522514265497,0.3383439567382782,2009,RMQS1,"{""type"":""MultiPoint"",""coordinates"":[]}"
20220806T105629_20220806T105840_T30TYP_00000000000000000759_0,5237,3432,1288,1840,2834,3371,3591,3940,4108,4485,5,2022-08-06,Haplic Luvisols,44.08281502778731,0.32819314039789665,1916,RMQS1,"{""type"":""MultiPoint"",""coordinates"":[]}"
20220806T105629_20220806T105840_T30TYQ_0000000000000000072b_0,2962,1741,572,702,992,1362,1729,1986,2110,2374,5,2022-08-06,Albic Podzols,44.2227601300758,0.12308158813210761,1869,RMQS1,"{""type"":""MultiPoint"",""coordinates"":[]}"
20220806T105629_20220806T105840_T30TYQ_00000000000000000701_0,5270,3282,1324,1728,2426,2963,3367,3819,3960,4349,5,2022-08-06,Calcaric Cambisols,44.36657602891278,0.11743191867862429,1826,RMQS1,"{""type"":""MultiPoint"",""coordinates"":[]}"
20220806T105629_20220806T105840_T30TYQ_0000000000000000063e_0,3341,2182,648,878,1004,1522,1962,2217,2458,2599,5,2022-08-06,Haplic Luvisols,45.07682572428559,-0.317346758335372,1614,RMQS1,"{""type"":""MultiPoint"",""coordinates"":[]}"
20220806T105629_20220806T105840_T30TYQ_00000000000000000641_0,3867,2338,653,916,1294,1772,2315,2669,3083,3035,5,2022-08-06,Haplic Luvisols,45.08973181236325,0.2918435407221803,1617,RMQS1,"{""type"":""MultiPoint"",""coordinates"":[]}"
20220806T105629_20220806T105840_T30TYQ_0000000000000000068c_0,4255,2858,858,1182,1672,2129,2406,2688,2820,3108,5,2022-08-06,Haplic Luvisols,44.789155867083174,-0.3036999732697204,1697,RMQS1,"{""type"":""MultiPoint"",""coordinates"":[]}"
20220806T105629_20220806T105840_T30TYQ_0000000000000000068e_0,2900,1966,481,712,962,1368,1784,2043,2110,2364,5,2022-08-06,Haplic Luvisols,44.798084038586595,0.1003104414595138,1699,RMQS1,"{""type"":""MultiPoint"",""coordinates"":[]}"
20220806T105629_20220806T105840_T30TYQ_000000000000000006b4_0,3553,2518,650,946,1260,1683,1977,2315,2490,2766,5,2022-08-06,Haplic Luvisols,44.64997037130344,-0.09545710057892369,1741,RMQS1,"{""type"":""MultiPoint"",""coordinates"":[]}"
20220806T105629_20220806T105840_T30TYQ_000000000000000006b7_0,3887,2579,992,1342,1882,1979,2466,2570,3074,3102,5,2022-08-06,Haplic Luvisols,44.66167066056686,0.5091410357468154,1744,RMQS1,"{""type"":""MultiPoint"",""coordinates"":[]}"
20220806T105629_20220806T105840_T30TYQ_000000000000000006b8_0,3296,2427,1007,1492,1912,2033,2286,2380,2416,2564,5,2022-08-06,Haplic Luvisols,44.664832562379004,0.7107266218471442,1745,RMQS1,"{""type"":""MultiPoint"",""coordinates"":[]}"
20220806T105629_20220806T105840_T30TYQ_000000000000000006dc_0,2491,1723,732,1188,1312,1795,2391,2613,2770,2917,5,2022-08-06,Haplic Luvisols,44.51429265450901,0.3127722289681817,1785,RMQS1,"{""type"":""MultiPoint"",""coordinates"":[]}"
20220806T105629_20220806T105840_T30TYQ_000000000000000006dd_0,4136,2574,879,1236,1706,2332,2767,3099,3172,3540,5,2022-08-06,Haplic Luvisols,44.51781425187794,0.5138181479053451,1786,RMQS1,"{""type"":""MultiPoint"",""coordinates"":[]}"
20220806T105629_20220806T105840_T30TYQ_000000000000000006b5_0,3195,2089,664,1020,1294,1520,2121,2467,2862,2840,5,2022-08-06,Mollic Umbrisols,44.654239038585125,0.1060466195283175,1742,RMQS1,"{""type"":""MultiPoint"",""coordinates"":[]}"
20220806T105629_20220806T105840_T30TYQ_000000000000000006b3_0,3195,2264,693,992,1254,1697,2357,2681,2756,2989,5,2022-08-06,Skeletic Leptosols,44.64533335157851,-0.296928912334436,1740,RMQS1,"{""type"":""MultiPoint"",""coordinates"":[]}"
20220806T105629_20220806T105840_T30TYR_00000000000000000062_0,3039,2321,872,1438,1852,2306,2516,2716,2893,2972,5,2022-08-06,Calcaric Cambisols,45.9412014057957,0.065289686897003,SIM30965,HWSDv2,"{""type"":""MultiPoint"",""coordinates"":[]}"
20220806T105629_20220806T105840_T30TYR_0000000000000000006d_0,1930,1261,602,968,1046,1570,2016,2273,2444,2422,5,2022-08-06,Dystric Cambisols,45.88556111979459,0.7843482631787697,SIM11541,HWSDv2,"{""type"":""MultiPoint"",""coordinates"":[]}"
20220806T105629_20220806T105840_T30TYR_00000000000000000559_0,4563,3196,1180,1556,2200,2523,2742,2950,3200,3278,5,2022-08-06,Calcaric Cambisols,45.93996642092588,-0.35914842977074507,1367,RMQS1,"{""type"":""MultiPoint"",""coordinates"":[]}"
20220806T105629_20220806T105840_T30TYR_0000000000000000055a_0,3895,2824,1240,1722,2322,2507,2814,3078,3512,3349,5,2022-08-06,Calcaric Cambisols,45.944714618679825,-0.15292400530684933,1368,RMQS1,"{""type"":""MultiPoint"",""coordinates"":[]}"
20220806T105629_20220806T105840_T30TYR_0000000000000000057f_0,3081,2240,946,1262,1526,1853,2283,2484,2705,2689,5,2022-08-06,Calcaric Cambisols,45.796101290683936,-0.35209062396110746,1408,RMQS1,"{""type"":""MultiPoint"",""coordinates"":[]}"
20220806T105629_20220806T105840_T30TYR_00000000000000000580_0,3575,2921,1002,1448,2044,2413,2517,2732,2906,2819,5,2022-08-06,Calcaric Cambisols,45.80083722296923,-0.1464050002597506,1409,RMQS1,"{""type"":""MultiPoint"",""coordinates"":[]}"
20220806T105629_20220806T105840_T30TYR_000000000000000005a2_0,4043,3123,1264,1650,2036,2396,2648,2966,3260,3260,5,2022-08-06,Calcaric Cambisols,45.65223876933945,-0.3450692344122223,1448,RMQS1,"{""type"":""MultiPoint"",""coordinates"":[]}"
20220806T105629_20220806T105840_T30TYR_000000000000000005a4_0,3806,2649,840,1170,1394,2146,3008,3346,3484,3684,5,2022-08-06,Calcaric Cambisols,45.66131000624331,0.0652636300268976,1450,RMQS1,"{""type"":""MultiPoint"",""coordinates"":[]}"
20220806T105629_20220806T105840_T30TYR_000000000000000005a5_0,3470,2580,1172,1748,2254,2716,2973,3212,3380,3465,5,2022-08-06,Calcaric Cambisols,45.66528210595559,0.2704780405947115,1451,RMQS1,"{""type"":""MultiPoint"",""coordinates"":[]}"
20220806T105629_20220806T105840_T30TYR_000000000000000005c8_0,3373,2151,763,1000,1282,1659,2279,2623,2784,2997,5,2022-08-06,Calcaric Cambisols,45.513089622659,-0.13346799206529747,1490,RMQS1,"{""type"":""MultiPoint"",""coordinates"":[]}"
20220806T105629_20220806T105840_T30TYR_000000000000000005f2_0,3363,2303,676,875,1138,1469,1885,2152,2387,2498,5,2022-08-06,Calcaric Cambisols,45.377496694565295,0.2812171796581916,1534,RMQS1,"{""type"":""MultiPoint"",""coordinates"":[]}"
20220806T105629_20220806T105840_T30TYR_000000000000000005ca_0,2960,2518,1062,1324,1700,1840,1899,2060,2165,2212,5,2022-08-06,Eutric Cambisols,45.52138752930262,0.2758619491347459,1492,RMQS1,"{""type"":""MultiPoint"",""coordinates"":[]}"
20220806T105629_20220806T105840_T30TYR_000000000000000005f0_0,3079,2191,774,1014,1364,1611,2184,2499,2733,2803,5,2022-08-06,Eutric Cambisols,45.36922081868101,-0.12705033910126268,1532,RMQS1,"{""type"":""MultiPoint"",""coordinates"":[]}"
20220806T105629_20220806T105840_T30TYR_000000000000000005f1_0,4038,2834,1014,1344,1828,2151,2543,2778,2983,3063,5,2022-08-06,Eutric Cambisols,45.373545582811104,0.07706807018069811,1533,RMQS1,"{""type"":""MultiPoint"",""coordinates"":[]}"
20220806T105629_20220806T105840_T30TYR_0000000000000000063e_0,3305,2171,677,890,1004,1508,1965,2226,2459,2598,5,2022-08-06,Haplic Luvisols,45.07682572428559,-0.317346758335372,1614,RMQS1,"{""type"":""MultiPoint"",""coordinates"":[]}"
20220806T105629_20220806T105840_T30TYR_00000000000000000641_0,3797,2316,675,919,1266,1725,2282,2629,3034,2992,5,2022-08-06,Haplic Luvisols,45.08973181236325,0.2918435407221803,1617,RMQS1,"{""type"":""MultiPoint"",""coordinates"":[]}"
20220806T105629_20220806T105840_T30TYR_0000000000000000055b_0,3251,2751,740,1140,1728,1994,2155,2301,2376,2381,5,2022-08-06,Rendzic Leptosols,45.94908569567597,0.0533355420428352,1369,RMQS1,"{""type"":""MultiPoint"",""coordinates"":[]}"
20220806T105629_20220806T105840_T30TYR_00000000000000000582_0,3853,3321,942,1376,2088,2359,2460,2620,2708,2778,5,2022-08-06,Rendzic Leptosols,45.809179554957446,0.2650661302913653,1411,RMQS1,"{""type"":""MultiPoint"",""coordinates"":[]}"
20220806T105629_20220806T105840_T30TYR_0000000000000000061a_0,4168,2567,858,1188,1556,2125,2933,3324,3504,3750,5,2022-08-06,Rendzic Leptosols,45.23361103386122,0.2865440554918134,1576,RMQS1,"{""type"":""MultiPoint"",""coordinates"":[]}"
20220806T105629_20220806T105840_T30TYR_00000000000000000028_0,3229,2914,758,940,1346,1877,2311,2632,2537,2684,5,2022-08-06,Eutric Fluvisols,45.89861111,0.00277778,68782,{WD-WISE},"{""type"":""MultiPoint"",""coordinates"":[]}"
20220806T105629_20220806T105840_T30TYR_0000000000000000000a_0,3454,2597,1152,1666,2116,1975,2764,3256,3564,3537,5,2022-08-06,Haplic Calcisols,45.89860153,0.16666700000000004,613272,{WD-eSOTER},"{""type"":""MultiPoint"",""coordinates"":[]}"
20220806T105629_20220806T105840_T30TYS_00000000000000000047_0,3838,2582,792,992,1314,1591,1807,2057,2292,2414,5,2022-08-06,Calcaric Cambisols,46.824972900619045,0.04966733955390921,SIM21316,HWSDv2,"{""type"":""MultiPoint"",""coordinates"":[]}"
20220806T105629_20220806T105840_T30TYS_0000000000000000005e_0,3650,2578,774,1068,1438,1845,2286,2590,2806,2927,5,2022-08-06,Calcaric Cambisols,46.50806450849034,0.9910526900588258,SIM48183,HWSDv2,"{""type"":""MultiPoint"",""coordinates"":[]}"
20220806T105629_20220806T105840_T30TYS_00000000000000000062_0,3036,2326,872,1438,1852,2306,2515,2718,2896,2969,5,2022-08-06,Calcaric Cambisols,45.9412014057957,0.065289686897003,SIM30965,HWSDv2,"{""type"":""MultiPoint"",""coordinates"":[]}"
20220806T105629_20220806T105840_T30TYS_00000000000000000038_0,4217,2713,970,1234,1758,2242,2596,2897,3066,3286,5,2022-08-06,Dystric Cambisols,46.480134993254126,-0.3465850028819951,SIM96304,HWSDv2,"{""type"":""MultiPoint"",""coordinates"":[]}"
20220806T105629_20220806T105840_T30TYS_0000000000000000008f_0,3875,2499,709,971,1374,1785,2158,2480,2842,2964,5,2022-08-06,Dystric Cambisols,46.77832542777133,-0.3382411771660767,SIM14697,HWSDv2,"{""type"":""MultiPoint"",""coordinates"":[]}"
20220806T105629_20220806T105840_T30TYS_0000000000000000047a_0,4732,3551,1422,1828,2542,2657,3035,3330,3816,3685,5,2022-08-06,Calcaric Cambisols,46.807977527995845,-0.1927610664429544,1120,RMQS1,"{""type"":""MultiPoint"",""coordinates"":[]}"
20220806T105629_20220806T105840_T30TYS_0000000000000000047b_0,4180,2905,902,1140,1550,1875,2123,2307,2542,2665,5,2022-08-06,Calcaric Cambisols,46.81241770986821,0.0167940237217408,1121,RMQS1,"{""type"":""MultiPoint"",""coordinates"":[]}"
20220806T105629_20220806T105840_T30TYS_000000000000000004a4_0,4052,3375,1186,1742,2510,2765,2828,2975,3164,3093,5,2022-08-06,Calcaric Cambisols,46.67258035875013,0.23199594562391013,1163,RMQS1,"{""type"":""MultiPoint"",""coordinates"":[]}"
20220806T105629_20220806T105840_T30TYS_000000000000000004e9_0,2840,1994,696,1060,1382,1846,2454,2868,3156,3223,5,2022-08-06,Calcaric Cambisols,46.37156653893897,-0.3805451901586974,1242,RMQS1,"{""type"":""MultiPoint"",""coordinates"":[]}"
20220806T105629_20220806T105840_T30TYS_00000000000000000534_0,4524,3377,1290,1690,2290,2781,3025,3214,3424,3518,5,2022-08-06,Calcaric Cambisols,46.08859385191447,-0.1594768947852432,1326,RMQS1,"{""type"":""MultiPoint"",""coordinates"":[]}"
20220806T105629_20220806T105840_T30TYS_00000000000000000559_0,4563,3197,1168,1548,2188,2514,2736,2948,3196,3275,5,2022-08-06,Calcaric Cambisols,45.93996642092588,-0.35914842977074507,1367,RMQS1,"{""type"":""MultiPoint"",""coordinates"":[]}"
20220806T105629_20220806T105840_T30TYS_0000000000000000055a_0,3899,2822,1234,1718,2318,2507,2811,3074,3504,3347,5,2022-08-06,Calcaric Cambisols,45.944714618679825,-0.15292400530684933,1368,RMQS1,"{""type"":""MultiPoint"",""coordinates"":[]}"
20220806T105629_20220806T105840_T30TYS_000000000000000004a2_0,4516,3360,1070,1360,1966,2296,2495,2744,2996,3122,5,2022-08-06,Eutric Cambisols,46.66410545174147,-0.1860336665629188,1161,RMQS1,"{""type"":""MultiPoint"",""coordinates"":[]}"
20220806T105629_20220806T105840_T30TYS_000000000000000004a5_0,4077,3263,1134,1670,2402,2587,2783,3030,3196,3181,5,2022-08-06,Eutric Cambisols,46.67624425670514,0.4410565506621489,1164,RMQS1,"{""type"":""MultiPoint"",""coordinates"":[]}"
20220806T105629_20220806T105840_T30TYS_000000000000000004a7_0,2409,1707,687,1186,1284,1961,2640,2817,2980,3019,5,2022-08-06,Eutric Cambisols,46.68242330115931,0.8592545683175709,1166,RMQS1,"{""type"":""MultiPoint"",""coordinates"":[]}"
20220806T105629_20220806T105840_T30TYS_000000000000000004eb_0,3369,2171,556,741,1122,1374,1617,1804,2128,2269,5,2022-08-06,Eutric Cambisols,46.380758268333096,0.035208723464946995,1244,RMQS1,"{""type"":""MultiPoint"",""coordinates"":[]}"
20220806T105629_20220806T105840_T30TYS_00000000000000000511_0,3508,2731,963,1398,1942,2230,2359,2579,2792,2790,5,2022-08-06,Eutric Cambisols,46.232473574319876,-0.1660639103129587,1285,RMQS1,"{""type"":""MultiPoint"",""coordinates"":[]}"
20220806T105629_20220806T105840_T30TYS_00000000000000000535_0,4228,3793,1140,1648,2454,2692,2855,3019,3228,3280,5,2022-08-06,Eutric Cambisols,46.09297615641257,0.04732481199581941,1327,RMQS1,"{""type"":""MultiPoint"",""coordinates"":[]}"
20220806T105629_20220806T105840_T30TYS_0000000000000000047d_0,3873,3089,1134,1544,2102,2380,2484,2678,2776,2967,5,2022-08-06,Haplic Luvisols,46.82014893841074,0.43599984899138555,1123,RMQS1,"{""type"":""MultiPoint"",""coordinates"":[]}"
20220806T105629_20220806T105840_T30TYS_000000000000000004ca_0,3973,3052,916,1172,1542,2043,2516,2811,2942,3152,5,2022-08-06,Haplic Luvisols,46.52868315472322,0.2375799776288461,1203,RMQS1,"{""type"":""MultiPoint"",""coordinates"":[]}"
20220806T105629_20220806T105840_T30TYS_000000000000000004cb_0,3566,2500,1154,1520,1926,1782,2522,2880,2890,3184,5,2022-08-06,Haplic Luvisols,46.532337162248965,0.4460865612049353,1204,RMQS1,"{""type"":""MultiPoint"",""coordinates"":[]}"
20220806T105629_20220806T105840_T30TYS_00000000000000000515_0,4135,2703,715,982,1350,1815,2309,2671,2921,3148,5,2022-08-06,Haplic Luvisols,46.247771765350535,0.6635006352149346,1289,RMQS1,"{""type"":""MultiPoint"",""coordinates"":[]}"
20220806T105629_20220806T105840_T30TYS_000000000000000004a3_0,3754,3004,817,1150,1440,2161,2555,2762,2762,3022,5,2022-08-06,Luvic Cambisols,46.66853388036982,0.022964816140841896,1162,RMQS1,"{""type"":""MultiPoint"",""coordinates"":[]}"
20220806T105629_20220806T105840_T30TYS_000000000000000004c9_0,4653,3222,970,1278,1910,2248,2536,2786,3039,3220,5,2022-08-06,Luvic Cambisols,46.52464730282354,0.0291027779705774,1202,RMQS1,"{""type"":""MultiPoint"",""coordinates"":[]}"
20220806T105629_20220806T105840_T30TYS_000000000000000004ef_0,4184,2977,1032,1402,1928,2102,2630,3079,3420,3495,5,2022-08-06,Luvic Cambisols,46.3945739230684,0.8670762593857257,1248,RMQS1,"{""type"":""MultiPoint"",""coordinates"":[]}"
20220806T105629_20220806T105840_T30TYS_00000000000000000513_0,4540,3699,1422,1968,2778,3130,3239,3418,3627,3691,5,2022-08-06,Luvic Cambisols,46.240882187673726,0.2486608574550119,1287,RMQS1,"{""type"":""MultiPoint"",""coordinates"":[]}"
20220806T105629_20220806T105840_T30TYS_0000000000000000047e_0,3466,2164,723,1042,1252,1830,2476,2752,2906,3085,5,2022-08-06,Luvic Stagnosols,46.8234383704253,0.6456440699083928,1124,RMQS1,"{""type"":""MultiPoint"",""coordinates"":[]}"
20220806T105629_20220806T105840_T30TYS_00000000000000000510_0,4216,3611,1188,1720,2412,2669,2774,2905,3022,3075,5,2022-08-06,Rendzic Leptosols,46.22770007987587,-0.37337542741971824,1284,RMQS1,"{""type"":""MultiPoint"",""coordinates"":[]}"
20220806T105629_20220806T105840_T30TYS_0000000000000000055b_0,3255,2755,737,1136,1718,1993,2156,2305,2370,2388,5,2022-08-06,Rendzic Leptosols,45.94908569567597,0.0533355420428352,1369,RMQS1,"{""type"":""MultiPoint"",""coordinates"":[]}"
20220806T105629_20220806T105840_T30TYT_00000000000000000053_0,2306,1445,624,1136,1212,1789,2293,2478,2680,2666,5,2022-08-06,Gleyic Cambisols,47.49837804877488,0.14104694691730213,SIM55438,HWSDv2,"{""type"":""MultiPoint"",""coordinates"":[]}"
20220806T105629_20220806T105840_T30TYT_000000000000000003a9_0,4155,2708,886,1184,1930,2465,2900,3147,3319,3699,5,2022-08-06,Abruptic Luvisols,47.53959415479821,0.41030810140731977,894,RMQS1,"{""type"":""MultiPoint"",""coordinates"":[]}"
20220806T105629_20220806T105840_T30TYT_0000000000000000042b_0,3359,2505,774,1062,1318,1639,2279,2511,2675,2804,5,2022-08-06,Calcaric Cambisols,47.10425287092702,0.21506484746405896,1034,RMQS1,"{""type"":""MultiPoint"",""coordinates"":[]}"
20220806T105629_20220806T105840_T30TYT_00000000000000000453_0,2827,2269,734,1174,1458,1763,2447,2705,2798,2848,5,2022-08-06,Calcaric Cambisols,46.95184611031054,-0.1995238782819994,1076,RMQS1,"{""type"":""MultiPoint"",""coordinates"":[]}"
20220806T105629_20220806T105840_T30TYT_00000000000000000455_0,3985,3166,1188,1632,2068,2470,2751,2983,3220,3221,5,2022-08-06,Calcaric Cambisols,46.96036661922275,0.2207384625363551,1078,RMQS1,"{""type"":""MultiPoint"",""coordinates"":[]}"
20220806T105629_20220806T105840_T30TYT_00000000000000000346_0,4144,3041,992,1396,1986,2305,2508,2745,2949,3040,5,2022-08-06,Eutric Cambisols,47.814923149860995,-0.2408778511839764,787,RMQS1,"{""type"":""MultiPoint"",""coordinates"":[]}"
20220806T105629_20220806T105840_T30TYT_0000000000000000037b_0,4444,3078,1005,1370,2030,2367,2673,2950,3332,3395,5,2022-08-06,Eutric Cambisols,47.68680357363322,0.6181369317170614,843,RMQS1,"{""type"":""MultiPoint"",""coordinates"":[]}"
20220806T105629_20220806T105840_T30TYT_0000000000000000037d_0,2920,2539,632,1044,1550,1746,1860,1996,2090,2063,5,2022-08-06,Eutric Cambisols,47.69231735110835,1.0443128583803534,845,RMQS1,"{""type"":""MultiPoint"",""coordinates"":[]}"
20220806T105629_20220806T105840_T30TYT_000000000000000003a6_0,2825,2100,760,1254,1454,1977,2412,2657,2824,2840,5,2022-08-06,Eutric Cambisols,47.52726373661135,-0.22694380944694587,891,RMQS1,"{""type"":""MultiPoint"",""coordinates"":[]}"
20220806T105629_20220806T105840_T30TYT_000000000000000003aa_0,4659,3117,1426,1954,2856,3165,3369,3558,3948,3950,5,2022-08-06,Eutric Cambisols,47.542927371413136,0.6227839914739651,895,RMQS1,"{""type"":""MultiPoint"",""coordinates"":[]}"
20220806T105629_20220806T105840_T30TYT_00000000000000000454_0,4396,3183,1222,1666,2340,2656,2867,3077,3340,3387,5,2022-08-06,Eutric Cambisols,46.956298171951104,0.010590911430724102,1077,RMQS1,"{""type"":""MultiPoint"",""coordinates"":[]}"
20220806T105629_20220806T105840_T30TYT_00000000000000000459_0,4228,2749,840,1182,1686,2149,2583,2868,3152,3315,5,2022-08-06,Eutric Cambisols,46.97278837529007,1.061600350806898,1082,RMQS1,"{""type"":""MultiPoint"",""coordinates"":[]}"
20220806T105629_20220806T105840_T30TYT_00000000000000000456_0,3475,2259,1032,1392,1700,2220,3258,3650,4044,3919,5,2022-08-06,Eutric Planosols,46.96405011215721,0.43091598807012294,1079,RMQS1,"{""type"":""MultiPoint"",""coordinates"":[]}"
20220806T105629_20220806T105840_T30TYT_0000000000000000042f_0,4509,3959,1718,2204,2908,3138,3259,3452,3697,3660,5,2022-08-06,Eutric Retisols,47.11670746180148,1.0581797222389806,1038,RMQS1,"{""type"":""MultiPoint"",""coordinates"":[]}"
20220806T105629_20220806T105840_T30TYT_000000000000000003d4_0,2139,1772,694,844,802,1354,1694,1989,1537,1941,5,2022-08-06,Fluvic Cambisols,47.38342028009009,-0.22003232941304118,942,RMQS1,"{""type"":""MultiPoint"",""coordinates"":[]}"
20220806T105629_20220806T105840_T30TYT_0000000000000000037c_0,4513,3048,1018,1458,2228,2619,2852,3084,3368,3540,5,2022-08-06,Haplic Luvisols,47.68975585042416,0.8312134254903143,844,RMQS1,"{""type"":""MultiPoint"",""coordinates"":[]}"
20220806T105629_20220806T105840_T30TYT_000000000000000003d7_0,3754,2656,766,1018,1526,1820,2135,2420,2710,2881,5,2022-08-06,Haplic Luvisols,47.395718283839564,0.4155014966302985,945,RMQS1,"{""type"":""MultiPoint"",""coordinates"":[]}"
20220806T105629_20220806T105840_T30TYT_0000000000000000047d_0,3876,3090,1122,1538,2104,2378,2488,2682,2780,2968,5,2022-08-06,Haplic Luvisols,46.82014893841074,0.43599984899138555,1123,RMQS1,"{""type"":""MultiPoint"",""coordinates"":[]}"
20220806T105629_20220806T105840_T30TYT_000000000000000003da_0,3765,2691,776,1074,1550,1797,2088,2343,2566,2685,5,2022-08-06,Luvic Cambisols,47.404526962741336,1.0512838631524177,948,RMQS1,"{""type"":""MultiPoint"",""coordinates"":[]}"
20220806T105629_20220806T105840_T30TYT_0000000000000000047e_0,3475,2167,709,1036,1248,1828,2475,2756,2906,3088,5,2022-08-06,Luvic Stagnosols,46.8234383704253,0.6456440699083928,1124,RMQS1,"{""type"":""MultiPoint"",""coordinates"":[]}"
20220806T105629_20220806T105840_T30TYT_0000000000000000042d_0,4423,2932,1200,1736,2486,2859,3061,3307,3561,3678,5,2022-08-06,Rendzic Leptosols,47.111251889494554,0.6365738313282675,1036,RMQS1,"{""type"":""MultiPoint"",""coordinates"":[]}"
20220806T105629_20220806T105840_T30TYT_00000000000000000457_0,3395,2343,792,1038,1216,1629,2012,2239,2416,2553,5,2022-08-06,Stagnic Gleysols,46.96734759548669,0.6411210616326486,1080,RMQS1,"{""type"":""MultiPoint"",""coordinates"":[]}"
20220806T105629_20220806T105840_T30UWU_00000000000000000266_0,4453,3115,742,922,1396,1724,1959,2248,2608,2775,5,2022-08-06,Eutric Cambisols,48.35439323790906,-1.5635404540913678,552,RMQS1,"{""type"":""MultiPoint"",""coordinates"":[]}"
20220806T105629_20220806T105840_T30UWU_0000000000000000030c_0,4516,3167,1576,2016,2762,3107,3355,3606,4004,3973,5,2022-08-06,Eutric Cambisols,47.91603430018279,-1.745476497248388,725,RMQS1,"{""type"":""MultiPoint"",""coordinates"":[]}"
20220806T105629_20220806T105840_T30UWU_0000000000000000030d_0,4731,3993,1410,1930,2690,3010,3149,3395,3756,3709,5,2022-08-06,Eutric Cambisols,47.923307990099566,-1.5316923881437936,726,RMQS1,"{""type"":""MultiPoint"",""coordinates"":[]}"
20220806T105629_20220806T105840_T30UWU_000000000000000002d6_0,3511,2278,944,1334,1772,1741,2574,2992,3516,3374,5,2022-08-06,Eutric Planosols,48.06701622787837,-1.542250179015154,669,RMQS1,"{""type"":""MultiPoint"",""coordinates"":[]}"
20220806T105629_20220806T105840_T30UXU_00000000000000000036_0,3556,2676,1012,1342,1894,2078,2428,2682,3120,2928,5,2022-08-06,Calcaric Cambisols,48.10907181593538,-0.735429100079324,SIM13651,HWSDv2,"{""type"":""MultiPoint"",""coordinates"":[]}"
20220806T105629_20220806T105840_T30UXU_00000000000000000266_0,4452,3116,760,932,1400,1728,1964,2250,2605,2773,5,2022-08-06,Eutric Cambisols,48.35439323790906,-1.5635404540913678,552,RMQS1,"{""type"":""MultiPoint"",""coordinates"":[]}"
20220806T105629_20220806T105840_T30UXU_0000000000000000026b_0,3739,2411,620,900,1340,1677,2094,2376,2766,2873,5,2022-08-06,Eutric Cambisols,48.385139338527466,-0.48504228835138363,557,RMQS1,"{""type"":""MultiPoint"",""coordinates"":[]}"
20220806T105629_20220806T105840_T30UXU_000000000000000002a2_0,4079,2614,733,1004,1426,1808,2463,2860,3255,3361,5,2022-08-06,Eutric Cambisols,48.23603058427266,-0.6925192067347624,615,RMQS1,"{""type"":""MultiPoint"",""coordinates"":[]}"
20220806T105629_20220806T105840_T30UXU_000000000000000002a3_0,3474,2230,708,976,1382,1819,2232,2472,2894,3012,5,2022-08-06,Eutric Cambisols,48.24137610155507,-0.47731133756316646,616,RMQS1,"{""type"":""MultiPoint"",""coordinates"":[]}"
20220806T105629_20220806T105840_T30UXU_0000000000000000030d_0,4739,3995,1448,1954,2712,3034,3156,3396,3748,3706,5,2022-08-06,Eutric Cambisols,47.923307990099566,-1.5316923881437936,726,RMQS1,"{""type"":""MultiPoint"",""coordinates"":[]}"
20220806T105629_20220806T105840_T30UXU_00000000000000000311_0,4383,3046,918,1280,1956,2274,2473,2756,3120,3238,5,2022-08-06,Eutric Cambisols,47.94849317366794,-0.6760156266455097,730,RMQS1,"{""type"":""MultiPoint"",""coordinates"":[]}"
20220806T105629_20220806T105840_T30UXU_00000000000000000312_0,3914,2697,869,1208,1656,2098,2609,2871,3207,3292,5,2022-08-06,Eutric Cambisols,47.95381065424751,-0.4619779530939299,731,RMQS1,"{""type"":""MultiPoint"",""coordinates"":[]}"
20220806T105629_20220806T105840_T30UXU_00000000000000000346_0,4155,3060,969,1388,1978,2304,2506,2740,2947,3034,5,2022-08-06,Eutric Cambisols,47.814923149860995,-0.2408778511839764,787,RMQS1,"{""type"":""MultiPoint"",""coordinates"":[]}"
20220806T105629_20220806T105840_T30UXU_000000000000000002d6_0,3510,2276,962,1344,1782,1751,2577,2999,3521,3376,5,2022-08-06,Eutric Planosols,48.06701622787837,-1.542250179015154,669,RMQS1,"{""type"":""MultiPoint"",""coordinates"":[]}"
20220806T105629_20220806T105840_T30UXU_0000000000000000029f_0,3997,2762,1022,1378,1752,2295,3050,3364,3743,3756,5,2022-08-06,Luvic Cambisols,48.217631616685054,-1.3378583749460913,612,RMQS1,"{""type"":""MultiPoint"",""coordinates"":[]}"
20220806T105629_20220806T105840_T30UXU_000000000000000002a0_0,3577,2349,650,903,1240,1629,2232,2497,2879,2927,5,2022-08-06,Luvic Cambisols,48.22415840796734,-1.12279553866679,613,RMQS1,"{""type"":""MultiPoint"",""coordinates"":[]}"
20220806T105629_20220806T105840_T30UXU_00000000000000000341_0,3606,2263,1018,1346,1716,2240,3190,3548,3956,4015,5,2022-08-06,Luvic Cambisols,47.78645279596832,-1.3079284435771275,782,RMQS1,"{""type"":""MultiPoint"",""coordinates"":[]}"
20220806T105629_20220806T105840_T30UXU_00000000000000000342_0,3544,2307,722,1007,1300,1755,2401,2694,3152,3233,5,2022-08-06,Luvic Stagnosols,47.792927590004076,-1.094611919198103,783,RMQS1,"{""type"":""MultiPoint"",""coordinates"":[]}"
20220806T105629_20220806T105840_T30UXU_00000000000000000313_0,3994,2799,749,1060,1468,1845,2370,2686,3072,3131,5,2022-08-06,Stagnic Gleysols,47.95873693195089,-0.24789978942991164,732,RMQS1,"{""type"":""MultiPoint"",""coordinates"":[]}"
20220806T105629_20220806T105840_T30UXU_00000000000000000345_0,4325,3691,1490,2066,2692,3008,3234,3436,3676,3654,5,2022-08-06,Umbric Leptosols,47.810009864546274,-0.45437452705414894,786,RMQS1,"{""type"":""MultiPoint"",""coordinates"":[]}"
20220806T105629_20220806T105840_T30UXV_00000000000000000145_0,3720,2664,682,919,1240,1546,1981,2262,2548,2648,5,2022-08-06,Calcaric Cambisols,49.2524296158639,-0.3128849334520717,226,RMQS1,"{""type"":""MultiPoint"",""coordinates"":[]}"
20220806T105629_20220806T105840_T30UXV_00000000000000000143_0,3509,2191,856,1108,1562,2032,2646,2933,3240,3308,5,2022-08-06,Eutric Cambisols,49.2419384339,-0.7517416597964705,224,RMQS1,"{""type"":""MultiPoint"",""coordinates"":[]}"
20220806T105629_20220806T105840_T30UXV_0000000000000000016a_0,4529,3111,1156,1594,2302,2886,3174,3424,3624,3872,5,2022-08-06,Eutric Cambisols,49.10372135344036,-0.5243437661677463,268,RMQS1,"{""type"":""MultiPoint"",""coordinates"":[]}"
20220806T105629_20220806T105840_T30UXV_00000000000000000193_0,4484,3496,1282,1666,2304,2712,2964,3181,3460,3633,5,2022-08-06,Eutric Cambisols,48.95462129578324,-0.7345870226619744,319,RMQS1,"{""type"":""MultiPoint"",""coordinates"":[]}"
20220806T105629_20220806T105840_T30UXV_000000000000000001c2_0,3693,2489,652,872,1234,1633,2063,2354,2702,2822,5,2022-08-06,Eutric Cambisols,48.792340009945086,-1.3785460528190157,374,RMQS1,"{""type"":""MultiPoint"",""coordinates"":[]}"
20220806T105629_20220806T105840_T30UXV_00000000000000000169_0,4004,2842,1108,1622,2422,2819,2998,3301,3656,3772,5,2022-08-06,Mollic Umbrisols,49.09828931260999,-0.7431405771634085,267,RMQS1,"{""type"":""MultiPoint"",""coordinates"":[]}"
20220806T105629_20220806T105840_T30UYA_000000000000000000d7_0,3658,2529,586,854,1160,1499,2027,2355,2824,2785,5,2022-08-06,Luvic Cambisols,49.846349960839134,0.7673683666400959,96,RMQS1,"{""type"":""MultiPoint"",""coordinates"":[]}"
20220806T105629_20220806T105840_T30UYA_000000000000000000ec_0,1704,1406,914,907,908,1191,1412,1499,1514,1452,5,2022-08-06,Luvic Cambisols,49.69617066540041,0.32886089547803965,122,RMQS1,"{""type"":""MultiPoint"",""coordinates"":[]}"
20220806T105629_20220806T105840_T30UYA_00000000000000000107_0,3590,2543,560,780,1100,1513,1890,2160,2462,2535,5,2022-08-06,Luvic Cambisols,49.55598118421231,0.5553361753984187,152,RMQS1,"{""type"":""MultiPoint"",""coordinates"":[]}"
20220806T105629_20220806T105840_T30UYA_00000000000000000109_0,4401,3220,1005,1392,2026,2368,2594,2820,3064,3200,5,2022-08-06,Luvic Cambisols,49.56169025290863,0.9970773776870822,154,RMQS1,"{""type"":""MultiPoint"",""coordinates"":[]}"
20220806T105629_20220806T105840_T30UYA_0000000000000000010a_0,4608,3084,1038,1576,2520,2753,3079,3383,4112,4045,5,2022-08-06,Luvic Cambisols,49.56393970113884,1.217982875699953,155,RMQS1,"{""type"":""MultiPoint"",""coordinates"":[]}"
20220806T105629_20220806T105840_T30UYU_00000000000000000065_0,3634,2402,652,888,1232,1597,2316,2704,2996,3136,5,2022-08-06,Calcaric Cambisols,47.97731251242625,-0.12210587462628049,SIM80563,HWSDv2,"{""type"":""MultiPoint"",""coordinates"":[]}"
20220806T105629_20220806T105840_T30UYU_00000000000000000085_0,3568,3113,920,1358,1974,2223,2325,2485,2656,2633,5,2022-08-06,Dystric Cambisols,48.37296665555543,0.05304515271608401,SIM23309,HWSDv2,"{""type"":""MultiPoint"",""coordinates"":[]}"
20220806T105629_20220806T105840_T30UYU_0000000000000000026f_0,3365,2854,726,1174,1624,1894,2194,2320,2385,2466,5,2022-08-06,Calcaric Cambisols,48.40263291206547,0.37854077177569173,561,RMQS1,"{""type"":""MultiPoint"",""coordinates"":[]}"
20220806T105629_20220806T105840_T30UYU_000000000000000002dd_0,3738,2505,926,1306,1748,2059,3004,3326,3703,3627,5,2022-08-06,Calcaric Cambisols,48.107085541086306,-0.040260188681335705,676,RMQS1,"{""type"":""MultiPoint"",""coordinates"":[]}"
20220806T105629_20220806T105840_T30UYU_00000000000000000200_0,4089,2827,908,1250,1862,2141,2336,2555,2786,2894,5,2022-08-06,Dystric Cambisols,48.693612737860555,0.5848867249784298,444,RMQS1,"{""type"":""MultiPoint"",""coordinates"":[]}"
20220806T105629_20220806T105840_T30UYU_00000000000000000236_0,3979,3218,1252,1700,2398,2636,2786,2961,3307,3221,5,2022-08-06,Eutric Cambisols,48.53844952740837,-0.059909198434696706,501,RMQS1,"{""type"":""MultiPoint"",""coordinates"":[]}"
20220806T105629_20220806T105840_T30UYU_00000000000000000315_0,2057,1920,1150,1414,1622,1612,1624,1687,1884,1701,5,2022-08-06,Eutric Cambisols,47.96741451532722,0.18037000413400373,734,RMQS1,"{""type"":""MultiPoint"",""coordinates"":[]}"
20220806T105629_20220806T105840_T30UYU_00000000000000000317_0,4260,3194,980,1378,2046,2319,2494,2744,3108,3105,5,2022-08-06,Eutric Cambisols,47.97452533653467,0.608767793538443,736,RMQS1,"{""type"":""MultiPoint"",""coordinates"":[]}"
20220806T105629_20220806T105840_T30UYU_00000000000000000346_0,4152,3061,986,1396,1982,2308,2508,2747,2948,3035,5,2022-08-06,Eutric Cambisols,47.814923149860995,-0.2408778511839764,787,RMQS1,"{""type"":""MultiPoint"",""coordinates"":[]}"
20220806T105629_20220806T105840_T30UYU_00000000000000000272_0,3750,2593,1220,1656,2256,2712,3105,3356,3679,3747,5,2022-08-06,Eutric Retisols,48.411606154539754,1.0265529667530489,564,RMQS1,"{""type"":""MultiPoint"",""coordinates"":[]}"
20220806T105629_20220806T105840_T30UYU_000000000000000002aa_0,3999,2986,672,1018,1432,2366,2900,3198,3220,3520,5,2022-08-06,Eutric Retisols,48.267773070968104,1.0301448294912523,623,RMQS1,"{""type"":""MultiPoint"",""coordinates"":[]}"
20220806T105629_20220806T105840_T30UYU_000000000000000002e2_0,4001,2981,1198,1762,2490,2634,3021,3264,3795,3644,5,2022-08-06,Eutric Retisols,48.123926965867774,1.0337162685273735,681,RMQS1,"{""type"":""MultiPoint"",""coordinates"":[]}"
20220806T105629_20220806T105840_T30UYU_000000000000000002a9_0,3874,2910,1154,1588,2206,2600,2758,3026,3280,3252,5,2022-08-06,Luvic Stagnosols,48.265183822455356,0.8147095500113787,622,RMQS1,"{""type"":""MultiPoint"",""coordinates"":[]}"
20220806T105629_20220806T105840_T30UYU_0000000000000000034a_0,4392,3253,1134,1610,2348,2676,2821,3098,3456,3430,5,2022-08-06,Luvic Stagnosols,47.83066980746326,0.6134648025979296,791,RMQS1,"{""type"":""MultiPoint"",""coordinates"":[]}"
20220806T105629_20220806T105840_T30UYU_00000000000000000313_0,3996,2797,766,1068,1472,1846,2371,2688,3072,3134,5,2022-08-06,Stagnic Gleysols,47.95873693195089,-0.24789978942991164,732,RMQS1,"{""type"":""MultiPoint"",""coordinates"":[]}"
20220806T105629_20220806T105840_T30UYU_00000000000000000318_0,2203,1374,486,812,789,1193,1894,1979,1820,2184,5,2022-08-06,Stagnic Gleysols,47.97749316883225,0.8230065836699338,737,RMQS1,"{""type"":""MultiPoint"",""coordinates"":[]}"
20220806T105629_20220806T105840_T30UYU_00000000000000000347_0,4217,2928,636,894,1300,1681,2127,2407,2820,2926,5,2022-08-06,Stagnic Gleysols,47.81944570696398,-0.0273409106059758,788,RMQS1,"{""type"":""MultiPoint"",""coordinates"":[]}"
20220806T105629_20220806T105840_T30UYV_0000000000000000016f_0,4766,3434,1356,1866,2776,3192,3394,3708,4028,4133,5,2022-08-06,Calcaric Cambisols,49.12488144122345,0.5702344231172092,273,RMQS1,"{""type"":""MultiPoint"",""coordinates"":[]}"
20220806T105629_20220806T105840_T30UYV_00000000000000000196_0,3269,2483,930,1050,1388,1913,2171,2420,2084,2726,5,2022-08-06,Calcaric Cambisols,48.96967678241227,-0.0798881691545023,322,RMQS1,"{""type"":""MultiPoint"",""coordinates"":[]}"
20220806T105629_20220806T105840_T30UYV_00000000000000000200_0,4081,2816,910,1260,1874,2147,2338,2553,2789,2897,5,2022-08-06,Dystric Cambisols,48.693612737860555,0.5848867249784298,444,RMQS1,"{""type"":""MultiPoint"",""coordinates"":[]}"
20220806T105629_20220806T105840_T30UYV_00000000000000000198_0,3669,2678,806,1168,1762,1878,2217,2453,2840,2856,5,2022-08-06,Eutric Cambisols,48.97771987150982,0.3567683102719968,324,RMQS1,"{""type"":""MultiPoint"",""coordinates"":[]}"
20220806T105629_20220806T105840_T30UYV_0000000000000000019b_0,4343,3059,1128,1610,2362,2704,2890,3125,3420,3536,5,2022-08-06,Eutric Cambisols,48.986789979658724,1.011980189683206,327,RMQS1,"{""type"":""MultiPoint"",""coordinates"":[]}"
20220806T105629_20220806T105840_T30UYV_0000000000000000019c_0,3660,2888,1254,1672,2290,2535,2654,2846,3116,3046,5,2022-08-06,Eutric Cambisols,48.9890140623296,1.2304298587690576,328,RMQS1,"{""type"":""MultiPoint"",""coordinates"":[]}"
20220806T105629_20220806T105840_T30UYV_000000000000000001cc_0,4054,3293,1192,1632,2270,2534,2693,2921,3148,3167,5,2022-08-06,Eutric Cambisols,48.840401305739185,0.7978300881876609,384,RMQS1,"{""type"":""MultiPoint"",""coordinates"":[]}"
20220806T105629_20220806T105840_T30UYV_000000000000000001cd_0,3758,3249,1150,1366,1826,2256,2522,2571,2402,2926,5,2022-08-06,Eutric Cambisols,48.843018131050385,1.0156540889892636,385,RMQS1,"{""type"":""MultiPoint"",""coordinates"":[]}"
20220806T105629_20220806T105840_T30UYV_0000000000000000014c_0,2326,1816,1006,1210,1370,1493,1845,1931,2008,2125,5,2022-08-06,Eutric Fluvisols,49.276515471368825,1.2242410066178666,233,RMQS1,"{""type"":""MultiPoint"",""coordinates"":[]}"
20220806T105629_20220806T105840_T30UYV_00000000000000000199_0,4634,3258,1390,1888,2740,2978,3212,3433,3952,3945,5,2022-08-06,Eutric Planosols,48.98114290150368,0.5751455700546377,325,RMQS1,"{""type"":""MultiPoint"",""coordinates"":[]}"
20220806T105629_20220806T105840_T30UYV_00000000000000000202_0,4425,3195,1250,1756,2558,2856,3098,3298,3616,3706,5,2022-08-06,Eutric Retisols,48.69922952521517,1.0193074302902678,446,RMQS1,"{""type"":""MultiPoint"",""coordinates"":[]}"
20220806T105629_20220806T105840_T30UYV_00000000000000000107_0,3582,2540,580,792,1104,1515,1898,2168,2460,2541,5,2022-08-06,Luvic Cambisols,49.55598118421231,0.5553361753984187,152,RMQS1,"{""type"":""MultiPoint"",""coordinates"":[]}"
20220806T105629_20220806T105840_T30UYV_00000000000000000109_0,4383,3213,1004,1382,2006,2343,2577,2807,3042,3181,5,2022-08-06,Luvic Cambisols,49.56169025290863,0.9970773776870822,154,RMQS1,"{""type"":""MultiPoint"",""coordinates"":[]}"
20220806T105629_20220806T105840_T30UYV_0000000000000000010a_0,4588,3076,1036,1562,2490,2714,3037,3340,4064,3989,5,2022-08-06,Luvic Cambisols,49.56393970113884,1.217982875699953,155,RMQS1,"{""type"":""MultiPoint"",""coordinates"":[]}"
20220806T105629_20220806T105840_T30UYV_00000000000000000123_0,3757,2460,618,917,1042,2070,2663,2960,3108,3348,5,2022-08-06,Luvic Cambisols,49.40885064993199,0.34011864533050445,190,RMQS1,"{""type"":""MultiPoint"",""coordinates"":[]}"
20220806T105629_20220806T105840_T30UYV_00000000000000000124_0,3541,2319,620,841,1164,1591,2129,2461,2790,2860,5,2022-08-06,Luvic Cambisols,49.41230127661914,0.5603307950356333,191,RMQS1,"{""type"":""MultiPoint"",""coordinates"":[]}"
20220806T105629_20220806T105840_T30UYV_00000000000000000149_0,3958,2884,1238,1720,2400,2567,2873,3147,3532,3554,5,2022-08-06,Luvic Cambisols,49.26860112869975,0.565296427653648,230,RMQS1,"{""type"":""MultiPoint"",""coordinates"":[]}"
20220806T105629_20220806T105840_T30UYV_00000000000000000170_0,4215,3755,1202,1676,2404,2687,2820,3006,3228,3282,5,2022-08-06,Luvic Cambisols,49.12791303968723,0.7892480550138934,274,RMQS1,"{""type"":""MultiPoint"",""coordinates"":[]}"
20220806T105629_20220806T105840_T30UYV_00000000000000000201_0,3526,2421,612,824,1210,1435,1727,1974,2233,2287,5,2022-08-06,Luvic Cambisols,48.696619717289735,0.80208557736037,445,RMQS1,"{""type"":""MultiPoint"",""coordinates"":[]}"
20220806T105629_20220806T105840_T30UYV_00000000000000000147_0,4065,2921,1198,1860,2338,2785,3004,3204,3132,3190,5,2022-08-06,Luvic Stagnosols,49.26131649624349,0.1261348712753964,228,RMQS1,"{""type"":""MultiPoint"",""coordinates"":[]}"
20220806T105629_20220806T105840_T30UYV_00000000000000000197_0,3674,2542,574,788,1138,1503,1895,2212,2381,2573,5,2022-08-06,Stagnic Gleysols,48.97389739019814,0.1384229551431839,323,RMQS1,"{""type"":""MultiPoint"",""coordinates"":[]}"
20220806T105629_20220806T105840_T30UYV_000000000000000001cb_0,4538,4171,1364,1900,2712,2984,3159,3327,3608,3584,5,2022-08-06,Stagnic Gleysols,48.83738635502712,0.5800296867218191,383,RMQS1,"{""type"":""MultiPoint"",""coordinates"":[]}"
20220806T105629_20220806T105840_T31TCK_000000000000000006b7_0,4185,2740,1019,1344,1852,2248,2575,2881,3050,3213,5,2022-08-06,Haplic Luvisols,44.66167066056686,0.5091410357468154,1744,RMQS1,"{""type"":""MultiPoint"",""coordinates"":[]}"
20220806T105629_20220806T105840_T31TCK_000000000000000006b8_0,3197,2315,1028,1450,1834,1896,2249,2336,2444,2650,5,2022-08-06,Haplic Luvisols,44.664832562379004,0.7107266218471442,1745,RMQS1,"{""type"":""MultiPoint"",""coordinates"":[]}"
20220806T105629_20220806T105840_T31TCK_000000000000000006dd_0,4038,2507,896,1276,1686,2244,2738,3066,3248,3512,5,2022-08-06,Haplic Luvisols,44.51781425187794,0.5138181479053451,1786,RMQS1,"{""type"":""MultiPoint"",""coordinates"":[]}"
20220806T105629_20220806T105840_T31TCL_0000000000000000006d_0,1955,1281,618,980,1070,1581,2016,2293,2496,2440,5,2022-08-06,Dystric Cambisols,45.88556111979459,0.7843482631787697,SIM11541,HWSDv2,"{""type"":""MultiPoint"",""coordinates"":[]}"
20220806T105629_20220806T105840_T31TCM_0000000000000000005e_0,3557,2469,794,1084,1454,1743,2252,2565,2822,2901,5,2022-08-06,Calcaric Cambisols,46.50806450849034,0.9910526900588258,SIM48183,HWSDv2,"{""type"":""MultiPoint"",""coordinates"":[]}"
20220806T105629_20220806T105840_T31TCM_00000000000000000482_0,3412,3023,747,1186,1694,1870,1987,2145,2264,2269,5,2022-08-06,Eutric Cambisols,46.83275616712597,1.484434384575593,1128,RMQS1,"{""type"":""MultiPoint"",""coordinates"":[]}"
20220806T105629_20220806T105840_T31TCM_000000000000000004a5_0,4155,3362,1146,1680,2412,2761,2900,3116,3208,3257,5,2022-08-06,Eutric Cambisols,46.67624425670514,0.4410565506621489,1164,RMQS1,"{""type"":""MultiPoint"",""coordinates"":[]}"
20220806T105629_20220806T105840_T31TCM_000000000000000004a7_0,2461,1795,715,1196,1398,1967,2518,2740,2822,2907,5,2022-08-06,Eutric Cambisols,46.68242330115931,0.8592545683175709,1166,RMQS1,"{""type"":""MultiPoint"",""coordinates"":[]}"
20220806T105629_20220806T105840_T31TCM_000000000000000004a8_0,3699,2371,785,1094,1438,1878,2355,2658,2872,3073,5,2022-08-06,Eutric Cambisols,46.68493825055593,1.0683872613516354,1167,RMQS1,"{""type"":""MultiPoint"",""coordinates"":[]}"
20220806T105629_20220806T105840_T31TCM_0000000000000000047d_0,3931,3181,1142,1560,2106,2409,2484,2701,2792,2980,5,2022-08-06,Haplic Luvisols,46.82014893841074,0.43599984899138555,1123,RMQS1,"{""type"":""MultiPoint"",""coordinates"":[]}"
20220806T105629_20220806T105840_T31TCM_000000000000000004cb_0,3414,2410,1088,1370,1822,1828,2488,2830,2942,3182,5,2022-08-06,Haplic Luvisols,46.532337162248965,0.4460865612049353,1204,RMQS1,"{""type"":""MultiPoint"",""coordinates"":[]}"
20220806T105629_20220806T105840_T31TCM_000000000000000004f0_0,4083,2739,849,1126,1464,1884,2458,2755,3100,3215,5,2022-08-06,Haplic Luvisols,46.39707583850519,1.0751018843272806,1249,RMQS1,"{""type"":""MultiPoint"",""coordinates"":[]}"
20220806T105629_20220806T105840_T31TCM_00000000000000000515_0,4100,2703,730,986,1350,1771,2285,2650,2924,3102,5,2022-08-06,Haplic Luvisols,46.247771765350535,0.6635006352149346,1289,RMQS1,"{""type"":""MultiPoint"",""coordinates"":[]}"
20220806T105629_20220806T105840_T31TCM_000000000000000004ef_0,4643,3369,1056,1398,1942,2244,2755,3165,3452,3534,5,2022-08-06,Luvic Cambisols,46.3945739230684,0.8670762593857257,1248,RMQS1,"{""type"":""MultiPoint"",""coordinates"":[]}"
20220806T105629_20220806T105840_T31TCM_000000000000000004f1_0,3658,2230,708,1007,1388,1647,2377,2686,3104,3095,5,2022-08-06,Luvic Cambisols,46.39919693196088,1.2831454307949937,1250,RMQS1,"{""type"":""MultiPoint"",""coordinates"":[]}"
20220806T105629_20220806T105840_T31TCM_0000000000000000047e_0,3461,2161,736,1040,1256,1822,2472,2747,2874,3080,5,2022-08-06,Luvic Stagnosols,46.8234383704253,0.6456440699083928,1124,RMQS1,"{""type"":""MultiPoint"",""coordinates"":[]}"
20220806T105629_20220806T105840_T31TCN_000000000000000003a9_0,4167,2712,878,1162,1858,2476,2959,3190,3448,3722,5,2022-08-06,Abruptic Luvisols,47.53959415479821,0.41030810140731977,894,RMQS1,"{""type"":""MultiPoint"",""coordinates"":[]}"
20220806T105629_20220806T105840_T31TCN_000000000000000003ae_0,2725,2051,607,988,1180,1411,2039,2306,2074,2543,5,2022-08-06,Calcaric Cambisols,47.552368234556766,1.4729089085002178,899,RMQS1,"{""type"":""MultiPoint"",""coordinates"":[]}"
20220806T105629_20220806T105840_T31TCN_0000000000000000045c_0,3558,2865,852,1268,1846,2095,2273,2407,2564,2586,5,2022-08-06,Calcaric Cambisols,46.97806314421428,1.6924498201961606,1085,RMQS1,"{""type"":""MultiPoint"",""coordinates"":[]}"
20220806T105629_20220806T105840_T31TCN_0000000000000000037b_0,4453,3087,1028,1390,2038,2351,2663,2941,3352,3381,5,2022-08-06,Eutric Cambisols,47.68680357363322,0.6181369317170614,843,RMQS1,"{""type"":""MultiPoint"",""coordinates"":[]}"
20220806T105629_20220806T105840_T31TCN_0000000000000000037d_0,2980,2598,692,1102,1616,1807,1916,2060,2157,2122,5,2022-08-06,Eutric Cambisols,47.69231735110835,1.0443128583803534,845,RMQS1,"{""type"":""MultiPoint"",""coordinates"":[]}"
20220806T105629_20220806T105840_T31TCN_000000000000000003aa_0,4686,3136,1410,1926,2800,3208,3387,3631,3876,4028,5,2022-08-06,Eutric Cambisols,47.542927371413136,0.6227839914739651,895,RMQS1,"{""type"":""MultiPoint"",""coordinates"":[]}"
20220806T105629_20220806T105840_T31TCN_00000000000000000432_0,3835,2472,744,1002,1292,1810,2441,2738,2996,3215,5,2022-08-06,Eutric Cambisols,47.121995805732524,1.69072149454457,1041,RMQS1,"{""type"":""MultiPoint"",""coordinates"":[]}"
20220806T105629_20220806T105840_T31TCN_00000000000000000459_0,4334,2824,886,1218,1728,2163,2570,2869,3208,3372,5,2022-08-06,Eutric Cambisols,46.97278837529007,1.061600350806898,1082,RMQS1,"{""type"":""MultiPoint"",""coordinates"":[]}"
20220806T105629_20220806T105840_T31TCN_00000000000000000456_0,3490,2389,1086,1450,1738,2176,2960,3307,4020,3613,5,2022-08-06,Eutric Planosols,46.96405011215721,0.43091598807012294,1079,RMQS1,"{""type"":""MultiPoint"",""coordinates"":[]}"
20220806T105629_20220806T105840_T31TCN_0000000000000000042f_0,4481,3945,1694,2172,2844,3131,3257,3435,3633,3642,5,2022-08-06,Eutric Retisols,47.11670746180148,1.0581797222389806,1038,RMQS1,"{""type"":""MultiPoint"",""coordinates"":[]}"
20220806T105629_20220806T105840_T31TCN_00000000000000000431_0,4477,3911,1830,2236,2808,3052,3175,3370,3616,3579,5,2022-08-06,Eutric Retisols,47.120619712342474,1.4798610993880554,1040,RMQS1,"{""type"":""MultiPoint"",""coordinates"":[]}"
20220806T105629_20220806T105840_T31TCN_0000000000000000037c_0,4615,3106,1094,1552,2322,2663,2900,3167,3484,3639,5,2022-08-06,Haplic Luvisols,47.68975585042416,0.8312134254903143,844,RMQS1,"{""type"":""MultiPoint"",""coordinates"":[]}"
20220806T105629_20220806T105840_T31TCN_000000000000000003d7_0,3853,2732,833,1050,1532,1849,2135,2429,2802,2856,5,2022-08-06,Haplic Luvisols,47.395718283839564,0.4155014966302985,945,RMQS1,"{""type"":""MultiPoint"",""coordinates"":[]}"
20220806T105629_20220806T105840_T31TCN_0000000000000000034d_0,2930,2105,602,788,1058,1658,2034,2329,2198,2568,5,2022-08-06,Luvic Cambisols,47.83837519938972,1.254497652282048,794,RMQS1,"{""type"":""MultiPoint"",""coordinates"":[]}"
20220806T105629_20220806T105840_T31TCN_000000000000000003da_0,3799,2714,750,1044,1474,1820,2111,2357,2543,2750,5,2022-08-06,Luvic Cambisols,47.404526962741336,1.0512838631524177,948,RMQS1,"{""type"":""MultiPoint"",""coordinates"":[]}"
20220806T105629_20220806T105840_T31TCN_000000000000000003db_0,3791,2321,882,1264,1578,2081,2935,3283,3572,3650,5,2022-08-06,Luvic Cambisols,47.40668735158221,1.2632529913235573,949,RMQS1,"{""type"":""MultiPoint"",""coordinates"":[]}"
20220806T105629_20220806T105840_T31TCN_0000000000000000045b_0,3878,2838,818,1154,1622,1869,2057,2249,2454,2546,5,2022-08-06,Luvic Cambisols,46.976690235974914,1.4821539910955996,1084,RMQS1,"{""type"":""MultiPoint"",""coordinates"":[]}"
20220806T105629_20220806T105840_T31TCN_0000000000000000042d_0,4340,2837,1200,1708,2456,2767,2973,3187,3512,3564,5,2022-08-06,Rendzic Leptosols,47.111251889494554,0.6365738313282675,1036,RMQS1,"{""type"":""MultiPoint"",""coordinates"":[]}"
20220806T105629_20220806T105840_T31TCN_00000000000000000457_0,3408,2329,886,1100,1266,1708,2093,2319,2402,2613,5,2022-08-06,Stagnic Gleysols,46.96734759548669,0.6411210616326486,1080,RMQS1,"{""type"":""MultiPoint"",""coordinates"":[]}"
20220806T105629_20220806T105840_T31TDN_0000000000000000045c_0,3563,2866,838,1262,1848,2095,2274,2405,2568,2590,5,2022-08-06,Calcaric Cambisols,46.97806314421428,1.6924498201961606,1085,RMQS1,"{""type"":""MultiPoint"",""coordinates"":[]}"
20220806T105629_20220806T105840_T31TDN_000000000000000008c9_0,2990,2131,660,821,1090,1367,1933,2126,2562,2520,5,2022-08-06,Dystric Cambisols,47.84255830040598,1.8956764547247618,10797,RMQS1,"{""type"":""MultiPoint"",""coordinates"":[]}"
20220806T105629_20220806T105840_T31TDN_00000000000000000432_0,3847,2475,733,998,1296,1819,2446,2744,3006,3230,5,2022-08-06,Eutric Cambisols,47.121995805732524,1.69072149454457,1041,RMQS1,"{""type"":""MultiPoint"",""coordinates"":[]}"
20220806T105629_20220806T105840_T31TDN_00000000000000000381_0,4462,3413,1542,1874,2482,2380,2688,3062,3660,3469,5,2022-08-06,Eutric Planosols,47.698660425916756,1.8968722804991947,849,RMQS1,"{""type"":""MultiPoint"",""coordinates"":[]}"
20220806T105629_20220806T105840_T31TDN_00000000000000000350_0,2990,2131,660,821,1090,1367,1933,2126,2562,2520,5,2022-08-06,Haplic Luvisols,47.84255830040598,1.8956764547247618,797,RMQS1,"{""type"":""MultiPoint"",""coordinates"":[]}"
20220806T105629_20220806T105840_T31UCP_0000000000000000026f_0,3411,2909,733,1184,1620,1951,2238,2355,2376,2471,5,2022-08-06,Calcaric Cambisols,48.40263291206547,0.37854077177569173,561,RMQS1,"{""type"":""MultiPoint"",""coordinates"":[]}"
20220806T105629_20220806T105840_T31UCP_0000000000000000031b_0,3247,2632,843,1218,1814,1927,2237,2389,2588,2679,5,2022-08-06,Calcaric Cambisols,47.98404183296344,1.4658440887727766,740,RMQS1,"{""type"":""MultiPoint"",""coordinates"":[]}"
20220806T105629_20220806T105840_T31UCP_00000000000000000200_0,3808,2699,904,1246,1854,1970,2228,2415,2780,2738,5,2022-08-06,Dystric Cambisols,48.693612737860555,0.5848867249784298,444,RMQS1,"{""type"":""MultiPoint"",""coordinates"":[]}"
20220806T105629_20220806T105840_T31UCP_00000000000000000203_0,3723,3274,1048,1462,2094,2349,2476,2659,2873,2887,5,2022-08-06,Eutric Cambisols,48.701441663313894,1.2365494017005343,447,RMQS1,"{""type"":""MultiPoint"",""coordinates"":[]}"
20220806T105629_20220806T105840_T31UCP_0000000000000000023e_0,4079,2779,1156,1604,2348,2685,2825,3038,3340,3389,5,2022-08-06,Eutric Cambisols,48.56085542396343,1.6729155469005188,509,RMQS1,"{""type"":""MultiPoint"",""coordinates"":[]}"
20220806T105629_20220806T105840_T31UCP_00000000000000000274_0,3575,3084,1190,1600,2156,2442,2770,3005,3256,3229,5,2022-08-06,Eutric Cambisols,48.41561194192563,1.458662749206642,566,RMQS1,"{""type"":""MultiPoint"",""coordinates"":[]}"
20220806T105629_20220806T105840_T31UCP_00000000000000000317_0,4224,3112,980,1376,2030,2211,2418,2629,3086,3058,5,2022-08-06,Eutric Cambisols,47.97452533653467,0.608767793538443,736,RMQS1,"{""type"":""MultiPoint"",""coordinates"":[]}"
20220806T105629_20220806T105840_T31UCP_00000000000000000202_0,4462,3197,1268,1776,2592,2909,3096,3377,3692,3727,5,2022-08-06,Eutric Retisols,48.69922952521517,1.0193074302902678,446,RMQS1,"{""type"":""MultiPoint"",""coordinates"":[]}"
20220806T105629_20220806T105840_T31UCP_00000000000000000272_0,3784,2614,1218,1654,2224,2756,3115,3362,3685,3790,5,2022-08-06,Eutric Retisols,48.411606154539754,1.0265529667530489,564,RMQS1,"{""type"":""MultiPoint"",""coordinates"":[]}"
20220806T105629_20220806T105840_T31UCP_000000000000000002aa_0,4024,3036,696,1100,1454,2435,2944,3242,3236,3584,5,2022-08-06,Eutric Retisols,48.267773070968104,1.0301448294912523,623,RMQS1,"{""type"":""MultiPoint"",""coordinates"":[]}"
20220806T105629_20220806T105840_T31UCP_000000000000000002e2_0,4102,2997,1206,1764,2486,2688,3095,3354,3772,3725,5,2022-08-06,Eutric Retisols,48.123926965867774,1.0337162685273735,681,RMQS1,"{""type"":""MultiPoint"",""coordinates"":[]}"
20220806T105629_20220806T105840_T31UCP_0000000000000000023d_0,2929,2316,584,970,1106,1952,2791,3043,3328,3230,5,2022-08-06,Haplic Luvisols,48.55944180120869,1.4562426837976599,508,RMQS1,"{""type"":""MultiPoint"",""coordinates"":[]}"
20220806T105629_20220806T105840_T31UCP_00000000000000000275_0,4008,3263,1152,1628,2366,2643,2788,2950,3228,3240,5,2022-08-06,Haplic Luvisols,48.41702172942115,1.6747395099090712,567,RMQS1,"{""type"":""MultiPoint"",""coordinates"":[]}"
20220806T105629_20220806T105840_T31UCP_00000000000000000319_0,3108,2150,487,698,806,1647,2193,2540,2448,2994,5,2022-08-06,Haplic Luvisols,47.98006859464599,1.0372677251420688,738,RMQS1,"{""type"":""MultiPoint"",""coordinates"":[]}"
20220806T105629_20220806T105840_T31UCP_00000000000000000201_0,3513,2413,624,844,1190,1390,1722,1964,2226,2317,5,2022-08-06,Luvic Cambisols,48.696619717289735,0.80208557736037,445,RMQS1,"{""type"":""MultiPoint"",""coordinates"":[]}"
20220806T105629_20220806T105840_T31UCP_00000000000000000273_0,4230,3393,1280,1776,2492,2883,3132,3367,3616,3712,5,2022-08-06,Luvic Cambisols,48.413806679517975,1.24259966485196,565,RMQS1,"{""type"":""MultiPoint"",""coordinates"":[]}"
20220806T105629_20220806T105840_T31UCP_000000000000000002ac_0,3986,3205,1234,1720,2472,2741,2875,3072,3412,3328,5,2022-08-06,Luvic Cambisols,48.271768171952196,1.4610694163442626,625,RMQS1,"{""type"":""MultiPoint"",""coordinates"":[]}"
20220806T105629_20220806T105840_T31UCP_000000000000000002ad_0,3852,3406,1190,1690,2326,2558,2864,3071,3436,3261,5,2022-08-06,Luvic Cambisols,48.273173775874774,1.6765533442912048,626,RMQS1,"{""type"":""MultiPoint"",""coordinates"":[]}"
20220806T105629_20220806T105840_T31UCP_0000000000000000034d_0,2936,2120,600,791,1066,1668,2035,2324,2192,2561,5,2022-08-06,Luvic Cambisols,47.83837519938972,1.254497652282048,794,RMQS1,"{""type"":""MultiPoint"",""coordinates"":[]}"
20220806T105629_20220806T105840_T31UCP_000000000000000002a9_0,3611,2604,1216,1654,2308,2304,2600,2783,3404,3153,5,2022-08-06,Luvic Stagnosols,48.265183822455356,0.8147095500113787,622,RMQS1,"{""type"":""MultiPoint"",""coordinates"":[]}"
20220806T105629_20220806T105840_T31UCP_000000000000000002ab_0,4427,3378,1314,1778,2326,2894,3420,3703,4020,4055,5,2022-08-06,Luvic Stagnosols,48.2699679529574,1.2455987878276893,624,RMQS1,"{""type"":""MultiPoint"",""coordinates"":[]}"
20220806T105629_20220806T105840_T31UCP_0000000000000000034a_0,4448,3334,1224,1714,2488,2628,2931,3142,3584,3518,5,2022-08-06,Luvic Stagnosols,47.83066980746326,0.6134648025979296,791,RMQS1,"{""type"":""MultiPoint"",""coordinates"":[]}"
20220806T105629_20220806T105840_T31UCP_000000000000000002e5_0,4366,3061,1050,1448,2112,2462,2715,2954,3256,3394,5,2022-08-06,Rendzic Leptosols,48.129312960797584,1.6783584655939348,684,RMQS1,"{""type"":""MultiPoint"",""coordinates"":[]}"
20220806T105629_20220806T105840_T31UCQ_0000000000000000016f_0,4872,3459,1294,1822,2754,3228,3434,3731,4023,4177,5,2022-08-06,Calcaric Cambisols,49.12488144122345,0.5702344231172092,273,RMQS1,"{""type"":""MultiPoint"",""coordinates"":[]}"
20220806T105629_20220806T105840_T31UCQ_00000000000000000174_0,3815,3080,1064,1470,2070,2351,2495,2618,2884,2952,5,2022-08-06,Calcaric Cambisols,49.136032669120816,1.665509084487337,278,RMQS1,"{""type"":""MultiPoint"",""coordinates"":[]}"
20220806T105629_20220806T105840_T31UCQ_00000000000000000200_0,3805,2689,886,1232,1836,1962,2225,2411,2764,2738,5,2022-08-06,Dystric Cambisols,48.693612737860555,0.5848867249784298,444,RMQS1,"{""type"":""MultiPoint"",""coordinates"":[]}"
20220806T105629_20220806T105840_T31UCQ_00000000000000000198_0,3720,2671,754,1110,1638,1904,2220,2469,2778,2904,5,2022-08-06,Eutric Cambisols,48.97771987150982,0.3567683102719968,324,RMQS1,"{""type"":""MultiPoint"",""coordinates"":[]}"
20220806T105629_20220806T105840_T31UCQ_0000000000000000019b_0,4336,3083,1170,1628,2404,2754,2951,3199,3456,3559,5,2022-08-06,Eutric Cambisols,48.986789979658724,1.011980189683206,327,RMQS1,"{""type"":""MultiPoint"",""coordinates"":[]}"
20220806T105629_20220806T105840_T31UCQ_0000000000000000019c_0,3675,2870,1268,1682,2294,2552,2680,2881,3108,3073,5,2022-08-06,Eutric Cambisols,48.9890140623296,1.2304298587690576,328,RMQS1,"{""type"":""MultiPoint"",""coordinates"":[]}"
20220806T105629_20220806T105840_T31UCQ_0000000000000000019e_0,3541,2584,774,1086,1490,1634,1943,2184,2562,2516,5,2022-08-06,Eutric Cambisols,48.99226395558002,1.667375833412688,330,RMQS1,"{""type"":""MultiPoint"",""coordinates"":[]}"
20220806T105629_20220806T105840_T31UCQ_000000000000000001cc_0,4031,3295,1188,1646,2272,2519,2669,2882,3164,3144,5,2022-08-06,Eutric Cambisols,48.840401305739185,0.7978300881876609,384,RMQS1,"{""type"":""MultiPoint"",""coordinates"":[]}"
20220806T105629_20220806T105840_T31UCQ_000000000000000001cd_0,3679,3172,1088,1232,1666,2202,2430,2518,2188,2853,5,2022-08-06,Eutric Cambisols,48.843018131050385,1.0156540889892636,385,RMQS1,"{""type"":""MultiPoint"",""coordinates"":[]}"
20220806T105629_20220806T105840_T31UCQ_00000000000000000203_0,3736,3273,1040,1460,2100,2355,2486,2669,2888,2899,5,2022-08-06,Eutric Cambisols,48.701441663313894,1.2365494017005343,447,RMQS1,"{""type"":""MultiPoint"",""coordinates"":[]}"
20220806T105629_20220806T105840_T31UCQ_0000000000000000014c_0,2358,1600,828,1076,1172,1409,2148,2475,2468,2559,5,2022-08-06,Eutric Fluvisols,49.276515471368825,1.2242410066178666,233,RMQS1,"{""type"":""MultiPoint"",""coordinates"":[]}"
20220806T105629_20220806T105840_T31UCQ_00000000000000000199_0,4460,3041,1406,1888,2712,2670,2883,3134,3904,3557,5,2022-08-06,Eutric Planosols,48.98114290150368,0.5751455700546377,325,RMQS1,"{""type"":""MultiPoint"",""coordinates"":[]}"
20220806T105629_20220806T105840_T31UCQ_00000000000000000202_0,4454,3181,1252,1764,2586,2898,3088,3371,3696,3721,5,2022-08-06,Eutric Retisols,48.69922952521517,1.0193074302902678,446,RMQS1,"{""type"":""MultiPoint"",""coordinates"":[]}"
20220806T105629_20220806T105840_T31UCQ_00000000000000000107_0,3558,2506,600,809,1124,1497,1906,2160,2460,2543,5,2022-08-06,Luvic Cambisols,49.55598118421231,0.5553361753984187,152,RMQS1,"{""type"":""MultiPoint"",""coordinates"":[]}"
20220806T105629_20220806T105840_T31UCQ_00000000000000000109_0,4400,3222,990,1362,1970,2350,2556,2768,3060,3218,5,2022-08-06,Luvic Cambisols,49.56169025290863,0.9970773776870822,154,RMQS1,"{""type"":""MultiPoint"",""coordinates"":[]}"
20220806T105629_20220806T105840_T31UCQ_0000000000000000010a_0,4448,2850,972,1440,2354,2537,2750,3191,3837,3692,5,2022-08-06,Luvic Cambisols,49.56393970113884,1.217982875699953,155,RMQS1,"{""type"":""MultiPoint"",""coordinates"":[]}"
20220806T105629_20220806T105840_T31UCQ_00000000000000000123_0,3653,2372,789,1072,1418,1979,2637,2952,3103,3320,5,2022-08-06,Luvic Cambisols,49.40885064993199,0.34011864533050445,190,RMQS1,"{""type"":""MultiPoint"",""coordinates"":[]}"
20220806T105629_20220806T105840_T31UCQ_00000000000000000124_0,3487,2282,615,857,1166,1511,2110,2410,2792,2854,5,2022-08-06,Luvic Cambisols,49.41230127661914,0.5603307950356333,191,RMQS1,"{""type"":""MultiPoint"",""coordinates"":[]}"
20220806T105629_20220806T105840_T31UCQ_00000000000000000128_0,4437,3351,1128,1608,2408,2750,2955,3194,3516,3614,5,2022-08-06,Luvic Cambisols,49.42207764226659,1.4414246711124157,195,RMQS1,"{""type"":""MultiPoint"",""coordinates"":[]}"
20220806T105629_20220806T105840_T31UCQ_00000000000000000149_0,4051,2901,1274,1734,2426,2659,2951,3238,3576,3632,5,2022-08-06,Luvic Cambisols,49.26860112869975,0.565296427653648,230,RMQS1,"{""type"":""MultiPoint"",""coordinates"":[]}"
20220806T105629_20220806T105840_T31UCQ_0000000000000000014e_0,4018,3069,1124,1562,2124,2554,2847,3079,3284,3408,5,2022-08-06,Luvic Cambisols,49.279783234787686,1.6636314749754055,235,RMQS1,"{""type"":""MultiPoint"",""coordinates"":[]}"
20220806T105629_20220806T105840_T31UCQ_00000000000000000170_0,4213,3719,1216,1700,2410,2698,2830,3034,3224,3290,5,2022-08-06,Luvic Cambisols,49.12791303968723,0.7892480550138934,274,RMQS1,"{""type"":""MultiPoint"",""coordinates"":[]}"
20220806T105629_20220806T105840_T31UCQ_000000000000000001ce_0,3578,2772,964,1400,2084,2367,2476,2700,2878,2956,5,2022-08-06,Luvic Cambisols,48.84523623220538,1.233498240194126,386,RMQS1,"{""type"":""MultiPoint"",""coordinates"":[]}"
20220806T105629_20220806T105840_T31UCQ_00000000000000000201_0,3504,2400,608,835,1186,1384,1720,1965,2222,2314,5,2022-08-06,Luvic Cambisols,48.696619717289735,0.80208557736037,445,RMQS1,"{""type"":""MultiPoint"",""coordinates"":[]}"
20220806T105629_20220806T105840_T31UCQ_000000000000000001cb_0,4553,4181,1342,1920,2712,2992,3169,3365,3608,3604,5,2022-08-06,Stagnic Gleysols,48.83738635502712,0.5800296867218191,383,RMQS1,"{""type"":""MultiPoint"",""coordinates"":[]}"
20220806T105629_20220806T105840_T31UCR_000000000000000000da_0,5122,4131,1526,2072,2806,3262,3473,3784,3996,4073,5,2022-08-06,Calcaric Cambisols,49.853132208716076,1.4338262144811627,99,RMQS1,"{""type"":""MultiPoint"",""coordinates"":[]}"
20220806T105629_20220806T105840_T31UCR_000000000000000000c9_0,4357,3108,958,1328,1996,2282,2494,2770,3132,3231,5,2022-08-06,Luvic Cambisols,49.996771823054615,1.4312656624062745,76,RMQS1,"{""type"":""MultiPoint"",""coordinates"":[]}"
20220806T105629_20220806T105840_T31UCR_000000000000000000ca_0,3995,3318,954,1320,1938,2227,2387,2581,2806,2918,5,2022-08-06,Luvic Cambisols,49.99822488625304,1.654081486582689,77,RMQS1,"{""type"":""MultiPoint"",""coordinates"":[]}"
20220806T105629_20220806T105840_T31UCR_000000000000000000d7_0,3686,2528,552,822,1116,1556,2109,2430,2758,2868,5,2022-08-06,Luvic Cambisols,49.846349960839134,0.7673683666400959,96,RMQS1,"{""type"":""MultiPoint"",""coordinates"":[]}"
20220806T105629_20220806T105840_T31UCR_000000000000000000ec_0,1772,1410,913,947,1020,1137,1429,1586,1388,1633,5,2022-08-06,Luvic Cambisols,49.69617066540041,0.32886089547803965,122,RMQS1,"{""type"":""MultiPoint"",""coordinates"":[]}"
20220806T105629_20220806T105840_T31UCR_00000000000000000107_0,3564,2508,570,789,1118,1493,1894,2147,2458,2538,5,2022-08-06,Luvic Cambisols,49.55598118421231,0.5553361753984187,152,RMQS1,"{""type"":""MultiPoint"",""coordinates"":[]}"
20220806T105629_20220806T105840_T31UCR_00000000000000000109_0,4440,3246,987,1382,2004,2387,2586,2790,3094,3253,5,2022-08-06,Luvic Cambisols,49.56169025290863,0.9970773776870822,154,RMQS1,"{""type"":""MultiPoint"",""coordinates"":[]}"
20220806T105629_20220806T105840_T31UCR_0000000000000000010a_0,4464,2856,956,1450,2390,2564,2778,3225,3876,3737,5,2022-08-06,Luvic Cambisols,49.56393970113884,1.217982875699953,155,RMQS1,"{""type"":""MultiPoint"",""coordinates"":[]}"
20220806T105629_20220806T105840_T31UCR_000000000000000000a7_0,3527,3118,1414,1578,1924,2282,2658,2716,3224,2988,5,2022-08-06,Regosols (Colluvic),50.42900525285804,1.64823093644194,34,RMQS1,"{""type"":""MultiPoint"",""coordinates"":[]}"
20220806T105629_20220806T105840_T31UCS_00000000000000000039_0,3296,2425,762,1170,1728,2026,2308,2501,2724,2780,5,2022-08-06,Calcaric Cambisols,50.65641267424932,1.6510873564702908,SIM4474,HWSDv2,"{""type"":""MultiPoint"",""coordinates"":[]}"
20220806T105629_20220806T105840_T31UCS_0000000000000000009f_0,3290,2441,1870,2328,2144,2256,3370,3316,3888,3795,5,2022-08-06,Rendzic Leptosols,50.57254339082955,1.6462577899891515,24,RMQS1,"{""type"":""MultiPoint"",""coordinates"":[]}"
20220806T105629_20220806T105840_T31UDP_00000000000000000276_0,3575,2452,870,1236,1722,2173,2544,2833,3204,3246,5,2022-08-06,Calcaric Cambisols,48.418035746824685,1.8908275052152994,568,RMQS1,"{""type"":""MultiPoint"",""coordinates"":[]}"
20220806T105629_20220806T105840_T31UDP_000000000000000002ae_0,3655,3152,932,1322,1968,2196,2327,2483,2686,2742,5,2022-08-06,Calcaric Cambisols,48.27418519339707,1.8920484065068364,627,RMQS1,"{""type"":""MultiPoint"",""coordinates"":[]}"
20220806T105629_20220806T105840_T31UDP_000000000000000002af_0,2210,2132,756,1014,1021,1372,1675,1667,2010,1823,5,2022-08-06,Calcaric Cambisols,48.274802304958676,2.1075512406430126,628,RMQS1,"{""type"":""MultiPoint"",""coordinates"":[]}"
20220806T105629_20220806T105840_T31UDP_000000000000000008c9_0,2980,2132,670,826,1086,1367,1935,2129,2548,2519,5,2022-08-06,Dystric Cambisols,47.84255830040598,1.8956764547247618,10797,RMQS1,"{""type"":""MultiPoint"",""coordinates"":[]}"
20220806T105629_20220806T105840_T31UDP_0000000000000000023e_0,4073,2775,1170,1610,2348,2683,2821,3033,3340,3387,5,2022-08-06,Eutric Cambisols,48.56085542396343,1.6729155469005188,509,RMQS1,"{""type"":""MultiPoint"",""coordinates"":[]}"
20220806T105629_20220806T105840_T31UDP_000000000000000002e7_0,3500,2901,992,1332,1860,2077,2241,2372,2574,2596,5,2022-08-06,Eutric Cambisols,48.13093680610043,2.108177321905969,686,RMQS1,"{""type"":""MultiPoint"",""coordinates"":[]}"
20220806T105629_20220806T105840_T31UDP_0000000000000000031d_0,3803,2458,832,1116,1448,1916,2418,2671,2928,3053,5,2022-08-06,Eutric Planosols,47.98644564029198,1.8944738375183001,742,RMQS1,"{""type"":""MultiPoint"",""coordinates"":[]}"
20220806T105629_20220806T105840_T31UDP_0000000000000000023f_0,4407,3776,1250,1814,2590,2894,3039,3255,3464,3545,5,2022-08-06,Haplic Luvisols,48.56187240436339,1.8895991857404957,510,RMQS1,"{""type"":""MultiPoint"",""coordinates"":[]}"
20220806T105629_20220806T105840_T31UDP_00000000000000000275_0,4023,3271,1172,1642,2378,2654,2797,2962,3244,3252,5,2022-08-06,Haplic Luvisols,48.41702172942115,1.6747395099090712,567,RMQS1,"{""type"":""MultiPoint"",""coordinates"":[]}"
20220806T105629_20220806T105840_T31UDP_00000000000000000278_0,3438,2721,922,1246,1692,1766,2279,2456,2996,2765,5,2022-08-06,Haplic Luvisols,48.418877511932216,2.3230202148648296,570,RMQS1,"{""type"":""MultiPoint"",""coordinates"":[]}"
20220806T105629_20220806T105840_T31UDP_00000000000000000350_0,2980,2132,670,826,1086,1367,1935,2129,2548,2519,5,2022-08-06,Haplic Luvisols,47.84255830040598,1.8956764547247618,797,RMQS1,"{""type"":""MultiPoint"",""coordinates"":[]}"
20220806T105629_20220806T105840_T31UDP_00000000000000000277_0,3981,3749,1082,1616,2288,2595,2698,2851,3034,3009,5,2022-08-06,Luvic Cambisols,48.41865449696645,2.1069223823788863,569,RMQS1,"{""type"":""MultiPoint"",""coordinates"":[]}"
20220806T105629_20220806T105840_T31UDP_000000000000000002ad_0,3846,3401,1204,1696,2328,2557,2862,3071,3432,3257,5,2022-08-06,Luvic Cambisols,48.273173775874774,1.6765533442912048,626,RMQS1,"{""type"":""MultiPoint"",""coordinates"":[]}"
20220806T105629_20220806T105840_T31UDP_000000000000000002e6_0,2908,2231,950,1360,1836,1572,2510,3074,2966,3298,5,2022-08-06,Luvic Cambisols,48.13032151946579,1.893264373324863,685,RMQS1,"{""type"":""MultiPoint"",""coordinates"":[]}"
20220806T105629_20220806T105840_T31UDP_000000000000000002e5_0,4362,3057,1068,1456,2114,2461,2714,2953,3256,3392,5,2022-08-06,Rendzic Leptosols,48.129312960797584,1.6783584655939348,684,RMQS1,"{""type"":""MultiPoint"",""coordinates"":[]}"
20220806T105629_20220806T105840_T31UDQ_0000000000000000007d_0,4020,2859,854,1198,1890,2148,2345,2602,2866,3018,5,2022-08-06,Protoargic Arenosols,49.58589898837661,1.8391604822330379,SIM46907,HWSDv2,"{""type"":""MultiPoint"",""coordinates"":[]}"
20220806T105629_20220806T105840_T31UDQ_00000000000000000174_0,3795,3070,1088,1476,2066,2348,2484,2606,2866,2936,5,2022-08-06,Calcaric Cambisols,49.136032669120816,1.665509084487337,278,RMQS1,"{""type"":""MultiPoint"",""coordinates"":[]}"
20220806T105629_20220806T105840_T31UDQ_0000000000000000012d_0,3187,3012,778,1194,1710,1929,2042,2152,2308,2272,5,2022-08-06,Eutric Cambisols,49.425230407063104,2.5430874224563476,200,RMQS1,"{""type"":""MultiPoint"",""coordinates"":[]}"
20220806T105629_20220806T105840_T31UDQ_0000000000000000019e_0,3544,2596,800,1104,1494,1641,1946,2185,2564,2514,5,2022-08-06,Eutric Cambisols,48.99226395558002,1.667375833412688,330,RMQS1,"{""type"":""MultiPoint"",""coordinates"":[]}"
20220806T105629_20220806T105840_T31UDQ_000000000000000001a2_0,2894,1793,556,843,1088,1423,1880,2118,2480,2431,5,2022-08-06,Eutric Cambisols,48.993966246076276,2.541368882765616,334,RMQS1,"{""type"":""MultiPoint"",""coordinates"":[]}"
20220806T105629_20220806T105840_T31UDQ_0000000000000000019f_0,2558,2134,916,1254,1490,1643,2317,2485,2514,2734,5,2022-08-06,Eutric Fluvisols,48.993289529461705,1.885866507001807,331,RMQS1,"{""type"":""MultiPoint"",""coordinates"":[]}"
20220806T105629_20220806T105840_T31UDQ_0000000000000000010e_0,3529,2753,1038,1440,2018,2069,2322,2471,2940,2810,5,2022-08-06,Eutric Stagnosols,49.56889381763422,2.101746362836863,159,RMQS1,"{""type"":""MultiPoint"",""coordinates"":[]}"
20220806T105629_20220806T105840_T31UDQ_0000000000000000012b_0,1924,1762,1100,1190,1316,1339,1518,1693,1740,1785,5,2022-08-06,Fibric Histosols,49.42517865837183,2.1024074145428684,198,RMQS1,"{""type"":""MultiPoint"",""coordinates"":[]}"
20220806T105629_20220806T105840_T31UDQ_000000000000000001a0_0,2439,2291,760,786,957,1364,1605,1884,1694,2025,5,2022-08-06,Fluvic Cambisols,48.99391509715455,2.1043645797039217,332,RMQS1,"{""type"":""MultiPoint"",""coordinates"":[]}"
20220806T105629_20220806T105840_T31UDQ_0000000000000000014f_0,4193,3186,1022,1450,2144,2515,2657,2875,3140,3201,5,2022-08-06,Haplic Luvisols,49.280814464529655,1.88334428108737,236,RMQS1,"{""type"":""MultiPoint"",""coordinates"":[]}"
20220806T105629_20220806T105840_T31UDQ_00000000000000000153_0,4163,3197,1358,1724,2272,2686,2857,3116,3312,3381,5,2022-08-06,Haplic Luvisols,49.28091769976065,2.7622320159826583,240,RMQS1,"{""type"":""MultiPoint"",""coordinates"":[]}"
20220806T105629_20220806T105840_T31UDQ_00000000000000000177_0,3231,2310,667,922,1082,1473,1870,2102,2398,2407,5,2022-08-06,Haplic Luvisols,49.13791455267598,2.3228273594300304,281,RMQS1,"{""type"":""MultiPoint"",""coordinates"":[]}"
20220806T105629_20220806T105840_T31UDQ_00000000000000000110_0,3830,3350,1144,1606,2286,2582,2674,2793,2906,2972,5,2022-08-06,Luvic Cambisols,49.56894583689343,2.5436666897699416,161,RMQS1,"{""type"":""MultiPoint"",""coordinates"":[]}"
20220806T105629_20220806T105840_T31UDQ_0000000000000000014e_0,4018,3074,1152,1578,2130,2557,2849,3079,3284,3406,5,2022-08-06,Luvic Cambisols,49.279783234787686,1.6636314749754055,235,RMQS1,"{""type"":""MultiPoint"",""coordinates"":[]}"
20220806T105629_20220806T105840_T31UDQ_00000000000000000175_0,3332,3032,890,1364,1864,2313,2610,2849,2974,3053,5,2022-08-06,Luvic Cambisols,49.13706124741972,1.8846092571838453,279,RMQS1,"{""type"":""MultiPoint"",""coordinates"":[]}"
20220806T105629_20220806T105840_T31UDQ_0000000000000000012c_0,4125,3111,1011,1334,1918,2188,2281,2482,2786,2822,5,2022-08-06,Luvic Stagnosols,49.42540614057504,2.3227471558419417,199,RMQS1,"{""type"":""MultiPoint"",""coordinates"":[]}"
20220806T105629_20220806T105840_T31UDQ_00000000000000000150_0,2855,1904,1672,1750,1918,1553,2320,2607,2818,2930,5,2022-08-06,Luvic Stagnosols,49.28144329184339,2.103064062809696,237,RMQS1,"{""type"":""MultiPoint"",""coordinates"":[]}"
20220806T105629_20220806T105840_T31UDQ_000000000000000001d3_0,1996,1989,1450,1416,1742,1437,1624,1551,1952,1611,5,2022-08-06,Technosols,48.85034873690586,2.322905488238686,391,RMQS1,"{""type"":""MultiPoint"",""coordinates"":[]}"
20220806T105629_20220806T105840_T31UDR_00000000000000000056_0,3987,3109,974,1392,2132,2417,2570,2754,3094,3097,5,2022-08-06,Eutric Cambisols,50.15828941114408,2.86617988322367,SIM63940,HWSDv2,"{""type"":""MultiPoint"",""coordinates"":[]}"
20220806T105629_20220806T105840_T31UDR_0000000000000000007d_0,4015,2851,880,1222,1908,2161,2352,2607,2878,3026,5,2022-08-06,Protoargic Arenosols,49.58589898837661,1.8391604822330379,SIM46907,HWSDv2,"{""type"":""MultiPoint"",""coordinates"":[]}"
20220806T105629_20220806T105840_T31UDR_000000000000000000de_0,3609,3169,1012,1426,2050,2311,2442,2620,2808,2847,5,2022-08-06,Calcaric Cambisols,49.85648964531181,2.3226256379824948,103,RMQS1,"{""type"":""MultiPoint"",""coordinates"":[]}"
20220806T105629_20220806T105840_T31UDR_000000000000000000f6_0,2365,1866,713,948,1004,1218,1756,2018,2184,2269,5,2022-08-06,Calcaric Cambisols,49.71264020753129,2.5442497423135224,132,RMQS1,"{""type"":""MultiPoint"",""coordinates"":[]}"
20220806T105629_20220806T105840_T31UDR_000000000000000000aa_0,2647,1882,1588,1746,1710,1690,2494,2905,2931,3158,5,2022-08-06,Eutric Cambisols,50.43093213840921,2.3224594361607416,37,RMQS1,"{""type"":""MultiPoint"",""coordinates"":[]}"
20220806T105629_20220806T105840_T31UDR_000000000000000000ad_0,2570,1860,932,1010,1250,1555,2144,2449,2236,2659,5,2022-08-06,Eutric Cambisols,50.42916619393928,2.996695634941413,40,RMQS1,"{""type"":""MultiPoint"",""coordinates"":[]}"
20220806T105629_20220806T105840_T31UDR_000000000000000000b3_0,4442,2967,1452,1896,2610,3022,3342,3618,3876,4073,5,2022-08-06,Eutric Cambisols,50.28736043598306,2.3225017207889516,50,RMQS1,"{""type"":""MultiPoint"",""coordinates"":[]}"
20220806T105629_20220806T105840_T31UDR_000000000000000000b4_0,4368,3356,1216,1628,2280,2612,2784,3044,3288,3336,5,2022-08-06,Eutric Cambisols,50.28718216659681,2.546611534452438,51,RMQS1,"{""type"":""MultiPoint"",""coordinates"":[]}"
20220806T105629_20220806T105840_T31UDR_000000000000000000b5_0,1751,1356,1206,1312,1220,1207,1481,1694,1372,1742,5,2022-08-06,Eutric Cambisols,50.28659484900255,2.7707172697287374,52,RMQS1,"{""type"":""MultiPoint"",""coordinates"":[]}"
20220806T105629_20220806T105840_T31UDR_000000000000000000c2_0,3483,3196,888,1364,1866,2121,2423,2555,2680,2712,5,2022-08-06,Eutric Cambisols,50.14200369750157,2.992946997301806,66,RMQS1,"{""type"":""MultiPoint"",""coordinates"":[]}"
20220806T105629_20220806T105840_T31UDR_000000000000000000cb_0,4265,3160,1070,1432,2060,2312,2527,2777,3052,3143,5,2022-08-06,Eutric Cambisols,49.99927003977352,1.8769088733350434,78,RMQS1,"{""type"":""MultiPoint"",""coordinates"":[]}"
20220806T105629_20220806T105840_T31UDR_000000000000000000cd_0,2570,2027,406,502,692,783,917,1064,1206,1236,5,2022-08-06,Eutric Cambisols,50.00013858967453,2.3225846734270483,80,RMQS1,"{""type"":""MultiPoint"",""coordinates"":[]}"
20220806T105629_20220806T105840_T31UDR_000000000000000000ce_0,3724,3633,1010,1426,1964,2213,2335,2512,2592,2668,5,2022-08-06,Eutric Cambisols,49.99996105481551,2.545424692034341,81,RMQS1,"{""type"":""MultiPoint"",""coordinates"":[]}"
20220806T105629_20220806T105840_T31UDR_000000000000000000cf_0,3607,3010,1078,1470,2050,2283,2334,2535,2828,2786,5,2022-08-06,Eutric Cambisols,49.999375467717336,2.768260418213498,82,RMQS1,"{""type"":""MultiPoint"",""coordinates"":[]}"
20220806T105629_20220806T105840_T31UDR_000000000000000000dc_0,3804,2509,834,1184,1704,2072,2750,2986,3832,3749,5,2022-08-06,Eutric Cambisols,49.85562314872213,1.8782091470255609,101,RMQS1,"{""type"":""MultiPoint"",""coordinates"":[]}"
20220806T105629_20220806T105840_T31UDR_000000000000000000df_0,2372,1848,874,1024,1116,1437,1688,1914,1614,2105,5,2022-08-06,Eutric Cambisols,49.85631247393191,2.5448356402447683,104,RMQS1,"{""type"":""MultiPoint"",""coordinates"":[]}"
20220806T105629_20220806T105840_T31UDR_000000000000000000f7_0,4348,2980,1118,1668,2446,2644,3046,3325,3716,3753,5,2022-08-06,Eutric Cambisols,49.7120578590372,2.7658288977798313,133,RMQS1,"{""type"":""MultiPoint"",""coordinates"":[]}"
20220806T105629_20220806T105840_T31UDR_0000000000000000010e_0,3527,2745,1036,1448,2032,2066,2317,2467,2956,2808,5,2022-08-06,Eutric Stagnosols,49.56889381763422,2.101746362836863,159,RMQS1,"{""type"":""MultiPoint"",""coordinates"":[]}"
20220806T105629_20220806T105840_T31UDR_000000000000000000ca_0,3978,3310,990,1338,1932,2218,2385,2579,2802,2915,5,2022-08-06,Luvic Cambisols,49.99822488625304,1.654081486582689,77,RMQS1,"{""type"":""MultiPoint"",""coordinates"":[]}"
20220806T105629_20220806T105840_T31UDR_000000000000000000f5_0,3862,2632,1006,1380,1960,2238,2527,2746,2988,3061,5,2022-08-06,Luvic Cambisols,49.7128174628079,2.3226656536691292,131,RMQS1,"{""type"":""MultiPoint"",""coordinates"":[]}"
20220806T105629_20220806T105840_T31UDR_00000000000000000110_0,3826,3341,1140,1610,2294,2583,2672,2791,2916,2975,5,2022-08-06,Luvic Cambisols,49.56894583689343,2.5436666897699416,161,RMQS1,"{""type"":""MultiPoint"",""coordinates"":[]}"
20220806T105629_20220806T105840_T31UDR_000000000000000000a7_0,3502,3106,1418,1558,1890,2240,2607,2660,3165,2936,5,2022-08-06,Regosols (Colluvic),50.42900525285804,1.64823093644194,34,RMQS1,"{""type"":""MultiPoint"",""coordinates"":[]}"
20220806T105629_20220806T105840_T31UDR_000000000000000000c0_0,4312,3819,1206,1616,2260,2483,2610,2831,3116,3109,5,2022-08-06,Regosols (Colluvic),50.14358454537285,2.546016788788959,64,RMQS1,"{""type"":""MultiPoint"",""coordinates"":[]}"
20220806T105629_20220806T105840_T31UDR_000000000000000000cc_0,3286,2791,747,1048,1194,1916,2225,2487,2440,2675,5,2022-08-06,Rendzic Leptosols,49.999907534519636,2.099745350209818,79,RMQS1,"{""type"":""MultiPoint"",""coordinates"":[]}"
20220806T105629_20220806T105840_T31UDR_000000000000000000b2_0,3966,2926,884,1174,1676,2042,2230,2499,2603,2856,5,2022-08-06,Umbric Leptosols,50.28712929849958,2.098392586975514,49,RMQS1,"{""type"":""MultiPoint"",""coordinates"":[]}"
20220806T105629_20220806T105840_T31UDS_00000000000000000039_0,3292,2421,787,1186,1738,2029,2308,2501,2724,2779,5,2022-08-06,Calcaric Cambisols,50.65641267424932,1.6510873564702908,SIM4474,HWSDv2,"{""type"":""MultiPoint"",""coordinates"":[]}"
20220806T105629_20220806T105840_T31UDS_00000000000000000094_0,4004,2917,1340,1860,2520,3004,3336,3681,3804,4059,5,2022-08-06,Eutric Cambisols,50.860597017905235,1.868950662715976,9,RMQS1,"{""type"":""MultiPoint"",""coordinates"":[]}"
20220806T105629_20220806T105840_T31UDS_0000000000000000009d_0,3366,2411,1398,1902,1952,2505,4251,4980,5080,5281,5,2022-08-06,Fluvic Stagnosols,50.71722409096727,2.7744536769440726,21,RMQS1,"{""type"":""MultiPoint"",""coordinates"":[]}"
20220806T105629_20220806T105840_T31UDS_0000000000000000009f_0,3286,2438,1894,2340,2144,2259,3372,3313,3888,3793,5,2022-08-06,Rendzic Leptosols,50.57254339082955,1.6462577899891515,24,RMQS1,"{""type"":""MultiPoint"",""coordinates"":[]}"
20220806T105629_20220806T105840_T31UER_000000000000000000b7_0,2806,2254,1016,1332,1732,1775,2209,2534,2456,2681,5,2022-08-06,Luvic Cambisols,50.284191794055914,3.2189050612951036,54,RMQS1,"{""type"":""MultiPoint"",""coordinates"":[]}"
