system:index,B11,B12,B2,B3,B4,B5,B6,B7,B8,B8A,SCL,date,h_wrb4,latitude,longitude,profile_id,source_db,.geo
20220813T104629_20220813T104623_T30TYP_00000000000000000046_0,3761,2468,1126,1562,1956,2421,3104,3499,3596,3858,5,2022-08-13,Gleyic Cambisols,43.74950007383431,0.1370914792787227,SIM91955,HWSDv2,"{""type"":""MultiPoint"",""coordinates"":[]}"
20220813T104629_20220813T104623_T30TYP_000000000000000007b2_0,4554,3275,1520,1998,2734,3118,3361,3616,3720,3909,5,2022-08-13,Calcaric Cambisols,43.801814078706926,0.7353863730644742,2011,RMQS1,"{""type"":""MultiPoint"",""coordinates"":[]}"
20220813T104629_20220813T104623_T30TYP_000000000000000007dd_0,3717,2993,1192,1744,2186,2501,2640,2924,2776,2994,5,2022-08-13,Calcaric Cambisols,43.65802295237102,0.7394234284125767,2057,RMQS1,"{""type"":""MultiPoint"",""coordinates"":[]}"
20220813T104629_20220813T104623_T30TYP_00000000000000000806_0,3368,2436,1046,1498,1818,2312,2743,3101,3074,3293,5,2022-08-13,Calcaric Cambisols,43.51424709370381,0.7434401003762473,2103,RMQS1,"{""type"":""MultiPoint"",""coordinates"":[]}"
20220813T104629_20220813T104623_T30TYP_00000000000000000782_0,3439,2212,861,1112,1382,1996,2651,3058,3196,3528,5,2022-08-13,Eutric Cambisols,43.930951648700834,-0.0646614475812049,1961,RMQS1,"{""type"":""MultiPoint"",""coordinates"":[]}"
20220813T104629_20220813T104623_T30TYP_000000000000000007b0_0,3826,2529,937,1238,1562,2016,2442,2754,2888,3130,5,2022-08-13,Eutric Cambisols,43.79522514265497,0.3383439567382782,2009,RMQS1,"{""type"":""MultiPoint"",""coordinates"":[]}"
20220813T104629_20220813T104623_T30TYP_000000000000000007b1_0,3195,2375,979,1462,1808,2065,2182,2416,2424,2554,5,2022-08-13,Eutric Cambisols,43.79870099823677,0.5368540129522552,2010,RMQS1,"{""type"":""MultiPoint"",""coordinates"":[]}"
20220813T104629_20220813T104623_T30TYP_000000000000000007db_0,3050,1818,762,1060,1218,1732,2611,2941,2954,3327,5,2022-08-13,Eutric Cambisols,43.651451250746476,0.34338039937883447,2055,RMQS1,"{""type"":""MultiPoint"",""coordinates"":[]}"
20220813T104629_20220813T104623_T30TYP_000000000000000007dc_0,3591,2216,1064,1484,1906,2146,2703,3076,3156,3451,5,2022-08-13,Eutric Cambisols,43.654918009678816,0.5413905996353507,2056,RMQS1,"{""type"":""MultiPoint"",""coordinates"":[]}"
20220813T104629_20220813T104623_T30TYP_00000000000000000759_0,5021,3330,1420,1964,2818,3374,3673,4089,4264,4611,5,2022-08-13,Haplic Luvisols,44.08281502778731,0.32819314039789665,1916,RMQS1,"{""type"":""MultiPoint"",""coordinates"":[]}"
20220813T104629_20220813T104623_T30TYP_00000000000000000783_0,3257,2342,878,1204,1360,1809,2671,3150,3188,3470,5,2022-08-13,Haplic Luvisols,43.93516460209728,0.1342955175968594,1962,RMQS1,"{""type"":""MultiPoint"",""coordinates"":[]}"
20220813T104629_20220813T104623_T30TYP_0000000000000000075b_0,3201,2248,1058,1480,1654,2189,2779,3182,3264,3554,5,2022-08-13,Mollic Umbrisols,44.08943792205592,0.7272481499870546,1918,RMQS1,"{""type"":""MultiPoint"",""coordinates"":[]}"
20220813T104629_20220813T104623_T30TYQ_0000000000000000072b_0,3152,1863,631,825,1218,1606,1987,2269,2408,2716,5,2022-08-13,Albic Podzols,44.2227601300758,0.12308158813210761,1869,RMQS1,"{""type"":""MultiPoint"",""coordinates"":[]}"
20220813T104629_20220813T104623_T30TYQ_00000000000000000701_0,4362,2661,1152,1572,2374,2734,3041,3300,3552,3826,5,2022-08-13,Calcaric Cambisols,44.36657602891278,0.11743191867862429,1826,RMQS1,"{""type"":""MultiPoint"",""coordinates"":[]}"
20220813T104629_20220813T104623_T30TYQ_0000000000000000072e_0,3222,2153,713,1244,1472,2164,2813,3233,3212,3462,5,2022-08-13,Calcaric Cambisols,44.23326949240233,0.7231486374623786,1872,RMQS1,"{""type"":""MultiPoint"",""coordinates"":[]}"
20220813T104629_20220813T104623_T30TYQ_00000000000000000690_0,3688,2445,876,1216,1640,2216,2745,3186,3440,3618,5,2022-08-13,Eutric Cambisols,44.80553634563195,0.504440417181361,1701,RMQS1,"{""type"":""MultiPoint"",""coordinates"":[]}"
20220813T104629_20220813T104623_T30TYQ_000000000000000006b4_0,4104,2834,802,1078,1552,2010,2307,2763,2802,3068,5,2022-08-13,Haplic Luvisols,44.64997037130344,-0.09545710057892369,1741,RMQS1,"{""type"":""MultiPoint"",""coordinates"":[]}"
20220813T104629_20220813T104623_T30TYQ_000000000000000006b7_0,4230,2814,1164,1526,2160,2412,2816,3141,3312,3533,5,2022-08-13,Haplic Luvisols,44.66167066056686,0.5091410357468154,1744,RMQS1,"{""type"":""MultiPoint"",""coordinates"":[]}"
20220813T104629_20220813T104623_T30TYQ_000000000000000006b8_0,3440,2546,1062,1614,2088,2274,2378,2578,2706,2734,5,2022-08-13,Haplic Luvisols,44.664832562379004,0.7107266218471442,1745,RMQS1,"{""type"":""MultiPoint"",""coordinates"":[]}"
20220813T104629_20220813T104623_T30TYQ_000000000000000006dc_0,3194,2386,818,1202,1506,1824,2256,2547,2749,2785,5,2022-08-13,Haplic Luvisols,44.51429265450901,0.3127722289681817,1785,RMQS1,"{""type"":""MultiPoint"",""coordinates"":[]}"
20220813T104629_20220813T104623_T30TYQ_000000000000000006dd_0,4466,2824,1078,1538,2136,2770,3242,3636,3764,4102,5,2022-08-13,Haplic Luvisols,44.51781425187794,0.5138181479053451,1786,RMQS1,"{""type"":""MultiPoint"",""coordinates"":[]}"
20220813T104629_20220813T104623_T30TYQ_0000000000000000072d_0,2792,1834,960,1346,1942,2390,2718,3037,3184,3373,5,2022-08-13,Luvic Cambisols,44.230132383061516,0.5231018340485758,1871,RMQS1,"{""type"":""MultiPoint"",""coordinates"":[]}"
20220813T104629_20220813T104623_T30TYQ_000000000000000006b5_0,3930,2476,712,1072,1272,1926,2446,2810,3044,3294,5,2022-08-13,Mollic Umbrisols,44.654239038585125,0.1060466195283175,1742,RMQS1,"{""type"":""MultiPoint"",""coordinates"":[]}"
20220813T104629_20220813T104623_T30TYR_0000000000000000006d_0,2989,2099,775,1158,1538,1908,2157,2391,2540,2741,5,2022-08-13,Dystric Cambisols,45.88556111979459,0.7843482631787697,SIM11541,HWSDv2,"{""type"":""MultiPoint"",""coordinates"":[]}"
20220813T104629_20220813T104623_T30TYR_00000000000000000580_0,4070,3312,1128,1606,2330,2681,2881,3142,3152,3340,5,2022-08-13,Calcaric Cambisols,45.80083722296923,-0.1464050002597506,1409,RMQS1,"{""type"":""MultiPoint"",""coordinates"":[]}"
20220813T104629_20220813T104623_T30TYR_000000000000000005a4_0,4416,3119,1288,1670,2136,2718,3295,3680,3792,3987,5,2022-08-13,Calcaric Cambisols,45.66131000624331,0.0652636300268976,1450,RMQS1,"{""type"":""MultiPoint"",""coordinates"":[]}"
20220813T104629_20220813T104623_T30TYR_000000000000000005a5_0,4387,3292,1266,1864,2492,2882,3027,3323,3492,3588,5,2022-08-13,Calcaric Cambisols,45.66528210595559,0.2704780405947115,1451,RMQS1,"{""type"":""MultiPoint"",""coordinates"":[]}"
20220813T104629_20220813T104623_T30TYR_000000000000000005c8_0,3601,2294,910,1224,1444,1889,2578,2903,3088,3327,5,2022-08-13,Calcaric Cambisols,45.513089622659,-0.13346799206529747,1490,RMQS1,"{""type"":""MultiPoint"",""coordinates"":[]}"
20220813T104629_20220813T104623_T30TYR_000000000000000005f2_0,3794,2543,836,1060,1350,1757,2073,2352,2564,2732,5,2022-08-13,Calcaric Cambisols,45.377496694565295,0.2812171796581916,1534,RMQS1,"{""type"":""MultiPoint"",""coordinates"":[]}"
20220813T104629_20220813T104623_T30TYR_000000000000000005ca_0,3202,2674,1200,1522,1892,2063,2059,2187,2300,2355,5,2022-08-13,Eutric Cambisols,45.52138752930262,0.2758619491347459,1492,RMQS1,"{""type"":""MultiPoint"",""coordinates"":[]}"
20220813T104629_20220813T104623_T30TYR_000000000000000005f0_0,3378,2350,872,1180,1450,1842,2366,2807,2976,3195,5,2022-08-13,Eutric Cambisols,45.36922081868101,-0.12705033910126268,1532,RMQS1,"{""type"":""MultiPoint"",""coordinates"":[]}"
20220813T104629_20220813T104623_T30TYR_000000000000000005f1_0,4338,3000,1200,1576,2062,2470,2800,3106,3280,3489,5,2022-08-13,Eutric Cambisols,45.373545582811104,0.07706807018069811,1533,RMQS1,"{""type"":""MultiPoint"",""coordinates"":[]}"
20220813T104629_20220813T104623_T30TYR_00000000000000000619_0,4835,3203,1382,1870,2676,2936,3277,3730,4080,4215,5,2022-08-13,Luvic Cambisols,45.22967037836249,0.0829237907257251,1575,RMQS1,"{""type"":""MultiPoint"",""coordinates"":[]}"
20220813T104629_20220813T104623_T30TYR_000000000000000005c9_0,3354,2211,1040,1552,1720,2388,3150,3501,3764,3810,5,2022-08-13,Regosols (Colluvic),45.51742584404047,0.07118138304806058,1491,RMQS1,"{""type"":""MultiPoint"",""coordinates"":[]}"
20220813T104629_20220813T104623_T30TYR_00000000000000000582_0,4207,3619,1090,1558,2338,2689,2714,2901,2900,3043,5,2022-08-13,Rendzic Leptosols,45.809179554957446,0.2650661302913653,1411,RMQS1,"{""type"":""MultiPoint"",""coordinates"":[]}"
20220813T104629_20220813T104623_T30TYR_000000000000000005f3_0,2178,1369,698,1230,1252,1873,2541,2768,2674,2971,5,2022-08-13,Rendzic Leptosols,45.38107425208028,0.4853942395465012,1535,RMQS1,"{""type"":""MultiPoint"",""coordinates"":[]}"
20220813T104629_20220813T104623_T30TYR_0000000000000000061a_0,4657,2864,1018,1472,1926,2575,3265,3702,3896,4241,5,2022-08-13,Rendzic Leptosols,45.23361103386122,0.2865440554918134,1576,RMQS1,"{""type"":""MultiPoint"",""coordinates"":[]}"
20220813T104629_20220813T104623_T30TYR_00000000000000000028_0,3659,3082,1294,1784,2132,2427,2722,3054,3184,3171,5,2022-08-13,Eutric Fluvisols,45.89861111,0.00277778,68782,{WD-WISE},"{""type"":""MultiPoint"",""coordinates"":[]}"
20220813T104629_20220813T104623_T30TYS_0000000000000000005e_0,3977,2786,942,1242,1674,2097,2574,2851,3042,3234,5,2022-08-13,Calcaric Cambisols,46.50806450849034,0.9910526900588258,SIM48183,HWSDv2,"{""type"":""MultiPoint"",""coordinates"":[]}"
20220813T104629_20220813T104623_T30TYS_00000000000000000062_0,3908,3050,983,1368,1914,2280,2398,2675,2728,2979,5,2022-08-13,Calcaric Cambisols,45.9412014057957,0.065289686897003,SIM30965,HWSDv2,"{""type"":""MultiPoint"",""coordinates"":[]}"
20220813T104629_20220813T104623_T30TYS_000000000000000004a4_0,4515,3794,1338,1940,2798,3101,3167,3330,3428,3538,5,2022-08-13,Calcaric Cambisols,46.67258035875013,0.23199594562391013,1163,RMQS1,"{""type"":""MultiPoint"",""coordinates"":[]}"
20220813T104629_20220813T104623_T30TYS_000000000000000004a5_0,4443,3534,1246,1808,2566,2874,3065,3277,3428,3412,5,2022-08-13,Eutric Cambisols,46.67624425670514,0.4410565506621489,1164,RMQS1,"{""type"":""MultiPoint"",""coordinates"":[]}"
20220813T104629_20220813T104623_T30TYS_000000000000000004a7_0,3362,2507,858,1344,1814,2296,2687,2922,3124,3197,5,2022-08-13,Eutric Cambisols,46.68242330115931,0.8592545683175709,1166,RMQS1,"{""type"":""MultiPoint"",""coordinates"":[]}"
20220813T104629_20220813T104623_T30TYS_000000000000000004eb_0,3541,2342,700,907,1266,1573,1766,2028,2188,2429,5,2022-08-13,Eutric Cambisols,46.380758268333096,0.035208723464946995,1244,RMQS1,"{""type"":""MultiPoint"",""coordinates"":[]}"
20220813T104629_20220813T104623_T30TYS_0000000000000000047d_0,4117,3318,1296,1714,2290,2608,2726,2890,3022,3156,5,2022-08-13,Haplic Luvisols,46.82014893841074,0.43599984899138555,1123,RMQS1,"{""type"":""MultiPoint"",""coordinates"":[]}"
20220813T104629_20220813T104623_T30TYS_000000000000000004ca_0,4375,3226,980,1270,1682,2291,2702,3008,3120,3380,5,2022-08-13,Haplic Luvisols,46.52868315472322,0.2375799776288461,1203,RMQS1,"{""type"":""MultiPoint"",""coordinates"":[]}"
20220813T104629_20220813T104623_T30TYS_000000000000000004cb_0,3687,2538,832,1152,1418,1890,2485,2779,2802,3183,5,2022-08-13,Haplic Luvisols,46.532337162248965,0.4460865612049353,1204,RMQS1,"{""type"":""MultiPoint"",""coordinates"":[]}"
20220813T104629_20220813T104623_T30TYS_00000000000000000515_0,4666,3081,924,1238,1742,2234,2641,2986,3288,3472,5,2022-08-13,Haplic Luvisols,46.247771765350535,0.6635006352149346,1289,RMQS1,"{""type"":""MultiPoint"",""coordinates"":[]}"
20220813T104629_20220813T104623_T30TYS_000000000000000004ee_0,3760,2360,764,1022,1344,1871,2430,2704,2916,3173,5,2022-08-13,Luvic Cambisols,46.39169124444395,0.65907171951279,1247,RMQS1,"{""type"":""MultiPoint"",""coordinates"":[]}"
20220813T104629_20220813T104623_T30TYS_000000000000000004ef_0,4372,3077,1134,1488,2036,2012,2779,3235,3640,3707,5,2022-08-13,Luvic Cambisols,46.3945739230684,0.8670762593857257,1248,RMQS1,"{""type"":""MultiPoint"",""coordinates"":[]}"
20220813T104629_20220813T104623_T30TYS_0000000000000000047e_0,3869,2435,832,1192,1504,2054,2654,2963,3144,3348,5,2022-08-13,Luvic Stagnosols,46.8234383704253,0.6456440699083928,1124,RMQS1,"{""type"":""MultiPoint"",""coordinates"":[]}"
20220813T104629_20220813T104623_T30TYT_0000000000000000037b_0,4811,3360,1230,1642,2332,2753,2958,3295,3580,3746,5,2022-08-13,Eutric Cambisols,47.68680357363322,0.6181369317170614,843,RMQS1,"{""type"":""MultiPoint"",""coordinates"":[]}"
20220813T104629_20220813T104623_T30TYT_0000000000000000037d_0,3219,2778,731,1174,1754,1945,2048,2201,2264,2270,5,2022-08-13,Eutric Cambisols,47.69231735110835,1.0443128583803534,845,RMQS1,"{""type"":""MultiPoint"",""coordinates"":[]}"
20220813T104629_20220813T104623_T30TYT_000000000000000003aa_0,4961,3297,1546,2126,3034,3446,3570,3807,4060,4222,5,2022-08-13,Eutric Cambisols,47.542927371413136,0.6227839914739651,895,RMQS1,"{""type"":""MultiPoint"",""coordinates"":[]}"
20220813T104629_20220813T104623_T30TYT_00000000000000000459_0,4666,3049,1014,1374,1970,2462,2833,3163,3384,3629,5,2022-08-13,Eutric Cambisols,46.97278837529007,1.061600350806898,1082,RMQS1,"{""type"":""MultiPoint"",""coordinates"":[]}"
20220813T104629_20220813T104623_T30TYT_00000000000000000456_0,3921,2678,1310,1672,2084,2563,3350,3692,4124,4165,5,2022-08-13,Eutric Planosols,46.96405011215721,0.43091598807012294,1079,RMQS1,"{""type"":""MultiPoint"",""coordinates"":[]}"
20220813T104629_20220813T104623_T30TYT_0000000000000000042f_0,4921,4311,1882,2496,3168,3569,3653,3860,3948,4047,5,2022-08-13,Eutric Retisols,47.11670746180148,1.0581797222389806,1038,RMQS1,"{""type"":""MultiPoint"",""coordinates"":[]}"
20220813T104629_20220813T104623_T30TYT_0000000000000000037c_0,5160,3425,1292,1742,2608,3070,3260,3534,3764,4066,5,2022-08-13,Haplic Luvisols,47.68975585042416,0.8312134254903143,844,RMQS1,"{""type"":""MultiPoint"",""coordinates"":[]}"
20220813T104629_20220813T104623_T30TYT_000000000000000003d7_0,4133,2826,940,1202,1722,2056,2449,2753,3038,3192,5,2022-08-13,Haplic Luvisols,47.395718283839564,0.4155014966302985,945,RMQS1,"{""type"":""MultiPoint"",""coordinates"":[]}"
20220813T104629_20220813T104623_T30TYT_0000000000000000047d_0,4143,3340,1292,1720,2302,2628,2744,2908,3030,3177,5,2022-08-13,Haplic Luvisols,46.82014893841074,0.43599984899138555,1123,RMQS1,"{""type"":""MultiPoint"",""coordinates"":[]}"
20220813T104629_20220813T104623_T30TYT_000000000000000003da_0,4109,2844,976,1260,1774,2052,2394,2710,2988,3117,5,2022-08-13,Luvic Cambisols,47.404526962741336,1.0512838631524177,948,RMQS1,"{""type"":""MultiPoint"",""coordinates"":[]}"
20220813T104629_20220813T104623_T30TYT_0000000000000000047e_0,3876,2438,824,1188,1508,2060,2662,2970,3144,3356,5,2022-08-13,Luvic Stagnosols,46.8234383704253,0.6456440699083928,1124,RMQS1,"{""type"":""MultiPoint"",""coordinates"":[]}"
20220813T104629_20220813T104623_T30TYT_0000000000000000042d_0,4705,3136,1422,1914,2668,3104,3320,3565,3812,3959,5,2022-08-13,Rendzic Leptosols,47.111251889494554,0.6365738313282675,1036,RMQS1,"{""type"":""MultiPoint"",""coordinates"":[]}"
20220813T104629_20220813T104623_T30TYT_00000000000000000457_0,3697,2609,901,1108,1424,1893,2187,2502,2590,2790,5,2022-08-13,Stagnic Gleysols,46.96734759548669,0.6411210616326486,1080,RMQS1,"{""type"":""MultiPoint"",""coordinates"":[]}"
20220813T104629_20220813T104623_T30UYU_00000000000000000272_0,4149,2832,1470,1946,2636,3158,3493,3780,4044,4172,5,2022-08-13,Eutric Retisols,48.411606154539754,1.0265529667530489,564,RMQS1,"{""type"":""MultiPoint"",""coordinates"":[]}"
20220813T104629_20220813T104623_T30UYU_000000000000000002aa_0,4409,3175,896,1434,1692,2599,3138,3514,3444,3854,5,2022-08-13,Eutric Retisols,48.267773070968104,1.0301448294912523,623,RMQS1,"{""type"":""MultiPoint"",""coordinates"":[]}"
20220813T104629_20220813T104623_T30UYU_000000000000000002e2_0,4067,2867,1302,1832,2508,2607,3057,3362,3876,3756,5,2022-08-13,Eutric Retisols,48.123926965867774,1.0337162685273735,681,RMQS1,"{""type"":""MultiPoint"",""coordinates"":[]}"
20220813T104629_20220813T104623_T30UYU_00000000000000000319_0,3513,2340,841,1144,1270,2178,2531,2793,3196,3140,5,2022-08-13,Haplic Luvisols,47.98006859464599,1.0372677251420688,738,RMQS1,"{""type"":""MultiPoint"",""coordinates"":[]}"
20220813T104629_20220813T104623_T30UYU_000000000000000002a9_0,4039,3066,1250,1652,2174,2683,2930,3193,3340,3570,5,2022-08-13,Luvic Stagnosols,48.265183822455356,0.8147095500113787,622,RMQS1,"{""type"":""MultiPoint"",""coordinates"":[]}"
20220813T104629_20220813T104623_T30UYU_0000000000000000034a_0,4834,3584,1322,1842,2630,3045,3173,3475,3676,3823,5,2022-08-13,Luvic Stagnosols,47.83066980746326,0.6134648025979296,791,RMQS1,"{""type"":""MultiPoint"",""coordinates"":[]}"
20220813T104629_20220813T104623_T30UYU_00000000000000000318_0,2185,1261,511,718,684,1159,1629,1873,1372,2166,5,2022-08-13,Stagnic Gleysols,47.97749316883225,0.8230065836699338,737,RMQS1,"{""type"":""MultiPoint"",""coordinates"":[]}"
20220813T104629_20220813T104623_T30UYU_000000000000000002e1_0,4096,3295,1042,1396,1670,2321,2829,3104,3460,3463,5,2022-08-13,Vertic Cambisols,48.12134464439584,0.8188699264753865,680,RMQS1,"{""type"":""MultiPoint"",""coordinates"":[]}"
20220813T104629_20220813T104623_T30UYV_0000000000000000019b_0,4798,3347,1342,1822,2670,3086,3229,3471,3720,3876,5,2022-08-13,Eutric Cambisols,48.986789979658724,1.011980189683206,327,RMQS1,"{""type"":""MultiPoint"",""coordinates"":[]}"
20220813T104629_20220813T104623_T30UYV_0000000000000000019c_0,4161,3294,1528,2008,2708,3001,3091,3273,3476,3514,5,2022-08-13,Eutric Cambisols,48.9890140623296,1.2304298587690576,328,RMQS1,"{""type"":""MultiPoint"",""coordinates"":[]}"
20220813T104629_20220813T104623_T30UYV_000000000000000001cd_0,4295,3788,1522,1836,2424,2773,2910,3112,3094,3392,5,2022-08-13,Eutric Cambisols,48.843018131050385,1.0156540889892636,385,RMQS1,"{""type"":""MultiPoint"",""coordinates"":[]}"
20220813T104629_20220813T104623_T30UYV_0000000000000000014c_0,2428,1881,1086,1316,1494,1556,1839,2145,2036,2131,5,2022-08-13,Eutric Fluvisols,49.276515471368825,1.2242410066178666,233,RMQS1,"{""type"":""MultiPoint"",""coordinates"":[]}"
20220813T104629_20220813T104623_T30UYV_00000000000000000202_0,4781,3430,1428,1996,2886,3306,3432,3694,3972,4152,5,2022-08-13,Eutric Retisols,48.69922952521517,1.0193074302902678,446,RMQS1,"{""type"":""MultiPoint"",""coordinates"":[]}"
20220813T104629_20220813T104623_T30UYV_0000000000000000010a_0,4779,3826,1308,1854,2734,3138,3314,3540,3860,3894,5,2022-08-13,Luvic Cambisols,49.56393970113884,1.217982875699953,155,RMQS1,"{""type"":""MultiPoint"",""coordinates"":[]}"
20220813T104629_20220813T104623_T31TCJ_00000000000000000083_0,2875,1925,1118,1472,1886,1881,2657,2963,2944,3233,5,2022-08-13,Calcaric Cambisols,43.78608327784773,1.3843490695106873,SIM27892,HWSDv2,"{""type"":""MultiPoint"",""coordinates"":[]}"
20220813T104629_20220813T104623_T31TCJ_0000000000000000078a_0,3634,2215,997,1410,2004,2193,3344,3823,3916,4437,5,2022-08-13,Calcaric Cambisols,43.95446120604993,1.5276452591165468,1969,RMQS1,"{""type"":""MultiPoint"",""coordinates"":[]}"
20220813T104629_20220813T104623_T31TCJ_000000000000000007b2_0,4722,3370,1494,2062,2858,3376,3605,3878,3812,4229,5,2022-08-13,Calcaric Cambisols,43.801814078706926,0.7353863730644742,2011,RMQS1,"{""type"":""MultiPoint"",""coordinates"":[]}"
20220813T104629_20220813T104623_T31TCJ_000000000000000007b3_0,4237,2690,1224,1746,2564,2983,3184,3503,3672,3970,5,2022-08-13,Calcaric Cambisols,43.804563518724855,0.9339386706927577,2012,RMQS1,"{""type"":""MultiPoint"",""coordinates"":[]}"
20220813T104629_20220813T104623_T31TCJ_000000000000000007dd_0,3758,3017,1166,1792,2274,2597,2710,2903,2798,2990,5,2022-08-13,Calcaric Cambisols,43.65802295237102,0.7394234284125767,2057,RMQS1,"{""type"":""MultiPoint"",""coordinates"":[]}"
20220813T104629_20220813T104623_T31TCJ_000000000000000007de_0,4071,2980,1296,1830,2520,2849,2993,3242,3287,3494,5,2022-08-13,Calcaric Cambisols,43.6607654692577,0.9374759088034046,2058,RMQS1,"{""type"":""MultiPoint"",""coordinates"":[]}"
20220813T104629_20220813T104623_T31TCJ_000000000000000007e1_0,4145,2998,1192,1760,2412,2962,3100,3357,3252,3624,5,2022-08-13,Calcaric Cambisols,43.66811185509377,1.7298359782939583,2062,RMQS1,"{""type"":""MultiPoint"",""coordinates"":[]}"
20220813T104629_20220813T104623_T31TCJ_00000000000000000805_0,3782,2489,1040,1392,1748,2148,2622,2992,3039,3385,5,2022-08-13,Calcaric Cambisols,43.51115018753142,0.545904798783983,2102,RMQS1,"{""type"":""MultiPoint"",""coordinates"":[]}"
20220813T104629_20220813T104623_T31TCJ_00000000000000000806_0,3416,2466,990,1500,1878,2356,2751,3098,3094,3293,5,2022-08-13,Calcaric Cambisols,43.51424709370381,0.7434401003762473,2103,RMQS1,"{""type"":""MultiPoint"",""coordinates"":[]}"
20220813T104629_20220813T104623_T31TCJ_00000000000000000832_0,4451,3082,1578,2144,2942,3334,3418,3691,3760,4061,5,2022-08-13,Calcaric Cambisols,43.379238151330306,1.5357705717025496,2152,RMQS1,"{""type"":""MultiPoint"",""coordinates"":[]}"
20220813T104629_20220813T104623_T31TCJ_000000000000000007b1_0,3227,2432,875,1400,1762,2026,2137,2395,2279,2541,5,2022-08-13,Eutric Cambisols,43.79870099823677,0.5368540129522552,2010,RMQS1,"{""type"":""MultiPoint"",""coordinates"":[]}"
20220813T104629_20220813T104623_T31TCJ_000000000000000007dc_0,3782,2413,1170,1626,2186,2599,2874,3218,3276,3557,5,2022-08-13,Eutric Cambisols,43.654918009678816,0.5413905996353507,2056,RMQS1,"{""type"":""MultiPoint"",""coordinates"":[]}"
20220813T104629_20220813T104623_T31TCJ_0000000000000000080a_0,3150,2187,741,1162,1512,2177,2650,2951,3068,3251,5,2022-08-13,Eutric Cambisols,43.52302003271735,1.5337542549797725,2107,RMQS1,"{""type"":""MultiPoint"",""coordinates"":[]}"
20220813T104629_20220813T104623_T31TCJ_0000000000000000075c_0,2767,2325,1102,1562,2050,2361,2549,2767,2599,2842,5,2022-08-13,Eutric Fluvisols,44.09220210607855,0.9268088875590461,1919,RMQS1,"{""type"":""MultiPoint"",""coordinates"":[]}"
20220813T104629_20220813T104623_T31TCJ_00000000000000000787_0,2663,1750,736,1260,1378,2288,3085,3425,3544,3755,5,2022-08-13,Haplic Luvisols,43.94837598617865,0.9303829200773381,1966,RMQS1,"{""type"":""MultiPoint"",""coordinates"":[]}"
20220813T104629_20220813T104623_T31TCJ_00000000000000000789_0,2692,1826,604,868,934,1518,2331,2748,2469,3018,5,2022-08-13,Haplic Luvisols,43.9527966974489,1.3285439563076873,1968,RMQS1,"{""type"":""MultiPoint"",""coordinates"":[]}"
20220813T104629_20220813T104623_T31TCJ_00000000000000000808_0,3743,3193,1476,2030,2502,2847,2995,3248,3156,3447,5,2022-08-13,Luvic Stagnosols,43.51935670825821,1.1385679467238081,2105,RMQS1,"{""type"":""MultiPoint"",""coordinates"":[]}"
20220813T104629_20220813T104623_T31TCJ_0000000000000000075b_0,3148,2186,1034,1540,1738,2280,3004,3331,3360,3742,5,2022-08-13,Mollic Umbrisols,44.08943792205592,0.7272481499870546,1918,RMQS1,"{""type"":""MultiPoint"",""coordinates"":[]}"
20220813T104629_20220813T104623_T31TCJ_00000000000000000833_0,2976,2031,456,804,882,2121,3094,3520,3628,3714,5,2022-08-13,Regosols (Colluvic),43.3805251082789,1.7328839686620165,2153,RMQS1,"{""type"":""MultiPoint"",""coordinates"":[]}"
20220813T104629_20220813T104623_T31TCK_00000000000000000646_0,3820,2448,772,1082,1582,2097,2537,2886,3156,3415,5,2022-08-13,Calcaric Cambisols,45.10381088283523,1.3076748715645614,1622,RMQS1,"{""type"":""MultiPoint"",""coordinates"":[]}"
20220813T104629_20220813T104623_T31TCK_000000000000000006e2_0,3090,2100,734,956,1208,1712,2295,2685,2798,3019,5,2022-08-13,Calcaric Cambisols,44.529903166558434,1.5193539537680492,1791,RMQS1,"{""type"":""MultiPoint"",""coordinates"":[]}"
20220813T104629_20220813T104623_T31TCK_0000000000000000072e_0,3162,2129,848,1292,1546,2135,2758,3154,3104,3389,5,2022-08-13,Calcaric Cambisols,44.23326949240233,0.7231486374623786,1872,RMQS1,"{""type"":""MultiPoint"",""coordinates"":[]}"
20220813T104629_20220813T104623_T31TCK_000000000000000006e1_0,3079,1973,708,975,1174,1778,2375,2650,3086,3066,5,2022-08-13,Chromic Cambisols,44.52822162360067,1.318215247363333,1790,RMQS1,"{""type"":""MultiPoint"",""coordinates"":[]}"
20220813T104629_20220813T104623_T31TCK_00000000000000000694_0,2363,1862,556,900,1306,1475,2041,2380,2427,2545,5,2022-08-13,Eutric Cambisols,44.81599910342824,1.312972402777045,1705,RMQS1,"{""type"":""MultiPoint"",""coordinates"":[]}"
20220813T104629_20220813T104623_T31TCK_00000000000000000705_0,3380,2396,1176,1488,1770,2401,2858,3117,2806,3277,5,2022-08-13,Eutric Cambisols,44.37989169422893,0.9196071815825417,1830,RMQS1,"{""type"":""MultiPoint"",""coordinates"":[]}"
20220813T104629_20220813T104623_T31TCK_0000000000000000066f_0,4342,2913,885,1208,1816,2225,2604,2998,3300,3558,5,2022-08-13,Haplic Luvisols,44.96292004003398,1.7157302514408141,1665,RMQS1,"{""type"":""MultiPoint"",""coordinates"":[]}"
20220813T104629_20220813T104623_T31TCK_000000000000000006b7_0,4273,2880,1180,1488,2032,2501,2867,3230,3208,3637,5,2022-08-13,Haplic Luvisols,44.66167066056686,0.5091410357468154,1744,RMQS1,"{""type"":""MultiPoint"",""coordinates"":[]}"
20220813T104629_20220813T104623_T31TCK_000000000000000006b8_0,3354,2378,1078,1522,1932,2103,2391,2638,2728,2806,5,2022-08-13,Haplic Luvisols,44.664832562379004,0.7107266218471442,1745,RMQS1,"{""type"":""MultiPoint"",""coordinates"":[]}"
20220813T104629_20220813T104623_T31TCK_000000000000000006dd_0,4325,2759,1100,1500,1982,2625,3143,3529,3653,3972,5,2022-08-13,Haplic Luvisols,44.51781425187794,0.5138181479053451,1786,RMQS1,"{""type"":""MultiPoint"",""coordinates"":[]}"
20220813T104629_20220813T104623_T31TCK_0000000000000000072d_0,2697,1811,1011,1328,1820,2263,2663,3018,3076,3309,5,2022-08-13,Luvic Cambisols,44.230132383061516,0.5231018340485758,1871,RMQS1,"{""type"":""MultiPoint"",""coordinates"":[]}"
20220813T104629_20220813T104623_T31TCK_0000000000000000066e_0,4183,2726,988,1370,2144,2655,3053,3403,3595,3895,5,2022-08-13,Rendzic Leptosols,44.96159614293844,1.5130249086385896,1664,RMQS1,"{""type"":""MultiPoint"",""coordinates"":[]}"
20220813T104629_20220813T104623_T31TCK_00000000000000000693_0,4477,3746,1380,1908,2634,3037,3154,3441,3475,3663,5,2022-08-13,Rendzic Leptosols,44.81393847153426,1.110812235605975,1704,RMQS1,"{""type"":""MultiPoint"",""coordinates"":[]}"
20220813T104629_20220813T104623_T31TCK_00000000000000000706_0,4411,2833,1188,1600,2194,2651,3050,3392,3660,3884,5,2022-08-13,Rendzic Leptosols,44.38230353158314,1.1202039397391548,1831,RMQS1,"{""type"":""MultiPoint"",""coordinates"":[]}"
20220813T104629_20220813T104623_T31TCK_000000000000000008e2_0,4183,2726,988,1370,2144,2655,3053,3403,3595,3895,5,2022-08-13,Rendzic Leptosols,44.96159614293844,1.5130249086385896,11664,RMQS1,"{""type"":""MultiPoint"",""coordinates"":[]}"
20220813T104629_20220813T104623_T31TCK_00000000000000000018_0,3940,2814,884,1230,1842,2245,2787,3099,3300,3484,5,2022-08-13,Calcaric Cambisols,44.94722222,1.6458333299999999,68778,"{WD-eSOTER,WD-WISE}","{""type"":""MultiPoint"",""coordinates"":[]}"
20220813T104629_20220813T104623_T31TCK_00000000000000000001_0,3792,2696,877,1160,1778,2115,2402,2668,2846,2984,5,2022-08-13,Dystric Gleysols,44.98055556,1.7166666699999997,66214,"{WD-eSOTER,WD-WISE}","{""type"":""MultiPoint"",""coordinates"":[]}"
20220813T104629_20220813T104623_T31TCL_0000000000000000006d_0,2973,2100,830,1172,1528,1899,2160,2408,2564,2754,5,2022-08-13,Dystric Cambisols,45.88556111979459,0.7843482631787697,SIM11541,HWSDv2,"{""type"":""MultiPoint"",""coordinates"":[]}"
20220813T104629_20220813T104623_T31TCL_00000000000000000646_0,3786,2439,802,1108,1564,2068,2527,2875,3140,3392,5,2022-08-13,Calcaric Cambisols,45.10381088283523,1.3076748715645614,1622,RMQS1,"{""type"":""MultiPoint"",""coordinates"":[]}"
20220813T104629_20220813T104623_T31TCL_000000000000000005ce_0,3828,2374,724,1030,1326,1820,2395,2718,2974,3175,5,2022-08-13,Dystric Cambisols,45.53348867729462,1.094834141797127,1496,RMQS1,"{""type"":""MultiPoint"",""coordinates"":[]}"
20220813T104629_20220813T104623_T31TCL_00000000000000000589_0,4367,2934,832,1132,1730,2079,2366,2672,2949,3119,5,2022-08-13,Eutric Cambisols,45.82650964915315,1.7059567688195714,1418,RMQS1,"{""type"":""MultiPoint"",""coordinates"":[]}"
20220813T104629_20220813T104623_T31TCL_000000000000000005aa_0,4261,2768,687,978,1416,1876,2335,2731,2866,3272,5,2022-08-13,Eutric Cambisols,45.67950808151956,1.2969140315476655,1456,RMQS1,"{""type"":""MultiPoint"",""coordinates"":[]}"
20220813T104629_20220813T104623_T31TCL_000000000000000005d0_0,4364,2928,856,1270,1826,2318,2736,3137,3364,3677,5,2022-08-13,Eutric Cambisols,45.53728966488264,1.5044315327285298,1498,RMQS1,"{""type"":""MultiPoint"",""coordinates"":[]}"
20220813T104629_20220813T104623_T31TCL_000000000000000005d1_0,4330,2922,1028,1466,2182,2287,2756,3153,3420,3659,5,2022-08-13,Eutric Cambisols,45.538627299848535,1.7092489024288633,1499,RMQS1,"{""type"":""MultiPoint"",""coordinates"":[]}"
20220813T104629_20220813T104623_T31TCL_00000000000000000588_0,3960,2520,724,986,1394,1828,2376,2754,3023,3335,5,2022-08-13,Regosols (Colluvic),45.825164768476924,1.500066773420617,1417,RMQS1,"{""type"":""MultiPoint"",""coordinates"":[]}"
20220813T104629_20220813T104623_T31TCL_000000000000000005f8_0,3774,2381,695,968,1312,1740,2231,2542,2862,3005,5,2022-08-13,Umbric Leptosols,45.39335793747217,1.506596968002484,1540,RMQS1,"{""type"":""MultiPoint"",""coordinates"":[]}"
20220813T104629_20220813T104623_T31TCL_00000000000000000000_0,4209,2594,824,1130,1780,2274,2668,3051,3230,3595,5,2022-08-13,Calcaric Cambisols,45.16944444,1.7138888900000002,68784,"{WD-eSOTER,WD-WISE}","{""type"":""MultiPoint"",""coordinates"":[]}"
20220813T104629_20220813T104623_T31TCM_0000000000000000005e_0,3863,2626,933,1226,1644,1989,2493,2816,3046,3189,5,2022-08-13,Calcaric Cambisols,46.50806450849034,0.9910526900588258,SIM48183,HWSDv2,"{""type"":""MultiPoint"",""coordinates"":[]}"
20220813T104629_20220813T104623_T31TCM_00000000000000000482_0,3697,3272,889,1366,1898,2120,2240,2402,2498,2558,5,2022-08-13,Eutric Cambisols,46.83275616712597,1.484434384575593,1128,RMQS1,"{""type"":""MultiPoint"",""coordinates"":[]}"
20220813T104629_20220813T104623_T31TCM_00000000000000000483_0,2463,2169,770,968,980,1482,2081,2409,2166,2440,5,2022-08-13,Eutric Cambisols,46.834125907327305,1.6941691786867756,1129,RMQS1,"{""type"":""MultiPoint"",""coordinates"":[]}"
20220813T104629_20220813T104623_T31TCM_000000000000000004a5_0,4502,3602,1264,1812,2564,2968,3160,3350,3436,3502,5,2022-08-13,Eutric Cambisols,46.67624425670514,0.4410565506621489,1164,RMQS1,"{""type"":""MultiPoint"",""coordinates"":[]}"
20220813T104629_20220813T104623_T31TCM_000000000000000004a7_0,3402,2561,858,1340,1804,2248,2596,2830,2976,3085,5,2022-08-13,Eutric Cambisols,46.68242330115931,0.8592545683175709,1166,RMQS1,"{""type"":""MultiPoint"",""coordinates"":[]}"
20220813T104629_20220813T104623_T31TCM_000000000000000004a8_0,4027,2553,957,1264,1654,2143,2665,2979,3244,3431,5,2022-08-13,Eutric Cambisols,46.68493825055593,1.0683872613516354,1167,RMQS1,"{""type"":""MultiPoint"",""coordinates"":[]}"
20220813T104629_20220813T104623_T31TCM_000000000000000004ce_0,3714,2339,697,956,1238,1705,2203,2524,2810,2923,5,2022-08-13,Eutric Cambisols,46.54313454001028,1.2803489731979116,1208,RMQS1,"{""type"":""MultiPoint"",""coordinates"":[]}"
20220813T104629_20220813T104623_T31TCM_000000000000000004d0_0,3962,2674,746,990,1388,1808,2307,2581,2853,2982,5,2022-08-13,Eutric Cambisols,46.546241796064976,1.697581007504501,1210,RMQS1,"{""type"":""MultiPoint"",""coordinates"":[]}"
20220813T104629_20220813T104623_T31TCM_00000000000000000539_0,3812,2276,634,874,1198,1601,2084,2383,2678,2956,5,2022-08-13,Eutric Cambisols,46.106719349469095,0.8748159579529682,1331,RMQS1,"{""type"":""MultiPoint"",""coordinates"":[]}"
20220813T104629_20220813T104623_T31TCM_0000000000000000047d_0,4175,3383,1284,1688,2280,2600,2721,2894,3034,3154,5,2022-08-13,Haplic Luvisols,46.82014893841074,0.43599984899138555,1123,RMQS1,"{""type"":""MultiPoint"",""coordinates"":[]}"
20220813T104629_20220813T104623_T31TCM_000000000000000004ab_0,3143,2286,879,1316,1384,1665,2358,2714,3168,2980,5,2022-08-13,Haplic Luvisols,46.69018527607474,1.6958796349873388,1170,RMQS1,"{""type"":""MultiPoint"",""coordinates"":[]}"
20220813T104629_20220813T104623_T31TCM_000000000000000004cb_0,3497,2458,753,1010,1290,1783,2448,2781,2827,3144,5,2022-08-13,Haplic Luvisols,46.532337162248965,0.4460865612049353,1204,RMQS1,"{""type"":""MultiPoint"",""coordinates"":[]}"
20220813T104629_20220813T104623_T31TCM_000000000000000004f0_0,4673,3162,999,1304,1838,2353,2725,3049,3376,3592,5,2022-08-13,Haplic Luvisols,46.39707583850519,1.0751018843272806,1249,RMQS1,"{""type"":""MultiPoint"",""coordinates"":[]}"
20220813T104629_20220813T104623_T31TCM_00000000000000000515_0,4661,3105,949,1238,1756,2193,2604,2944,3308,3426,5,2022-08-13,Haplic Luvisols,46.247771765350535,0.6635006352149346,1289,RMQS1,"{""type"":""MultiPoint"",""coordinates"":[]}"
20220813T104629_20220813T104623_T31TCM_000000000000000004ee_0,3779,2318,767,1030,1336,1938,2480,2854,2866,3272,5,2022-08-13,Luvic Cambisols,46.39169124444395,0.65907171951279,1247,RMQS1,"{""type"":""MultiPoint"",""coordinates"":[]}"
20220813T104629_20220813T104623_T31TCM_000000000000000004ef_0,4817,3486,1098,1420,1912,2388,2913,3296,3557,3831,5,2022-08-13,Luvic Cambisols,46.3945739230684,0.8670762593857257,1248,RMQS1,"{""type"":""MultiPoint"",""coordinates"":[]}"
20220813T104629_20220813T104623_T31TCM_000000000000000004f1_0,4179,2598,868,1168,1682,2149,2619,2930,3356,3467,5,2022-08-13,Luvic Cambisols,46.39919693196088,1.2831454307949937,1250,RMQS1,"{""type"":""MultiPoint"",""coordinates"":[]}"
20220813T104629_20220813T104623_T31TCM_0000000000000000047e_0,3850,2417,864,1188,1500,2041,2643,2942,3128,3335,5,2022-08-13,Luvic Stagnosols,46.8234383704253,0.6456440699083928,1124,RMQS1,"{""type"":""MultiPoint"",""coordinates"":[]}"
20220813T104629_20220813T104623_T31TCN_00000000000000000409_0,2658,1649,483,652,818,1033,1421,1675,1938,1956,5,2022-08-13,Albic Podzols,47.26592270272634,1.6889836071572726,996,RMQS1,"{""type"":""MultiPoint"",""coordinates"":[]}"
20220813T104629_20220813T104623_T31TCN_000000000000000003ae_0,3170,2471,978,1238,1472,1709,2271,2489,2796,2655,5,2022-08-13,Calcaric Cambisols,47.552368234556766,1.4729089085002178,899,RMQS1,"{""type"":""MultiPoint"",""coordinates"":[]}"
20220813T104629_20220813T104623_T31TCN_0000000000000000045c_0,3835,3246,960,1384,2020,2263,2408,2574,2674,2769,5,2022-08-13,Calcaric Cambisols,46.97806314421428,1.6924498201961606,1085,RMQS1,"{""type"":""MultiPoint"",""coordinates"":[]}"
20220813T104629_20220813T104623_T31TCN_0000000000000000037b_0,4802,3376,1242,1644,2294,2721,2913,3246,3552,3687,5,2022-08-13,Eutric Cambisols,47.68680357363322,0.6181369317170614,843,RMQS1,"{""type"":""MultiPoint"",""coordinates"":[]}"
20220813T104629_20220813T104623_T31TCN_0000000000000000037d_0,3262,2842,753,1214,1774,2002,2101,2257,2290,2328,5,2022-08-13,Eutric Cambisols,47.69231735110835,1.0443128583803534,845,RMQS1,"{""type"":""MultiPoint"",""coordinates"":[]}"
20220813T104629_20220813T104623_T31TCN_000000000000000003aa_0,4987,3318,1548,2150,3034,3503,3558,3829,4128,4187,5,2022-08-13,Eutric Cambisols,47.542927371413136,0.6227839914739651,895,RMQS1,"{""type"":""MultiPoint"",""coordinates"":[]}"
20220813T104629_20220813T104623_T31TCN_00000000000000000432_0,4297,2891,922,1246,1636,2171,2703,3060,3332,3499,5,2022-08-13,Eutric Cambisols,47.121995805732524,1.69072149454457,1041,RMQS1,"{""type"":""MultiPoint"",""coordinates"":[]}"
20220813T104629_20220813T104623_T31TCN_00000000000000000459_0,4737,3131,1038,1390,1990,2500,2839,3148,3416,3697,5,2022-08-13,Eutric Cambisols,46.97278837529007,1.061600350806898,1082,RMQS1,"{""type"":""MultiPoint"",""coordinates"":[]}"
20220813T104629_20220813T104623_T31TCN_00000000000000000456_0,3967,2763,1336,1724,2148,2578,3215,3489,4124,3915,5,2022-08-13,Eutric Planosols,46.96405011215721,0.43091598807012294,1079,RMQS1,"{""type"":""MultiPoint"",""coordinates"":[]}"
20220813T104629_20220813T104623_T31TCN_0000000000000000042f_0,4932,4313,1888,2498,3168,3571,3664,3862,3916,4057,5,2022-08-13,Eutric Retisols,47.11670746180148,1.0581797222389806,1038,RMQS1,"{""type"":""MultiPoint"",""coordinates"":[]}"
20220813T104629_20220813T104623_T31TCN_00000000000000000431_0,4668,4090,1964,2374,2986,3237,3310,3536,3804,3785,5,2022-08-13,Eutric Retisols,47.120619712342474,1.4798610993880554,1040,RMQS1,"{""type"":""MultiPoint"",""coordinates"":[]}"
20220813T104629_20220813T104623_T31TCN_0000000000000000045a_0,3760,3142,1394,1904,2108,2655,3418,3694,3984,3999,5,2022-08-13,Eutric Retisols,46.97493184897627,1.2718698805445425,1083,RMQS1,"{""type"":""MultiPoint"",""coordinates"":[]}"
20220813T104629_20220813T104623_T31TCN_0000000000000000037c_0,5123,3396,1262,1748,2578,3061,3242,3579,3764,4051,5,2022-08-13,Haplic Luvisols,47.68975585042416,0.8312134254903143,844,RMQS1,"{""type"":""MultiPoint"",""coordinates"":[]}"
20220813T104629_20220813T104623_T31TCN_000000000000000003d7_0,4221,2934,948,1228,1714,2086,2446,2725,3078,3172,5,2022-08-13,Haplic Luvisols,47.395718283839564,0.4155014966302985,945,RMQS1,"{""type"":""MultiPoint"",""coordinates"":[]}"
20220813T104629_20220813T104623_T31TCN_0000000000000000034d_0,3210,2349,802,1004,1388,1725,2264,2734,2462,2917,5,2022-08-13,Luvic Cambisols,47.83837519938972,1.254497652282048,794,RMQS1,"{""type"":""MultiPoint"",""coordinates"":[]}"
20220813T104629_20220813T104623_T31TCN_000000000000000003d8_0,3084,2183,680,966,1248,1991,2686,3027,3336,3354,5,2022-08-13,Luvic Cambisols,47.39904256487784,0.6274057665303514,946,RMQS1,"{""type"":""MultiPoint"",""coordinates"":[]}"
20220813T104629_20220813T104623_T31TCN_000000000000000003da_0,4082,2851,947,1240,1758,2041,2456,2768,2952,3150,5,2022-08-13,Luvic Cambisols,47.404526962741336,1.0512838631524177,948,RMQS1,"{""type"":""MultiPoint"",""coordinates"":[]}"
20220813T104629_20220813T104623_T31TCN_000000000000000003db_0,4200,2553,1009,1438,1812,2330,3218,3587,3896,4009,5,2022-08-13,Luvic Cambisols,47.40668735158221,1.2632529913235573,949,RMQS1,"{""type"":""MultiPoint"",""coordinates"":[]}"
20220813T104629_20220813T104623_T31TCN_0000000000000000045b_0,4117,2925,970,1284,1780,2065,2325,2570,2808,2852,5,2022-08-13,Luvic Cambisols,46.976690235974914,1.4821539910955996,1084,RMQS1,"{""type"":""MultiPoint"",""coordinates"":[]}"
20220813T104629_20220813T104623_T31TCN_0000000000000000037f_0,3466,2480,996,1448,1530,2160,2974,3327,3532,3609,5,2022-08-13,Rendzic Leptosols,47.696269219574035,1.4705667746731201,847,RMQS1,"{""type"":""MultiPoint"",""coordinates"":[]}"
20220813T104629_20220813T104623_T31TCN_0000000000000000042d_0,4621,3019,1410,1880,2622,3006,3237,3488,3776,3852,5,2022-08-13,Rendzic Leptosols,47.111251889494554,0.6365738313282675,1036,RMQS1,"{""type"":""MultiPoint"",""coordinates"":[]}"
20220813T104629_20220813T104623_T31TCN_00000000000000000457_0,3725,2623,1023,1246,1514,1982,2277,2594,2600,2890,5,2022-08-13,Stagnic Gleysols,46.96734759548669,0.6411210616326486,1080,RMQS1,"{""type"":""MultiPoint"",""coordinates"":[]}"
20220813T104629_20220813T104623_T31TDH_00000000000000000856_0,2787,2258,1056,1454,1648,1976,2382,2849,2562,2677,5,2022-08-13,Calcaric Arenosols,43.23824536900353,2.1276596812268993,2194,RMQS1,"{""type"":""MultiPoint"",""coordinates"":[]}"
20220813T104629_20220813T104623_T31TDH_00000000000000000857_0,3686,2507,847,1142,1584,1986,2431,2670,2864,3116,5,2022-08-13,Calcaric Cambisols,43.238449309842004,2.324294647249126,2195,RMQS1,"{""type"":""MultiPoint"",""coordinates"":[]}"
20220813T104629_20220813T104623_T31TDH_00000000000000000855_0,4041,3188,1340,1952,2588,2907,3050,3205,3180,3430,5,2022-08-13,Rendzic Leptosols,43.237681525941696,1.9310260055678181,2193,RMQS1,"{""type"":""MultiPoint"",""coordinates"":[]}"
20220813T104629_20220813T104623_T31TDJ_00000000000000000760_0,3654,2608,737,1388,1982,2210,2679,2993,3062,3179,5,2022-08-13,Calcaric Cambisols,44.10054393938835,1.9248303898472057,1924,RMQS1,"{""type"":""MultiPoint"",""coordinates"":[]}"
20220813T104629_20220813T104623_T31TDJ_0000000000000000078c_0,2619,1955,461,736,768,1939,2720,3048,3062,3187,5,2022-08-13,Calcaric Cambisols,43.9572674411978,2.1250002129640184,1972,RMQS1,"{""type"":""MultiPoint"",""coordinates"":[]}"
20220813T104629_20220813T104623_T31TDJ_000000000000000007e3_0,4846,3129,1300,1836,2840,3390,3564,3912,4008,4410,5,2022-08-13,Calcaric Cambisols,43.66961104280001,2.1260713188749483,2064,RMQS1,"{""type"":""MultiPoint"",""coordinates"":[]}"
20220813T104629_20220813T104623_T31TDJ_00000000000000000739_0,3109,2436,1010,1074,1492,1589,1814,2032,2524,2287,5,2022-08-13,Eutric Cambisols,44.243613438171685,2.9244684072218954,1883,RMQS1,"{""type"":""MultiPoint"",""coordinates"":[]}"
20220813T104629_20220813T104623_T31TDJ_0000000000000000078b_0,3814,2545,919,1244,1718,2157,2452,2764,2840,3131,5,2022-08-13,Eutric Cambisols,43.95669683331813,1.9258768685870264,1971,RMQS1,"{""type"":""MultiPoint"",""coordinates"":[]}"
20220813T104629_20220813T104623_T31TDJ_0000000000000000078f_0,3806,2621,1056,1346,2026,2082,2546,2844,3100,3188,5,2022-08-13,Eutric Cambisols,43.95679455630971,2.7223763371721823,1975,RMQS1,"{""type"":""MultiPoint"",""coordinates"":[]}"
20220813T104629_20220813T104623_T31TDJ_000000000000000007ba_0,4195,2856,857,1192,1788,2226,2495,2840,2952,3311,5,2022-08-13,Eutric Cambisols,43.813480521984715,2.5227831617559686,2020,RMQS1,"{""type"":""MultiPoint"",""coordinates"":[]}"
20220813T104629_20220813T104623_T31TDJ_000000000000000007e4_0,3687,2494,924,1144,1582,2072,2452,2751,2784,3174,5,2022-08-13,Eutric Cambisols,43.66981672988419,2.3241939270868723,2065,RMQS1,"{""type"":""MultiPoint"",""coordinates"":[]}"
20220813T104629_20220813T104623_T31TDJ_00000000000000000835_0,3030,2132,756,1024,1274,1589,2206,2574,2540,2851,5,2022-08-13,Eutric Cambisols,43.382016692062045,2.1271323662078934,2155,RMQS1,"{""type"":""MultiPoint"",""coordinates"":[]}"
20220813T104629_20220813T104623_T31TDJ_0000000000000000080c_0,3721,2366,719,980,1372,1740,2130,2445,2530,2851,5,2022-08-13,Haplic Luvisols,43.52580553458276,2.1266028762483478,2110,RMQS1,"{""type"":""MultiPoint"",""coordinates"":[]}"
20220813T104629_20220813T104623_T31TDJ_000000000000000007b9_0,4382,3133,1312,1852,2658,2893,2920,3255,3368,3432,5,2022-08-13,Luvic Cambisols,43.813637782487255,2.324160020455109,2019,RMQS1,"{""type"":""MultiPoint"",""coordinates"":[]}"
20220813T104629_20220813T104623_T31TDJ_000000000000000007e2_0,3567,2594,1152,1636,2260,2596,2953,3245,3376,3437,5,2022-08-13,Luvic Cambisols,43.669042809087784,1.9279512878727754,2063,RMQS1,"{""type"":""MultiPoint"",""coordinates"":[]}"
20220813T104629_20220813T104623_T31TDJ_00000000000000000734_0,3806,2331,631,992,1400,2038,2663,3117,3420,3685,5,2022-08-13,Mollic Umbrisols,44.24440461578297,1.9237783117129552,1878,RMQS1,"{""type"":""MultiPoint"",""coordinates"":[]}"
20220813T104629_20220813T104623_T31TDJ_000000000000000007e5_0,4347,3110,1246,1720,2508,2932,3227,3692,3648,4083,5,2022-08-13,Mollic Umbrisols,43.6696596863548,2.522316477806547,2066,RMQS1,"{""type"":""MultiPoint"",""coordinates"":[]}"
20220813T104629_20220813T104623_T31TDJ_00000000000000000834_0,4700,3432,1716,2310,2986,3269,3343,3611,3728,3872,5,2022-08-13,Regosols (Colluvic),43.38145144609924,1.9300054714673698,2154,RMQS1,"{""type"":""MultiPoint"",""coordinates"":[]}"
20220813T104629_20220813T104623_T31TDJ_000000000000000007b8_0,4142,2856,1076,1556,2314,2643,2799,3145,3256,3485,5,2022-08-13,Rendzic Leptosols,43.81343217854103,2.1255375569197064,2018,RMQS1,"{""type"":""MultiPoint"",""coordinates"":[]}"
20220813T104629_20220813T104623_T31TDJ_00000000000000000737_0,4853,3339,836,1190,1834,2289,2580,2975,3148,3525,5,2022-08-13,Umbric Leptosols,44.24502924266704,2.5241971825902305,1881,RMQS1,"{""type"":""MultiPoint"",""coordinates"":[]}"
20220813T104629_20220813T104623_T31TDJ_00000000000000000738_0,4465,3109,838,1238,1792,2215,2611,2940,3022,3388,5,2022-08-13,Umbric Leptosols,44.244504694751356,2.7243348476022655,1882,RMQS1,"{""type"":""MultiPoint"",""coordinates"":[]}"
20220813T104629_20220813T104623_T31TDJ_00000000000000000761_0,4092,2934,741,938,1366,1605,1832,2110,2276,2535,5,2022-08-13,Umbric Leptosols,44.10111660045673,2.1244594998986797,1925,RMQS1,"{""type"":""MultiPoint"",""coordinates"":[]}"
20220813T104629_20220813T104623_T31TDJ_00000000000000000763_0,4010,2627,841,1210,1926,2200,2491,2793,2990,3335,5,2022-08-13,Umbric Leptosols,44.10116589260761,2.523723311353843,1927,RMQS1,"{""type"":""MultiPoint"",""coordinates"":[]}"
20220813T104629_20220813T104623_T31TDK_00000000000000000060_0,3578,2259,704,1023,1316,1990,2494,2875,3095,3312,5,2022-08-13,Dystric Cambisols,44.45520625129903,2.263277884416782,SIM44470,HWSDv2,"{""type"":""MultiPoint"",""coordinates"":[]}"
20220813T104629_20220813T104623_T31TDK_000000000000000006be_0,3189,2477,962,1126,1172,1667,2145,2464,2341,2730,5,2022-08-13,Calcaric Cambisols,44.67605628734128,1.9205934098289061,1751,RMQS1,"{""type"":""MultiPoint"",""coordinates"":[]}"
20220813T104629_20220813T104623_T31TDK_0000000000000000064e_0,3421,2169,684,948,1238,1740,2367,2745,2999,3180,5,2022-08-13,Dystric Cambisols,45.10698726246538,2.933572992955146,1630,RMQS1,"{""type"":""MultiPoint"",""coordinates"":[]}"
20220813T104629_20220813T104623_T31TDK_000000000000000006c2_0,4479,2977,896,1226,1870,2284,2570,2894,3124,3334,5,2022-08-13,Dystric Cambisols,44.67615650531218,2.7273127243921524,1755,RMQS1,"{""type"":""MultiPoint"",""coordinates"":[]}"
20220813T104629_20220813T104623_T31TDK_000000000000000006e8_0,4037,2558,760,1072,1526,1994,2402,2753,2996,3240,5,2022-08-13,Dystric Cambisols,44.53136615363973,2.927472897575099,1798,RMQS1,"{""type"":""MultiPoint"",""coordinates"":[]}"
20220813T104629_20220813T104623_T31TDK_00000000000000000739_0,3067,2417,1022,1094,1470,1589,1837,2054,2488,2303,5,2022-08-13,Eutric Cambisols,44.243613438171685,2.9244684072218954,1883,RMQS1,"{""type"":""MultiPoint"",""coordinates"":[]}"
20220813T104629_20220813T104623_T31TDK_0000000000000000070d_0,4437,3070,936,1246,1830,2269,2564,2893,3060,3282,5,2022-08-13,Lithic Leptosols,44.388904134938514,2.524673828874761,1838,RMQS1,"{""type"":""MultiPoint"",""coordinates"":[]}"
20220813T104629_20220813T104623_T31TDK_00000000000000000734_0,3734,2301,722,1028,1398,1989,2618,3059,3328,3592,5,2022-08-13,Mollic Umbrisols,44.24440461578297,1.9237783117129552,1878,RMQS1,"{""type"":""MultiPoint"",""coordinates"":[]}"
20220813T104629_20220813T104623_T31TDK_0000000000000000070a_0,3450,2148,741,922,1242,1575,1941,2244,2426,2643,5,2022-08-13,Rendzic Leptosols,44.38827791423929,1.9227214717370675,1835,RMQS1,"{""type"":""MultiPoint"",""coordinates"":[]}"
20220813T104629_20220813T104623_T31TDK_00000000000000000671_0,3762,2206,669,966,1362,1880,2431,2837,3243,3360,5,2022-08-13,Umbric Leptosols,44.964454496326915,2.1211612828410127,1667,RMQS1,"{""type"":""MultiPoint"",""coordinates"":[]}"
20220813T104629_20220813T104623_T31TDK_0000000000000000069a_0,3722,2334,687,949,1372,1896,2359,2747,3006,3268,5,2022-08-13,Umbric Leptosols,44.82059069646942,2.5261177106685717,1711,RMQS1,"{""type"":""MultiPoint"",""coordinates"":[]}"
20220813T104629_20220813T104623_T31TDK_0000000000000000070c_0,4062,3111,1136,1490,2146,2443,2658,2891,3090,3273,5,2022-08-13,Umbric Leptosols,44.38906236160645,2.324022314234377,1837,RMQS1,"{""type"":""MultiPoint"",""coordinates"":[]}"
20220813T104629_20220813T104623_T31TDK_00000000000000000737_0,4734,3286,894,1204,1782,2218,2532,2916,3074,3435,5,2022-08-13,Umbric Leptosols,44.24502924266704,2.5241971825902305,1881,RMQS1,"{""type"":""MultiPoint"",""coordinates"":[]}"
20220813T104629_20220813T104623_T31TDK_00000000000000000738_0,4375,3078,896,1246,1742,2147,2564,2890,2974,3324,5,2022-08-13,Umbric Leptosols,44.244504694751356,2.7243348476022655,1882,RMQS1,"{""type"":""MultiPoint"",""coordinates"":[]}"
20220813T104629_20220813T104623_T31TDK_00000000000000000674_0,3574,2405,604,888,1312,1800,2280,2628,2766,3032,5,2022-08-13,Vitric Andosols,44.96397307996938,2.7293236704161887,1670,RMQS1,"{""type"":""MultiPoint"",""coordinates"":[]}"
20220813T104629_20220813T104623_T31TDK_0000000000000000069b_0,3181,1949,748,1002,1504,1623,2254,2601,2807,3034,5,2022-08-13,Vitric Andosols,44.82006041011753,2.72831562730668,1712,RMQS1,"{""type"":""MultiPoint"",""coordinates"":[]}"
20220813T104629_20220813T104623_T31TDK_0000000000000000001e_0,3793,2500,632,920,1376,1806,2267,2623,2939,3141,5,2022-08-13,Dystric Gleysols,45.09722222,2.1222222199999994,68781,"{WD-eSOTER,WD-WISE}","{""type"":""MultiPoint"",""coordinates"":[]}"
20220813T104629_20220813T104623_T31TDL_000000000000000005ae_0,4282,2772,772,1078,1528,1979,2415,2760,2999,3213,5,2022-08-13,Dystric Cambisols,45.68433522031902,2.3237039273097384,1461,RMQS1,"{""type"":""MultiPoint"",""coordinates"":[]}"
20220813T104629_20220813T104623_T31TDL_0000000000000000064e_0,3421,2170,682,956,1246,1745,2367,2744,2999,3178,5,2022-08-13,Dystric Cambisols,45.10698726246538,2.933572992955146,1630,RMQS1,"{""type"":""MultiPoint"",""coordinates"":[]}"
20220813T104629_20220813T104623_T31TDL_000000000000000005ac_0,3776,2591,651,889,1194,1608,2058,2409,2598,2774,5,2022-08-13,Eutric Cambisols,45.68353226211669,1.9129680788225958,1459,RMQS1,"{""type"":""MultiPoint"",""coordinates"":[]}"
20220813T104629_20220813T104623_T31TDL_000000000000000005fe_0,3731,2419,503,720,956,1675,2210,2556,2774,3067,5,2022-08-13,Eutric Cambisols,45.39575379373095,2.7323767455797547,1546,RMQS1,"{""type"":""MultiPoint"",""coordinates"":[]}"
20220813T104629_20220813T104623_T31TDL_00000000000000000627_0,3513,2354,636,902,1344,1761,2206,2511,2656,2897,5,2022-08-13,Eutric Cambisols,45.250912370554616,2.9351172726186774,1589,RMQS1,"{""type"":""MultiPoint"",""coordinates"":[]}"
20220813T104629_20220813T104623_T31TDL_0000000000000000001e_0,3789,2498,626,926,1378,1806,2269,2622,2939,3137,5,2022-08-13,Dystric Gleysols,45.09722222,2.1222222199999994,68781,"{WD-eSOTER,WD-WISE}","{""type"":""MultiPoint"",""coordinates"":[]}"
20220813T104629_20220813T104623_T31TDM_000000000000000004af_0,3182,1834,562,780,1040,1472,1933,2223,2416,2627,5,2022-08-13,Dolomitic Cambisols,46.69181816208216,2.532648079278483,1174,RMQS1,"{""type"":""MultiPoint"",""coordinates"":[]}"
20220813T104629_20220813T104623_T31TDM_00000000000000000483_0,2462,2165,794,983,994,1492,2078,2407,2167,2438,5,2022-08-13,Eutric Cambisols,46.834125907327305,1.6941691786867756,1129,RMQS1,"{""type"":""MultiPoint"",""coordinates"":[]}"
20220813T104629_20220813T104623_T31TDM_000000000000000004d0_0,3944,2668,771,1002,1388,1802,2305,2572,2840,2969,5,2022-08-13,Eutric Cambisols,46.546241796064976,1.697581007504501,1210,RMQS1,"{""type"":""MultiPoint"",""coordinates"":[]}"
20220813T104629_20220813T104623_T31TDM_000000000000000004d2_0,2467,1768,810,992,1078,1465,2004,2179,2260,2400,5,2022-08-13,Eutric Cambisols,46.54782103342217,2.1148477902316745,1212,RMQS1,"{""type"":""MultiPoint"",""coordinates"":[]}"
20220813T104629_20220813T104623_T31TDM_000000000000000004d3_0,3939,2474,817,1162,1550,2061,2714,3054,3282,3570,5,2022-08-13,Eutric Cambisols,46.54803708056189,2.3234879655491967,1213,RMQS1,"{""type"":""MultiPoint"",""coordinates"":[]}"
20220813T104629_20220813T104623_T31TDM_000000000000000004f4_0,3936,2573,811,1146,1440,1971,2554,2900,3112,3353,5,2022-08-13,Eutric Cambisols,46.403274384295536,1.9073514298575087,1253,RMQS1,"{""type"":""MultiPoint"",""coordinates"":[]}"
20220813T104629_20220813T104623_T31TDM_0000000000000000051d_0,3699,2457,615,886,1178,1579,2130,2423,2664,2841,5,2022-08-13,Eutric Cambisols,46.26013607966591,2.3235593993881625,1297,RMQS1,"{""type"":""MultiPoint"",""coordinates"":[]}"
20220813T104629_20220813T104623_T31TDM_0000000000000000053f_0,3817,2635,722,1096,1504,2148,2599,2816,2929,3285,5,2022-08-13,Eutric Cambisols,46.11618441035518,2.3235958429672405,1338,RMQS1,"{""type"":""MultiPoint"",""coordinates"":[]}"
20220813T104629_20220813T104623_T31TDM_000000000000000004d4_0,4478,3333,1154,1500,2104,2485,2705,2971,3167,3310,5,2022-08-13,Eutric Planosols,46.547870794473106,2.5321286170479222,1214,RMQS1,"{""type"":""MultiPoint"",""coordinates"":[]}"
20220813T104629_20220813T104623_T31TDM_00000000000000000488_0,4705,4339,1526,2120,2828,3110,3265,3493,3728,3691,5,2022-08-13,Eutric Retisols,46.835211482898934,2.7429212005666344,1134,RMQS1,"{""type"":""MultiPoint"",""coordinates"":[]}"
20220813T104629_20220813T104623_T31TDM_000000000000000004ae_0,4085,2684,852,1140,1652,2116,2504,2831,3156,3333,5,2022-08-13,Eutric Retisols,46.691985232644434,2.3234523208782796,1173,RMQS1,"{""type"":""MultiPoint"",""coordinates"":[]}"
20220813T104629_20220813T104623_T31TDM_000000000000000004ab_0,3142,2288,902,1322,1390,1667,2362,2710,3156,2977,5,2022-08-13,Haplic Luvisols,46.69018527607474,1.6958796349873388,1170,RMQS1,"{""type"":""MultiPoint"",""coordinates"":[]}"
20220813T104629_20220813T104623_T31TDM_000000000000000004ac_0,3344,2339,1124,1470,1766,1909,2595,2956,3296,3283,5,2022-08-13,Haplic Luvisols,46.69116882903263,1.9050655942545336,1171,RMQS1,"{""type"":""MultiPoint"",""coordinates"":[]}"
20220813T104629_20220813T104623_T31TDM_000000000000000004d6_0,3954,2652,796,1134,1644,2059,2506,2833,3013,3176,5,2022-08-13,Haplic Luvisols,46.546391687559506,2.9493976467387704,1216,RMQS1,"{""type"":""MultiPoint"",""coordinates"":[]}"
20220813T104629_20220813T104623_T31TDM_000000000000000004ad_0,4068,2623,749,1072,1394,1838,2436,2829,3044,3384,5,2022-08-13,Luvic Cambisols,46.691768875047984,2.11425703973228,1172,RMQS1,"{""type"":""MultiPoint"",""coordinates"":[]}"
20220813T104629_20220813T104623_T31TDM_00000000000000000540_0,3905,3139,1288,1628,2128,2322,2542,2719,2878,2961,5,2022-08-13,Luvic Stagnosols,46.11602001349392,2.5305880344950036,1339,RMQS1,"{""type"":""MultiPoint"",""coordinates"":[]}"
20220813T104629_20220813T104623_T31TDM_000000000000000004b0_0,3659,2378,645,903,1252,1635,2174,2476,2820,2944,5,2022-08-13,Mollic Umbrisols,46.691268203764984,2.741840566757077,1175,RMQS1,"{""type"":""MultiPoint"",""coordinates"":[]}"
20220813T104629_20220813T104623_T31TDM_000000000000000004f7_0,3304,2255,667,862,1208,1443,1868,2154,2360,2544,5,2022-08-13,Stagnic Luvisols,46.40392131704465,2.5316118780338015,1256,RMQS1,"{""type"":""MultiPoint"",""coordinates"":[]}"
20220813T104629_20220813T104623_T31TDM_000000000000000004f8_0,4064,2737,732,995,1352,2057,2496,2867,2900,3326,5,2022-08-13,Umbric Leptosols,46.40337439332457,2.739697268260874,1257,RMQS1,"{""type"":""MultiPoint"",""coordinates"":[]}"
20220813T104629_20220813T104623_T31TDM_0000000000000000051c_0,4070,2749,810,1054,1500,1812,2241,2528,2786,2973,5,2022-08-13,Umbric Leptosols,46.25992056175498,2.1160209204130283,1296,RMQS1,"{""type"":""MultiPoint"",""coordinates"":[]}"
20220813T104629_20220813T104623_T31TDM_00000000000000000009_0,4342,2631,797,1172,1700,2182,2652,3073,3640,3772,5,2022-08-13,Chromic Luvisols,46.3675,2.9111111099999993,66249,"{WD-eSOTER,WD-WISE}","{""type"":""MultiPoint"",""coordinates"":[]}"
20220813T104629_20220813T104623_T31TDN_00000000000000000409_0,2653,1646,514,672,826,1040,1432,1685,1948,1964,5,2022-08-13,Albic Podzols,47.26592270272634,1.6889836071572726,996,RMQS1,"{""type"":""MultiPoint"",""coordinates"":[]}"
20220813T104629_20220813T104623_T31TDN_00000000000000000436_0,2295,1681,632,1116,1476,1837,2169,2316,2421,2510,5,2022-08-13,Calcaric Cambisols,47.123640607401704,2.5342243250597987,1045,RMQS1,"{""type"":""MultiPoint"",""coordinates"":[]}"
20220813T104629_20220813T104623_T31TDN_0000000000000000045c_0,3827,3244,980,1396,2022,2263,2407,2570,2668,2761,5,2022-08-13,Calcaric Cambisols,46.97806314421428,1.6924498201961606,1085,RMQS1,"{""type"":""MultiPoint"",""coordinates"":[]}"
20220813T104629_20220813T104623_T31TDN_0000000000000000045e_0,3008,2082,665,939,1284,1723,2084,2345,2508,2590,5,2022-08-13,Calcaric Cambisols,46.979654960882996,2.113066139748655,1087,RMQS1,"{""type"":""MultiPoint"",""coordinates"":[]}"
20220813T104629_20220813T104623_T31TDN_00000000000000000460_0,4089,3417,938,1390,2014,2416,2711,2930,2878,3091,5,2022-08-13,Calcaric Cambisols,46.97970429233507,2.533695643621074,1089,RMQS1,"{""type"":""MultiPoint"",""coordinates"":[]}"
20220813T104629_20220813T104623_T31TDN_000000000000000008c9_0,3565,2585,863,1144,1506,1703,2221,2538,2651,2892,5,2022-08-13,Dystric Cambisols,47.84255830040598,1.8956764547247618,10797,RMQS1,"{""type"":""MultiPoint"",""coordinates"":[]}"
20220813T104629_20220813T104623_T31TDN_00000000000000000351_0,3107,2750,1052,1416,1874,2159,2309,2419,2460,2573,5,2022-08-13,Eutric Cambisols,47.843169868917435,2.1094201698833497,798,RMQS1,"{""type"":""MultiPoint"",""coordinates"":[]}"
20220813T104629_20220813T104623_T31TDN_00000000000000000383_0,3797,2486,735,1016,1466,1822,2123,2413,2632,2778,5,2022-08-13,Eutric Cambisols,47.69949039246022,2.323203433676275,851,RMQS1,"{""type"":""MultiPoint"",""coordinates"":[]}"
20220813T104629_20220813T104623_T31TDN_000000000000000003b5_0,3744,3489,1128,1644,2230,2428,2593,2747,2907,2866,5,2022-08-13,Eutric Cambisols,47.55390274742055,2.9610017841947456,906,RMQS1,"{""type"":""MultiPoint"",""coordinates"":[]}"
20220813T104629_20220813T104623_T31TDN_0000000000000000040a_0,3582,2453,959,1306,1678,2067,2736,3006,3277,3292,5,2022-08-13,Eutric Cambisols,47.26691526786204,1.9004209607850338,997,RMQS1,"{""type"":""MultiPoint"",""coordinates"":[]}"
20220813T104629_20220813T104623_T31TDN_0000000000000000040f_0,3136,2668,858,1216,1542,2115,2486,2765,2878,2910,5,2022-08-13,Eutric Cambisols,47.26607029067076,2.957639518006341,1002,RMQS1,"{""type"":""MultiPoint"",""coordinates"":[]}"
20220813T104629_20220813T104623_T31TDN_00000000000000000432_0,4282,2887,946,1256,1634,2164,2699,3055,3320,3487,5,2022-08-13,Eutric Cambisols,47.121995805732524,1.69072149454457,1041,RMQS1,"{""type"":""MultiPoint"",""coordinates"":[]}"
20220813T104629_20220813T104623_T31TDN_0000000000000000045f_0,3923,3446,1016,1484,2082,2369,2613,2797,2974,3008,5,2022-08-13,Eutric Cambisols,46.979872395224476,2.3233806506173393,1088,RMQS1,"{""type"":""MultiPoint"",""coordinates"":[]}"
20220813T104629_20220813T104623_T31TDN_00000000000000000381_0,5279,4586,2474,3120,3680,3351,3797,4019,4967,4320,5,2022-08-13,Eutric Planosols,47.698660425916756,1.8968722804991947,849,RMQS1,"{""type"":""MultiPoint"",""coordinates"":[]}"
20220813T104629_20220813T104623_T31TDN_00000000000000000384_0,3238,2410,888,1136,1476,1674,2167,2339,2956,2733,5,2022-08-13,Eutric Planosols,47.69931950140868,2.536370775781721,852,RMQS1,"{""type"":""MultiPoint"",""coordinates"":[]}"
20220813T104629_20220813T104623_T31TDN_00000000000000000350_0,3565,2585,863,1144,1506,1703,2221,2538,2651,2892,5,2022-08-13,Haplic Luvisols,47.84255830040598,1.8956764547247618,797,RMQS1,"{""type"":""MultiPoint"",""coordinates"":[]}"
20220813T104629_20220813T104623_T31TDN_00000000000000000433_0,4399,3452,1258,1712,2298,2650,2947,3181,3285,3452,5,2022-08-13,Regosols (Colluvic),47.122986100947585,1.9015909191264737,1042,RMQS1,"{""type"":""MultiPoint"",""coordinates"":[]}"
20220813T104629_20220813T104623_T31TEK_000000000000000006c4_0,4317,2737,726,1030,1504,1878,2190,2470,2730,2986,5,2022-08-13,Regosols (Colluvic),44.67399079291431,3.1306526990206116,1757,RMQS1,"{""type"":""MultiPoint"",""coordinates"":[]}"
20220813T104629_20220813T104623_T31TEK_0000000000000000069e_0,3919,2568,642,838,1170,1577,1874,2169,2302,2538,5,2022-08-13,Umbric Leptosols,44.81624720276049,3.334865958884358,1715,RMQS1,"{""type"":""MultiPoint"",""coordinates"":[]}"
20220813T104629_20220813T104623_T31TEL_0000000000000000056a_0,3007,1916,714,962,1232,1943,2597,2949,2998,3235,5,2022-08-13,Eutric Cambisols,45.969307702721736,3.14940195717346,1384,RMQS1,"{""type"":""MultiPoint"",""coordinates"":[]}"
20220813T104629_20220813T104623_T31TEL_00000000000000000590_0,2714,2303,730,1042,1356,1562,2150,2220,2668,2232,5,2022-08-13,Eutric Cambisols,45.82536654174085,3.14727434954861,1425,RMQS1,"{""type"":""MultiPoint"",""coordinates"":[]}"
20220813T104629_20220813T104623_T31TEL_00000000000000000628_0,4027,2519,740,1004,1538,1875,2114,2387,2680,2859,5,2022-08-13,Eutric Cambisols,45.24963070756122,3.1388743946959705,1590,RMQS1,"{""type"":""MultiPoint"",""coordinates"":[]}"
20220813T104629_20220813T104623_T31TEL_000000000000000005d9_0,3760,2435,748,1002,1486,1896,2218,2484,2708,2923,5,2022-08-13,Mollic Umbrisols,45.53582735378092,3.3478597805752126,1507,RMQS1,"{""type"":""MultiPoint"",""coordinates"":[]}"
20220813T104629_20220813T104623_T31TEL_0000000000000000056b_0,3109,1952,742,1092,1206,1928,2964,3266,3564,3593,5,2022-08-13,Regosols (Colluvic),45.96763063983362,3.355823049470566,1385,RMQS1,"{""type"":""MultiPoint"",""coordinates"":[]}"
20220813T104629_20220813T104623_T31TEL_00000000000000000591_0,1580,908,594,983,979,1500,2006,2194,2252,2411,5,2022-08-13,Regosols (Colluvic),45.82369394842808,3.353154862632251,1426,RMQS1,"{""type"":""MultiPoint"",""coordinates"":[]}"
20220813T104629_20220813T104623_T31TEL_00000000000000000592_0,3702,2419,593,828,1206,1673,2061,2304,2640,2832,5,2022-08-13,Stagnic Gleysols,45.82164445251886,3.559022515471215,1427,RMQS1,"{""type"":""MultiPoint"",""coordinates"":[]}"
20220813T104629_20220813T104623_T31TEM_0000000000000000005d_0,4077,2850,852,1158,1850,2146,2343,2588,2788,2936,5,2022-08-13,Dystric Cambisols,46.72236823472247,4.04957637442354,SIM25904,HWSDv2,"{""type"":""MultiPoint"",""coordinates"":[]}"
20220813T104629_20220813T104623_T31TEM_000000000000000004d7_0,3160,2435,1152,1498,1918,2191,2341,2485,2610,2643,5,2022-08-13,Calcaric Cambisols,46.5450787191567,3.1580218533469955,1217,RMQS1,"{""type"":""MultiPoint"",""coordinates"":[]}"
20220813T104629_20220813T104623_T31TEM_000000000000000004b6_0,3988,2520,794,1090,1656,2001,2273,2515,2864,2997,5,2022-08-13,Eutric Cambisols,46.67992314864527,3.9967805513984263,1181,RMQS1,"{""type"":""MultiPoint"",""coordinates"":[]}"
20220813T104629_20220813T104623_T31TEM_0000000000000000056a_0,3000,1916,725,968,1232,1933,2588,2941,2994,3227,5,2022-08-13,Eutric Cambisols,45.969307702721736,3.14940195717346,1384,RMQS1,"{""type"":""MultiPoint"",""coordinates"":[]}"
20220813T104629_20220813T104623_T31TEM_000000000000000004b5_0,3773,2562,759,1066,1510,1717,2377,2742,3448,3161,5,2022-08-13,Eutric Planosols,46.68277144268723,3.787666472046673,1180,RMQS1,"{""type"":""MultiPoint"",""coordinates"":[]}"
20220813T104629_20220813T104623_T31TEM_00000000000000000523_0,3668,2309,598,835,1174,1644,2027,2306,2574,2725,5,2022-08-13,Eutric Planosols,46.253442299898516,3.5686996575366936,1303,RMQS1,"{""type"":""MultiPoint"",""coordinates"":[]}"
20220813T104629_20220813T104623_T31TEM_000000000000000008d5_0,4214,2599,723,1036,1560,2100,2541,2905,3292,3551,5,2022-08-13,Eutric Planosols,46.832955360495376,3.162404385466637,11136,RMQS1,"{""type"":""MultiPoint"",""coordinates"":[]}"
20220813T104629_20220813T104623_T31TEM_000000000000000004da_0,3909,2590,726,1000,1410,1884,2250,2504,2754,2979,5,2022-08-13,Eutric Stagnosols,46.53884808772313,3.7838164892692934,1220,RMQS1,"{""type"":""MultiPoint"",""coordinates"":[]}"
20220813T104629_20220813T104623_T31TEM_00000000000000000545_0,3851,2535,746,1004,1446,1787,2210,2508,2854,3046,5,2022-08-13,Eutric Stagnosols,46.109508719803586,3.565456671920217,1344,RMQS1,"{""type"":""MultiPoint"",""coordinates"":[]}"
20220813T104629_20220813T104623_T31TEM_0000000000000000048b_0,3110,2015,619,840,1190,1408,1815,2094,2404,2451,5,2022-08-13,Fluvic Cambisols,46.831251387488024,3.3721316094561504,1137,RMQS1,"{""type"":""MultiPoint"",""coordinates"":[]}"
20220813T104629_20220813T104623_T31TEM_000000000000000004fe_0,3865,2792,645,948,1344,1909,2120,2373,2586,2734,5,2022-08-13,Fluvic Cambisols,46.39208995758754,3.987995703885363,1263,RMQS1,"{""type"":""MultiPoint"",""coordinates"":[]}"
20220813T104629_20220813T104623_T31TEM_000000000000000004b4_0,3057,2192,946,1244,1624,1864,2591,2982,3184,3274,5,2022-08-13,Haplic Luvisols,46.6852369563891,3.578530612144559,1179,RMQS1,"{""type"":""MultiPoint"",""coordinates"":[]}"
20220813T104629_20220813T104623_T31TEM_000000000000000004fc_0,3793,2342,672,994,1356,1915,2493,2857,3220,3371,5,2022-08-13,Haplic Luvisols,46.39737543877537,3.571959357479718,1261,RMQS1,"{""type"":""MultiPoint"",""coordinates"":[]}"
20220813T104629_20220813T104623_T31TEM_000000000000000004fd_0,3877,2582,742,983,1334,1741,2224,2559,2930,3045,5,2022-08-13,Luvic Stagnosols (Ruptic),46.39492308751163,3.7799878647677483,1262,RMQS1,"{""type"":""MultiPoint"",""coordinates"":[]}"
20220813T104629_20220813T104623_T31TEM_000000000000000004d9_0,3909,2309,641,904,1392,1761,2128,2493,2872,2996,5,2022-08-13,Mollic Umbrisols,46.541307234339925,3.575235904485403,1219,RMQS1,"{""type"":""MultiPoint"",""coordinates"":[]}"
20220813T104629_20220813T104623_T31TEM_00000000000000000521_0,2599,1814,543,789,1116,1583,2107,2257,2336,2548,5,2022-08-13,Mollic Umbrisols,46.25719372691628,3.15368891738102,1301,RMQS1,"{""type"":""MultiPoint"",""coordinates"":[]}"
20220813T104629_20220813T104623_T31TEM_0000000000000000056b_0,3085,1935,756,1096,1210,1912,2927,3228,3540,3554,5,2022-08-13,Regosols (Colluvic),45.96763063983362,3.355823049470566,1385,RMQS1,"{""type"":""MultiPoint"",""coordinates"":[]}"
20220813T104629_20220813T104623_T31TEM_0000000000000000048a_0,4214,2599,723,1036,1560,2100,2541,2905,3292,3551,5,2022-08-13,Stagnic Gleysols,46.832955360495376,3.162404385466637,1136,RMQS1,"{""type"":""MultiPoint"",""coordinates"":[]}"
20220813T104629_20220813T104623_T31TEM_0000000000000000048d_0,4324,2699,681,952,1416,1963,2437,2768,3136,3321,5,2022-08-13,Stagnic Gleysols,46.82669251741433,3.7915377253001425,1139,RMQS1,"{""type"":""MultiPoint"",""coordinates"":[]}"
20220813T104629_20220813T104623_T31TEM_00000000000000000543_0,3545,2162,639,872,1254,1591,2009,2293,2570,2753,5,2022-08-13,Umbric Leptosols,46.11325015735942,3.151539686394987,1342,RMQS1,"{""type"":""MultiPoint"",""coordinates"":[]}"
20220813T104629_20220813T104623_T31TEM_0000000000000000000c_0,3268,2352,1014,1324,1834,2077,2171,2322,2530,2589,5,2022-08-13,Haplic Vertisols,46.32222222,3.46388889,68777,"{WD-eSOTER,WD-WISE}","{""type"":""MultiPoint"",""coordinates"":[]}"
20220813T104629_20220813T104623_T31TEN_0000000000000000007c_0,3535,3034,974,1532,2120,2384,2553,2680,2842,2840,5,2022-08-13,Calcaric Cambisols,47.676614112368384,4.047817177848944,SIM59109,HWSDv2,"{""type"":""MultiPoint"",""coordinates"":[]}"
20220813T104629_20220813T104623_T31TEN_0000000000000000038b_0,2476,1599,630,1052,1056,1562,2196,2525,2440,2801,5,2022-08-13,Calcaric Cambisols,47.68719866197225,4.028283809407994,859,RMQS1,"{""type"":""MultiPoint"",""coordinates"":[]}"
20220813T104629_20220813T104623_T31TEN_0000000000000000038c_0,4247,3469,1176,1744,2510,2867,2980,3113,3188,3261,5,2022-08-13,Calcaric Cambisols,47.683907057906545,4.241339670233422,860,RMQS1,"{""type"":""MultiPoint"",""coordinates"":[]}"
20220813T104629_20220813T104623_T31TEN_000000000000000003b7_0,2658,1993,624,900,1246,1337,1954,2243,2110,2450,5,2022-08-13,Calcaric Cambisols,47.550837746461816,3.386133454800718,908,RMQS1,"{""type"":""MultiPoint"",""coordinates"":[]}"
20220813T104629_20220813T104623_T31TEN_00000000000000000413_0,3826,2416,632,845,1236,1647,1914,2232,2474,2717,5,2022-08-13,Dystric Cambisols,47.25842706076886,3.8032742533259207,1006,RMQS1,"{""type"":""MultiPoint"",""coordinates"":[]}"
20220813T104629_20220813T104623_T31TEN_0000000000000000035c_0,3765,2562,897,1302,1876,2326,2768,2925,3200,3266,5,2022-08-13,Eutric Cambisols,47.82407340617893,4.4601231189041926,809,RMQS1,"{""type"":""MultiPoint"",""coordinates"":[]}"
20220813T104629_20220813T104623_T31TEN_0000000000000000038a_0,2885,2435,762,1182,1704,1920,2087,2207,2291,2337,5,2022-08-13,Eutric Cambisols,47.69010033133988,3.81520383273741,858,RMQS1,"{""type"":""MultiPoint"",""coordinates"":[]}"
20220813T104629_20220813T104623_T31TEN_000000000000000003e4_0,3564,3167,850,1332,1958,2204,2324,2500,2614,2605,5,2022-08-13,Eutric Cambisols,47.40865578006737,3.171315212024671,958,RMQS1,"{""type"":""MultiPoint"",""coordinates"":[]}"
20220813T104629_20220813T104623_T31TEN_000000000000000003e5_0,3277,2595,807,1284,1888,2160,2292,2359,2352,2388,5,2022-08-13,Eutric Cambisols,47.40693357261238,3.3833017951649333,959,RMQS1,"{""type"":""MultiPoint"",""coordinates"":[]}"
20220813T104629_20220813T104623_T31TEN_000000000000000003e6_0,3165,2613,904,1344,1938,2189,2281,2441,2588,2538,5,2022-08-13,Eutric Cambisols,47.404823861309914,3.5952738799570167,960,RMQS1,"{""type"":""MultiPoint"",""coordinates"":[]}"
20220813T104629_20220813T104623_T31TEN_00000000000000000466_0,4089,2587,710,1004,1458,1936,2366,2716,3034,3264,5,2022-08-13,Eutric Cambisols,46.970609509695926,3.795429354009069,1095,RMQS1,"{""type"":""MultiPoint"",""coordinates"":[]}"
20220813T104629_20220813T104623_T31TEN_000000000000000008ce_0,3826,2416,632,845,1236,1647,1914,2232,2474,2717,5,2022-08-13,Eutric Cambisols,47.25842706076886,3.8032742533259207,11006,RMQS1,"{""type"":""MultiPoint"",""coordinates"":[]}"
20220813T104629_20220813T104623_T31TEN_000000000000000003ba_0,3208,2318,494,705,1010,1457,2173,2425,2106,2671,5,2022-08-13,Eutric Fluvisols,47.5433231594685,4.023709400434391,911,RMQS1,"{""type"":""MultiPoint"",""coordinates"":[]}"
20220813T104629_20220813T104623_T31TEN_000000000000000003bc_0,3581,2233,561,816,1124,1561,1985,2282,2608,2677,5,2022-08-13,Fluvic Cambisols,47.53636883635267,4.448643441343787,913,RMQS1,"{""type"":""MultiPoint"",""coordinates"":[]}"
20220813T104629_20220813T104623_T31TEN_00000000000000000463_0,3012,2193,1052,1310,1334,1896,2237,2557,2744,2922,5,2022-08-13,Fluvic Cambisols,46.976888260905774,3.1646134293807,1092,RMQS1,"{""type"":""MultiPoint"",""coordinates"":[]}"
20220813T104629_20220813T104623_T31TEN_000000000000000003bb_0,4411,3720,1384,2064,2700,3010,3168,3323,3536,3553,5,2022-08-13,Luvic Stagnosols,47.54004028028161,4.236190387376669,912,RMQS1,"{""type"":""MultiPoint"",""coordinates"":[]}"
20220813T104629_20220813T104623_T31TEN_00000000000000000357_0,3066,2698,954,1402,1906,2016,2079,2187,2295,2276,5,2022-08-13,Regosols (Colluvic),47.83862082138957,3.39184320342842,804,RMQS1,"{""type"":""MultiPoint"",""coordinates"":[]}"
20220813T104629_20220813T104623_T31TEN_00000000000000000359_0,3494,2441,679,1000,1310,1736,2244,2528,2754,2885,5,2022-08-13,Rendzic Leptosols,47.83397449347843,3.819224578897194,806,RMQS1,"{""type"":""MultiPoint"",""coordinates"":[]}"
20220813T104629_20220813T104623_T31TEN_000000000000000003b8_0,3538,2864,880,1294,1898,2298,2382,2561,2630,2709,5,2022-08-13,Rendzic Leptosols,47.54872203789853,3.598677838598693,909,RMQS1,"{""type"":""MultiPoint"",""coordinates"":[]}"
20220813T104629_20220813T104623_T31TEN_00000000000000000465_0,4324,3962,1424,1968,2600,2872,3026,3174,3288,3350,5,2022-08-13,Stagnic Gleysols,46.97308682231077,3.585174830835298,1094,RMQS1,"{""type"":""MultiPoint"",""coordinates"":[]}"
20220813T104629_20220813T104623_T31TEN_0000000000000000043c_0,4434,3013,856,1166,1788,2120,2283,2553,2762,2961,5,2022-08-13,Umbric Leptosols,47.114521329209076,3.79934138714766,1051,RMQS1,"{""type"":""MultiPoint"",""coordinates"":[]}"
20220813T104629_20220813T104623_T31TFN_0000000000000000035c_0,3759,2558,910,1308,1876,2329,2768,2923,3188,3259,5,2022-08-13,Eutric Cambisols,47.82407340617893,4.4601231189041926,809,RMQS1,"{""type"":""MultiPoint"",""coordinates"":[]}"
20220813T104629_20220813T104623_T31TFN_000000000000000003bc_0,3578,2230,574,825,1126,1562,1987,2281,2600,2674,5,2022-08-13,Fluvic Cambisols,47.53636883635267,4.448643441343787,913,RMQS1,"{""type"":""MultiPoint"",""coordinates"":[]}"
20220813T104629_20220813T104623_T31UCP_0000000000000000031b_0,3854,2975,1018,1428,1964,2319,2647,2833,2964,3104,5,2022-08-13,Calcaric Cambisols,47.98404183296344,1.4658440887727766,740,RMQS1,"{""type"":""MultiPoint"",""coordinates"":[]}"
20220813T104629_20220813T104623_T31UCP_00000000000000000203_0,4133,3600,1260,1772,2432,2718,2859,3043,3256,3279,5,2022-08-13,Eutric Cambisols,48.701441663313894,1.2365494017005343,447,RMQS1,"{""type"":""MultiPoint"",""coordinates"":[]}"
20220813T104629_20220813T104623_T31UCP_0000000000000000023e_0,4627,3069,1332,1804,2642,3073,3195,3415,3680,3826,5,2022-08-13,Eutric Cambisols,48.56085542396343,1.6729155469005188,509,RMQS1,"{""type"":""MultiPoint"",""coordinates"":[]}"
20220813T104629_20220813T104623_T31UCP_00000000000000000274_0,4001,3196,1626,2198,2806,2893,3411,3702,3916,3882,5,2022-08-13,Eutric Cambisols,48.41561194192563,1.458662749206642,566,RMQS1,"{""type"":""MultiPoint"",""coordinates"":[]}"
20220813T104629_20220813T104623_T31UCP_000000000000000002e4_0,3125,1828,652,914,1190,1571,2231,2559,2812,2994,5,2022-08-13,Eutric Cambisols,48.12791125109735,1.4634633376189836,683,RMQS1,"{""type"":""MultiPoint"",""coordinates"":[]}"
20220813T104629_20220813T104623_T31UCP_00000000000000000202_0,4801,3402,1382,1974,2842,3322,3439,3734,3988,4116,5,2022-08-13,Eutric Retisols,48.69922952521517,1.0193074302902678,446,RMQS1,"{""type"":""MultiPoint"",""coordinates"":[]}"
20220813T104629_20220813T104623_T31UCP_00000000000000000272_0,4188,2863,1480,1978,2652,3206,3497,3813,4080,4198,5,2022-08-13,Eutric Retisols,48.411606154539754,1.0265529667530489,564,RMQS1,"{""type"":""MultiPoint"",""coordinates"":[]}"
20220813T104629_20220813T104623_T31UCP_000000000000000002aa_0,4442,3200,865,1446,1626,2683,3165,3554,3456,3902,5,2022-08-13,Eutric Retisols,48.267773070968104,1.0301448294912523,623,RMQS1,"{""type"":""MultiPoint"",""coordinates"":[]}"
20220813T104629_20220813T104623_T31UCP_000000000000000002e2_0,4054,2900,1284,1798,2456,2704,3131,3436,3884,3844,5,2022-08-13,Eutric Retisols,48.123926965867774,1.0337162685273735,681,RMQS1,"{""type"":""MultiPoint"",""coordinates"":[]}"
20220813T104629_20220813T104623_T31UCP_0000000000000000023c_0,3751,2306,865,1216,1654,1942,2563,3002,3472,3580,5,2022-08-13,Haplic Luvisols,48.55763156265125,1.2395833408114696,507,RMQS1,"{""type"":""MultiPoint"",""coordinates"":[]}"
20220813T104629_20220813T104623_T31UCP_0000000000000000023d_0,3526,2902,862,1322,1666,2468,3023,3274,3444,3460,5,2022-08-13,Haplic Luvisols,48.55944180120869,1.4562426837976599,508,RMQS1,"{""type"":""MultiPoint"",""coordinates"":[]}"
20220813T104629_20220813T104623_T31UCP_00000000000000000275_0,4424,3553,1360,1926,2676,3036,3138,3328,3580,3658,5,2022-08-13,Haplic Luvisols,48.41702172942115,1.6747395099090712,567,RMQS1,"{""type"":""MultiPoint"",""coordinates"":[]}"
20220813T104629_20220813T104623_T31UCP_000000000000000002e3_0,1896,1024,317,435,423,955,1528,1799,2252,1932,5,2022-08-13,Haplic Luvisols,48.12611605795335,1.2485816656647932,682,RMQS1,"{""type"":""MultiPoint"",""coordinates"":[]}"
20220813T104629_20220813T104623_T31UCP_00000000000000000319_0,3808,2581,818,1170,1312,2519,2843,3021,3056,3335,5,2022-08-13,Haplic Luvisols,47.98006859464599,1.0372677251420688,738,RMQS1,"{""type"":""MultiPoint"",""coordinates"":[]}"
20220813T104629_20220813T104623_T31UCP_00000000000000000273_0,4214,3284,1340,1824,2356,2884,3411,3663,3872,3971,5,2022-08-13,Luvic Cambisols,48.413806679517975,1.24259966485196,565,RMQS1,"{""type"":""MultiPoint"",""coordinates"":[]}"
20220813T104629_20220813T104623_T31UCP_000000000000000002ac_0,4500,3607,1426,2026,2868,3233,3346,3532,3720,3798,5,2022-08-13,Luvic Cambisols,48.271768171952196,1.4610694163442626,625,RMQS1,"{""type"":""MultiPoint"",""coordinates"":[]}"
20220813T104629_20220813T104623_T31UCP_000000000000000002ad_0,4216,3780,1290,1874,2534,2803,3072,3291,3580,3467,5,2022-08-13,Luvic Cambisols,48.273173775874774,1.6765533442912048,626,RMQS1,"{""type"":""MultiPoint"",""coordinates"":[]}"
20220813T104629_20220813T104623_T31UCP_0000000000000000034d_0,3209,2348,821,1021,1404,1743,2272,2729,2464,2911,5,2022-08-13,Luvic Cambisols,47.83837519938972,1.254497652282048,794,RMQS1,"{""type"":""MultiPoint"",""coordinates"":[]}"
20220813T104629_20220813T104623_T31UCP_000000000000000002a9_0,3811,2778,1318,1756,2320,2415,2740,3042,3480,3435,5,2022-08-13,Luvic Stagnosols,48.265183822455356,0.8147095500113787,622,RMQS1,"{""type"":""MultiPoint"",""coordinates"":[]}"
20220813T104629_20220813T104623_T31UCP_000000000000000002ab_0,4650,3434,1668,2172,2762,3131,3841,4195,4580,4425,5,2022-08-13,Luvic Stagnosols,48.2699679529574,1.2455987878276893,624,RMQS1,"{""type"":""MultiPoint"",""coordinates"":[]}"
20220813T104629_20220813T104623_T31UCP_0000000000000000034a_0,4768,3500,1348,1908,2684,2891,3148,3421,3784,3821,5,2022-08-13,Luvic Stagnosols,47.83066980746326,0.6134648025979296,791,RMQS1,"{""type"":""MultiPoint"",""coordinates"":[]}"
20220813T104629_20220813T104623_T31UCP_000000000000000002e5_0,4662,3164,1216,1706,2396,2838,3127,3416,3720,3832,5,2022-08-13,Rendzic Leptosols,48.129312960797584,1.6783584655939348,684,RMQS1,"{""type"":""MultiPoint"",""coordinates"":[]}"
20220813T104629_20220813T104623_T31UCP_000000000000000002e1_0,3818,2930,886,1188,1360,2166,2696,3049,3124,3364,5,2022-08-13,Vertic Cambisols,48.12134464439584,0.8188699264753865,680,RMQS1,"{""type"":""MultiPoint"",""coordinates"":[]}"
20220813T104629_20220813T104623_T31UCQ_00000000000000000174_0,4022,3358,1060,1502,2080,2436,2454,2679,2770,2906,5,2022-08-13,Calcaric Cambisols,49.136032669120816,1.665509084487337,278,RMQS1,"{""type"":""MultiPoint"",""coordinates"":[]}"
20220813T104629_20220813T104623_T31UCQ_0000000000000000019b_0,4786,3374,1344,1860,2684,3126,3282,3545,3740,3918,5,2022-08-13,Eutric Cambisols,48.986789979658724,1.011980189683206,327,RMQS1,"{""type"":""MultiPoint"",""coordinates"":[]}"
20220813T104629_20220813T104623_T31UCQ_0000000000000000019c_0,4186,3277,1534,2016,2712,3045,3155,3320,3476,3570,5,2022-08-13,Eutric Cambisols,48.9890140623296,1.2304298587690576,328,RMQS1,"{""type"":""MultiPoint"",""coordinates"":[]}"
20220813T104629_20220813T104623_T31UCQ_0000000000000000019e_0,4132,3007,959,1290,1766,1990,2182,2472,2718,2736,5,2022-08-13,Eutric Cambisols,48.99226395558002,1.667375833412688,330,RMQS1,"{""type"":""MultiPoint"",""coordinates"":[]}"
20220813T104629_20220813T104623_T31UCQ_000000000000000001cd_0,4273,3794,1536,1858,2434,2728,2930,3083,3088,3397,5,2022-08-13,Eutric Cambisols,48.843018131050385,1.0156540889892636,385,RMQS1,"{""type"":""MultiPoint"",""coordinates"":[]}"
20220813T104629_20220813T104623_T31UCQ_00000000000000000203_0,4150,3617,1260,1782,2438,2728,2871,3055,3276,3292,5,2022-08-13,Eutric Cambisols,48.701441663313894,1.2365494017005343,447,RMQS1,"{""type"":""MultiPoint"",""coordinates"":[]}"
20220813T104629_20220813T104623_T31UCQ_0000000000000000014c_0,2565,1746,885,1198,1300,1596,2340,2480,2512,2847,5,2022-08-13,Eutric Fluvisols,49.276515471368825,1.2242410066178666,233,RMQS1,"{""type"":""MultiPoint"",""coordinates"":[]}"
20220813T104629_20220813T104623_T31UCQ_00000000000000000202_0,4794,3399,1376,1972,2844,3318,3438,3729,3984,4113,5,2022-08-13,Eutric Retisols,48.69922952521517,1.0193074302902678,446,RMQS1,"{""type"":""MultiPoint"",""coordinates"":[]}"
20220813T104629_20220813T104623_T31UCQ_0000000000000000010a_0,4623,3489,1302,1828,2664,2874,3040,3372,3820,3809,5,2022-08-13,Luvic Cambisols,49.56393970113884,1.217982875699953,155,RMQS1,"{""type"":""MultiPoint"",""coordinates"":[]}"
20220813T104629_20220813T104623_T31UCQ_00000000000000000128_0,4740,3487,1308,1790,2614,3105,3193,3478,3628,3916,5,2022-08-13,Luvic Cambisols,49.42207764226659,1.4414246711124157,195,RMQS1,"{""type"":""MultiPoint"",""coordinates"":[]}"
20220813T104629_20220813T104623_T31UCQ_0000000000000000014e_0,4286,3241,1268,1776,2376,2878,3121,3360,3508,3703,5,2022-08-13,Luvic Cambisols,49.279783234787686,1.6636314749754055,235,RMQS1,"{""type"":""MultiPoint"",""coordinates"":[]}"
20220813T104629_20220813T104623_T31UCQ_000000000000000001ce_0,4014,3136,1198,1708,2470,2817,2913,3116,3284,3411,5,2022-08-13,Luvic Cambisols,48.84523623220538,1.233498240194126,386,RMQS1,"{""type"":""MultiPoint"",""coordinates"":[]}"
20220813T104629_20220813T104623_T31UCR_000000000000000000da_0,4986,4129,1474,2056,2750,3228,3351,3551,3708,3880,5,2022-08-13,Calcaric Cambisols,49.853132208716076,1.4338262144811627,99,RMQS1,"{""type"":""MultiPoint"",""coordinates"":[]}"
20220813T104629_20220813T104623_T31UCR_000000000000000000bc_0,4704,4003,1254,1660,2274,3076,3275,3487,3352,3781,5,2022-08-13,Eutric Cambisols,50.14184543087868,1.6521414189885952,60,RMQS1,"{""type"":""MultiPoint"",""coordinates"":[]}"
20220813T104629_20220813T104623_T31UCR_000000000000000000c9_0,4584,3241,1066,1508,2226,2523,2729,2978,3328,3432,5,2022-08-13,Luvic Cambisols,49.996771823054615,1.4312656624062745,76,RMQS1,"{""type"":""MultiPoint"",""coordinates"":[]}"
20220813T104629_20220813T104623_T31UCR_000000000000000000ca_0,4181,3413,1001,1380,2024,2328,2475,2696,2938,3062,5,2022-08-13,Luvic Cambisols,49.99822488625304,1.654081486582689,77,RMQS1,"{""type"":""MultiPoint"",""coordinates"":[]}"
20220813T104629_20220813T104623_T31UCR_0000000000000000010a_0,4647,3508,1304,1846,2692,2904,3059,3394,3848,3835,5,2022-08-13,Luvic Cambisols,49.56393970113884,1.217982875699953,155,RMQS1,"{""type"":""MultiPoint"",""coordinates"":[]}"
20220813T104629_20220813T104623_T31UCR_000000000000000000a7_0,3233,2813,1038,1246,1638,1913,2216,2330,2402,2497,5,2022-08-13,Regosols (Colluvic),50.42900525285804,1.64823093644194,34,RMQS1,"{""type"":""MultiPoint"",""coordinates"":[]}"
20220813T104629_20220813T104623_T31UDP_00000000000000000071_0,3741,3243,1236,1714,2282,2601,2646,2773,2907,2947,5,2022-08-13,Eutric Cambisols,48.5995654995664,2.512561932350915,SIM42232,HWSDv2,"{""type"":""MultiPoint"",""coordinates"":[]}"
20220813T104629_20220813T104623_T31UDP_0000000000000000020b_0,4422,2981,1334,1880,2744,3171,3452,3746,4028,4245,5,2022-08-13,Calcaric Cambisols,48.704826134191606,2.974812554703716,455,RMQS1,"{""type"":""MultiPoint"",""coordinates"":[]}"
20220813T104629_20220813T104623_T31UDP_00000000000000000276_0,4138,2833,1018,1422,1876,2335,2827,3148,3459,3533,5,2022-08-13,Calcaric Cambisols,48.418035746824685,1.8908275052152994,568,RMQS1,"{""type"":""MultiPoint"",""coordinates"":[]}"
20220813T104629_20220813T104623_T31UDP_0000000000000000027b_0,3891,2813,1206,1610,2158,2325,2676,2884,3228,3082,5,2022-08-13,Calcaric Cambisols,48.41717099961288,2.9713017936535744,573,RMQS1,"{""type"":""MultiPoint"",""coordinates"":[]}"
20220813T104629_20220813T104623_T31UDP_000000000000000002ae_0,3986,3426,1116,1592,2284,2594,2696,2871,2964,3039,5,2022-08-13,Calcaric Cambisols,48.27418519339707,1.8920484065068364,627,RMQS1,"{""type"":""MultiPoint"",""coordinates"":[]}"
20220813T104629_20220813T104623_T31UDP_000000000000000002af_0,2655,2603,952,1248,1432,1718,1846,2061,2618,2208,5,2022-08-13,Calcaric Cambisols,48.274802304958676,2.1075512406430126,628,RMQS1,"{""type"":""MultiPoint"",""coordinates"":[]}"
20220813T104629_20220813T104623_T31UDP_000000000000000002b0_0,3877,3323,1168,1686,2326,2595,2820,3011,3108,3168,5,2022-08-13,Calcaric Cambisols,48.27502436219857,2.323057007667784,629,RMQS1,"{""type"":""MultiPoint"",""coordinates"":[]}"
20220813T104629_20220813T104623_T31UDP_000000000000000002b1_0,4141,3664,1194,1716,2398,2733,2870,3078,3208,3267,5,2022-08-13,Calcaric Cambisols,48.27485100267507,2.5385623357130096,630,RMQS1,"{""type"":""MultiPoint"",""coordinates"":[]}"
20220813T104629_20220813T104623_T31UDP_000000000000000002e8_0,3798,3304,1098,1572,2210,2497,2586,2761,2884,2932,5,2022-08-13,Calcaric Cambisols,48.13115799145747,2.3230934450304686,687,RMQS1,"{""type"":""MultiPoint"",""coordinates"":[]}"
20220813T104629_20220813T104623_T31UDP_000000000000000002e9_0,4459,3388,1030,1564,2120,2609,2861,3094,3256,3400,5,2022-08-13,Calcaric Cambisols,48.13098489367784,2.5380099326487655,688,RMQS1,"{""type"":""MultiPoint"",""coordinates"":[]}"
20220813T104629_20220813T104623_T31UDP_00000000000000000321_0,2673,2211,785,1046,1192,1448,1951,2146,2564,2357,5,2022-08-13,Calcaric Cambisols,47.9865426602432,2.7517886582102737,746,RMQS1,"{""type"":""MultiPoint"",""coordinates"":[]}"
20220813T104629_20220813T104623_T31UDP_000000000000000008c9_0,3560,2585,863,1144,1498,1702,2219,2537,2647,2887,5,2022-08-13,Dystric Cambisols,47.84255830040598,1.8956764547247618,10797,RMQS1,"{""type"":""MultiPoint"",""coordinates"":[]}"
20220813T104629_20220813T104623_T31UDP_0000000000000000023e_0,4623,3068,1350,1814,2642,3075,3196,3416,3673,3821,5,2022-08-13,Eutric Cambisols,48.56085542396343,1.6729155469005188,509,RMQS1,"{""type"":""MultiPoint"",""coordinates"":[]}"
20220813T104629_20220813T104623_T31UDP_000000000000000002b3_0,3698,2811,999,1404,1864,2004,2465,2759,2830,3055,5,2022-08-13,Eutric Cambisols,48.273322210503906,2.969561794251821,632,RMQS1,"{""type"":""MultiPoint"",""coordinates"":[]}"
20220813T104629_20220813T104623_T31UDP_000000000000000002e7_0,3877,3232,1162,1610,2220,2491,2576,2765,2878,2958,5,2022-08-13,Eutric Cambisols,48.13093680610043,2.108177321905969,686,RMQS1,"{""type"":""MultiPoint"",""coordinates"":[]}"
20220813T104629_20220813T104623_T31UDP_000000000000000002eb_0,4273,3981,1418,1994,2642,2874,2971,3116,3264,3285,5,2022-08-13,Eutric Cambisols,48.12946045767385,2.967831265015268,690,RMQS1,"{""type"":""MultiPoint"",""coordinates"":[]}"
20220813T104629_20220813T104623_T31UDP_00000000000000000351_0,3107,2749,1048,1416,1870,2157,2304,2420,2458,2568,5,2022-08-13,Eutric Cambisols,47.843169868917435,2.1094201698833497,798,RMQS1,"{""type"":""MultiPoint"",""coordinates"":[]}"
20220813T104629_20220813T104623_T31UDP_0000000000000000031d_0,4107,2670,942,1274,1696,2199,2690,2940,3119,3353,5,2022-08-13,Eutric Planosols,47.98644564029198,1.8944738375183001,742,RMQS1,"{""type"":""MultiPoint"",""coordinates"":[]}"
20220813T104629_20220813T104623_T31UDP_0000000000000000020a_0,4511,3097,1268,1740,2386,2767,2982,3151,3428,3459,5,2022-08-13,Haplic Luvisols,48.70579528894485,2.7575282555298437,454,RMQS1,"{""type"":""MultiPoint"",""coordinates"":[]}"
20220813T104629_20220813T104623_T31UDP_0000000000000000023f_0,4436,3855,1356,1924,2604,2958,3050,3246,3448,3461,5,2022-08-13,Haplic Luvisols,48.56187240436339,1.8895991857404957,510,RMQS1,"{""type"":""MultiPoint"",""coordinates"":[]}"
20220813T104629_20220813T104623_T31UDP_00000000000000000275_0,4423,3553,1378,1934,2678,3036,3141,3326,3584,3659,5,2022-08-13,Haplic Luvisols,48.41702172942115,1.6747395099090712,567,RMQS1,"{""type"":""MultiPoint"",""coordinates"":[]}"
20220813T104629_20220813T104623_T31UDP_00000000000000000278_0,3649,2902,1122,1520,2150,1996,2311,2650,3208,2938,5,2022-08-13,Haplic Luvisols,48.418877511932216,2.3230202148648296,570,RMQS1,"{""type"":""MultiPoint"",""coordinates"":[]}"
20220813T104629_20220813T104623_T31UDP_00000000000000000350_0,3560,2585,863,1144,1498,1702,2219,2537,2647,2887,5,2022-08-13,Haplic Luvisols,47.84255830040598,1.8956764547247618,797,RMQS1,"{""type"":""MultiPoint"",""coordinates"":[]}"
20220813T104629_20220813T104623_T31UDP_00000000000000000209_0,2327,1889,886,881,1290,1594,1951,2177,2054,2346,5,2022-08-13,Luvic Cambisols,48.70636671812621,2.5402378321558636,453,RMQS1,"{""type"":""MultiPoint"",""coordinates"":[]}"
20220813T104629_20220813T104623_T31UDP_00000000000000000277_0,4275,4038,1292,1886,2564,2896,2969,3128,3252,3268,5,2022-08-13,Luvic Cambisols,48.41865449696645,2.1069223823788863,569,RMQS1,"{""type"":""MultiPoint"",""coordinates"":[]}"
20220813T104629_20220813T104623_T31UDP_000000000000000002ad_0,4232,3797,1318,1886,2546,2821,3090,3309,3596,3482,5,2022-08-13,Luvic Cambisols,48.273173775874774,1.6765533442912048,626,RMQS1,"{""type"":""MultiPoint"",""coordinates"":[]}"
20220813T104629_20220813T104623_T31UDP_000000000000000002e6_0,3550,2876,1220,1720,2332,2278,2727,3093,3156,3299,5,2022-08-13,Luvic Cambisols,48.13032151946579,1.893264373324863,685,RMQS1,"{""type"":""MultiPoint"",""coordinates"":[]}"
20220813T104629_20220813T104623_T31UDP_000000000000000002e5_0,4635,3148,1236,1710,2392,2824,3115,3398,3720,3808,5,2022-08-13,Rendzic Leptosols,48.129312960797584,1.6783584655939348,684,RMQS1,"{""type"":""MultiPoint"",""coordinates"":[]}"
20220813T104629_20220813T104623_T31UDP_00000000000000000243_0,3680,3160,1158,1698,2270,2488,2645,2785,2954,2971,5,2022-08-13,Stagnic Gleysols,48.56100580256318,2.9730521545318473,515,RMQS1,"{""type"":""MultiPoint"",""coordinates"":[]}"
20220813T104629_20220813T104623_T31UDQ_0000000000000000007d_0,4275,2958,1030,1412,2142,2441,2568,2833,3157,3255,5,2022-08-13,Protoargic Arenosols,49.58589898837661,1.8391604822330379,SIM46907,HWSDv2,"{""type"":""MultiPoint"",""coordinates"":[]}"
20220813T104629_20220813T104623_T31UDQ_00000000000000000174_0,4016,3356,1082,1510,2080,2436,2456,2682,2776,2902,5,2022-08-13,Calcaric Cambisols,49.136032669120816,1.665509084487337,278,RMQS1,"{""type"":""MultiPoint"",""coordinates"":[]}"
20220813T104629_20220813T104623_T31UDQ_0000000000000000020b_0,4418,2980,1328,1880,2740,3167,3448,3744,4020,4238,5,2022-08-13,Calcaric Cambisols,48.704826134191606,2.974812554703716,455,RMQS1,"{""type"":""MultiPoint"",""coordinates"":[]}"
20220813T104629_20220813T104623_T31UDQ_0000000000000000012d_0,3599,3406,960,1474,2084,2298,2375,2525,2646,2638,5,2022-08-13,Eutric Cambisols,49.425230407063104,2.5430874224563476,200,RMQS1,"{""type"":""MultiPoint"",""coordinates"":[]}"
20220813T104629_20220813T104623_T31UDQ_0000000000000000019e_0,4134,3007,983,1298,1770,1996,2187,2474,2715,2734,5,2022-08-13,Eutric Cambisols,48.99226395558002,1.667375833412688,330,RMQS1,"{""type"":""MultiPoint"",""coordinates"":[]}"
20220813T104629_20220813T104623_T31UDQ_000000000000000001a2_0,3156,1983,705,994,1310,1668,2029,2292,2500,2604,5,2022-08-13,Eutric Cambisols,48.993966246076276,2.541368882765616,334,RMQS1,"{""type"":""MultiPoint"",""coordinates"":[]}"
20220813T104629_20220813T104623_T31UDQ_000000000000000001d5_0,2794,1834,672,916,1248,1683,2142,2394,2679,2902,5,2022-08-13,Eutric Cambisols,48.849602131036924,2.7586952903870707,393,RMQS1,"{""type"":""MultiPoint"",""coordinates"":[]}"
20220813T104629_20220813T104623_T31UDQ_0000000000000000010e_0,4275,3146,1336,1798,2544,2508,2638,3037,3441,3392,5,2022-08-13,Eutric Stagnosols,49.56889381763422,2.101746362836863,159,RMQS1,"{""type"":""MultiPoint"",""coordinates"":[]}"
20220813T104629_20220813T104623_T31UDQ_0000000000000000012b_0,2103,1780,1052,1230,1298,1477,1788,2045,2198,2125,5,2022-08-13,Fibric Histosols,49.42517865837183,2.1024074145428684,198,RMQS1,"{""type"":""MultiPoint"",""coordinates"":[]}"
20220813T104629_20220813T104623_T31UDQ_000000000000000001a0_0,2609,2216,885,1046,1426,1425,1917,1942,2029,2136,5,2022-08-13,Fluvic Cambisols,48.99391509715455,2.1043645797039217,332,RMQS1,"{""type"":""MultiPoint"",""coordinates"":[]}"
20220813T104629_20220813T104623_T31UDQ_0000000000000000014f_0,4712,3394,1196,1686,2438,2764,2883,3150,3372,3557,5,2022-08-13,Haplic Luvisols,49.280814464529655,1.88334428108737,236,RMQS1,"{""type"":""MultiPoint"",""coordinates"":[]}"
20220813T104629_20220813T104623_T31UDQ_00000000000000000153_0,4466,3398,1584,2008,2684,3058,3316,3477,3704,3788,5,2022-08-13,Haplic Luvisols,49.28091769976065,2.7622320159826583,240,RMQS1,"{""type"":""MultiPoint"",""coordinates"":[]}"
20220813T104629_20220813T104623_T31UDQ_00000000000000000177_0,3736,2693,854,1104,1476,1763,2122,2365,2676,2710,5,2022-08-13,Haplic Luvisols,49.13791455267598,2.3228273594300304,281,RMQS1,"{""type"":""MultiPoint"",""coordinates"":[]}"
20220813T104629_20220813T104623_T31UDQ_0000000000000000020a_0,4532,3110,1270,1750,2396,2782,2996,3164,3441,3477,5,2022-08-13,Haplic Luvisols,48.70579528894485,2.7575282555298437,454,RMQS1,"{""type"":""MultiPoint"",""coordinates"":[]}"
20220813T104629_20220813T104623_T31UDQ_00000000000000000110_0,4126,3535,1232,1802,2498,2850,2924,3061,3112,3209,5,2022-08-13,Luvic Cambisols,49.56894583689343,2.5436666897699416,161,RMQS1,"{""type"":""MultiPoint"",""coordinates"":[]}"
20220813T104629_20220813T104623_T31UDQ_0000000000000000014e_0,4286,3238,1288,1788,2380,2881,3121,3363,3512,3699,5,2022-08-13,Luvic Cambisols,49.279783234787686,1.6636314749754055,235,RMQS1,"{""type"":""MultiPoint"",""coordinates"":[]}"
20220813T104629_20220813T104623_T31UDQ_00000000000000000175_0,4523,4253,1222,1850,2514,2896,3060,3260,3340,3427,5,2022-08-13,Luvic Cambisols,49.13706124741972,1.8846092571838453,279,RMQS1,"{""type"":""MultiPoint"",""coordinates"":[]}"
20220813T104629_20220813T104623_T31UDQ_00000000000000000209_0,2324,1883,881,880,1290,1594,1950,2175,2049,2343,5,2022-08-13,Luvic Cambisols,48.70636671812621,2.5402378321558636,453,RMQS1,"{""type"":""MultiPoint"",""coordinates"":[]}"
20220813T104629_20220813T104623_T31UDQ_0000000000000000010d_0,3694,2941,947,1266,1570,2380,2533,2777,2569,3072,5,2022-08-13,Luvic Stagnosols,49.56826098013314,1.8807904892721603,158,RMQS1,"{""type"":""MultiPoint"",""coordinates"":[]}"
20220813T104629_20220813T104623_T31UDQ_0000000000000000012a_0,3450,2197,676,911,1244,1679,2221,2568,2884,2993,5,2022-08-13,Luvic Stagnosols,49.42454805193689,1.882071104462425,197,RMQS1,"{""type"":""MultiPoint"",""coordinates"":[]}"
20220813T104629_20220813T104623_T31UDQ_0000000000000000012c_0,4479,3292,1206,1582,2234,2542,2657,2849,3067,3213,5,2022-08-13,Luvic Stagnosols,49.42540614057504,2.3227471558419417,199,RMQS1,"{""type"":""MultiPoint"",""coordinates"":[]}"
20220813T104629_20220813T104623_T31UDQ_00000000000000000150_0,3272,2261,2020,2166,1970,2021,2687,2986,3317,3452,5,2022-08-13,Luvic Stagnosols,49.28144329184339,2.103064062809696,237,RMQS1,"{""type"":""MultiPoint"",""coordinates"":[]}"
20220813T104629_20220813T104623_T31UDQ_0000000000000000017a_0,4422,3066,1488,1902,2474,2933,3471,3765,4073,4088,5,2022-08-13,Luvic Stagnosols,49.13618741224519,2.9801472939415725,284,RMQS1,"{""type"":""MultiPoint"",""coordinates"":[]}"
20220813T104629_20220813T104623_T31UDQ_00000000000000000112_0,3200,2565,1040,1418,1714,2143,2875,3119,3293,3325,5,2022-08-13,Stagnic Gleysols,49.56738063657633,2.9855717242146427,163,RMQS1,"{""type"":""MultiPoint"",""coordinates"":[]}"
20220813T104629_20220813T104623_T31UDQ_000000000000000001d6_0,4276,3200,1102,1548,2182,2591,2740,2985,3255,3358,5,2022-08-13,Stagnic Gleysols,48.84863060747811,2.976581578756068,394,RMQS1,"{""type"":""MultiPoint"",""coordinates"":[]}"
20220813T104629_20220813T104623_T31UDQ_000000000000000001d3_0,2107,2083,2104,2190,2208,1899,1774,1944,2313,1934,5,2022-08-13,Technosols,48.85034873690586,2.322905488238686,391,RMQS1,"{""type"":""MultiPoint"",""coordinates"":[]}"
20220813T104629_20220813T104623_T31UDR_00000000000000000056_0,4300,3551,1142,1614,2348,2629,2757,2973,3264,3299,5,2022-08-13,Eutric Cambisols,50.15828941114408,2.86617988322367,SIM63940,HWSDv2,"{""type"":""MultiPoint"",""coordinates"":[]}"
20220813T104629_20220813T104623_T31UDR_0000000000000000007d_0,4271,2955,1018,1406,2138,2435,2565,2830,3156,3252,5,2022-08-13,Protoargic Arenosols,49.58589898837661,1.8391604822330379,SIM46907,HWSDv2,"{""type"":""MultiPoint"",""coordinates"":[]}"
20220813T104629_20220813T104623_T31UDR_000000000000000000de_0,3712,3172,1060,1496,2116,2397,2531,2684,2858,2941,5,2022-08-13,Calcaric Cambisols,49.85648964531181,2.3226256379824948,103,RMQS1,"{""type"":""MultiPoint"",""coordinates"":[]}"
20220813T104629_20220813T104623_T31UDR_000000000000000000f6_0,2630,2102,994,1126,1268,1482,1987,2245,2178,2465,5,2022-08-13,Calcaric Cambisols,49.71264020753129,2.5442497423135224,132,RMQS1,"{""type"":""MultiPoint"",""coordinates"":[]}"
20220813T104629_20220813T104623_T31UDR_000000000000000000a9_0,4161,3096,1118,1560,2216,2574,2680,2921,3094,3167,5,2022-08-13,Eutric Cambisols,50.43070046559016,2.0977104657606827,36,RMQS1,"{""type"":""MultiPoint"",""coordinates"":[]}"
20220813T104629_20220813T104623_T31UDR_000000000000000000ac_0,1668,1477,775,806,808,828,1012,1068,1015,1171,5,2022-08-13,Eutric Cambisols,50.430165085295194,2.7719553311287974,39,RMQS1,"{""type"":""MultiPoint"",""coordinates"":[]}"
20220813T104629_20220813T104623_T31UDR_000000000000000000ad_0,2650,1978,880,1110,1318,1568,2181,2519,2386,2684,5,2022-08-13,Eutric Cambisols,50.42916619393928,2.996695634941413,40,RMQS1,"{""type"":""MultiPoint"",""coordinates"":[]}"
20220813T104629_20220813T104623_T31UDR_000000000000000000b3_0,4666,3049,1272,1792,2598,2984,3137,3371,3629,3770,5,2022-08-13,Eutric Cambisols,50.28736043598306,2.3225017207889516,50,RMQS1,"{""type"":""MultiPoint"",""coordinates"":[]}"
20220813T104629_20220813T104623_T31UDR_000000000000000000b4_0,4650,3551,1294,1816,2494,2829,2990,3233,3460,3592,5,2022-08-13,Eutric Cambisols,50.28718216659681,2.546611534452438,51,RMQS1,"{""type"":""MultiPoint"",""coordinates"":[]}"
20220813T104629_20220813T104623_T31UDR_000000000000000000b5_0,1764,1296,678,680,712,912,1287,1439,1036,1677,5,2022-08-13,Eutric Cambisols,50.28659484900255,2.7707172697287374,52,RMQS1,"{""type"":""MultiPoint"",""coordinates"":[]}"
20220813T104629_20220813T104623_T31UDR_000000000000000000bc_0,4694,4002,1268,1666,2272,3069,3270,3483,3352,3774,5,2022-08-13,Eutric Cambisols,50.14184543087868,1.6521414189885952,60,RMQS1,"{""type"":""MultiPoint"",""coordinates"":[]}"
20220813T104629_20220813T104623_T31UDR_000000000000000000c2_0,3928,3662,1054,1548,2150,2411,2644,2871,2964,3020,5,2022-08-13,Eutric Cambisols,50.14200369750157,2.992946997301806,66,RMQS1,"{""type"":""MultiPoint"",""coordinates"":[]}"
20220813T104629_20220813T104623_T31UDR_000000000000000000cb_0,4127,2907,881,1162,1644,1850,1944,2190,2502,2521,5,2022-08-13,Eutric Cambisols,49.99927003977352,1.8769088733350434,78,RMQS1,"{""type"":""MultiPoint"",""coordinates"":[]}"
20220813T104629_20220813T104623_T31UDR_000000000000000000cd_0,4876,3501,1192,1506,1996,2261,2436,2652,2942,3070,5,2022-08-13,Eutric Cambisols,50.00013858967453,2.3225846734270483,80,RMQS1,"{""type"":""MultiPoint"",""coordinates"":[]}"
20220813T104629_20220813T104623_T31UDR_000000000000000000ce_0,4052,3850,1142,1616,2184,2494,2551,2706,2868,2901,5,2022-08-13,Eutric Cambisols,49.99996105481551,2.545424692034341,81,RMQS1,"{""type"":""MultiPoint"",""coordinates"":[]}"
20220813T104629_20220813T104623_T31UDR_000000000000000000cf_0,3830,3237,1098,1514,2128,2385,2504,2647,2886,2881,5,2022-08-13,Eutric Cambisols,49.999375467717336,2.768260418213498,82,RMQS1,"{""type"":""MultiPoint"",""coordinates"":[]}"
20220813T104629_20220813T104623_T31UDR_000000000000000000d0_0,4111,3701,1202,1770,2474,2762,2864,3049,3217,3247,5,2022-08-13,Eutric Cambisols,49.99838355325251,2.991087849150008,83,RMQS1,"{""type"":""MultiPoint"",""coordinates"":[]}"
20220813T104629_20220813T104623_T31UDR_000000000000000000dc_0,3726,2422,681,1018,1360,1984,2473,2805,3440,3534,5,2022-08-13,Eutric Cambisols,49.85562314872213,1.8782091470255609,101,RMQS1,"{""type"":""MultiPoint"",""coordinates"":[]}"
20220813T104629_20220813T104623_T31UDR_000000000000000000df_0,2290,1846,838,997,1158,1396,1659,1763,1702,1982,5,2022-08-13,Eutric Cambisols,49.85631247393191,2.5448356402447683,104,RMQS1,"{""type"":""MultiPoint"",""coordinates"":[]}"
20220813T104629_20220813T104623_T31UDR_000000000000000000f4_0,4645,3367,1390,1916,2768,3168,3338,3553,3764,3920,5,2022-08-13,Eutric Cambisols,49.71258809583164,2.101081697148307,130,RMQS1,"{""type"":""MultiPoint"",""coordinates"":[]}"
20220813T104629_20220813T104623_T31UDR_000000000000000000f7_0,3791,3264,1128,1712,2430,2503,2897,3101,3300,3363,5,2022-08-13,Eutric Cambisols,49.7120578590372,2.7658288977798313,133,RMQS1,"{""type"":""MultiPoint"",""coordinates"":[]}"
20220813T104629_20220813T104623_T31UDR_0000000000000000010e_0,4293,3160,1324,1792,2544,2521,2648,3046,3440,3411,5,2022-08-13,Eutric Stagnosols,49.56889381763422,2.101746362836863,159,RMQS1,"{""type"":""MultiPoint"",""coordinates"":[]}"
20220813T104629_20220813T104623_T31UDR_000000000000000000ca_0,4180,3409,1020,1390,2020,2329,2478,2698,2941,3061,5,2022-08-13,Luvic Cambisols,49.99822488625304,1.654081486582689,77,RMQS1,"{""type"":""MultiPoint"",""coordinates"":[]}"
20220813T104629_20220813T104623_T31UDR_000000000000000000dd_0,3569,2384,752,1046,1396,1454,2184,2527,3211,2907,5,2022-08-13,Luvic Cambisols,49.85625947458234,2.100414934284197,102,RMQS1,"{""type"":""MultiPoint"",""coordinates"":[]}"
20220813T104629_20220813T104623_T31UDR_000000000000000000f5_0,4291,2886,1086,1512,2148,2458,2701,2973,3180,3369,5,2022-08-13,Luvic Cambisols,49.7128174628079,2.3226656536691292,131,RMQS1,"{""type"":""MultiPoint"",""coordinates"":[]}"
20220813T104629_20220813T104623_T31UDR_00000000000000000110_0,4123,3528,1224,1802,2502,2846,2918,3058,3112,3209,5,2022-08-13,Luvic Cambisols,49.56894583689343,2.5436666897699416,161,RMQS1,"{""type"":""MultiPoint"",""coordinates"":[]}"
20220813T104629_20220813T104623_T31UDR_0000000000000000010d_0,3690,2943,932,1258,1566,2372,2525,2767,2564,3069,5,2022-08-13,Luvic Stagnosols,49.56826098013314,1.8807904892721603,158,RMQS1,"{""type"":""MultiPoint"",""coordinates"":[]}"
20220813T104629_20220813T104623_T31UDR_000000000000000000a7_0,3228,2811,1056,1252,1640,1914,2219,2332,2400,2500,5,2022-08-13,Regosols (Colluvic),50.42900525285804,1.64823093644194,34,RMQS1,"{""type"":""MultiPoint"",""coordinates"":[]}"
20220813T104629_20220813T104623_T31UDR_000000000000000000c0_0,4634,4005,1360,1816,2504,2692,2830,3074,3380,3325,5,2022-08-13,Regosols (Colluvic),50.14358454537285,2.546016788788959,64,RMQS1,"{""type"":""MultiPoint"",""coordinates"":[]}"
20220813T104629_20220813T104623_T31UDR_000000000000000000c1_0,5367,3598,1290,1878,2964,3434,3663,3971,4400,4588,5,2022-08-13,Regosols (Colluvic),50.14299796037709,2.7694857901814443,65,RMQS1,"{""type"":""MultiPoint"",""coordinates"":[]}"
20220813T104629_20220813T104623_T31UDR_000000000000000000cc_0,3850,3243,856,1228,1488,2233,2549,2693,2762,3010,5,2022-08-13,Rendzic Leptosols,49.999907534519636,2.099745350209818,79,RMQS1,"{""type"":""MultiPoint"",""coordinates"":[]}"
20220813T104629_20220813T104623_T31UDR_00000000000000000112_0,3194,2562,1028,1414,1716,2141,2865,3113,3288,3318,5,2022-08-13,Stagnic Gleysols,49.56738063657633,2.9855717242146427,163,RMQS1,"{""type"":""MultiPoint"",""coordinates"":[]}"
20220813T104629_20220813T104623_T31UDR_000000000000000000b2_0,3858,2975,834,1180,1764,2023,2164,2397,2620,2709,5,2022-08-13,Umbric Leptosols,50.28712929849958,2.098392586975514,49,RMQS1,"{""type"":""MultiPoint"",""coordinates"":[]}"
20220813T104629_20220813T104623_T31UDS_00000000000000000039_0,3473,2538,826,1202,1700,2067,2336,2555,2780,2837,5,2022-08-13,Calcaric Cambisols,50.65641267424932,1.6510873564702908,SIM4474,HWSDv2,"{""type"":""MultiPoint"",""coordinates"":[]}"
20220813T104629_20220813T104623_T31UDS_00000000000000000099_0,3678,2607,584,817,1100,1484,1949,2225,2486,2687,5,2022-08-13,Chromic Cambisols,50.717112873680165,1.8702986464230802,17,RMQS1,"{""type"":""MultiPoint"",""coordinates"":[]}"
20220813T104629_20220813T104623_T31UDS_00000000000000000094_0,4227,3331,1160,1616,2418,2845,2976,3211,3436,3575,5,2022-08-13,Eutric Cambisols,50.860597017905235,1.868950662715976,9,RMQS1,"{""type"":""MultiPoint"",""coordinates"":[]}"
20220813T104629_20220813T104623_T31UDS_000000000000000000a1_0,3855,2753,910,1292,1800,1958,2271,2593,3260,3062,5,2022-08-13,Eutric Cambisols,50.57424420701826,2.0970248442935078,26,RMQS1,"{""type"":""MultiPoint"",""coordinates"":[]}"
20220813T104629_20220813T104623_T31UDS_000000000000000000a5_0,3018,2313,620,1016,1164,1906,2664,3013,3332,3270,5,2022-08-13,Eutric Cambisols,50.57270752289153,2.998585579809683,30,RMQS1,"{""type"":""MultiPoint"",""coordinates"":[]}"
20220813T104629_20220813T104623_T31UDS_00000000000000000095_0,3570,2623,974,1316,2030,2461,2773,2928,3388,3415,5,2022-08-13,Eutric Stagnosols,50.86124579589512,2.0956387227174256,10,RMQS1,"{""type"":""MultiPoint"",""coordinates"":[]}"
20220813T104629_20220813T104623_T31UDS_00000000000000000097_0,3633,2904,906,1200,1632,2018,2311,2529,2830,2929,5,2022-08-13,Eutric Stagnosols,50.86130221409984,2.549023491235136,12,RMQS1,"{""type"":""MultiPoint"",""coordinates"":[]}"
20220813T104629_20220813T104623_T31UDS_000000000000000000a4_0,3619,2609,1034,1422,1988,2341,2550,2816,2836,3040,5,2022-08-13,Fluvic Cambisols,50.57370842780058,2.773201014166533,29,RMQS1,"{""type"":""MultiPoint"",""coordinates"":[]}"
20220813T104629_20220813T104623_T31UDS_00000000000000000091_0,2066,1806,1416,1514,1696,1531,1757,1924,2034,1906,5,2022-08-13,Fluvic Stagnosols,51.00493790256749,2.3222866091527186,6,RMQS1,"{""type"":""MultiPoint"",""coordinates"":[]}"
20220813T104629_20220813T104623_T31UDS_0000000000000000009b_0,2966,2501,1038,1320,1426,1865,1984,2184,2200,2360,5,2022-08-13,Luvic Cambisols,50.71799364650035,2.3223741982983093,19,RMQS1,"{""type"":""MultiPoint"",""coordinates"":[]}"
20220813T104629_20220813T104623_T31UDS_0000000000000000009f_0,3729,2745,2744,2812,2906,2864,3459,3626,4728,4118,5,2022-08-13,Rendzic Leptosols,50.57254339082955,1.6462577899891515,24,RMQS1,"{""type"":""MultiPoint"",""coordinates"":[]}"
20220813T104629_20220813T104623_T31UEP_0000000000000000007f_0,3963,3421,1126,1616,2274,2548,2677,2845,2974,3004,5,2022-08-13,Eutric Cambisols,48.71300587349915,3.430504638075634,SIM51527,HWSDv2,"{""type"":""MultiPoint"",""coordinates"":[]}"
20220813T104629_20220813T104623_T31UEP_0000000000000000020c_0,3887,3343,1196,1658,2272,2573,2677,2829,2956,3058,5,2022-08-13,Calcaric Cambisols,48.703458736127025,3.1920859181167343,456,RMQS1,"{""type"":""MultiPoint"",""coordinates"":[]}"
20220813T104629_20220813T104623_T31UEP_0000000000000000027f_0,4796,4023,1566,2072,2758,3182,3366,3614,3820,3938,5,2022-08-13,Calcaric Cambisols,48.406418205516395,4.051533416952645,578,RMQS1,"{""type"":""MultiPoint"",""coordinates"":[]}"
20220813T104629_20220813T104623_T31UEP_000000000000000002b5_0,3916,3105,1272,1818,2450,2558,3032,3187,3256,3484,5,2022-08-13,Calcaric Cambisols,48.270214890027546,3.40052240924141,634,RMQS1,"{""type"":""MultiPoint"",""coordinates"":[]}"
20220813T104629_20220813T104623_T31UEP_00000000000000000327_0,3560,2606,732,1160,1440,2138,2558,2750,2938,3005,5,2022-08-13,Calcaric Cambisols,47.974921263139784,4.037508014400093,752,RMQS1,"{""type"":""MultiPoint"",""coordinates"":[]}"
20220813T104629_20220813T104623_T31UEP_00000000000000000329_0,3608,3052,970,1326,1920,2107,2211,2391,2636,2636,5,2022-08-13,Calcaric Cambisols,47.967910801776064,4.465910681616188,754,RMQS1,"{""type"":""MultiPoint"",""coordinates"":[]}"
20220813T104629_20220813T104623_T31UEP_00000000000000000244_0,4114,3382,1182,1652,2366,2670,2794,3013,3184,3274,5,2022-08-13,Eutric Cambisols,48.55964181413934,3.1897273282320016,516,RMQS1,"{""type"":""MultiPoint"",""coordinates"":[]}"
20220813T104629_20220813T104623_T31UEP_00000000000000000245_0,4090,3627,1212,1728,2448,2717,2825,3002,3148,3146,5,2022-08-13,Eutric Cambisols,48.55788147307679,3.4063886320425496,517,RMQS1,"{""type"":""MultiPoint"",""coordinates"":[]}"
20220813T104629_20220813T104623_T31UEP_0000000000000000035c_0,3761,2561,890,1296,1872,2324,2766,2921,3192,3258,5,2022-08-13,Eutric Cambisols,47.82407340617893,4.4601231189041926,809,RMQS1,"{""type"":""MultiPoint"",""coordinates"":[]}"
20220813T104629_20220813T104623_T31UEP_00000000000000000247_0,3773,3310,1034,1468,2088,2313,2418,2547,2722,2748,5,2022-08-13,Fluvic Cambisols,48.55317262682796,3.8396575992660655,519,RMQS1,"{""type"":""MultiPoint"",""coordinates"":[]}"
20220813T104629_20220813T104623_T31UEP_00000000000000000326_0,4478,3733,1272,1962,2600,2975,3148,3360,3464,3511,5,2022-08-13,Haplic Luvisols,47.977838510183425,3.8232666387845935,751,RMQS1,"{""type"":""MultiPoint"",""coordinates"":[]}"
20220813T104629_20220813T104623_T31UEP_000000000000000002ba_0,4495,3149,1048,1440,2016,2333,2605,2849,3184,3242,5,2022-08-13,Luvic Stagnosols,48.2555502989698,4.477580917578768,639,RMQS1,"{""type"":""MultiPoint"",""coordinates"":[]}"
20220813T104629_20220813T104623_T31UEP_0000000000000000020d_0,4695,4300,1428,2060,2796,3160,3278,3455,3640,3690,5,2022-08-13,Regosols (Colluvic),48.70169366844977,3.4093457089391372,457,RMQS1,"{""type"":""MultiPoint"",""coordinates"":[]}"
20220813T104629_20220813T104623_T31UEP_00000000000000000328_0,4414,3362,1354,1910,2674,3145,3271,3379,3540,3644,5,2022-08-13,Regosols (Colluvic),47.971611944960706,4.251723526947866,753,RMQS1,"{""type"":""MultiPoint"",""coordinates"":[]}"
20220813T104629_20220813T104623_T31UEP_00000000000000000357_0,3085,2712,950,1396,1902,2022,2089,2197,2294,2289,5,2022-08-13,Regosols (Colluvic),47.83862082138957,3.39184320342842,804,RMQS1,"{""type"":""MultiPoint"",""coordinates"":[]}"
20220813T104629_20220813T104623_T31UEP_0000000000000000020f_0,4055,3415,1644,1932,2502,2795,3413,3810,4068,4121,5,2022-08-13,Rendzic Leptosols,48.69697151537463,3.84381025026381,459,RMQS1,"{""type"":""MultiPoint"",""coordinates"":[]}"
20220813T104629_20220813T104623_T31UEP_00000000000000000246_0,4923,3753,1532,2074,2802,3265,3555,3841,4072,4127,5,2022-08-13,Rendzic Leptosols,48.55572508899328,3.623033464744165,518,RMQS1,"{""type"":""MultiPoint"",""coordinates"":[]}"
20220813T104629_20220813T104623_T31UEP_000000000000000002b7_0,3687,2808,1390,2054,2424,2805,3734,4014,4168,4098,5,2022-08-13,Rendzic Leptosols,48.265531928145386,3.8314183567168554,636,RMQS1,"{""type"":""MultiPoint"",""coordinates"":[]}"
20220813T104629_20220813T104623_T31UEP_000000000000000002b8_0,2868,2544,914,1032,1294,2189,2297,2423,2154,2592,5,2022-08-13,Rendzic Leptosols,48.26259874368474,4.046833414678177,637,RMQS1,"{""type"":""MultiPoint"",""coordinates"":[]}"
20220813T104629_20220813T104623_T31UEP_00000000000000000324_0,2335,2164,588,666,780,995,1035,1144,1322,1297,5,2022-08-13,Rendzic Leptosols,47.982497159296926,3.394720601458198,749,RMQS1,"{""type"":""MultiPoint"",""coordinates"":[]}"
20220813T104629_20220813T104623_T31UEP_00000000000000000359_0,3493,2441,676,998,1310,1731,2246,2529,2758,2883,5,2022-08-13,Rendzic Leptosols,47.83397449347843,3.819224578897194,806,RMQS1,"{""type"":""MultiPoint"",""coordinates"":[]}"
20220813T104629_20220813T104623_T31UEP_000000000000000002ec_0,3776,3110,1060,1522,2122,2384,2498,2669,2830,2843,5,2022-08-13,Stagnic Gleysols,48.12810780180863,3.1827287684756462,691,RMQS1,"{""type"":""MultiPoint"",""coordinates"":[]}"
20220813T104629_20220813T104623_T31UEP_0000000000000000001b_0,2476,1502,510,1090,993,1845,2719,3322,3176,3107,5,2022-08-13,Calcaric Cambisols,48.17555556,3.7499999999999996,66215,"{WD-eSOTER,WD-WISE}","{""type"":""MultiPoint"",""coordinates"":[]}"
20220813T104629_20220813T104623_T31UEQ_0000000000000000007f_0,3960,3420,1112,1604,2266,2545,2674,2841,2968,2999,5,2022-08-13,Eutric Cambisols,48.71300587349915,3.430504638075634,SIM51527,HWSDv2,"{""type"":""MultiPoint"",""coordinates"":[]}"
20220813T104629_20220813T104623_T31UEQ_00000000000000000113_0,4072,2582,714,970,1362,1803,2237,2591,2909,3111,5,2022-08-13,Calcaric Cambisols,49.56599192818014,3.2065096326538,164,RMQS1,"{""type"":""MultiPoint"",""coordinates"":[]}"
20220813T104629_20220813T104623_T31UEQ_00000000000000000115_0,3885,3500,1266,1732,2304,2511,2588,2724,2884,2915,5,2022-08-13,Calcaric Cambisols,49.562001469354996,3.6483405966440827,166,RMQS1,"{""type"":""MultiPoint"",""coordinates"":[]}"
20220813T104629_20220813T104623_T31UEQ_00000000000000000134_0,4673,4441,1618,2118,2762,3035,3095,3255,3440,3462,5,2022-08-13,Calcaric Cambisols,49.412712015559535,4.085171344798594,207,RMQS1,"{""type"":""MultiPoint"",""coordinates"":[]}"
20220813T104629_20220813T104623_T31UEQ_00000000000000000135_0,2256,1665,684,877,934,1279,1841,2048,2316,2364,5,2022-08-13,Calcaric Cambisols,49.40931256011699,4.305386426131146,208,RMQS1,"{""type"":""MultiPoint"",""coordinates"":[]}"
20220813T104629_20220813T104623_T31UEQ_000000000000000001db_0,5058,4644,1948,2504,3184,3509,3585,3742,4024,3948,5,2022-08-13,Calcaric Cambisols,48.83778942360765,4.065787310355802,399,RMQS1,"{""type"":""MultiPoint"",""coordinates"":[]}"
20220813T104629_20220813T104623_T31UEQ_0000000000000000020c_0,3882,3342,1180,1648,2266,2566,2673,2829,2954,3052,5,2022-08-13,Calcaric Cambisols,48.703458736127025,3.1920859181167343,456,RMQS1,"{""type"":""MultiPoint"",""coordinates"":[]}"
20220813T104629_20220813T104623_T31UEQ_00000000000000000157_0,3322,2733,1016,1412,1968,2248,2368,2498,2552,2665,5,2022-08-13,Eutric Cambisols,49.274585829064,3.6410073595306423,244,RMQS1,"{""type"":""MultiPoint"",""coordinates"":[]}"
20220813T104629_20220813T104623_T31UEQ_000000000000000001da_0,3298,2403,960,1316,1614,2043,3056,3371,3540,3531,5,2022-08-13,Eutric Cambisols,48.84075502171976,3.8479859850554314,398,RMQS1,"{""type"":""MultiPoint"",""coordinates"":[]}"
20220813T104629_20220813T104623_T31UEQ_00000000000000000118_0,3300,2805,1072,1502,2010,2175,2293,2409,2618,2587,5,2022-08-13,Eutric Fluvisols,49.552985910691305,4.310920889162134,169,RMQS1,"{""type"":""MultiPoint"",""coordinates"":[]}"
20220813T104629_20220813T104623_T31UEQ_00000000000000000131_0,4270,2864,1150,1566,2262,2544,2671,2895,3113,3243,5,2022-08-13,Haplic Luvisols,49.42049525316113,3.424376574569905,204,RMQS1,"{""type"":""MultiPoint"",""coordinates"":[]}"
20220813T104629_20220813T104623_T31UEQ_0000000000000000017c_0,3823,2996,1170,1624,2336,2607,2741,2913,3176,3203,5,2022-08-13,Haplic Luvisols,49.13302940640497,3.4183131268373956,286,RMQS1,"{""type"":""MultiPoint"",""coordinates"":[]}"
20220813T104629_20220813T104623_T31UEQ_00000000000000000159_0,3520,3014,1528,1980,2508,2471,2723,2940,3200,3184,5,2022-08-13,Regosols (Colluvic),49.26900917934291,4.080283111786636,246,RMQS1,"{""type"":""MultiPoint"",""coordinates"":[]}"
20220813T104629_20220813T104623_T31UEQ_000000000000000001a9_0,4578,3689,1172,1530,2182,2585,2767,2968,3188,3302,5,2022-08-13,Regosols (Colluvic),48.9815477887394,4.070591756163375,341,RMQS1,"{""type"":""MultiPoint"",""coordinates"":[]}"
20220813T104629_20220813T104623_T31UEQ_0000000000000000020d_0,4692,4298,1412,2048,2790,3154,3270,3450,3636,3682,5,2022-08-13,Regosols (Colluvic),48.70169366844977,3.4093457089391372,457,RMQS1,"{""type"":""MultiPoint"",""coordinates"":[]}"
20220813T104629_20220813T104623_T31UEQ_000000000000000001dc_0,3657,3294,868,1330,1426,2317,3117,3459,4216,3759,5,2022-08-13,Rendzic Leptosols,48.83442503518052,4.283563095018126,400,RMQS1,"{""type"":""MultiPoint"",""coordinates"":[]}"
20220813T104629_20220813T104623_T31UEQ_0000000000000000020f_0,4074,3429,1638,1932,2510,2807,3427,3823,4088,4141,5,2022-08-13,Rendzic Leptosols,48.69697151537463,3.84381025026381,459,RMQS1,"{""type"":""MultiPoint"",""coordinates"":[]}"
20220813T104629_20220813T104623_T31UEQ_000000000000000001d8_0,3565,2355,805,1200,1758,2239,2738,3016,3356,3465,5,2022-08-13,Stagnic Gleysols,48.84548989394474,3.4123181623321734,396,RMQS1,"{""type"":""MultiPoint"",""coordinates"":[]}"
20220813T104629_20220813T104623_T31UER_000000000000000000f9_0,3937,2706,962,1360,1970,2257,2358,2573,2900,2920,5,2022-08-13,Calcaric Cambisols,49.70967905310882,3.2089608528497604,135,RMQS1,"{""type"":""MultiPoint"",""coordinates"":[]}"
20220813T104629_20220813T104623_T31UER_00000000000000000113_0,4074,2582,706,968,1364,1804,2231,2588,2908,3108,5,2022-08-13,Calcaric Cambisols,49.56599192818014,3.2065096326538,164,RMQS1,"{""type"":""MultiPoint"",""coordinates"":[]}"
20220813T104629_20220813T104623_T31UER_000000000000000000d1_0,4086,3021,1074,1538,2138,2372,2566,2774,3132,3078,5,2022-08-13,Eutric Cambisols,49.99698425992098,3.2139053697907163,84,RMQS1,"{""type"":""MultiPoint"",""coordinates"":[]}"
20220813T104629_20220813T104623_T31UER_000000000000000000e3_0,4472,3157,1152,1594,2292,2517,2715,2961,3267,3296,5,2022-08-13,Eutric Cambisols,49.85154127658212,3.433600324543512,108,RMQS1,"{""type"":""MultiPoint"",""coordinates"":[]}"
20220813T104629_20220813T104623_T31UER_000000000000000000d3_0,1760,1521,778,872,924,966,1374,1540,1598,1742,5,2022-08-13,Haplic Luvisols,49.992962405810275,3.6594955309676163,86,RMQS1,"{""type"":""MultiPoint"",""coordinates"":[]}"
20220813T104629_20220813T104623_T31UER_000000000000000000e4_0,4273,3166,1076,1606,2384,2721,2874,3104,3332,3437,5,2022-08-13,Haplic Luvisols,49.84933182571976,3.655756320004579,109,RMQS1,"{""type"":""MultiPoint"",""coordinates"":[]}"
20220813T104629_20220813T104623_T31UER_000000000000000000e5_0,3619,3128,965,1352,1944,2160,2281,2406,2626,2627,5,2022-08-13,Haplic Luvisols,49.846716377679186,3.877890881957365,110,RMQS1,"{""type"":""MultiPoint"",""coordinates"":[]}"
20220813T104629_20220813T104623_T31UER_000000000000000000fb_0,3800,3423,1088,1614,2292,2537,2636,2781,2872,2902,5,2022-08-13,Haplic Luvisols,49.70567786204237,3.652038113507865,137,RMQS1,"{""type"":""MultiPoint"",""coordinates"":[]}"
20220813T104629_20220813T104623_T31UER_000000000000000000fd_0,4806,3441,1614,2160,3050,3476,3686,3928,4188,4326,5,2022-08-13,Haplic Luvisols,49.700056004656744,4.095030212917225,139,RMQS1,"{""type"":""MultiPoint"",""coordinates"":[]}"
20220813T104629_20220813T104623_T31UER_000000000000000000b7_0,3028,2418,1188,1538,2002,1996,2483,2743,2665,2961,5,2022-08-13,Luvic Cambisols,50.284191794055914,3.2189050612951036,54,RMQS1,"{""type"":""MultiPoint"",""coordinates"":[]}"
20220813T104629_20220813T104623_T31UER_000000000000000000b8_0,3402,2891,1162,1616,2176,2425,2634,2776,2938,3007,5,2022-08-13,Luvic Cambisols,50.28237565573063,3.4429805438389787,55,RMQS1,"{""type"":""MultiPoint"",""coordinates"":[]}"
20220813T104629_20220813T104623_T31UER_000000000000000000ba_0,3975,3707,1136,1926,2678,2924,3058,3164,3252,3149,5,2022-08-13,Luvic Cambisols,50.277513811755476,3.891075085094819,57,RMQS1,"{""type"":""MultiPoint"",""coordinates"":[]}"
20220813T104629_20220813T104623_T31UER_000000000000000000e2_0,3685,3180,1162,1698,2356,2569,2754,2962,3060,3141,5,2022-08-13,Luvic Cambisols,49.85334360089348,3.2114262910976588,107,RMQS1,"{""type"":""MultiPoint"",""coordinates"":[]}"
20220813T104629_20220813T104623_T31UER_000000000000000000e7_0,3238,2665,626,1154,1626,1834,2078,2260,2154,2338,5,2022-08-13,Mollic Umbrisols,49.840267006570215,4.322083069370896,112,RMQS1,"{""type"":""MultiPoint"",""coordinates"":[]}"
20220813T104629_20220813T104623_T31UFP_0000000000000000024a_0,3966,3434,1150,1626,2288,2491,2627,2743,2924,2936,5,2022-08-13,Calcaric Cambisols,48.54313673632617,4.4893801670582985,522,RMQS1,"{""type"":""MultiPoint"",""coordinates"":[]}"
20220813T104629_20220813T104623_T31UFP_000000000000000002bb_0,4317,3163,1188,1614,2156,2405,2645,2840,3100,3080,5,2022-08-13,Calcaric Cambisols,48.25143516324276,4.692909482923313,640,RMQS1,"{""type"":""MultiPoint"",""coordinates"":[]}"
20220813T104629_20220813T104623_T31UFP_00000000000000000329_0,3625,3064,988,1340,1932,2122,2223,2404,2646,2650,5,2022-08-13,Calcaric Cambisols,47.967910801776064,4.465910681616188,754,RMQS1,"{""type"":""MultiPoint"",""coordinates"":[]}"
20220813T104629_20220813T104623_T31UFP_00000000000000000213_0,3220,2453,1180,1568,1940,2138,2749,3116,3028,3239,5,2022-08-13,Eutric Cambisols,48.6827591856006,4.712439211085572,463,RMQS1,"{""type"":""MultiPoint"",""coordinates"":[]}"
20220813T104629_20220813T104623_T31UFP_00000000000000000281_0,3415,2705,917,1238,1656,2013,2217,2423,2474,2681,5,2022-08-13,Eutric Cambisols,48.399350716545385,4.483464387234075,580,RMQS1,"{""type"":""MultiPoint"",""coordinates"":[]}"
20220813T104629_20220813T104623_T31UFP_0000000000000000035c_0,3759,2557,906,1306,1876,2329,2768,2921,3192,3258,5,2022-08-13,Eutric Cambisols,47.82407340617893,4.4601231189041926,809,RMQS1,"{""type"":""MultiPoint"",""coordinates"":[]}"
20220813T104629_20220813T104623_T31UFP_000000000000000002ba_0,4492,3146,1074,1460,2032,2338,2598,2836,3184,3232,5,2022-08-13,Luvic Stagnosols,48.2555502989698,4.477580917578768,639,RMQS1,"{""type"":""MultiPoint"",""coordinates"":[]}"
20220813T104629_20220813T104623_T31UFP_00000000000000000212_0,5097,4694,2152,2678,3300,3597,3644,3813,3920,3998,5,2022-08-13,Rendzic Leptosols,48.68690742446665,4.495328388213507,462,RMQS1,"{""type"":""MultiPoint"",""coordinates"":[]}"
20220813T104629_20220813T104623_T31UFQ_0000000000000000011a_0,3347,2120,644,907,1256,1612,2222,2569,2766,2953,5,2022-08-13,Calcaric Cambisols,49.5449566270371,4.7524901683900715,171,RMQS1,"{""type"":""MultiPoint"",""coordinates"":[]}"
20220813T104629_20220813T104623_T31UFQ_0000000000000000015b_0,4234,3773,1388,1914,2640,2925,3012,3191,3320,3366,5,2022-08-13,Calcaric Cambisols,49.261827045241304,4.519452882190931,248,RMQS1,"{""type"":""MultiPoint"",""coordinates"":[]}"
20220813T104629_20220813T104623_T31UFQ_0000000000000000015c_0,4057,2781,860,1158,1510,1933,2459,2796,3132,3200,5,2022-08-13,Calcaric Cambisols,49.257633159731164,4.738988003066428,249,RMQS1,"{""type"":""MultiPoint"",""coordinates"":[]}"
20220813T104629_20220813T104623_T31UFQ_000000000000000001ab_0,4704,3902,1396,1942,2774,3140,3203,3426,3800,3730,5,2022-08-13,Calcaric Cambisols,48.97440230177886,4.507322370591027,343,RMQS1,"{""type"":""MultiPoint"",""coordinates"":[]}"
20220813T104629_20220813T104623_T31UFQ_000000000000000001df_0,3981,3186,1154,1586,2160,2403,2555,2693,2902,2935,5,2022-08-13,Calcaric Cambisols,48.821946019086994,4.93669536884499,403,RMQS1,"{""type"":""MultiPoint"",""coordinates"":[]}"
20220813T104629_20220813T104623_T31UFQ_00000000000000000138_0,3699,3181,1054,1532,2084,2398,2475,2615,2720,2814,5,2022-08-13,Eutric Cambisols,49.39669771864854,4.965831391660081,211,RMQS1,"{""type"":""MultiPoint"",""coordinates"":[]}"
20220813T104629_20220813T104623_T31UFQ_00000000000000000213_0,3224,2460,1180,1574,1944,2139,2747,3114,3030,3240,5,2022-08-13,Eutric Cambisols,48.6827591856006,4.712439211085572,463,RMQS1,"{""type"":""MultiPoint"",""coordinates"":[]}"
20220813T104629_20220813T104623_T31UFQ_0000000000000000011d_0,4026,2846,844,1178,1706,1961,2082,2298,2532,2611,5,2022-08-13,Eutric Stagnosols,49.52988794759481,5.4145479932327865,174,RMQS1,"{""type"":""MultiPoint"",""coordinates"":[]}"
20220813T104629_20220813T104623_T31UFQ_00000000000000000183_0,3558,3016,954,1426,1946,2287,2399,2537,2570,2681,5,2022-08-13,Mollic Umbrisols,49.104376378414244,5.170026231041101,294,RMQS1,"{""type"":""MultiPoint"",""coordinates"":[]}"
20220813T104629_20220813T104623_T31UFQ_00000000000000000181_0,4882,4425,1510,2046,2728,3077,3198,3432,3496,3635,5,2022-08-13,Rendzic Leptosols,49.11394157902409,4.732294541267736,292,RMQS1,"{""type"":""MultiPoint"",""coordinates"":[]}"
20220813T104629_20220813T104623_T31UFQ_000000000000000001ac_0,4386,3639,1424,1972,2762,3015,3184,3335,3596,3602,5,2022-08-13,Rendzic Leptosols,48.97023112282538,4.725639105215556,344,RMQS1,"{""type"":""MultiPoint"",""coordinates"":[]}"
20220813T104629_20220813T104623_T31UFQ_000000000000000001de_0,5011,4281,1990,2432,3096,3435,3605,3791,4024,4062,5,2022-08-13,Rendzic Leptosols,48.82650319106196,4.71902098610247,402,RMQS1,"{""type"":""MultiPoint"",""coordinates"":[]}"
20220813T104629_20220813T104623_T31UFQ_00000000000000000212_0,5120,4715,2150,2684,3304,3615,3658,3829,3936,4018,5,2022-08-13,Rendzic Leptosols,48.68690742446665,4.495328388213507,462,RMQS1,"{""type"":""MultiPoint"",""coordinates"":[]}"
20220813T104629_20220813T104623_T31UFQ_00000000000000000119_0,3534,2798,1158,1596,2126,2173,2323,2497,2810,2768,5,2022-08-13,Vertic Cambisols,49.54917309265782,4.5317230180671295,170,RMQS1,"{""type"":""MultiPoint"",""coordinates"":[]}"
20220813T104629_20220813T104623_T31UFR_000000000000000000c8_0,3230,2349,714,934,1200,1599,1944,2233,2458,2538,5,2022-08-13,Eutric Cambisols,50.119337054502985,4.77995940105834,73,RMQS1,"{""type"":""MultiPoint"",""coordinates"":[]}"
20220813T104629_20220813T104623_T31UFR_00000000000000000101_0,2417,1734,602,761,987,1321,1840,1992,2498,2323,5,2022-08-13,Eutric Cambisols,49.68395472524528,4.980648981852431,143,RMQS1,"{""type"":""MultiPoint"",""coordinates"":[]}"
20220813T104629_20220813T104623_T31UFR_00000000000000000102_0,4310,2906,803,1038,1440,1757,2195,2496,2708,2977,5,2022-08-13,Haplic Luvisols,49.678917855605576,5.201957134936044,144,RMQS1,"{""type"":""MultiPoint"",""coordinates"":[]}"
20220813T104629_20220813T105901_T30TYN_0000000000000000084c_0,4079,2847,968,1442,1892,2349,2776,3095,3183,3468,5,2022-08-13,Eutric Cambisols,43.21642624564816,0.16184093803944713,2184,RMQS1,"{""type"":""MultiPoint"",""coordinates"":[]}"
20220813T104629_20220813T105901_T30TYN_00000000000000000879_0,2906,1983,1172,1466,1504,2062,3039,3440,3244,3772,5,2022-08-13,Eutric Cambisols,42.91556813443344,-0.4137347196183648,2244,RMQS1,"{""type"":""MultiPoint"",""coordinates"":[]}"
20220813T104629_20220813T105901_T30TYN_0000000000000000087e_0,2579,1949,794,980,1292,1590,1729,1926,1907,2184,5,2022-08-13,Eutric Cambisols,42.93931480823404,0.7593104679881422,2250,RMQS1,"{""type"":""MultiPoint"",""coordinates"":[]}"
20220813T104629_20220813T105901_T30TYN_0000000000000000084a_0,2662,2092,927,1218,1232,1591,2258,2594,2755,2994,5,2022-08-13,Skeletic Leptosols,43.20775050994949,-0.23107639245802053,2182,RMQS1,"{""type"":""MultiPoint"",""coordinates"":[]}"
20220813T104629_20220813T105901_T30TYP_00000000000000000805_0,3903,2495,1013,1404,1840,2235,2622,3043,3020,3479,5,2022-08-13,Calcaric Cambisols,43.51115018753142,0.545904798783983,2102,RMQS1,"{""type"":""MultiPoint"",""coordinates"":[]}"
20220813T104629_20220813T105901_T30TYP_00000000000000000806_0,3474,2536,960,1494,1990,2462,2784,3116,3108,3334,5,2022-08-13,Calcaric Cambisols,43.51424709370381,0.7434401003762473,2103,RMQS1,"{""type"":""MultiPoint"",""coordinates"":[]}"
20220813T104629_20220813T105901_T30TYP_0000000000000000082e_0,3858,2543,681,1072,1410,1930,2422,2822,2912,3215,5,2022-08-13,Calcaric Cambisols,43.370487378478785,0.747437404719625,2148,RMQS1,"{""type"":""MultiPoint"",""coordinates"":[]}"
20220813T104629_20220813T105901_T30TYP_000000000000000007db_0,3197,1875,680,1072,1306,1709,2651,2983,3140,3454,5,2022-08-13,Eutric Cambisols,43.651451250746476,0.34338039937883447,2055,RMQS1,"{""type"":""MultiPoint"",""coordinates"":[]}"
20220813T104629_20220813T105901_T30TYP_000000000000000007dc_0,3840,2388,1092,1688,2328,2495,2801,3151,3296,3578,5,2022-08-13,Eutric Cambisols,43.654918009678816,0.5413905996353507,2056,RMQS1,"{""type"":""MultiPoint"",""coordinates"":[]}"
20220813T104629_20220813T105901_T30TYP_00000000000000000803_0,3352,2021,551,850,1250,1702,2030,2343,2526,2863,5,2022-08-13,Haplic Luvisols,43.50387423018247,0.1509055164147366,2100,RMQS1,"{""type"":""MultiPoint"",""coordinates"":[]}"
20220813T104629_20220813T105901_T31TCH_00000000000000000852_0,3155,2295,1160,1686,2164,2155,2561,2865,2856,3109,5,2022-08-13,Calcaric Cambisols,43.233830788422544,1.3411659095380064,2190,RMQS1,"{""type"":""MultiPoint"",""coordinates"":[]}"
20220813T104629_20220813T105901_T31TCH_0000000000000000087e_0,2460,1882,772,966,1224,1476,1667,1833,1902,2062,5,2022-08-13,Eutric Cambisols,42.93931480823404,0.7593104679881422,2250,RMQS1,"{""type"":""MultiPoint"",""coordinates"":[]}"
20220813T104629_20220813T105901_T31TCH_00000000000000000854_0,4089,2982,1118,1598,2194,2550,2810,3115,3276,3527,5,2022-08-13,Mollic Umbrisols,43.23675734912461,1.7343973183347328,2192,RMQS1,"{""type"":""MultiPoint"",""coordinates"":[]}"
20220813T104629_20220813T105901_T31TCH_00000000000000000850_0,3710,2348,890,1148,1532,2041,2519,2865,2890,3327,5,2022-08-13,Rendzic Leptosols,43.22946594670466,0.9479815188030146,2188,RMQS1,"{""type"":""MultiPoint"",""coordinates"":[]}"
20220813T104629_20220813T105901_T31TCH_000000000000000008a4_0,6949,5055,6504,6552,6292,6899,7612,7773,8232,7828,5,2022-08-13,Umbric Leptosols,42.51820667576352,1.7418542867889344,2312,RMQS1,"{""type"":""MultiPoint"",""coordinates"":[]}"
20220813T104629_20220813T105901_T31TCJ_00000000000000000037_0,3209,2246,946,1362,1416,2216,3187,3613,3828,3890,5,2022-08-13,Eutric Cambisols,43.365876516533646,0.5603214448723385,SIM25581,HWSDv2,"{""type"":""MultiPoint"",""coordinates"":[]}"
20220813T104629_20220813T105901_T31TCJ_00000000000000000805_0,3643,2377,1066,1358,1682,2075,2590,2984,3034,3340,5,2022-08-13,Calcaric Cambisols,43.51115018753142,0.545904798783983,2102,RMQS1,"{""type"":""MultiPoint"",""coordinates"":[]}"
20220813T104629_20220813T105901_T31TCJ_00000000000000000806_0,3390,2499,1072,1514,1918,2351,2700,3033,2978,3221,5,2022-08-13,Calcaric Cambisols,43.51424709370381,0.7434401003762473,2103,RMQS1,"{""type"":""MultiPoint"",""coordinates"":[]}"
20220813T104629_20220813T105901_T31TCJ_00000000000000000807_0,2782,2006,918,1188,1272,1712,2426,2772,2784,3098,5,2022-08-13,Calcaric Cambisols,43.51698261740234,0.9409952712103028,2104,RMQS1,"{""type"":""MultiPoint"",""coordinates"":[]}"
20220813T104629_20220813T105901_T31TCJ_0000000000000000082e_0,3733,2500,828,1158,1390,1918,2442,2807,2876,3078,5,2022-08-13,Calcaric Cambisols,43.370487378478785,0.747437404719625,2148,RMQS1,"{""type"":""MultiPoint"",""coordinates"":[]}"
20220813T104629_20220813T105901_T31TCJ_0000000000000000082f_0,3642,2457,880,1230,1594,1925,2338,2648,2686,2996,5,2022-08-13,Calcaric Cambisols,43.37321582323168,0.9444970152837399,2149,RMQS1,"{""type"":""MultiPoint"",""coordinates"":[]}"
20220813T104629_20220813T105901_T31TCJ_00000000000000000832_0,4411,3049,1520,2026,2802,3208,3370,3628,3576,3983,5,2022-08-13,Calcaric Cambisols,43.379238151330306,1.5357705717025496,2152,RMQS1,"{""type"":""MultiPoint"",""coordinates"":[]}"
20220813T104629_20220813T105901_T31TCJ_000000000000000007dc_0,3801,2494,1248,1720,2286,2651,2900,3185,3264,3515,5,2022-08-13,Eutric Cambisols,43.654918009678816,0.5413905996353507,2056,RMQS1,"{""type"":""MultiPoint"",""coordinates"":[]}"
20220813T104629_20220813T105901_T31TCJ_00000000000000000808_0,3675,3152,1418,1938,2396,2734,2937,3190,3104,3364,5,2022-08-13,Luvic Stagnosols,43.51935670825821,1.1385679467238081,2105,RMQS1,"{""type"":""MultiPoint"",""coordinates"":[]}"
20220813T104629_20220813T105901_T31TCJ_00000000000000000833_0,3622,2667,973,1556,1908,2534,3039,3351,3516,3622,5,2022-08-13,Regosols (Colluvic),43.3805251082789,1.7328839686620165,2153,RMQS1,"{""type"":""MultiPoint"",""coordinates"":[]}"
20220813T104629_20220813T105901_T31TDH_00000000000000000856_0,2702,2161,1094,1610,1762,1979,2357,2728,2548,2575,5,2022-08-13,Calcaric Arenosols,43.23824536900353,2.1276596812268993,2194,RMQS1,"{""type"":""MultiPoint"",""coordinates"":[]}"
20220813T104629_20220813T105901_T31TDH_00000000000000000857_0,3822,2614,822,1152,1656,2066,2421,2686,2758,3112,5,2022-08-13,Calcaric Cambisols,43.238449309842004,2.324294647249126,2195,RMQS1,"{""type"":""MultiPoint"",""coordinates"":[]}"
20220813T104629_20220813T105901_T31TDH_00000000000000000858_0,2362,1480,816,1110,1244,1624,2095,2413,2834,2719,5,2022-08-13,Calcaric Cambisols,43.23829353328013,2.520928813086623,2196,RMQS1,"{""type"":""MultiPoint"",""coordinates"":[]}"
20220813T104629_20220813T105901_T31TDH_00000000000000000871_0,3023,1934,634,888,1200,1577,1955,2237,2288,2600,5,2022-08-13,Calcaric Cambisols,43.09469607384413,2.3243282873192377,2230,RMQS1,"{""type"":""MultiPoint"",""coordinates"":[]}"
20220813T104629_20220813T105901_T31TDH_00000000000000000855_0,4050,3203,1368,1946,2580,2900,3000,3211,3232,3426,5,2022-08-13,Rendzic Leptosols,43.237681525941696,1.9310260055678181,2193,RMQS1,"{""type"":""MultiPoint"",""coordinates"":[]}"
20220813T104629_20220813T105901_T31TDJ_00000000000000000834_0,4709,3385,1616,2200,2900,3197,3245,3520,3552,3801,5,2022-08-13,Regosols (Colluvic),43.38145144609924,1.9300054714673698,2154,RMQS1,"{""type"":""MultiPoint"",""coordinates"":[]}"
