system:index,B11,B12,B2,B3,B4,B5,B6,B7,B8,B8A,SCL,date,h_wrb4,latitude,longitude,profile_id,source_db,.geo
20220803T104629_20220803T104625_T30TXQ_0000000000000000068b_0,3672,3223,3022,3180,3372,3143,3145,3487,3764,3519,5,2022-08-03,Eutric Cambisols,44.78413733927169,-0.5056548387951271,1696,RMQS1,"{""type"":""MultiPoint"",""coordinates"":[]}"
20220803T104629_20220803T104625_T30TXQ_000000000000000006b2_0,4113,2812,736,1042,1548,1904,2254,2616,2708,3102,5,2022-08-03,Eutric Cambisols,44.640327770669494,-0.4983671773063285,1739,RMQS1,"{""type"":""MultiPoint"",""coordinates"":[]}"
20220803T104629_20220803T104625_T30TYP_00000000000000000046_0,3915,2599,936,1414,1996,2329,3010,3427,3653,3770,5,2022-08-03,Gleyic Cambisols,43.74950007383431,0.1370914792787227,SIM91955,HWSDv2,"{""type"":""MultiPoint"",""coordinates"":[]}"
20220803T104629_20220803T104625_T30TYP_00000000000000000784_0,4136,2640,934,1266,1988,2333,2523,2796,3000,3263,5,2022-08-03,Calcaric Cambisols,43.939013384960546,0.3332815597688434,1963,RMQS1,"{""type"":""MultiPoint"",""coordinates"":[]}"
20220803T104629_20220803T104625_T30TYP_000000000000000007b2_0,4891,3488,1526,2054,2962,3197,3334,3593,3896,3847,5,2022-08-03,Calcaric Cambisols,43.801814078706926,0.7353863730644742,2011,RMQS1,"{""type"":""MultiPoint"",""coordinates"":[]}"
20220803T104629_20220803T104625_T30TYP_000000000000000007dd_0,3884,3213,1084,1718,2282,2578,2621,2791,2745,2833,5,2022-08-03,Calcaric Cambisols,43.65802295237102,0.7394234284125767,2057,RMQS1,"{""type"":""MultiPoint"",""coordinates"":[]}"
20220803T104629_20220803T104625_T30TYP_00000000000000000805_0,4148,2749,890,1194,1622,1959,2437,2795,2890,3167,5,2022-08-03,Calcaric Cambisols,43.51115018753142,0.545904798783983,2102,RMQS1,"{""type"":""MultiPoint"",""coordinates"":[]}"
20220803T104629_20220803T104625_T30TYP_00000000000000000806_0,3759,2855,1018,1556,2024,2474,2737,2994,3044,3103,5,2022-08-03,Calcaric Cambisols,43.51424709370381,0.7434401003762473,2103,RMQS1,"{""type"":""MultiPoint"",""coordinates"":[]}"
20220803T104629_20220803T104625_T30TYP_00000000000000000782_0,4361,2543,1016,1312,1736,2387,3134,3609,3860,4191,5,2022-08-03,Eutric Cambisols,43.930951648700834,-0.0646614475812049,1961,RMQS1,"{""type"":""MultiPoint"",""coordinates"":[]}"
20220803T104629_20220803T104625_T30TYP_000000000000000007b0_0,4024,2638,786,1054,1438,1874,2126,2505,2778,2969,5,2022-08-03,Eutric Cambisols,43.79522514265497,0.3383439567382782,2009,RMQS1,"{""type"":""MultiPoint"",""coordinates"":[]}"
20220803T104629_20220803T104625_T30TYP_000000000000000007b1_0,2792,2045,704,1348,1540,2009,2408,2631,2551,2623,5,2022-08-03,Eutric Cambisols,43.79870099823677,0.5368540129522552,2010,RMQS1,"{""type"":""MultiPoint"",""coordinates"":[]}"
20220803T104629_20220803T104625_T30TYP_000000000000000007dc_0,3888,2504,1108,1572,2208,2268,2650,2980,3201,3348,5,2022-08-03,Eutric Cambisols,43.654918009678816,0.5413905996353507,2056,RMQS1,"{""type"":""MultiPoint"",""coordinates"":[]}"
20220803T104629_20220803T104625_T30TYP_00000000000000000759_0,5523,3667,1416,1906,2938,3467,3714,4053,4325,4593,5,2022-08-03,Haplic Luvisols,44.08281502778731,0.32819314039789665,1916,RMQS1,"{""type"":""MultiPoint"",""coordinates"":[]}"
20220803T104629_20220803T104625_T30TYP_00000000000000000803_0,3376,2052,595,760,1034,1454,1746,2091,2182,2465,5,2022-08-03,Haplic Luvisols,43.50387423018247,0.1509055164147366,2100,RMQS1,"{""type"":""MultiPoint"",""coordinates"":[]}"
20220803T104629_20220803T104625_T30TYQ_0000000000000000063e_0,3459,2345,710,894,1058,1617,2211,2528,2564,2857,5,2022-08-03,Haplic Luvisols,45.07682572428559,-0.317346758335372,1614,RMQS1,"{""type"":""MultiPoint"",""coordinates"":[]}"
20220803T104629_20220803T104625_T30TYQ_00000000000000000641_0,4149,2515,698,1000,1380,1826,2372,2893,3276,3320,5,2022-08-03,Haplic Luvisols,45.08973181236325,0.2918435407221803,1617,RMQS1,"{""type"":""MultiPoint"",""coordinates"":[]}"
20220803T104629_20220803T104625_T30TYQ_0000000000000000068c_0,4614,3215,950,1266,1720,2265,2638,2934,3156,3436,5,2022-08-03,Haplic Luvisols,44.789155867083174,-0.3036999732697204,1697,RMQS1,"{""type"":""MultiPoint"",""coordinates"":[]}"
20220803T104629_20220803T104625_T30TYQ_0000000000000000068e_0,3164,2165,572,828,1044,1480,1936,2238,2376,2542,5,2022-08-03,Haplic Luvisols,44.798084038586595,0.1003104414595138,1699,RMQS1,"{""type"":""MultiPoint"",""coordinates"":[]}"
20220803T104629_20220803T104625_T30TYQ_000000000000000006b7_0,4198,2874,988,1354,1982,2055,2490,2830,3148,3200,5,2022-08-03,Haplic Luvisols,44.66167066056686,0.5091410357468154,1744,RMQS1,"{""type"":""MultiPoint"",""coordinates"":[]}"
20220803T104629_20220803T104625_T30TYQ_000000000000000006b8_0,3593,2819,1148,1682,2148,2309,2497,2655,2836,2793,5,2022-08-03,Haplic Luvisols,44.664832562379004,0.7107266218471442,1745,RMQS1,"{""type"":""MultiPoint"",""coordinates"":[]}"
20220803T104629_20220803T104625_T30TYQ_000000000000000006dd_0,4379,2744,904,1360,1782,2418,2975,3335,3488,3740,5,2022-08-03,Haplic Luvisols,44.51781425187794,0.5138181479053451,1786,RMQS1,"{""type"":""MultiPoint"",""coordinates"":[]}"
20220803T104629_20220803T104625_T30TYR_00000000000000000062_0,3231,2515,932,1526,1800,2529,2888,3103,3208,3347,5,2022-08-03,Calcaric Cambisols,45.9412014057957,0.065289686897003,SIM30965,HWSDv2,"{""type"":""MultiPoint"",""coordinates"":[]}"
20220803T104629_20220803T104625_T30TYR_00000000000000000580_0,4020,3373,1162,1566,2224,2638,2789,2959,3128,3162,5,2022-08-03,Calcaric Cambisols,45.80083722296923,-0.1464050002597506,1409,RMQS1,"{""type"":""MultiPoint"",""coordinates"":[]}"
20220803T104629_20220803T104625_T30TYR_000000000000000005a4_0,4134,2977,965,1318,1554,2333,3173,3566,3716,3943,5,2022-08-03,Calcaric Cambisols,45.66131000624331,0.0652636300268976,1450,RMQS1,"{""type"":""MultiPoint"",""coordinates"":[]}"
20220803T104629_20220803T104625_T30TYR_000000000000000005a5_0,3824,2774,1274,1960,2448,2986,3439,3720,3804,3905,5,2022-08-03,Calcaric Cambisols,45.66528210595559,0.2704780405947115,1451,RMQS1,"{""type"":""MultiPoint"",""coordinates"":[]}"
20220803T104629_20220803T104625_T30TYR_000000000000000005c8_0,3666,2403,864,1128,1370,1781,2418,2836,2944,3191,5,2022-08-03,Calcaric Cambisols,45.513089622659,-0.13346799206529747,1490,RMQS1,"{""type"":""MultiPoint"",""coordinates"":[]}"
20220803T104629_20220803T104625_T30TYR_000000000000000005f2_0,3684,2506,763,946,1162,1587,2050,2319,2502,2654,5,2022-08-03,Calcaric Cambisols,45.377496694565295,0.2812171796581916,1534,RMQS1,"{""type"":""MultiPoint"",""coordinates"":[]}"
20220803T104629_20220803T104625_T30TYR_000000000000000005ca_0,3286,2818,1146,1422,1820,2028,2075,2241,2314,2432,5,2022-08-03,Eutric Cambisols,45.52138752930262,0.2758619491347459,1492,RMQS1,"{""type"":""MultiPoint"",""coordinates"":[]}"
20220803T104629_20220803T104625_T30TYR_000000000000000005f0_0,3444,2498,888,1148,1438,1763,2361,2758,3000,3157,5,2022-08-03,Eutric Cambisols,45.36922081868101,-0.12705033910126268,1532,RMQS1,"{""type"":""MultiPoint"",""coordinates"":[]}"
20220803T104629_20220803T104625_T30TYR_000000000000000005f1_0,4376,3147,1116,1442,1898,2306,2583,2853,3086,3254,5,2022-08-03,Eutric Cambisols,45.373545582811104,0.07706807018069811,1533,RMQS1,"{""type"":""MultiPoint"",""coordinates"":[]}"
20220803T104629_20220803T104625_T30TYR_0000000000000000063e_0,3433,2335,732,908,1060,1606,2208,2524,2574,2854,5,2022-08-03,Haplic Luvisols,45.07682572428559,-0.317346758335372,1614,RMQS1,"{""type"":""MultiPoint"",""coordinates"":[]}"
20220803T104629_20220803T104625_T30TYR_00000000000000000641_0,4110,2503,715,999,1350,1794,2363,2876,3248,3299,5,2022-08-03,Haplic Luvisols,45.08973181236325,0.2918435407221803,1617,RMQS1,"{""type"":""MultiPoint"",""coordinates"":[]}"
20220803T104629_20220803T104625_T30TYR_0000000000000000055b_0,3682,3181,796,1256,1866,2204,2369,2553,2592,2646,5,2022-08-03,Rendzic Leptosols,45.94908569567597,0.0533355420428352,1369,RMQS1,"{""type"":""MultiPoint"",""coordinates"":[]}"
20220803T104629_20220803T104625_T30TYR_00000000000000000582_0,4174,3628,982,1428,2204,2537,2591,2776,2844,2934,5,2022-08-03,Rendzic Leptosols,45.809179554957446,0.2650661302913653,1411,RMQS1,"{""type"":""MultiPoint"",""coordinates"":[]}"
20220803T104629_20220803T104625_T30TYR_00000000000000000028_0,3570,3070,924,1302,1528,2301,2652,2926,2900,3251,5,2022-08-03,Eutric Fluvisols,45.89861111,0.00277778,68782,{WD-WISE},"{""type"":""MultiPoint"",""coordinates"":[]}"
20220803T104629_20220803T104625_T30TYR_0000000000000000000a_0,3827,2941,1312,1698,2150,2092,3062,3552,3820,3765,5,2022-08-03,Haplic Calcisols,45.89860153,0.16666700000000004,613272,{WD-eSOTER},"{""type"":""MultiPoint"",""coordinates"":[]}"
20220803T104629_20220803T104625_T30TYS_0000000000000000005e_0,3919,2778,796,1094,1474,1908,2377,2674,2806,3037,5,2022-08-03,Calcaric Cambisols,46.50806450849034,0.9910526900588258,SIM48183,HWSDv2,"{""type"":""MultiPoint"",""coordinates"":[]}"
20220803T104629_20220803T104625_T30TYS_00000000000000000062_0,3229,2518,944,1524,1796,2519,2878,3097,3196,3337,5,2022-08-03,Calcaric Cambisols,45.9412014057957,0.065289686897003,SIM30965,HWSDv2,"{""type"":""MultiPoint"",""coordinates"":[]}"
20220803T104629_20220803T104625_T30TYS_000000000000000004a4_0,4504,3782,1284,1874,2724,3060,3098,3290,3368,3422,5,2022-08-03,Calcaric Cambisols,46.67258035875013,0.23199594562391013,1163,RMQS1,"{""type"":""MultiPoint"",""coordinates"":[]}"
20220803T104629_20220803T104625_T30TYS_000000000000000004a5_0,4440,3550,1234,1810,2590,2797,3029,3240,3380,3417,5,2022-08-03,Eutric Cambisols,46.67624425670514,0.4410565506621489,1164,RMQS1,"{""type"":""MultiPoint"",""coordinates"":[]}"
20220803T104629_20220803T104625_T30TYS_000000000000000004eb_0,3622,2387,602,804,1174,1542,1754,2046,2294,2488,5,2022-08-03,Eutric Cambisols,46.380758268333096,0.035208723464946995,1244,RMQS1,"{""type"":""MultiPoint"",""coordinates"":[]}"
20220803T104629_20220803T104625_T30TYS_00000000000000000535_0,4717,4290,1236,1822,2604,3026,3092,3314,3416,3573,5,2022-08-03,Eutric Cambisols,46.09297615641257,0.04732481199581941,1327,RMQS1,"{""type"":""MultiPoint"",""coordinates"":[]}"
20220803T104629_20220803T104625_T30TYS_0000000000000000047d_0,4134,3377,1206,1622,2208,2549,2629,2847,2908,3076,5,2022-08-03,Haplic Luvisols,46.82014893841074,0.43599984899138555,1123,RMQS1,"{""type"":""MultiPoint"",""coordinates"":[]}"
20220803T104629_20220803T104625_T30TYS_000000000000000004ca_0,4267,3154,947,1234,1568,2133,2604,2926,2966,3288,5,2022-08-03,Haplic Luvisols,46.52868315472322,0.2375799776288461,1203,RMQS1,"{""type"":""MultiPoint"",""coordinates"":[]}"
20220803T104629_20220803T104625_T30TYS_000000000000000004cb_0,3579,2542,982,1310,1764,1791,2492,2815,2994,3217,5,2022-08-03,Haplic Luvisols,46.532337162248965,0.4460865612049353,1204,RMQS1,"{""type"":""MultiPoint"",""coordinates"":[]}"
20220803T104629_20220803T104625_T30TYS_000000000000000004ef_0,4519,3275,1070,1500,1982,2300,2754,3187,3556,3665,5,2022-08-03,Luvic Cambisols,46.3945739230684,0.8670762593857257,1248,RMQS1,"{""type"":""MultiPoint"",""coordinates"":[]}"
20220803T104629_20220803T104625_T30TYS_00000000000000000513_0,4850,3989,1426,2014,2836,3258,3319,3580,3696,3853,5,2022-08-03,Luvic Cambisols,46.240882187673726,0.2486608574550119,1287,RMQS1,"{""type"":""MultiPoint"",""coordinates"":[]}"
20220803T104629_20220803T104625_T30TYS_0000000000000000047e_0,3751,2369,760,1054,1294,1867,2566,2890,3060,3256,5,2022-08-03,Luvic Stagnosols,46.8234383704253,0.6456440699083928,1124,RMQS1,"{""type"":""MultiPoint"",""coordinates"":[]}"
20220803T104629_20220803T104625_T30TYS_0000000000000000055b_0,3678,3179,812,1260,1860,2201,2373,2562,2596,2653,5,2022-08-03,Rendzic Leptosols,45.94908569567597,0.0533355420428352,1369,RMQS1,"{""type"":""MultiPoint"",""coordinates"":[]}"
20220803T104629_20220803T104625_T30TYT_0000000000000000037b_0,4804,3378,1180,1516,2178,2644,2899,3189,3360,3683,5,2022-08-03,Eutric Cambisols,47.68680357363322,0.6181369317170614,843,RMQS1,"{""type"":""MultiPoint"",""coordinates"":[]}"
20220803T104629_20220803T104625_T30TYT_0000000000000000037d_0,3287,2877,717,1156,1700,1985,2049,2186,2228,2307,5,2022-08-03,Eutric Cambisols,47.69231735110835,1.0443128583803534,845,RMQS1,"{""type"":""MultiPoint"",""coordinates"":[]}"
20220803T104629_20220803T104625_T30TYT_000000000000000003aa_0,5055,3440,1542,2122,3090,3473,3539,3842,4052,4216,5,2022-08-03,Eutric Cambisols,47.542927371413136,0.6227839914739651,895,RMQS1,"{""type"":""MultiPoint"",""coordinates"":[]}"
20220803T104629_20220803T104625_T30TYT_00000000000000000459_0,4489,2960,846,1202,1664,2167,2637,2934,3136,3426,5,2022-08-03,Eutric Cambisols,46.97278837529007,1.061600350806898,1082,RMQS1,"{""type"":""MultiPoint"",""coordinates"":[]}"
20220803T104629_20220803T104625_T30TYT_00000000000000000456_0,3958,2637,1268,1650,2008,2510,3499,3926,4232,4221,5,2022-08-03,Eutric Planosols,46.96405011215721,0.43091598807012294,1079,RMQS1,"{""type"":""MultiPoint"",""coordinates"":[]}"
20220803T104629_20220803T104625_T30TYT_0000000000000000042f_0,5017,4425,1882,2428,3112,3512,3579,3767,3836,4002,5,2022-08-03,Eutric Retisols,47.11670746180148,1.0581797222389806,1038,RMQS1,"{""type"":""MultiPoint"",""coordinates"":[]}"
20220803T104629_20220803T104625_T30TYT_0000000000000000037c_0,4932,3289,1140,1644,2430,2936,3054,3421,3584,3913,5,2022-08-03,Haplic Luvisols,47.68975585042416,0.8312134254903143,844,RMQS1,"{""type"":""MultiPoint"",""coordinates"":[]}"
20220803T104629_20220803T104625_T30TYT_000000000000000003d7_0,4107,2878,874,1172,1646,1985,2356,2706,2898,3098,5,2022-08-03,Haplic Luvisols,47.395718283839564,0.4155014966302985,945,RMQS1,"{""type"":""MultiPoint"",""coordinates"":[]}"
20220803T104629_20220803T104625_T30TYT_0000000000000000047d_0,4141,3381,1212,1648,2226,2558,2635,2849,2918,3082,5,2022-08-03,Haplic Luvisols,46.82014893841074,0.43599984899138555,1123,RMQS1,"{""type"":""MultiPoint"",""coordinates"":[]}"
20220803T104629_20220803T104625_T30TYT_000000000000000003da_0,4106,2977,850,1170,1628,1915,2159,2368,2634,2750,5,2022-08-03,Luvic Cambisols,47.404526962741336,1.0512838631524177,948,RMQS1,"{""type"":""MultiPoint"",""coordinates"":[]}"
20220803T104629_20220803T104625_T30TYT_0000000000000000047e_0,3738,2361,758,1066,1300,1863,2558,2878,3068,3247,5,2022-08-03,Luvic Stagnosols,46.8234383704253,0.6456440699083928,1124,RMQS1,"{""type"":""MultiPoint"",""coordinates"":[]}"
20220803T104629_20220803T104625_T30TYT_0000000000000000042d_0,4736,3163,1362,1862,2632,3093,3262,3508,3712,3909,5,2022-08-03,Rendzic Leptosols,47.111251889494554,0.6365738313282675,1036,RMQS1,"{""type"":""MultiPoint"",""coordinates"":[]}"
20220803T104629_20220803T104625_T30TYT_00000000000000000457_0,3608,2562,856,1084,1280,1748,2118,2372,2460,2735,5,2022-08-03,Stagnic Gleysols,46.96734759548669,0.6411210616326486,1080,RMQS1,"{""type"":""MultiPoint"",""coordinates"":[]}"
20220803T104629_20220803T104625_T30UYU_00000000000000000317_0,4715,3481,1102,1550,2266,2567,2762,3072,3252,3416,5,2022-08-03,Eutric Cambisols,47.97452533653467,0.608767793538443,736,RMQS1,"{""type"":""MultiPoint"",""coordinates"":[]}"
20220803T104629_20220803T104625_T30UYU_00000000000000000272_0,4289,2915,1440,1952,2576,3212,3567,3881,4040,4319,5,2022-08-03,Eutric Retisols,48.411606154539754,1.0265529667530489,564,RMQS1,"{""type"":""MultiPoint"",""coordinates"":[]}"
20220803T104629_20220803T104625_T30UYU_000000000000000002aa_0,4518,3505,826,1156,1646,2769,3113,3634,3336,3861,5,2022-08-03,Eutric Retisols,48.267773070968104,1.0301448294912523,623,RMQS1,"{""type"":""MultiPoint"",""coordinates"":[]}"
20220803T104629_20220803T104625_T30UYU_000000000000000002e2_0,4186,3056,1246,1768,2462,2711,2976,3312,3584,3694,5,2022-08-03,Eutric Retisols,48.123926965867774,1.0337162685273735,681,RMQS1,"{""type"":""MultiPoint"",""coordinates"":[]}"
20220803T104629_20220803T104625_T30UYU_000000000000000002a9_0,4602,3245,1406,1916,2644,3159,3335,3606,3708,4030,5,2022-08-03,Luvic Stagnosols,48.265183822455356,0.8147095500113787,622,RMQS1,"{""type"":""MultiPoint"",""coordinates"":[]}"
20220803T104629_20220803T104625_T30UYU_0000000000000000034a_0,4904,3524,1328,1862,2644,3078,3244,3498,3684,3935,5,2022-08-03,Luvic Stagnosols,47.83066980746326,0.6134648025979296,791,RMQS1,"{""type"":""MultiPoint"",""coordinates"":[]}"
20220803T104629_20220803T104625_T30UYU_00000000000000000318_0,2343,1519,596,972,880,1373,1973,2135,1608,2131,5,2022-08-03,Stagnic Gleysols,47.97749316883225,0.8230065836699338,737,RMQS1,"{""type"":""MultiPoint"",""coordinates"":[]}"
20220803T104629_20220803T104625_T30UYV_0000000000000000019b_0,5239,3570,1448,2036,3044,3619,3807,4171,4404,4724,5,2022-08-03,Eutric Cambisols,48.986789979658724,1.011980189683206,327,RMQS1,"{""type"":""MultiPoint"",""coordinates"":[]}"
20220803T104629_20220803T104625_T30UYV_0000000000000000019c_0,4321,3411,1584,2046,2754,3200,3219,3443,3564,3694,5,2022-08-03,Eutric Cambisols,48.9890140623296,1.2304298587690576,328,RMQS1,"{""type"":""MultiPoint"",""coordinates"":[]}"
20220803T104629_20220803T104625_T30UYV_0000000000000000014c_0,2107,1543,912,1102,1226,1341,1687,1886,1708,1917,5,2022-08-03,Eutric Fluvisols,49.276515471368825,1.2242410066178666,233,RMQS1,"{""type"":""MultiPoint"",""coordinates"":[]}"
20220803T104629_20220803T104625_T30UYV_00000000000000000202_0,4632,3377,1374,1924,2746,3135,3274,3582,3708,3981,5,2022-08-03,Eutric Retisols,48.69922952521517,1.0193074302902678,446,RMQS1,"{""type"":""MultiPoint"",""coordinates"":[]}"
20220803T104629_20220803T104625_T30UYV_0000000000000000010a_0,1629,1096,370,630,996,1091,1220,1359,1536,1569,5,2022-08-03,Luvic Cambisols,49.56393970113884,1.217982875699953,155,RMQS1,"{""type"":""MultiPoint"",""coordinates"":[]}"
20220803T104629_20220803T104625_T31TCH_00000000000000000852_0,3349,2412,1160,1642,2178,2235,2541,2989,2912,3216,5,2022-08-03,Calcaric Cambisols,43.233830788422544,1.3411659095380064,2190,RMQS1,"{""type"":""MultiPoint"",""coordinates"":[]}"
20220803T104629_20220803T104625_T31TCH_00000000000000000854_0,2808,2119,836,1382,1580,2176,2565,2791,2918,2953,5,2022-08-03,Mollic Umbrisols,43.23675734912461,1.7343973183347328,2192,RMQS1,"{""type"":""MultiPoint"",""coordinates"":[]}"
20220803T104629_20220803T104625_T31TCH_00000000000000000850_0,3624,2375,714,934,1250,1800,2223,2632,2612,2932,5,2022-08-03,Rendzic Leptosols,43.22946594670466,0.9479815188030146,2188,RMQS1,"{""type"":""MultiPoint"",""coordinates"":[]}"
20220803T104629_20220803T104625_T31TCJ_00000000000000000083_0,2990,2277,1534,1866,2024,2119,2584,2853,2846,3019,5,2022-08-03,Calcaric Cambisols,43.78608327784773,1.3843490695106873,SIM27892,HWSDv2,"{""type"":""MultiPoint"",""coordinates"":[]}"
20220803T104629_20220803T104625_T31TCJ_00000000000000000731_0,4667,3421,1628,2290,3108,3675,3860,4081,4176,4291,5,2022-08-03,Calcaric Cambisols,44.2404851063561,1.3234055011692607,1875,RMQS1,"{""type"":""MultiPoint"",""coordinates"":[]}"
20220803T104629_20220803T104625_T31TCJ_00000000000000000732_0,4332,2820,1152,1642,2344,2815,3252,3494,3816,3970,5,2022-08-03,Calcaric Cambisols,44.24215747682371,1.5235202230528846,1876,RMQS1,"{""type"":""MultiPoint"",""coordinates"":[]}"
20220803T104629_20220803T104625_T31TCJ_0000000000000000078a_0,4044,2616,908,1264,1874,2312,2932,3317,3380,3863,5,2022-08-03,Calcaric Cambisols,43.95446120604993,1.5276452591165468,1969,RMQS1,"{""type"":""MultiPoint"",""coordinates"":[]}"
20220803T104629_20220803T104625_T31TCJ_000000000000000007b2_0,4876,3544,1466,1972,2746,3070,3296,3604,3728,3896,5,2022-08-03,Calcaric Cambisols,43.801814078706926,0.7353863730644742,2011,RMQS1,"{""type"":""MultiPoint"",""coordinates"":[]}"
20220803T104629_20220803T104625_T31TCJ_000000000000000007b3_0,4235,2717,1064,1484,2240,2748,2963,3216,3400,3603,5,2022-08-03,Calcaric Cambisols,43.804563518724855,0.9339386706927577,2012,RMQS1,"{""type"":""MultiPoint"",""coordinates"":[]}"
20220803T104629_20220803T104625_T31TCJ_000000000000000007dd_0,3795,3184,1098,1678,2178,2464,2560,2702,2722,2767,5,2022-08-03,Calcaric Cambisols,43.65802295237102,0.7394234284125767,2057,RMQS1,"{""type"":""MultiPoint"",""coordinates"":[]}"
20220803T104629_20220803T104625_T31TCJ_000000000000000007de_0,4117,3062,1180,1630,2302,2614,2741,2950,3052,3176,5,2022-08-03,Calcaric Cambisols,43.6607654692577,0.9374759088034046,2058,RMQS1,"{""type"":""MultiPoint"",""coordinates"":[]}"
20220803T104629_20220803T104625_T31TCJ_000000000000000007e1_0,4204,3133,1196,1746,2424,2871,2961,3159,3197,3425,5,2022-08-03,Calcaric Cambisols,43.66811185509377,1.7298359782939583,2062,RMQS1,"{""type"":""MultiPoint"",""coordinates"":[]}"
20220803T104629_20220803T104625_T31TCJ_00000000000000000805_0,3911,2591,902,1168,1506,1834,2349,2718,2950,3084,5,2022-08-03,Calcaric Cambisols,43.51115018753142,0.545904798783983,2102,RMQS1,"{""type"":""MultiPoint"",""coordinates"":[]}"
20220803T104629_20220803T104625_T31TCJ_00000000000000000806_0,3670,2799,1024,1492,1924,2357,2672,2937,2980,3053,5,2022-08-03,Calcaric Cambisols,43.51424709370381,0.7434401003762473,2103,RMQS1,"{""type"":""MultiPoint"",""coordinates"":[]}"
20220803T104629_20220803T104625_T31TCJ_0000000000000000080b_0,2792,2065,683,1142,1330,1816,2066,2311,2388,2501,5,2022-08-03,Calcaric Cambisols,43.524309926758626,1.7313633815716516,2108,RMQS1,"{""type"":""MultiPoint"",""coordinates"":[]}"
20220803T104629_20220803T104625_T31TCJ_0000000000000000082e_0,3609,2407,680,922,1078,1584,2206,2551,2742,2813,5,2022-08-03,Calcaric Cambisols,43.370487378478785,0.747437404719625,2148,RMQS1,"{""type"":""MultiPoint"",""coordinates"":[]}"
20220803T104629_20220803T104625_T31TCJ_0000000000000000082f_0,3565,2376,730,1006,1274,1647,2083,2375,2522,2671,5,2022-08-03,Calcaric Cambisols,43.37321582323168,0.9444970152837399,2149,RMQS1,"{""type"":""MultiPoint"",""coordinates"":[]}"
20220803T104629_20220803T104625_T31TCJ_00000000000000000832_0,4515,3187,1394,1904,2742,3121,3241,3472,3608,3761,5,2022-08-03,Calcaric Cambisols,43.379238151330306,1.5357705717025496,2152,RMQS1,"{""type"":""MultiPoint"",""coordinates"":[]}"
20220803T104629_20220803T104625_T31TCJ_000000000000000007b1_0,2742,2024,850,1376,1556,1969,2335,2550,2520,2622,5,2022-08-03,Eutric Cambisols,43.79870099823677,0.5368540129522552,2010,RMQS1,"{""type"":""MultiPoint"",""coordinates"":[]}"
20220803T104629_20220803T104625_T31TCJ_000000000000000007dc_0,3939,2645,1186,1614,2258,2464,2750,3001,3160,3335,5,2022-08-03,Eutric Cambisols,43.654918009678816,0.5413905996353507,2056,RMQS1,"{""type"":""MultiPoint"",""coordinates"":[]}"
20220803T104629_20220803T104625_T31TCJ_0000000000000000080a_0,3012,2276,1046,1470,1738,2029,2620,2907,2999,3055,5,2022-08-03,Eutric Cambisols,43.52302003271735,1.5337542549797725,2107,RMQS1,"{""type"":""MultiPoint"",""coordinates"":[]}"
20220803T104629_20220803T104625_T31TCJ_0000000000000000075c_0,2849,2488,1142,1554,2078,2327,2492,2584,2646,2658,5,2022-08-03,Eutric Fluvisols,44.09220210607855,0.9268088875590461,1919,RMQS1,"{""type"":""MultiPoint"",""coordinates"":[]}"
20220803T104629_20220803T104625_T31TCJ_00000000000000000831_0,2420,1743,608,996,1218,1607,2177,2224,2289,2537,5,2022-08-03,Eutric Stagnosols,43.377591309564,1.3386668701530315,2151,RMQS1,"{""type"":""MultiPoint"",""coordinates"":[]}"
20220803T104629_20220803T104625_T31TCJ_00000000000000000830_0,3422,2325,780,1078,1378,1766,2349,2699,2875,3060,5,2022-08-03,Fluvic Cambisols,43.37558387891417,1.141574489687156,2150,RMQS1,"{""type"":""MultiPoint"",""coordinates"":[]}"
20220803T104629_20220803T104625_T31TCJ_000000000000000007b5_0,3560,2626,1446,1700,2088,2338,2841,2977,3007,3230,5,2022-08-03,Haplic Luvisols,43.80897291409622,1.331094029024924,2014,RMQS1,"{""type"":""MultiPoint"",""coordinates"":[]}"
20220803T104629_20220803T104625_T31TCJ_00000000000000000808_0,3796,3453,1406,1960,2518,2837,2932,3098,3108,3213,5,2022-08-03,Luvic Stagnosols,43.51935670825821,1.1385679467238081,2105,RMQS1,"{""type"":""MultiPoint"",""coordinates"":[]}"
20220803T104629_20220803T104625_T31TCJ_00000000000000000833_0,3362,2517,783,1222,1520,2233,2919,3278,3419,3469,5,2022-08-03,Regosols (Colluvic),43.3805251082789,1.7328839686620165,2153,RMQS1,"{""type"":""MultiPoint"",""coordinates"":[]}"
20220803T104629_20220803T104625_T31TCJ_00000000000000000809_0,2981,2406,841,1021,1206,1465,1719,2011,1682,2212,5,2022-08-03,Technosols,43.521369132715655,1.336155148233926,2106,RMQS1,"{""type"":""MultiPoint"",""coordinates"":[]}"
20220803T104629_20220803T104625_T31TCK_00000000000000000646_0,3678,2274,728,1050,1504,1856,2448,2838,3155,3209,5,2022-08-03,Calcaric Cambisols,45.10381088283523,1.3076748715645614,1622,RMQS1,"{""type"":""MultiPoint"",""coordinates"":[]}"
20220803T104629_20220803T104625_T31TCK_000000000000000006e2_0,3080,2129,678,973,1264,1623,2246,2554,2798,2867,5,2022-08-03,Calcaric Cambisols,44.529903166558434,1.5193539537680492,1791,RMQS1,"{""type"":""MultiPoint"",""coordinates"":[]}"
20220803T104629_20220803T104625_T31TCK_00000000000000000731_0,4645,3407,1604,2260,3076,3642,3840,4060,4153,4268,5,2022-08-03,Calcaric Cambisols,44.2404851063561,1.3234055011692607,1875,RMQS1,"{""type"":""MultiPoint"",""coordinates"":[]}"
20220803T104629_20220803T104625_T31TCK_00000000000000000732_0,4315,2811,1142,1628,2324,2803,3238,3475,3796,3949,5,2022-08-03,Calcaric Cambisols,44.24215747682371,1.5235202230528846,1876,RMQS1,"{""type"":""MultiPoint"",""coordinates"":[]}"
20220803T104629_20220803T104625_T31TCK_00000000000000000705_0,4191,3088,1542,1972,2178,2834,3236,3538,3548,3899,5,2022-08-03,Eutric Cambisols,44.37989169422893,0.9196071815825417,1830,RMQS1,"{""type"":""MultiPoint"",""coordinates"":[]}"
20220803T104629_20220803T104625_T31TCK_000000000000000006b7_0,4445,3024,1034,1368,1928,2311,2673,2948,3181,3367,5,2022-08-03,Haplic Luvisols,44.66167066056686,0.5091410357468154,1744,RMQS1,"{""type"":""MultiPoint"",""coordinates"":[]}"
20220803T104629_20220803T104625_T31TCK_000000000000000006b8_0,3508,2583,1140,1614,2052,2098,2419,2643,2833,2801,5,2022-08-03,Haplic Luvisols,44.664832562379004,0.7107266218471442,1745,RMQS1,"{""type"":""MultiPoint"",""coordinates"":[]}"
20220803T104629_20220803T104625_T31TCK_000000000000000006dd_0,4271,2689,956,1338,1710,2329,2959,3314,3516,3717,5,2022-08-03,Haplic Luvisols,44.51781425187794,0.5138181479053451,1786,RMQS1,"{""type"":""MultiPoint"",""coordinates"":[]}"
20220803T104629_20220803T104625_T31TCK_0000000000000000066e_0,4240,2791,924,1288,2048,2494,2810,3203,3460,3705,5,2022-08-03,Rendzic Leptosols,44.96159614293844,1.5130249086385896,1664,RMQS1,"{""type"":""MultiPoint"",""coordinates"":[]}"
20220803T104629_20220803T104625_T31TCK_00000000000000000693_0,4525,3909,1356,1886,2622,2981,3144,3329,3415,3535,5,2022-08-03,Rendzic Leptosols,44.81393847153426,1.110812235605975,1704,RMQS1,"{""type"":""MultiPoint"",""coordinates"":[]}"
20220803T104629_20220803T104625_T31TCK_00000000000000000706_0,4301,2777,1040,1386,1882,2387,2783,3147,3443,3621,5,2022-08-03,Rendzic Leptosols,44.38230353158314,1.1202039397391548,1831,RMQS1,"{""type"":""MultiPoint"",""coordinates"":[]}"
20220803T104629_20220803T104625_T31TCK_000000000000000008e2_0,4240,2791,924,1288,2048,2494,2810,3203,3460,3705,5,2022-08-03,Rendzic Leptosols,44.96159614293844,1.5130249086385896,11664,RMQS1,"{""type"":""MultiPoint"",""coordinates"":[]}"
20220803T104629_20220803T104625_T31TCK_00000000000000000018_0,3744,2725,769,1130,1494,1993,2643,2969,3179,3369,5,2022-08-03,Calcaric Cambisols,44.94722222,1.6458333299999999,68778,"{WD-eSOTER,WD-WISE}","{""type"":""MultiPoint"",""coordinates"":[]}"
20220803T104629_20220803T104625_T31TCK_00000000000000000001_0,3674,2697,756,1018,1540,1955,2247,2569,2640,2870,5,2022-08-03,Dystric Gleysols,44.98055556,1.7166666699999997,66214,"{WD-eSOTER,WD-WISE}","{""type"":""MultiPoint"",""coordinates"":[]}"
20220803T104629_20220803T104625_T31TCL_00000000000000000646_0,3685,2277,730,1052,1506,1854,2452,2848,3164,3216,5,2022-08-03,Calcaric Cambisols,45.10381088283523,1.3076748715645614,1622,RMQS1,"{""type"":""MultiPoint"",""coordinates"":[]}"
20220803T104629_20220803T104625_T31TCL_00000000000000000562_0,3493,2473,726,1056,1466,1782,2396,2705,3051,3165,5,2022-08-03,Eutric Cambisols,45.969106456360905,1.497867656685885,1376,RMQS1,"{""type"":""MultiPoint"",""coordinates"":[]}"
20220803T104629_20220803T104625_T31TCL_00000000000000000589_0,4036,2656,742,1074,1466,1758,2145,2435,2641,2841,5,2022-08-03,Eutric Cambisols,45.82650964915315,1.7059567688195714,1418,RMQS1,"{""type"":""MultiPoint"",""coordinates"":[]}"
20220803T104629_20220803T104625_T31TCL_000000000000000005d0_0,4383,2942,813,1180,1776,2163,2646,2988,3309,3536,5,2022-08-03,Eutric Cambisols,45.53728966488264,1.5044315327285298,1498,RMQS1,"{""type"":""MultiPoint"",""coordinates"":[]}"
20220803T104629_20220803T104625_T31TCL_000000000000000005f8_0,3825,2447,596,888,1188,1592,2107,2394,2749,2907,5,2022-08-03,Umbric Leptosols,45.39335793747217,1.506596968002484,1540,RMQS1,"{""type"":""MultiPoint"",""coordinates"":[]}"
20220803T104629_20220803T104625_T31TCL_00000000000000000000_0,4216,2613,732,1030,1592,2133,2601,2968,3219,3531,5,2022-08-03,Calcaric Cambisols,45.16944444,1.7138888900000002,68784,"{WD-eSOTER,WD-WISE}","{""type"":""MultiPoint"",""coordinates"":[]}"
20220803T104629_20220803T104625_T31TCM_0000000000000000005e_0,3803,2635,813,1114,1478,1824,2358,2639,2811,3012,5,2022-08-03,Calcaric Cambisols,46.50806450849034,0.9910526900588258,SIM48183,HWSDv2,"{""type"":""MultiPoint"",""coordinates"":[]}"
20220803T104629_20220803T104625_T31TCM_00000000000000000482_0,3699,3350,814,1258,1798,2014,2100,2281,2394,2408,5,2022-08-03,Eutric Cambisols,46.83275616712597,1.484434384575593,1128,RMQS1,"{""type"":""MultiPoint"",""coordinates"":[]}"
20220803T104629_20220803T104625_T31TCM_00000000000000000483_0,2495,2225,875,1164,1098,1658,2120,2417,2305,2449,5,2022-08-03,Eutric Cambisols,46.834125907327305,1.6941691786867756,1129,RMQS1,"{""type"":""MultiPoint"",""coordinates"":[]}"
20220803T104629_20220803T104625_T31TCM_000000000000000004a5_0,4595,3674,1244,1818,2590,2999,3126,3347,3408,3507,5,2022-08-03,Eutric Cambisols,46.67624425670514,0.4410565506621489,1164,RMQS1,"{""type"":""MultiPoint"",""coordinates"":[]}"
20220803T104629_20220803T104625_T31TCM_000000000000000004a7_0,3033,2172,772,1370,1544,2249,3078,3348,3320,3497,5,2022-08-03,Eutric Cambisols,46.68242330115931,0.8592545683175709,1166,RMQS1,"{""type"":""MultiPoint"",""coordinates"":[]}"
20220803T104629_20220803T104625_T31TCM_000000000000000004a8_0,4023,2610,828,1192,1548,2030,2507,2811,3066,3243,5,2022-08-03,Eutric Cambisols,46.68493825055593,1.0683872613516354,1167,RMQS1,"{""type"":""MultiPoint"",""coordinates"":[]}"
20220803T104629_20220803T104625_T31TCM_00000000000000000562_0,3492,2476,720,1056,1470,1782,2396,2712,3056,3172,5,2022-08-03,Eutric Cambisols,45.969106456360905,1.497867656685885,1376,RMQS1,"{""type"":""MultiPoint"",""coordinates"":[]}"
20220803T104629_20220803T104625_T31TCM_0000000000000000047d_0,4194,3460,1196,1616,2206,2549,2627,2850,2940,3084,5,2022-08-03,Haplic Luvisols,46.82014893841074,0.43599984899138555,1123,RMQS1,"{""type"":""MultiPoint"",""coordinates"":[]}"
20220803T104629_20220803T104625_T31TCM_000000000000000004cb_0,3479,2475,922,1186,1692,1819,2473,2814,2957,3169,5,2022-08-03,Haplic Luvisols,46.532337162248965,0.4460865612049353,1204,RMQS1,"{""type"":""MultiPoint"",""coordinates"":[]}"
20220803T104629_20220803T104625_T31TCM_000000000000000004f0_0,4395,2989,839,1096,1544,2026,2487,2825,3099,3338,5,2022-08-03,Haplic Luvisols,46.39707583850519,1.0751018843272806,1249,RMQS1,"{""type"":""MultiPoint"",""coordinates"":[]}"
20220803T104629_20220803T104625_T31TCM_000000000000000004ef_0,4807,3637,1068,1504,2002,2464,2859,3220,3591,3680,5,2022-08-03,Luvic Cambisols,46.3945739230684,0.8670762593857257,1248,RMQS1,"{""type"":""MultiPoint"",""coordinates"":[]}"
20220803T104629_20220803T104625_T31TCM_0000000000000000047e_0,3741,2351,774,1052,1288,1858,2558,2879,3021,3231,5,2022-08-03,Luvic Stagnosols,46.8234383704253,0.6456440699083928,1124,RMQS1,"{""type"":""MultiPoint"",""coordinates"":[]}"
20220803T104629_20220803T104625_T31TCN_000000000000000003ae_0,3144,2353,976,1010,1296,1609,2281,2602,2370,2770,5,2022-08-03,Calcaric Cambisols,47.552368234556766,1.4729089085002178,899,RMQS1,"{""type"":""MultiPoint"",""coordinates"":[]}"
20220803T104629_20220803T104625_T31TCN_0000000000000000045c_0,3820,3206,898,1334,1998,2268,2373,2578,2658,2724,5,2022-08-03,Calcaric Cambisols,46.97806314421428,1.6924498201961606,1085,RMQS1,"{""type"":""MultiPoint"",""coordinates"":[]}"
20220803T104629_20220803T104625_T31TCN_0000000000000000037b_0,4800,3403,1194,1492,2176,2626,2855,3176,3392,3644,5,2022-08-03,Eutric Cambisols,47.68680357363322,0.6181369317170614,843,RMQS1,"{""type"":""MultiPoint"",""coordinates"":[]}"
20220803T104629_20220803T104625_T31TCN_0000000000000000037d_0,3365,2970,778,1228,1752,2075,2125,2277,2326,2398,5,2022-08-03,Eutric Cambisols,47.69231735110835,1.0443128583803534,845,RMQS1,"{""type"":""MultiPoint"",""coordinates"":[]}"
20220803T104629_20220803T104625_T31TCN_000000000000000003aa_0,5047,3408,1518,2078,3010,3509,3590,3847,4016,4240,5,2022-08-03,Eutric Cambisols,47.542927371413136,0.6227839914739651,895,RMQS1,"{""type"":""MultiPoint"",""coordinates"":[]}"
20220803T104629_20220803T104625_T31TCN_00000000000000000459_0,4611,3022,880,1214,1672,2218,2601,2937,3176,3459,5,2022-08-03,Eutric Cambisols,46.97278837529007,1.061600350806898,1082,RMQS1,"{""type"":""MultiPoint"",""coordinates"":[]}"
20220803T104629_20220803T104625_T31TCN_00000000000000000456_0,3891,2752,1282,1654,2032,2415,3155,3537,4180,3870,5,2022-08-03,Eutric Planosols,46.96405011215721,0.43091598807012294,1079,RMQS1,"{""type"":""MultiPoint"",""coordinates"":[]}"
20220803T104629_20220803T104625_T31TCN_0000000000000000042f_0,4992,4401,1864,2376,3060,3506,3577,3746,3776,3983,5,2022-08-03,Eutric Retisols,47.11670746180148,1.0581797222389806,1038,RMQS1,"{""type"":""MultiPoint"",""coordinates"":[]}"
20220803T104629_20220803T104625_T31TCN_00000000000000000431_0,4806,4234,1980,2398,2972,3269,3354,3593,3756,3832,5,2022-08-03,Eutric Retisols,47.120619712342474,1.4798610993880554,1040,RMQS1,"{""type"":""MultiPoint"",""coordinates"":[]}"
20220803T104629_20220803T104625_T31TCN_0000000000000000037c_0,5012,3364,1190,1704,2500,2963,3134,3445,3664,3947,5,2022-08-03,Haplic Luvisols,47.68975585042416,0.8312134254903143,844,RMQS1,"{""type"":""MultiPoint"",""coordinates"":[]}"
20220803T104629_20220803T104625_T31TCN_000000000000000003d7_0,4218,2968,920,1158,1670,2008,2345,2696,2964,3091,5,2022-08-03,Haplic Luvisols,47.395718283839564,0.4155014966302985,945,RMQS1,"{""type"":""MultiPoint"",""coordinates"":[]}"
20220803T104629_20220803T104625_T31TCN_0000000000000000034d_0,3361,2448,670,896,1188,1821,2237,2729,2364,2995,5,2022-08-03,Luvic Cambisols,47.83837519938972,1.254497652282048,794,RMQS1,"{""type"":""MultiPoint"",""coordinates"":[]}"
20220803T104629_20220803T104625_T31TCN_000000000000000003da_0,4136,3032,810,1100,1562,1923,2203,2404,2642,2797,5,2022-08-03,Luvic Cambisols,47.404526962741336,1.0512838631524177,948,RMQS1,"{""type"":""MultiPoint"",""coordinates"":[]}"
20220803T104629_20220803T104625_T31TCN_000000000000000003db_0,4203,2555,971,1388,1732,2240,3169,3525,3700,3920,5,2022-08-03,Luvic Cambisols,47.40668735158221,1.2632529913235573,949,RMQS1,"{""type"":""MultiPoint"",""coordinates"":[]}"
20220803T104629_20220803T104625_T31TCN_0000000000000000045b_0,4058,3051,858,1220,1662,1955,2114,2312,2482,2588,5,2022-08-03,Luvic Cambisols,46.976690235974914,1.4821539910955996,1084,RMQS1,"{""type"":""MultiPoint"",""coordinates"":[]}"
20220803T104629_20220803T104625_T31TCN_0000000000000000042d_0,4631,3092,1338,1816,2584,2933,3123,3396,3672,3796,5,2022-08-03,Rendzic Leptosols,47.111251889494554,0.6365738313282675,1036,RMQS1,"{""type"":""MultiPoint"",""coordinates"":[]}"
20220803T104629_20220803T104625_T31TCN_00000000000000000457_0,3626,2565,929,1186,1388,1808,2205,2464,2448,2806,5,2022-08-03,Stagnic Gleysols,46.96734759548669,0.6411210616326486,1080,RMQS1,"{""type"":""MultiPoint"",""coordinates"":[]}"
20220803T104629_20220803T104625_T31TDH_0000000000000000006a_0,3052,2012,692,1032,1410,1841,2413,2676,2626,2950,5,2022-08-03,Calcaric Cambisols,43.25643616146044,2.453036771590776,SIM23594,HWSDv2,"{""type"":""MultiPoint"",""coordinates"":[]}"
20220803T104629_20220803T104625_T31TDH_00000000000000000856_0,2511,1946,1018,1450,1574,2008,2316,2487,2146,2616,5,2022-08-03,Calcaric Arenosols,43.23824536900353,2.1276596812268993,2194,RMQS1,"{""type"":""MultiPoint"",""coordinates"":[]}"
20220803T104629_20220803T104625_T31TDH_00000000000000000857_0,3404,2381,641,934,1138,1659,2148,2394,2558,2771,5,2022-08-03,Calcaric Cambisols,43.238449309842004,2.324294647249126,2195,RMQS1,"{""type"":""MultiPoint"",""coordinates"":[]}"
20220803T104629_20220803T104625_T31TDH_00000000000000000871_0,2928,1846,572,826,1034,1474,1887,2168,2194,2442,5,2022-08-03,Calcaric Cambisols,43.09469607384413,2.3243282873192377,2230,RMQS1,"{""type"":""MultiPoint"",""coordinates"":[]}"
20220803T104629_20220803T104625_T31TDH_00000000000000000855_0,4144,3326,1280,1854,2512,2847,2929,3079,3140,3332,5,2022-08-03,Rendzic Leptosols,43.237681525941696,1.9310260055678181,2193,RMQS1,"{""type"":""MultiPoint"",""coordinates"":[]}"
20220803T104629_20220803T104625_T31TDJ_00000000000000000760_0,3805,2612,732,1206,1802,2144,2693,3068,2972,3220,5,2022-08-03,Calcaric Cambisols,44.10054393938835,1.9248303898472057,1924,RMQS1,"{""type"":""MultiPoint"",""coordinates"":[]}"
20220803T104629_20220803T104625_T31TDJ_0000000000000000078c_0,2552,1906,560,838,881,1803,2568,2849,2978,2892,5,2022-08-03,Calcaric Cambisols,43.9572674411978,2.1250002129640184,1972,RMQS1,"{""type"":""MultiPoint"",""coordinates"":[]}"
20220803T104629_20220803T104625_T31TDJ_000000000000000007e3_0,4753,3114,1116,1600,2496,3022,3234,3493,3664,4031,5,2022-08-03,Calcaric Cambisols,43.66961104280001,2.1260713188749483,2064,RMQS1,"{""type"":""MultiPoint"",""coordinates"":[]}"
20220803T104629_20220803T104625_T31TDJ_00000000000000000735_0,4393,2766,833,1158,1670,2140,2479,2803,3002,3299,5,2022-08-03,Eutric Cambisols,44.244978977774174,2.1239161405307447,1879,RMQS1,"{""type"":""MultiPoint"",""coordinates"":[]}"
20220803T104629_20220803T104625_T31TDJ_00000000000000000739_0,2735,2569,535,711,1152,1283,1429,1542,1654,1706,5,2022-08-03,Eutric Cambisols,44.243613438171685,2.9244684072218954,1883,RMQS1,"{""type"":""MultiPoint"",""coordinates"":[]}"
20220803T104629_20220803T104625_T31TDJ_00000000000000000762_0,3525,3006,884,1234,1772,1993,2107,2283,2344,2510,5,2022-08-03,Eutric Cambisols,44.10132367901196,2.3240912497602655,1926,RMQS1,"{""type"":""MultiPoint"",""coordinates"":[]}"
20220803T104629_20220803T104625_T31TDJ_0000000000000000078b_0,3746,2505,781,1084,1516,1871,2222,2551,2658,2909,5,2022-08-03,Eutric Cambisols,43.95669683331813,1.9258768685870264,1971,RMQS1,"{""type"":""MultiPoint"",""coordinates"":[]}"
20220803T104629_20220803T104625_T31TDJ_0000000000000000078f_0,3463,2384,648,882,1318,1713,2107,2398,2646,2859,5,2022-08-03,Eutric Cambisols,43.95679455630971,2.7223763371721823,1975,RMQS1,"{""type"":""MultiPoint"",""coordinates"":[]}"
20220803T104629_20220803T104625_T31TDJ_000000000000000007ba_0,4072,2872,724,1042,1564,1972,2289,2623,2744,3044,5,2022-08-03,Eutric Cambisols,43.813480521984715,2.5227831617559686,2020,RMQS1,"{""type"":""MultiPoint"",""coordinates"":[]}"
20220803T104629_20220803T104625_T31TDJ_000000000000000007e4_0,3701,2535,814,1076,1410,1841,2226,2477,2546,2810,5,2022-08-03,Eutric Cambisols,43.66981672988419,2.3241939270868723,2065,RMQS1,"{""type"":""MultiPoint"",""coordinates"":[]}"
20220803T104629_20220803T104625_T31TDJ_00000000000000000835_0,3330,2562,762,1009,1324,1638,2127,2436,2438,2669,5,2022-08-03,Eutric Cambisols,43.382016692062045,2.1271323662078934,2155,RMQS1,"{""type"":""MultiPoint"",""coordinates"":[]}"
20220803T104629_20220803T104625_T31TDJ_00000000000000000736_0,4236,2935,850,1172,1774,2121,2449,2762,3006,3238,5,2022-08-03,Haplic Luvisols,44.24518706868091,2.3240567532591774,1880,RMQS1,"{""type"":""MultiPoint"",""coordinates"":[]}"
20220803T104629_20220803T104625_T31TDJ_0000000000000000080c_0,3429,2176,557,774,1056,1386,1848,2048,2344,2432,5,2022-08-03,Haplic Luvisols,43.52580553458276,2.1266028762483478,2110,RMQS1,"{""type"":""MultiPoint"",""coordinates"":[]}"
20220803T104629_20220803T104625_T31TDJ_000000000000000007b9_0,4515,3182,1278,1716,2482,2582,2726,2933,3288,3169,5,2022-08-03,Luvic Cambisols,43.813637782487255,2.324160020455109,2019,RMQS1,"{""type"":""MultiPoint"",""coordinates"":[]}"
20220803T104629_20220803T104625_T31TDJ_000000000000000007e2_0,3325,2508,1078,1598,2012,2280,2876,3187,3364,3416,5,2022-08-03,Luvic Cambisols,43.669042809087784,1.9279512878727754,2063,RMQS1,"{""type"":""MultiPoint"",""coordinates"":[]}"
20220803T104629_20220803T104625_T31TDJ_00000000000000000734_0,3761,2299,713,1019,1446,1922,2500,2935,3412,3382,5,2022-08-03,Mollic Umbrisols,44.24440461578297,1.9237783117129552,1878,RMQS1,"{""type"":""MultiPoint"",""coordinates"":[]}"
20220803T104629_20220803T104625_T31TDJ_000000000000000007e5_0,4178,3160,1122,1596,2318,2738,2955,3011,3440,3641,5,2022-08-03,Mollic Umbrisols,43.6696596863548,2.522316477806547,2066,RMQS1,"{""type"":""MultiPoint"",""coordinates"":[]}"
20220803T104629_20220803T104625_T31TDJ_00000000000000000834_0,4700,3496,1578,2084,2802,3034,3095,3286,3544,3569,5,2022-08-03,Regosols (Colluvic),43.38145144609924,1.9300054714673698,2154,RMQS1,"{""type"":""MultiPoint"",""coordinates"":[]}"
20220803T104629_20220803T104625_T31TDJ_000000000000000007b8_0,4160,2964,1032,1454,2158,2486,2643,2873,3108,3206,5,2022-08-03,Rendzic Leptosols,43.81343217854103,2.1255375569197064,2018,RMQS1,"{""type"":""MultiPoint"",""coordinates"":[]}"
20220803T104629_20220803T104625_T31TDJ_00000000000000000737_0,4692,3284,778,1040,1634,2040,2341,2621,2844,3143,5,2022-08-03,Umbric Leptosols,44.24502924266704,2.5241971825902305,1881,RMQS1,"{""type"":""MultiPoint"",""coordinates"":[]}"
20220803T104629_20220803T104625_T31TDJ_00000000000000000738_0,4351,3125,718,948,1450,1814,2102,2442,2602,2881,5,2022-08-03,Umbric Leptosols,44.244504694751356,2.7243348476022655,1882,RMQS1,"{""type"":""MultiPoint"",""coordinates"":[]}"
20220803T104629_20220803T104625_T31TDJ_00000000000000000761_0,3605,2685,624,766,1142,1300,1497,1788,1996,2095,5,2022-08-03,Umbric Leptosols,44.10111660045673,2.1244594998986797,1925,RMQS1,"{""type"":""MultiPoint"",""coordinates"":[]}"
20220803T104629_20220803T104625_T31TDJ_00000000000000000763_0,3660,2446,719,1013,1598,1836,2121,2419,2644,2881,5,2022-08-03,Umbric Leptosols,44.10116589260761,2.523723311353843,1927,RMQS1,"{""type"":""MultiPoint"",""coordinates"":[]}"
20220803T104629_20220803T104625_T31TDK_000000000000000006be_0,3088,2378,1250,1380,1538,1758,2314,2562,2455,2960,5,2022-08-03,Calcaric Cambisols,44.67605628734128,1.9205934098289061,1751,RMQS1,"{""type"":""MultiPoint"",""coordinates"":[]}"
20220803T104629_20220803T104625_T31TDK_000000000000000006c2_0,4451,3003,814,1120,1706,2158,2440,2756,2923,3198,5,2022-08-03,Dystric Cambisols,44.67615650531218,2.7273127243921524,1755,RMQS1,"{""type"":""MultiPoint"",""coordinates"":[]}"
20220803T104629_20220803T104625_T31TDK_00000000000000000735_0,4381,2757,827,1150,1650,2129,2472,2797,2994,3285,5,2022-08-03,Eutric Cambisols,44.244978977774174,2.1239161405307447,1879,RMQS1,"{""type"":""MultiPoint"",""coordinates"":[]}"
20220803T104629_20220803T104625_T31TDK_00000000000000000739_0,2733,2570,539,714,1152,1283,1434,1550,1661,1712,5,2022-08-03,Eutric Cambisols,44.243613438171685,2.9244684072218954,1883,RMQS1,"{""type"":""MultiPoint"",""coordinates"":[]}"
20220803T104629_20220803T104625_T31TDK_00000000000000000736_0,4238,2939,849,1172,1766,2116,2449,2765,3007,3238,5,2022-08-03,Haplic Luvisols,44.24518706868091,2.3240567532591774,1880,RMQS1,"{""type"":""MultiPoint"",""coordinates"":[]}"
20220803T104629_20220803T104625_T31TDK_0000000000000000070d_0,4178,2898,838,1106,1632,1943,2332,2635,2818,2998,5,2022-08-03,Lithic Leptosols,44.388904134938514,2.524673828874761,1838,RMQS1,"{""type"":""MultiPoint"",""coordinates"":[]}"
20220803T104629_20220803T104625_T31TDK_00000000000000000734_0,3739,2287,712,1019,1440,1912,2490,2925,3404,3365,5,2022-08-03,Mollic Umbrisols,44.24440461578297,1.9237783117129552,1878,RMQS1,"{""type"":""MultiPoint"",""coordinates"":[]}"
20220803T104629_20220803T104625_T31TDK_0000000000000000070a_0,3740,2361,736,906,1266,1610,2041,2369,2498,2801,5,2022-08-03,Rendzic Leptosols,44.38827791423929,1.9227214717370675,1835,RMQS1,"{""type"":""MultiPoint"",""coordinates"":[]}"
20220803T104629_20220803T104625_T31TDK_00000000000000000671_0,3858,2332,658,941,1334,1745,2288,2659,2943,3148,5,2022-08-03,Umbric Leptosols,44.964454496326915,2.1211612828410127,1667,RMQS1,"{""type"":""MultiPoint"",""coordinates"":[]}"
20220803T104629_20220803T104625_T31TDK_0000000000000000070c_0,3803,2860,766,1094,1700,1996,2177,2445,2590,2738,5,2022-08-03,Umbric Leptosols,44.38906236160645,2.324022314234377,1837,RMQS1,"{""type"":""MultiPoint"",""coordinates"":[]}"
20220803T104629_20220803T104625_T31TDK_00000000000000000737_0,4677,3272,774,1036,1624,2029,2333,2613,2832,3124,5,2022-08-03,Umbric Leptosols,44.24502924266704,2.5241971825902305,1881,RMQS1,"{""type"":""MultiPoint"",""coordinates"":[]}"
20220803T104629_20220803T104625_T31TDK_00000000000000000738_0,4356,3133,720,950,1448,1813,2107,2447,2604,2880,5,2022-08-03,Umbric Leptosols,44.244504694751356,2.7243348476022655,1882,RMQS1,"{""type"":""MultiPoint"",""coordinates"":[]}"
20220803T104629_20220803T104625_T31TDM_00000000000000000483_0,2496,2224,896,1172,1108,1658,2122,2424,2308,2445,5,2022-08-03,Eutric Cambisols,46.834125907327305,1.6941691786867756,1129,RMQS1,"{""type"":""MultiPoint"",""coordinates"":[]}"
20220803T104629_20220803T104625_T31TDM_0000000000000000053f_0,3877,2890,876,1224,1716,2013,2432,2733,2835,3099,5,2022-08-03,Eutric Cambisols,46.11618441035518,2.3235958429672405,1338,RMQS1,"{""type"":""MultiPoint"",""coordinates"":[]}"
20220803T104629_20220803T104625_T31TDM_000000000000000004d4_0,4391,3244,1009,1426,1920,2324,2689,2918,3086,3215,5,2022-08-03,Eutric Planosols,46.547870794473106,2.5321286170479222,1214,RMQS1,"{""type"":""MultiPoint"",""coordinates"":[]}"
20220803T104629_20220803T104625_T31TDM_00000000000000000488_0,4367,3987,1366,1870,2494,2842,2955,3166,3292,3384,5,2022-08-03,Eutric Retisols,46.835211482898934,2.7429212005666344,1134,RMQS1,"{""type"":""MultiPoint"",""coordinates"":[]}"
20220803T104629_20220803T104625_T31TDM_000000000000000004ae_0,4052,2658,749,1054,1472,1907,2341,2656,2878,3091,5,2022-08-03,Eutric Retisols,46.691985232644434,2.3234523208782796,1173,RMQS1,"{""type"":""MultiPoint"",""coordinates"":[]}"
20220803T104629_20220803T104625_T31TDM_000000000000000004ac_0,3451,2521,1198,1508,1862,1972,2625,2985,3176,3283,5,2022-08-03,Haplic Luvisols,46.69116882903263,1.9050655942545336,1171,RMQS1,"{""type"":""MultiPoint"",""coordinates"":[]}"
20220803T104629_20220803T104625_T31TDM_000000000000000004d6_0,3709,2500,657,1004,1376,1789,2287,2654,2766,3108,5,2022-08-03,Haplic Luvisols,46.546391687559506,2.9493976467387704,1216,RMQS1,"{""type"":""MultiPoint"",""coordinates"":[]}"
20220803T104629_20220803T104625_T31TDM_00000000000000000540_0,3484,2250,830,1128,1462,1812,2553,2862,3090,3172,5,2022-08-03,Luvic Stagnosols,46.11602001349392,2.5305880344950036,1339,RMQS1,"{""type"":""MultiPoint"",""coordinates"":[]}"
20220803T104629_20220803T104625_T31TDM_000000000000000004f7_0,3503,2400,598,782,1198,1406,1640,1968,2052,2307,5,2022-08-03,Stagnic Luvisols,46.40392131704465,2.5316118780338015,1256,RMQS1,"{""type"":""MultiPoint"",""coordinates"":[]}"
20220803T104629_20220803T104625_T31TDM_000000000000000004f8_0,3875,2564,606,860,1170,1747,2258,2631,2710,3096,5,2022-08-03,Umbric Leptosols,46.40337439332457,2.739697268260874,1257,RMQS1,"{""type"":""MultiPoint"",""coordinates"":[]}"
20220803T104629_20220803T104625_T31TDM_0000000000000000051c_0,3604,2292,604,809,1110,1461,1873,2123,2401,2542,5,2022-08-03,Umbric Leptosols,46.25992056175498,2.1160209204130283,1296,RMQS1,"{""type"":""MultiPoint"",""coordinates"":[]}"
20220803T104629_20220803T104625_T31TDN_0000000000000000045c_0,3818,3206,916,1346,2002,2274,2375,2577,2658,2722,5,2022-08-03,Calcaric Cambisols,46.97806314421428,1.6924498201961606,1085,RMQS1,"{""type"":""MultiPoint"",""coordinates"":[]}"
20220803T104629_20220803T104625_T31TDN_0000000000000000045e_0,2629,1784,612,1056,1212,1793,2381,2620,2632,2864,5,2022-08-03,Calcaric Cambisols,46.979654960882996,2.113066139748655,1087,RMQS1,"{""type"":""MultiPoint"",""coordinates"":[]}"
20220803T104629_20220803T104625_T31TDN_00000000000000000460_0,4219,3595,924,1368,2040,2472,2583,2814,2708,2990,5,2022-08-03,Calcaric Cambisols,46.97970429233507,2.533695643621074,1089,RMQS1,"{""type"":""MultiPoint"",""coordinates"":[]}"
20220803T104629_20220803T104625_T31TDN_000000000000000008c9_0,3243,2258,672,937,1118,1584,2136,2385,2749,2679,5,2022-08-03,Dystric Cambisols,47.84255830040598,1.8956764547247618,10797,RMQS1,"{""type"":""MultiPoint"",""coordinates"":[]}"
20220803T104629_20220803T104625_T31TDN_00000000000000000351_0,3034,2668,1044,1404,1858,2147,2233,2421,2388,2534,5,2022-08-03,Eutric Cambisols,47.843169868917435,2.1094201698833497,798,RMQS1,"{""type"":""MultiPoint"",""coordinates"":[]}"
20220803T104629_20220803T104625_T31TDN_00000000000000000383_0,3650,2403,673,920,1260,1663,1936,2250,2359,2584,5,2022-08-03,Eutric Cambisols,47.69949039246022,2.323203433676275,851,RMQS1,"{""type"":""MultiPoint"",""coordinates"":[]}"
20220803T104629_20220803T104625_T31TDN_000000000000000003b5_0,3891,3582,1102,1644,2238,2515,2635,2812,2829,2903,5,2022-08-03,Eutric Cambisols,47.55390274742055,2.9610017841947456,906,RMQS1,"{""type"":""MultiPoint"",""coordinates"":[]}"
20220803T104629_20220803T104625_T31TDN_0000000000000000040f_0,2860,2300,796,1154,1328,1676,2295,2628,2822,2791,5,2022-08-03,Eutric Cambisols,47.26607029067076,2.957639518006341,1002,RMQS1,"{""type"":""MultiPoint"",""coordinates"":[]}"
20220803T104629_20220803T104625_T31TDN_0000000000000000045f_0,3644,2923,922,1388,1854,2193,2767,3065,3034,3239,5,2022-08-03,Eutric Cambisols,46.979872395224476,2.3233806506173393,1088,RMQS1,"{""type"":""MultiPoint"",""coordinates"":[]}"
20220803T104629_20220803T104625_T31TDN_00000000000000000381_0,4725,3692,1744,2176,2642,2548,2807,3129,3768,3572,5,2022-08-03,Eutric Planosols,47.698660425916756,1.8968722804991947,849,RMQS1,"{""type"":""MultiPoint"",""coordinates"":[]}"
20220803T104629_20220803T104625_T31TDN_00000000000000000350_0,3243,2258,672,937,1118,1584,2136,2385,2749,2679,5,2022-08-03,Haplic Luvisols,47.84255830040598,1.8956764547247618,797,RMQS1,"{""type"":""MultiPoint"",""coordinates"":[]}"
20220803T104629_20220803T104625_T31TDN_00000000000000000433_0,4407,3521,1246,1722,2308,2592,2801,3018,3108,3279,5,2022-08-03,Regosols (Colluvic),47.122986100947585,1.9015909191264737,1042,RMQS1,"{""type"":""MultiPoint"",""coordinates"":[]}"
20220803T104629_20220803T104625_T31TEK_000000000000000006c4_0,4078,2546,616,849,1226,1652,2080,2349,2612,2857,5,2022-08-03,Regosols (Colluvic),44.67399079291431,3.1306526990206116,1757,RMQS1,"{""type"":""MultiPoint"",""coordinates"":[]}"
20220803T104629_20220803T104625_T31TEK_0000000000000000069e_0,3791,2570,652,845,1126,1467,1833,2060,2240,2418,5,2022-08-03,Umbric Leptosols,44.81624720276049,3.334865958884358,1715,RMQS1,"{""type"":""MultiPoint"",""coordinates"":[]}"
20220803T104629_20220803T104625_T31TEL_00000000000000000590_0,2548,2319,790,973,1252,1876,1991,2116,2170,2174,5,2022-08-03,Eutric Cambisols,45.82536654174085,3.14727434954861,1425,RMQS1,"{""type"":""MultiPoint"",""coordinates"":[]}"
20220803T104629_20220803T104625_T31TEL_00000000000000000628_0,4004,2452,716,974,1498,1844,2130,2456,2702,2937,5,2022-08-03,Eutric Cambisols,45.24963070756122,3.1388743946959705,1590,RMQS1,"{""type"":""MultiPoint"",""coordinates"":[]}"
20220803T104629_20220803T104625_T31TEL_00000000000000000601_0,322,157,137,186,174,195,160,230,239,234,5,2022-08-03,Eutric Fluvisols,45.39189905207909,3.3452333092200113,1549,RMQS1,"{""type"":""MultiPoint"",""coordinates"":[]}"
20220803T104629_20220803T104625_T31TEL_000000000000000005d8_0,3629,2354,588,847,1052,2062,2823,3243,3476,3697,5,2022-08-03,Haplic Vertisols,45.53749059550481,3.1430513588344695,1506,RMQS1,"{""type"":""MultiPoint"",""coordinates"":[]}"
20220803T104629_20220803T104625_T31TEL_0000000000000000056b_0,3447,2334,938,1310,1676,2162,2736,3016,3192,3373,5,2022-08-03,Regosols (Colluvic),45.96763063983362,3.355823049470566,1385,RMQS1,"{""type"":""MultiPoint"",""coordinates"":[]}"
20220803T104629_20220803T104625_T31TEM_0000000000000000005d_0,3978,2803,786,1062,1640,2040,2230,2468,2552,2819,5,2022-08-03,Dystric Cambisols,46.72236823472247,4.04957637442354,SIM25904,HWSDv2,"{""type"":""MultiPoint"",""coordinates"":[]}"
20220803T104629_20220803T104625_T31TEM_000000000000000004b6_0,3829,2428,668,911,1400,1754,2081,2357,2554,2808,5,2022-08-03,Eutric Cambisols,46.67992314864527,3.9967805513984263,1181,RMQS1,"{""type"":""MultiPoint"",""coordinates"":[]}"
20220803T104629_20220803T104625_T31TEM_000000000000000004da_0,3785,2570,680,938,1266,1701,2204,2515,2676,2896,5,2022-08-03,Eutric Stagnosols,46.53884808772313,3.7838164892692934,1220,RMQS1,"{""type"":""MultiPoint"",""coordinates"":[]}"
20220803T104629_20220803T104625_T31TEM_000000000000000004fe_0,3514,2253,556,803,1114,1565,2042,2356,2522,2730,5,2022-08-03,Fluvic Cambisols,46.39208995758754,3.987995703885363,1263,RMQS1,"{""type"":""MultiPoint"",""coordinates"":[]}"
20220803T104629_20220803T104625_T31TEM_000000000000000004b4_0,3074,2332,875,1290,1518,2110,2763,3053,3086,3317,5,2022-08-03,Haplic Luvisols,46.6852369563891,3.578530612144559,1179,RMQS1,"{""type"":""MultiPoint"",""coordinates"":[]}"
20220803T104629_20220803T104625_T31TEM_00000000000000000521_0,2244,1512,571,832,1054,1398,2026,2386,2336,2502,5,2022-08-03,Mollic Umbrisols,46.25719372691628,3.15368891738102,1301,RMQS1,"{""type"":""MultiPoint"",""coordinates"":[]}"
20220803T104629_20220803T104625_T31TEM_0000000000000000056b_0,3428,2320,936,1310,1678,2154,2724,3003,3188,3358,5,2022-08-03,Regosols (Colluvic),45.96763063983362,3.355823049470566,1385,RMQS1,"{""type"":""MultiPoint"",""coordinates"":[]}"
20220803T104629_20220803T104625_T31TEM_0000000000000000000c_0,3576,2579,980,1260,1820,2081,2156,2372,2510,2647,5,2022-08-03,Haplic Vertisols,46.32222222,3.46388889,68777,"{WD-eSOTER,WD-WISE}","{""type"":""MultiPoint"",""coordinates"":[]}"
20220803T104629_20220803T104625_T31TEN_0000000000000000007c_0,3257,2777,935,1510,1912,2361,2740,2936,2934,3047,5,2022-08-03,Calcaric Cambisols,47.676614112368384,4.047817177848944,SIM59109,HWSDv2,"{""type"":""MultiPoint"",""coordinates"":[]}"
20220803T104629_20220803T104625_T31TEN_0000000000000000038c_0,4440,3562,1236,1810,2634,2979,3100,3215,3264,3414,5,2022-08-03,Calcaric Cambisols,47.683907057906545,4.241339670233422,860,RMQS1,"{""type"":""MultiPoint"",""coordinates"":[]}"
20220803T104629_20220803T104625_T31TEN_00000000000000000464_0,3586,2278,840,1210,1672,1863,2496,2926,3188,3318,5,2022-08-03,Calcaric Cambisols,46.97517963642519,3.3749014626727494,1093,RMQS1,"{""type"":""MultiPoint"",""coordinates"":[]}"
20220803T104629_20220803T104625_T31TEN_00000000000000000413_0,3625,2212,535,742,1054,1511,1864,2153,2402,2655,5,2022-08-03,Dystric Cambisols,47.25842706076886,3.8032742533259207,1006,RMQS1,"{""type"":""MultiPoint"",""coordinates"":[]}"
20220803T104629_20220803T104625_T31TEN_0000000000000000035c_0,3861,2591,958,1288,1902,2424,2818,3042,3156,3364,5,2022-08-03,Eutric Cambisols,47.82407340617893,4.4601231189041926,809,RMQS1,"{""type"":""MultiPoint"",""coordinates"":[]}"
20220803T104629_20220803T104625_T31TEN_0000000000000000038a_0,2976,2525,796,1164,1676,1937,2059,2220,2234,2307,5,2022-08-03,Eutric Cambisols,47.69010033133988,3.81520383273741,858,RMQS1,"{""type"":""MultiPoint"",""coordinates"":[]}"
20220803T104629_20220803T104625_T31TEN_000000000000000003e4_0,3594,3244,821,1288,1910,2130,2254,2410,2402,2534,5,2022-08-03,Eutric Cambisols,47.40865578006737,3.171315212024671,958,RMQS1,"{""type"":""MultiPoint"",""coordinates"":[]}"
20220803T104629_20220803T104625_T31TEN_000000000000000003e5_0,3339,2657,810,1274,1882,2175,2242,2385,2292,2435,5,2022-08-03,Eutric Cambisols,47.40693357261238,3.3833017951649333,959,RMQS1,"{""type"":""MultiPoint"",""coordinates"":[]}"
20220803T104629_20220803T104625_T31TEN_000000000000000003e6_0,3443,2866,978,1556,2108,2329,2420,2596,2808,2796,5,2022-08-03,Eutric Cambisols,47.404823861309914,3.5952738799570167,960,RMQS1,"{""type"":""MultiPoint"",""coordinates"":[]}"
20220803T104629_20220803T104625_T31TEN_000000000000000008ce_0,3625,2212,535,742,1054,1511,1864,2153,2402,2655,5,2022-08-03,Eutric Cambisols,47.25842706076886,3.8032742533259207,11006,RMQS1,"{""type"":""MultiPoint"",""coordinates"":[]}"
20220803T104629_20220803T104625_T31TEN_00000000000000000463_0,2993,2255,690,936,1102,1738,2188,2490,2590,2824,5,2022-08-03,Fluvic Cambisols,46.976888260905774,3.1646134293807,1092,RMQS1,"{""type"":""MultiPoint"",""coordinates"":[]}"
20220803T104629_20220803T104625_T31TEN_000000000000000003bb_0,4348,3718,1300,1880,2492,2806,2972,3180,3100,3365,5,2022-08-03,Luvic Stagnosols,47.54004028028161,4.236190387376669,912,RMQS1,"{""type"":""MultiPoint"",""coordinates"":[]}"
20220803T104629_20220803T104625_T31TEN_00000000000000000357_0,3303,2938,1010,1432,1866,2060,2100,2257,2300,2386,5,2022-08-03,Regosols (Colluvic),47.83862082138957,3.39184320342842,804,RMQS1,"{""type"":""MultiPoint"",""coordinates"":[]}"
20220803T104629_20220803T104625_T31TEN_00000000000000000359_0,3421,2423,648,944,1216,1796,2376,2705,2730,3009,5,2022-08-03,Rendzic Leptosols,47.83397449347843,3.819224578897194,806,RMQS1,"{""type"":""MultiPoint"",""coordinates"":[]}"
20220803T104629_20220803T104625_T31TEN_000000000000000003b8_0,3527,2901,792,1180,1742,2128,2230,2413,2366,2555,5,2022-08-03,Rendzic Leptosols,47.54872203789853,3.598677838598693,909,RMQS1,"{""type"":""MultiPoint"",""coordinates"":[]}"
20220803T104629_20220803T104625_T31TEN_00000000000000000465_0,4759,4063,1692,2292,2774,3153,3611,3867,3908,4108,5,2022-08-03,Stagnic Gleysols,46.97308682231077,3.585174830835298,1094,RMQS1,"{""type"":""MultiPoint"",""coordinates"":[]}"
20220803T104629_20220803T104625_T31TEN_0000000000000000043c_0,4291,2964,777,1050,1600,1931,2135,2380,2584,2821,5,2022-08-03,Umbric Leptosols,47.114521329209076,3.79934138714766,1051,RMQS1,"{""type"":""MultiPoint"",""coordinates"":[]}"
20220803T104629_20220803T104625_T31TFN_0000000000000000035c_0,3862,2591,966,1292,1900,2425,2818,3042,3152,3360,5,2022-08-03,Eutric Cambisols,47.82407340617893,4.4601231189041926,809,RMQS1,"{""type"":""MultiPoint"",""coordinates"":[]}"
20220803T104629_20220803T104625_T31UCP_0000000000000000031b_0,3687,2810,972,1368,1946,2071,2438,2649,2654,2902,5,2022-08-03,Calcaric Cambisols,47.98404183296344,1.4658440887727766,740,RMQS1,"{""type"":""MultiPoint"",""coordinates"":[]}"
20220803T104629_20220803T104625_T31UCP_0000000000000000023e_0,4649,3129,1252,1758,2612,3038,3201,3428,3580,3841,5,2022-08-03,Eutric Cambisols,48.56085542396343,1.6729155469005188,509,RMQS1,"{""type"":""MultiPoint"",""coordinates"":[]}"
20220803T104629_20220803T104625_T31UCP_00000000000000000274_0,4013,3321,1312,1766,2390,2757,2964,3188,3320,3401,5,2022-08-03,Eutric Cambisols,48.41561194192563,1.458662749206642,566,RMQS1,"{""type"":""MultiPoint"",""coordinates"":[]}"
20220803T104629_20220803T104625_T31UCP_00000000000000000317_0,4671,3433,1090,1490,2204,2535,2685,2985,3240,3360,5,2022-08-03,Eutric Cambisols,47.97452533653467,0.608767793538443,736,RMQS1,"{""type"":""MultiPoint"",""coordinates"":[]}"
20220803T104629_20220803T104625_T31UCP_00000000000000000202_0,4664,3334,1362,1898,2720,3194,3302,3573,3752,4005,5,2022-08-03,Eutric Retisols,48.69922952521517,1.0193074302902678,446,RMQS1,"{""type"":""MultiPoint"",""coordinates"":[]}"
20220803T104629_20220803T104625_T31UCP_00000000000000000272_0,4292,2908,1418,1922,2562,3185,3586,3871,4048,4348,5,2022-08-03,Eutric Retisols,48.411606154539754,1.0265529667530489,564,RMQS1,"{""type"":""MultiPoint"",""coordinates"":[]}"
20220803T104629_20220803T104625_T31UCP_000000000000000002aa_0,4527,3528,828,1188,1720,2806,3141,3669,3360,3898,5,2022-08-03,Eutric Retisols,48.267773070968104,1.0301448294912523,623,RMQS1,"{""type"":""MultiPoint"",""coordinates"":[]}"
20220803T104629_20220803T104625_T31UCP_000000000000000002e2_0,4286,3146,1252,1742,2456,2771,3043,3385,3584,3748,5,2022-08-03,Eutric Retisols,48.123926965867774,1.0337162685273735,681,RMQS1,"{""type"":""MultiPoint"",""coordinates"":[]}"
20220803T104629_20220803T104625_T31UCP_0000000000000000023d_0,3420,2755,698,1146,1312,2316,3110,3471,3656,3620,5,2022-08-03,Haplic Luvisols,48.55944180120869,1.4562426837976599,508,RMQS1,"{""type"":""MultiPoint"",""coordinates"":[]}"
20220803T104629_20220803T104625_T31UCP_00000000000000000275_0,4306,3466,1296,1784,2490,2880,2946,3174,3220,3422,5,2022-08-03,Haplic Luvisols,48.41702172942115,1.6747395099090712,567,RMQS1,"{""type"":""MultiPoint"",""coordinates"":[]}"
20220803T104629_20220803T104625_T31UCP_00000000000000000319_0,3485,2462,512,772,1004,1940,2618,3042,2540,3361,5,2022-08-03,Haplic Luvisols,47.98006859464599,1.0372677251420688,738,RMQS1,"{""type"":""MultiPoint"",""coordinates"":[]}"
20220803T104629_20220803T104625_T31UCP_00000000000000000273_0,4375,3548,1312,1812,2536,2977,3063,3313,3488,3634,5,2022-08-03,Luvic Cambisols,48.413806679517975,1.24259966485196,565,RMQS1,"{""type"":""MultiPoint"",""coordinates"":[]}"
20220803T104629_20220803T104625_T31UCP_000000000000000002ac_0,4393,3510,1316,1870,2666,3040,3109,3359,3468,3621,5,2022-08-03,Luvic Cambisols,48.271768171952196,1.4610694163442626,625,RMQS1,"{""type"":""MultiPoint"",""coordinates"":[]}"
20220803T104629_20220803T104625_T31UCP_000000000000000002ad_0,4175,3715,1354,1906,2598,2885,3061,3277,3452,3476,5,2022-08-03,Luvic Cambisols,48.273173775874774,1.6765533442912048,626,RMQS1,"{""type"":""MultiPoint"",""coordinates"":[]}"
20220803T104629_20220803T104625_T31UCP_0000000000000000034d_0,3365,2452,676,904,1196,1832,2237,2723,2362,2996,5,2022-08-03,Luvic Cambisols,47.83837519938972,1.254497652282048,794,RMQS1,"{""type"":""MultiPoint"",""coordinates"":[]}"
20220803T104629_20220803T104625_T31UCP_000000000000000002a9_0,4216,2955,1446,1932,2734,2700,3023,3332,3776,3715,5,2022-08-03,Luvic Stagnosols,48.265183822455356,0.8147095500113787,622,RMQS1,"{""type"":""MultiPoint"",""coordinates"":[]}"
20220803T104629_20220803T104625_T31UCP_000000000000000002ab_0,4890,3668,1566,2018,2732,3245,3594,3884,3996,4248,5,2022-08-03,Luvic Stagnosols,48.2699679529574,1.2455987878276893,624,RMQS1,"{""type"":""MultiPoint"",""coordinates"":[]}"
20220803T104629_20220803T104625_T31UCP_0000000000000000034a_0,4917,3600,1404,1934,2688,2967,3164,3461,3772,3863,5,2022-08-03,Luvic Stagnosols,47.83066980746326,0.6134648025979296,791,RMQS1,"{""type"":""MultiPoint"",""coordinates"":[]}"
20220803T104629_20220803T104625_T31UCP_000000000000000002e5_0,4689,3329,1142,1556,2222,2653,2828,3085,3276,3518,5,2022-08-03,Rendzic Leptosols,48.129312960797584,1.6783584655939348,684,RMQS1,"{""type"":""MultiPoint"",""coordinates"":[]}"
20220803T104629_20220803T104625_T31UCQ_00000000000000000174_0,4373,3483,1186,1680,2360,2668,2728,3031,3108,3334,5,2022-08-03,Calcaric Cambisols,49.136032669120816,1.665509084487337,278,RMQS1,"{""type"":""MultiPoint"",""coordinates"":[]}"
20220803T104629_20220803T104625_T31UCQ_0000000000000000019b_0,5224,3590,1476,2070,3094,3633,3840,4209,4460,4743,5,2022-08-03,Eutric Cambisols,48.986789979658724,1.011980189683206,327,RMQS1,"{""type"":""MultiPoint"",""coordinates"":[]}"
20220803T104629_20220803T104625_T31UCQ_0000000000000000019c_0,4356,3402,1594,2052,2766,3243,3264,3496,3564,3759,5,2022-08-03,Eutric Cambisols,48.9890140623296,1.2304298587690576,328,RMQS1,"{""type"":""MultiPoint"",""coordinates"":[]}"
20220803T104629_20220803T104625_T31UCQ_0000000000000000019e_0,3915,2832,922,1246,1682,1838,2170,2449,2658,2756,5,2022-08-03,Eutric Cambisols,48.99226395558002,1.667375833412688,330,RMQS1,"{""type"":""MultiPoint"",""coordinates"":[]}"
20220803T104629_20220803T104625_T31UCQ_0000000000000000014c_0,2142,1393,780,1028,1070,1349,1925,2189,2178,2406,5,2022-08-03,Eutric Fluvisols,49.276515471368825,1.2242410066178666,233,RMQS1,"{""type"":""MultiPoint"",""coordinates"":[]}"
20220803T104629_20220803T104625_T31UCQ_00000000000000000202_0,4644,3317,1354,1910,2720,3186,3291,3555,3736,3985,5,2022-08-03,Eutric Retisols,48.69922952521517,1.0193074302902678,446,RMQS1,"{""type"":""MultiPoint"",""coordinates"":[]}"
20220803T104629_20220803T104625_T31UCQ_0000000000000000010a_0,1575,1055,362,567,940,1043,1115,1252,1446,1512,5,2022-08-03,Luvic Cambisols,49.56393970113884,1.217982875699953,155,RMQS1,"{""type"":""MultiPoint"",""coordinates"":[]}"
20220803T104629_20220803T104625_T31UCQ_00000000000000000128_0,4703,3555,1242,1764,2588,3026,3137,3468,3664,3902,5,2022-08-03,Luvic Cambisols,49.42207764226659,1.4414246711124157,195,RMQS1,"{""type"":""MultiPoint"",""coordinates"":[]}"
20220803T104629_20220803T104625_T31UCQ_0000000000000000014e_0,4471,3333,1338,1838,2474,2971,3276,3616,3672,3880,5,2022-08-03,Luvic Cambisols,49.279783234787686,1.6636314749754055,235,RMQS1,"{""type"":""MultiPoint"",""coordinates"":[]}"
20220803T104629_20220803T104625_T31UCQ_000000000000000001ce_0,4151,3256,1166,1658,2402,2785,2893,3124,3184,3348,5,2022-08-03,Luvic Cambisols,48.84523623220538,1.233498240194126,386,RMQS1,"{""type"":""MultiPoint"",""coordinates"":[]}"
20220803T104629_20220803T104625_T31UCR_000000000000000000db_0,3080,2193,932,1346,1814,1838,2615,3067,3300,3353,5,2022-08-03,Luvic Cambisols,49.85458077799602,1.6560118173559046,100,RMQS1,"{""type"":""MultiPoint"",""coordinates"":[]}"
20220803T104629_20220803T104625_T31UCR_0000000000000000010a_0,1576,1057,342,553,938,1041,1107,1242,1438,1505,5,2022-08-03,Luvic Cambisols,49.56393970113884,1.217982875699953,155,RMQS1,"{""type"":""MultiPoint"",""coordinates"":[]}"
20220803T104629_20220803T104625_T31UDP_00000000000000000071_0,3768,3286,1230,1674,2284,2556,2599,2763,2780,2931,5,2022-08-03,Eutric Cambisols,48.5995654995664,2.512561932350915,SIM42232,HWSDv2,"{""type"":""MultiPoint"",""coordinates"":[]}"
20220803T104629_20220803T104625_T31UDP_00000000000000000241_0,3268,2157,1288,1710,2236,1826,2836,3326,3324,3620,5,2022-08-03,Abruptic Luvisols,48.5627163244068,2.3229823884195913,512,RMQS1,"{""type"":""MultiPoint"",""coordinates"":[]}"
20220803T104629_20220803T104625_T31UDP_0000000000000000020b_0,4684,3360,1160,1666,2504,2959,3250,3607,3696,4129,5,2022-08-03,Calcaric Cambisols,48.704826134191606,2.974812554703716,455,RMQS1,"{""type"":""MultiPoint"",""coordinates"":[]}"
20220803T104629_20220803T104625_T31UDP_00000000000000000242_0,3336,2134,509,762,916,1418,1902,2159,2377,2501,5,2022-08-03,Calcaric Cambisols,48.56197268484537,2.756366804047027,514,RMQS1,"{""type"":""MultiPoint"",""coordinates"":[]}"
20220803T104629_20220803T104625_T31UDP_0000000000000000027b_0,3967,3072,1198,1592,2166,2272,2561,2715,3006,3009,5,2022-08-03,Calcaric Cambisols,48.41717099961288,2.9713017936535744,573,RMQS1,"{""type"":""MultiPoint"",""coordinates"":[]}"
20220803T104629_20220803T104625_T31UDP_000000000000000002ae_0,3681,2717,756,1188,1938,2287,2393,2631,2818,2952,5,2022-08-03,Calcaric Cambisols,48.27418519339707,1.8920484065068364,627,RMQS1,"{""type"":""MultiPoint"",""coordinates"":[]}"
20220803T104629_20220803T104625_T31UDP_000000000000000002af_0,2371,2225,871,1222,1144,1493,1702,1938,2276,1950,5,2022-08-03,Calcaric Cambisols,48.274802304958676,2.1075512406430126,628,RMQS1,"{""type"":""MultiPoint"",""coordinates"":[]}"
20220803T104629_20220803T104625_T31UDP_000000000000000002b0_0,3846,3288,1066,1560,2192,2513,2628,2818,2834,3014,5,2022-08-03,Calcaric Cambisols,48.27502436219857,2.323057007667784,629,RMQS1,"{""type"":""MultiPoint"",""coordinates"":[]}"
20220803T104629_20220803T104625_T31UDP_000000000000000002b1_0,3973,3465,1148,1620,2272,2586,2693,2882,2942,3089,5,2022-08-03,Calcaric Cambisols,48.27485100267507,2.5385623357130096,630,RMQS1,"{""type"":""MultiPoint"",""coordinates"":[]}"
20220803T104629_20220803T104625_T31UDP_000000000000000002e8_0,3682,3152,1120,1560,2186,2423,2518,2688,2730,2852,5,2022-08-03,Calcaric Cambisols,48.13115799145747,2.3230934450304686,687,RMQS1,"{""type"":""MultiPoint"",""coordinates"":[]}"
20220803T104629_20220803T104625_T31UDP_000000000000000002e9_0,4511,3456,1052,1496,2046,2572,2826,3099,3268,3397,5,2022-08-03,Calcaric Cambisols,48.13098489367784,2.5380099326487655,688,RMQS1,"{""type"":""MultiPoint"",""coordinates"":[]}"
20220803T104629_20220803T104625_T31UDP_00000000000000000321_0,2609,2140,714,944,1122,1371,1876,2107,2352,2260,5,2022-08-03,Calcaric Cambisols,47.9865426602432,2.7517886582102737,746,RMQS1,"{""type"":""MultiPoint"",""coordinates"":[]}"
20220803T104629_20220803T104625_T31UDP_000000000000000008c9_0,3247,2256,667,939,1116,1583,2136,2385,2750,2676,5,2022-08-03,Dystric Cambisols,47.84255830040598,1.8956764547247618,10797,RMQS1,"{""type"":""MultiPoint"",""coordinates"":[]}"
20220803T104629_20220803T104625_T31UDP_0000000000000000023e_0,4647,3126,1268,1770,2614,3040,3204,3430,3576,3834,5,2022-08-03,Eutric Cambisols,48.56085542396343,1.6729155469005188,509,RMQS1,"{""type"":""MultiPoint"",""coordinates"":[]}"
20220803T104629_20220803T104625_T31UDP_000000000000000002e7_0,4885,3512,1264,1706,2362,2761,3029,3302,3440,3648,5,2022-08-03,Eutric Cambisols,48.13093680610043,2.108177321905969,686,RMQS1,"{""type"":""MultiPoint"",""coordinates"":[]}"
20220803T104629_20220803T104625_T31UDP_000000000000000002eb_0,4286,3694,1424,1958,2688,2998,3072,3281,3300,3484,5,2022-08-03,Eutric Cambisols,48.12946045767385,2.967831265015268,690,RMQS1,"{""type"":""MultiPoint"",""coordinates"":[]}"
20220803T104629_20220803T104625_T31UDP_00000000000000000351_0,3036,2669,1040,1404,1858,2148,2234,2419,2392,2543,5,2022-08-03,Eutric Cambisols,47.843169868917435,2.1094201698833497,798,RMQS1,"{""type"":""MultiPoint"",""coordinates"":[]}"
20220803T104629_20220803T104625_T31UDP_0000000000000000031d_0,4033,2638,894,1186,1538,2056,2531,2832,2941,3241,5,2022-08-03,Eutric Planosols,47.98644564029198,1.8944738375183001,742,RMQS1,"{""type"":""MultiPoint"",""coordinates"":[]}"
20220803T104629_20220803T104625_T31UDP_0000000000000000020a_0,4472,3227,1296,1670,2350,2499,2604,2862,3078,3088,5,2022-08-03,Haplic Luvisols,48.70579528894485,2.7575282555298437,454,RMQS1,"{""type"":""MultiPoint"",""coordinates"":[]}"
20220803T104629_20220803T104625_T31UDP_0000000000000000023f_0,4445,3795,1340,1896,2590,2982,3071,3293,3396,3541,5,2022-08-03,Haplic Luvisols,48.56187240436339,1.8895991857404957,510,RMQS1,"{""type"":""MultiPoint"",""coordinates"":[]}"
20220803T104629_20220803T104625_T31UDP_00000000000000000275_0,4305,3465,1310,1790,2488,2883,2950,3178,3212,3421,5,2022-08-03,Haplic Luvisols,48.41702172942115,1.6747395099090712,567,RMQS1,"{""type"":""MultiPoint"",""coordinates"":[]}"
20220803T104629_20220803T104625_T31UDP_00000000000000000278_0,3809,3043,1002,1318,1854,1955,2490,2726,3050,3088,5,2022-08-03,Haplic Luvisols,48.418877511932216,2.3230202148648296,570,RMQS1,"{""type"":""MultiPoint"",""coordinates"":[]}"
20220803T104629_20220803T104625_T31UDP_00000000000000000350_0,3247,2256,667,939,1116,1583,2136,2385,2750,2676,5,2022-08-03,Haplic Luvisols,47.84255830040598,1.8956764547247618,797,RMQS1,"{""type"":""MultiPoint"",""coordinates"":[]}"
20220803T104629_20220803T104625_T31UDP_00000000000000000209_0,2295,1906,805,936,1144,1401,1992,2204,2097,2369,5,2022-08-03,Luvic Cambisols,48.70636671812621,2.5402378321558636,453,RMQS1,"{""type"":""MultiPoint"",""coordinates"":[]}"
20220803T104629_20220803T104625_T31UDP_00000000000000000277_0,3805,3563,1150,1636,2242,2529,2604,2734,2820,2892,5,2022-08-03,Luvic Cambisols,48.41865449696645,2.1069223823788863,569,RMQS1,"{""type"":""MultiPoint"",""coordinates"":[]}"
20220803T104629_20220803T104625_T31UDP_000000000000000002ad_0,4173,3712,1368,1914,2598,2886,3061,3278,3444,3473,5,2022-08-03,Luvic Cambisols,48.273173775874774,1.6765533442912048,626,RMQS1,"{""type"":""MultiPoint"",""coordinates"":[]}"
20220803T104629_20220803T104625_T31UDP_000000000000000002e6_0,3038,2392,1118,1550,2078,1832,2681,3259,3060,3474,5,2022-08-03,Luvic Cambisols,48.13032151946579,1.893264373324863,685,RMQS1,"{""type"":""MultiPoint"",""coordinates"":[]}"
20220803T104629_20220803T104625_T31UDP_000000000000000002e5_0,4690,3329,1160,1562,2222,2651,2831,3087,3272,3517,5,2022-08-03,Rendzic Leptosols,48.129312960797584,1.6783584655939348,684,RMQS1,"{""type"":""MultiPoint"",""coordinates"":[]}"
20220803T104629_20220803T104625_T31UDP_00000000000000000243_0,3483,2995,1102,1568,2084,2309,2418,2595,2610,2737,5,2022-08-03,Stagnic Gleysols,48.56100580256318,2.9730521545318473,515,RMQS1,"{""type"":""MultiPoint"",""coordinates"":[]}"
20220803T104629_20220803T104625_T31UDQ_0000000000000000007d_0,4536,3093,1004,1426,2220,2632,2760,3110,3389,3602,5,2022-08-03,Protoargic Arenosols,49.58589898837661,1.8391604822330379,SIM46907,HWSDv2,"{""type"":""MultiPoint"",""coordinates"":[]}"
20220803T104629_20220803T104625_T31UDQ_00000000000000000174_0,4372,3481,1204,1664,2348,2664,2728,3030,3100,3333,5,2022-08-03,Calcaric Cambisols,49.136032669120816,1.665509084487337,278,RMQS1,"{""type"":""MultiPoint"",""coordinates"":[]}"
20220803T104629_20220803T104625_T31UDQ_0000000000000000020b_0,4685,3363,1160,1666,2508,2961,3251,3604,3701,4128,5,2022-08-03,Calcaric Cambisols,48.704826134191606,2.974812554703716,455,RMQS1,"{""type"":""MultiPoint"",""coordinates"":[]}"
20220803T104629_20220803T104625_T31UDQ_0000000000000000012d_0,3789,3646,972,1440,2084,2360,2458,2638,2710,2767,5,2022-08-03,Eutric Cambisols,49.425230407063104,2.5430874224563476,200,RMQS1,"{""type"":""MultiPoint"",""coordinates"":[]}"
20220803T104629_20220803T104625_T31UDQ_0000000000000000019e_0,3912,2831,940,1244,1676,1838,2171,2451,2658,2755,5,2022-08-03,Eutric Cambisols,48.99226395558002,1.667375833412688,330,RMQS1,"{""type"":""MultiPoint"",""coordinates"":[]}"
20220803T104629_20220803T104625_T31UDQ_000000000000000001a2_0,3139,1981,654,904,1184,1597,2000,2276,2533,2640,5,2022-08-03,Eutric Cambisols,48.993966246076276,2.541368882765616,334,RMQS1,"{""type"":""MultiPoint"",""coordinates"":[]}"
20220803T104629_20220803T104625_T31UDQ_0000000000000000019f_0,2773,2065,927,1252,1504,1761,2373,2794,2372,2880,5,2022-08-03,Eutric Fluvisols,48.993289529461705,1.885866507001807,331,RMQS1,"{""type"":""MultiPoint"",""coordinates"":[]}"
20220803T104629_20220803T104625_T31UDQ_0000000000000000010e_0,4567,2966,1328,1794,2584,2631,2826,3288,3655,3580,5,2022-08-03,Eutric Stagnosols,49.56889381763422,2.101746362836863,159,RMQS1,"{""type"":""MultiPoint"",""coordinates"":[]}"
20220803T104629_20220803T104625_T31UDQ_0000000000000000012b_0,2140,1906,1188,1360,1556,1594,1795,1853,1857,1873,5,2022-08-03,Fibric Histosols,49.42517865837183,2.1024074145428684,198,RMQS1,"{""type"":""MultiPoint"",""coordinates"":[]}"
20220803T104629_20220803T104625_T31UDQ_000000000000000001a0_0,2712,2332,834,950,1272,1611,1939,2040,1810,2189,5,2022-08-03,Fluvic Cambisols,48.99391509715455,2.1043645797039217,332,RMQS1,"{""type"":""MultiPoint"",""coordinates"":[]}"
20220803T104629_20220803T104625_T31UDQ_0000000000000000014f_0,4929,3608,1200,1750,2562,3027,3215,3469,3652,3882,5,2022-08-03,Haplic Luvisols,49.280814464529655,1.88334428108737,236,RMQS1,"{""type"":""MultiPoint"",""coordinates"":[]}"
20220803T104629_20220803T104625_T31UDQ_00000000000000000153_0,4460,3471,1550,1994,2624,3085,3261,3526,3577,3794,5,2022-08-03,Haplic Luvisols,49.28091769976065,2.7622320159826583,240,RMQS1,"{""type"":""MultiPoint"",""coordinates"":[]}"
20220803T104629_20220803T104625_T31UDQ_00000000000000000177_0,3595,2567,784,1005,1292,1672,2071,2379,2568,2686,5,2022-08-03,Haplic Luvisols,49.13791455267598,2.3228273594300304,281,RMQS1,"{""type"":""MultiPoint"",""coordinates"":[]}"
20220803T104629_20220803T104625_T31UDQ_0000000000000000020a_0,4466,3231,1294,1666,2350,2499,2604,2858,3082,3085,5,2022-08-03,Haplic Luvisols,48.70579528894485,2.7575282555298437,454,RMQS1,"{""type"":""MultiPoint"",""coordinates"":[]}"
20220803T104629_20220803T104625_T31UDQ_00000000000000000110_0,4108,3506,1252,1764,2442,2787,2843,3050,3044,3183,5,2022-08-03,Luvic Cambisols,49.56894583689343,2.5436666897699416,161,RMQS1,"{""type"":""MultiPoint"",""coordinates"":[]}"
20220803T104629_20220803T104625_T31UDQ_0000000000000000014e_0,4469,3331,1350,1826,2460,2970,3274,3620,3672,3878,5,2022-08-03,Luvic Cambisols,49.279783234787686,1.6636314749754055,235,RMQS1,"{""type"":""MultiPoint"",""coordinates"":[]}"
20220803T104629_20220803T104625_T31UDQ_00000000000000000209_0,2295,1909,800,932,1140,1401,1992,2207,2089,2368,5,2022-08-03,Luvic Cambisols,48.70636671812621,2.5402378321558636,453,RMQS1,"{""type"":""MultiPoint"",""coordinates"":[]}"
20220803T104629_20220803T104625_T31UDQ_0000000000000000010d_0,3969,2980,995,1252,1564,2379,2695,2994,2576,3301,5,2022-08-03,Luvic Stagnosols,49.56826098013314,1.8807904892721603,158,RMQS1,"{""type"":""MultiPoint"",""coordinates"":[]}"
20220803T104629_20220803T104625_T31UDQ_0000000000000000012c_0,4471,3331,1132,1472,2098,2444,2544,2783,2932,3110,5,2022-08-03,Luvic Stagnosols,49.42540614057504,2.3227471558419417,199,RMQS1,"{""type"":""MultiPoint"",""coordinates"":[]}"
20220803T104629_20220803T104625_T31UDQ_00000000000000000150_0,3280,2196,1670,1966,2230,1688,2760,2921,3124,3306,5,2022-08-03,Luvic Stagnosols,49.28144329184339,2.103064062809696,237,RMQS1,"{""type"":""MultiPoint"",""coordinates"":[]}"
20220803T104629_20220803T104625_T31UDQ_0000000000000000017a_0,4563,3356,1510,1920,2546,3025,3224,3487,3596,3849,5,2022-08-03,Luvic Stagnosols,49.13618741224519,2.9801472939415725,284,RMQS1,"{""type"":""MultiPoint"",""coordinates"":[]}"
20220803T104629_20220803T104625_T31UDQ_00000000000000000112_0,3443,2943,1086,1472,1880,2278,2750,2927,3010,3134,5,2022-08-03,Stagnic Gleysols,49.56738063657633,2.9855717242146427,163,RMQS1,"{""type"":""MultiPoint"",""coordinates"":[]}"
20220803T104629_20220803T104625_T31UDQ_000000000000000001d6_0,4244,3191,954,1334,1908,2300,2482,2726,2902,3101,5,2022-08-03,Stagnic Gleysols,48.84863060747811,2.976581578756068,394,RMQS1,"{""type"":""MultiPoint"",""coordinates"":[]}"
20220803T104629_20220803T104625_T31UDQ_000000000000000001d3_0,2191,2209,1706,1744,1918,1793,1680,2022,1978,1817,5,2022-08-03,Technosols,48.85034873690586,2.322905488238686,391,RMQS1,"{""type"":""MultiPoint"",""coordinates"":[]}"
20220803T104629_20220803T104625_T31UDR_00000000000000000056_0,4370,3407,1100,1582,2360,2688,2841,3102,3364,3452,5,2022-08-03,Eutric Cambisols,50.15828941114408,2.86617988322367,SIM63940,HWSDv2,"{""type"":""MultiPoint"",""coordinates"":[]}"
20220803T104629_20220803T104625_T31UDR_0000000000000000007d_0,4536,3093,991,1418,2226,2631,2755,3100,3396,3600,5,2022-08-03,Protoargic Arenosols,49.58589898837661,1.8391604822330379,SIM46907,HWSDv2,"{""type"":""MultiPoint"",""coordinates"":[]}"
20220803T104629_20220803T104625_T31UDR_000000000000000000de_0,4022,3493,1080,1504,2156,2512,2625,2832,2916,3082,5,2022-08-03,Calcaric Cambisols,49.85648964531181,2.3226256379824948,103,RMQS1,"{""type"":""MultiPoint"",""coordinates"":[]}"
20220803T104629_20220803T104625_T31UDR_000000000000000000f6_0,2612,2098,818,983,1004,1373,1921,2218,2386,2415,5,2022-08-03,Calcaric Cambisols,49.71264020753129,2.5442497423135224,132,RMQS1,"{""type"":""MultiPoint"",""coordinates"":[]}"
20220803T104629_20220803T104625_T31UDR_000000000000000000ac_0,1694,1602,880,850,861,915,1101,1106,1150,1314,5,2022-08-03,Eutric Cambisols,50.430165085295194,2.7719553311287974,39,RMQS1,"{""type"":""MultiPoint"",""coordinates"":[]}"
20220803T104629_20220803T104625_T31UDR_000000000000000000ad_0,2542,1929,870,998,1238,1454,2100,2367,2060,2630,5,2022-08-03,Eutric Cambisols,50.42916619393928,2.996695634941413,40,RMQS1,"{""type"":""MultiPoint"",""coordinates"":[]}"
20220803T104629_20220803T104625_T31UDR_000000000000000000b4_0,4748,3700,1298,1784,2468,2876,3012,3323,3464,3615,5,2022-08-03,Eutric Cambisols,50.28718216659681,2.546611534452438,51,RMQS1,"{""type"":""MultiPoint"",""coordinates"":[]}"
20220803T104629_20220803T104625_T31UDR_000000000000000000b5_0,1787,1425,1476,1588,1360,1250,1777,1943,1542,1899,5,2022-08-03,Eutric Cambisols,50.28659484900255,2.7707172697287374,52,RMQS1,"{""type"":""MultiPoint"",""coordinates"":[]}"
20220803T104629_20220803T104625_T31UDR_000000000000000000c2_0,3898,3685,1015,1540,2154,2459,2629,2860,2822,2962,5,2022-08-03,Eutric Cambisols,50.14200369750157,2.992946997301806,66,RMQS1,"{""type"":""MultiPoint"",""coordinates"":[]}"
20220803T104629_20220803T104625_T31UDR_000000000000000000cb_0,4540,3371,1142,1538,2236,2566,2700,3014,3188,3346,5,2022-08-03,Eutric Cambisols,49.99927003977352,1.8769088733350434,78,RMQS1,"{""type"":""MultiPoint"",""coordinates"":[]}"
20220803T104629_20220803T104625_T31UDR_000000000000000000cd_0,2823,2145,442,540,762,896,1050,1215,1298,1398,5,2022-08-03,Eutric Cambisols,50.00013858967453,2.3225846734270483,80,RMQS1,"{""type"":""MultiPoint"",""coordinates"":[]}"
20220803T104629_20220803T104625_T31UDR_000000000000000000ce_0,3857,3653,1056,1464,1994,2276,2370,2545,2570,2747,5,2022-08-03,Eutric Cambisols,49.99996105481551,2.545424692034341,81,RMQS1,"{""type"":""MultiPoint"",""coordinates"":[]}"
20220803T104629_20220803T104625_T31UDR_000000000000000000cf_0,3913,3338,1114,1554,2164,2577,2606,2831,2854,3046,5,2022-08-03,Eutric Cambisols,49.999375467717336,2.768260418213498,82,RMQS1,"{""type"":""MultiPoint"",""coordinates"":[]}"
20220803T104629_20220803T104625_T31UDR_000000000000000000d0_0,4617,3364,1310,1792,2552,2925,3059,3288,3452,3601,5,2022-08-03,Eutric Cambisols,49.99838355325251,2.991087849150008,83,RMQS1,"{""type"":""MultiPoint"",""coordinates"":[]}"
20220803T104629_20220803T104625_T31UDR_000000000000000000df_0,2568,2017,915,1066,1282,1561,1848,2080,1606,2279,5,2022-08-03,Eutric Cambisols,49.85631247393191,2.5448356402447683,104,RMQS1,"{""type"":""MultiPoint"",""coordinates"":[]}"
20220803T104629_20220803T104625_T31UDR_000000000000000000f4_0,4148,2867,1040,1482,2204,2472,2615,2898,3090,3241,5,2022-08-03,Eutric Cambisols,49.71258809583164,2.101081697148307,130,RMQS1,"{""type"":""MultiPoint"",""coordinates"":[]}"
20220803T104629_20220803T104625_T31UDR_000000000000000000f7_0,4761,3361,1296,1854,2720,3215,3360,3793,3980,4293,5,2022-08-03,Eutric Cambisols,49.7120578590372,2.7658288977798313,133,RMQS1,"{""type"":""MultiPoint"",""coordinates"":[]}"
20220803T104629_20220803T104625_T31UDR_0000000000000000010e_0,4568,2968,1326,1804,2604,2635,2822,3285,3676,3587,5,2022-08-03,Eutric Stagnosols,49.56889381763422,2.101746362836863,159,RMQS1,"{""type"":""MultiPoint"",""coordinates"":[]}"
20220803T104629_20220803T104625_T31UDR_000000000000000000db_0,3076,2186,944,1338,1802,1828,2606,3055,3292,3343,5,2022-08-03,Luvic Cambisols,49.85458077799602,1.6560118173559046,100,RMQS1,"{""type"":""MultiPoint"",""coordinates"":[]}"
20220803T104629_20220803T104625_T31UDR_000000000000000000f5_0,4450,2997,1172,1576,2378,2710,3025,3280,3464,3728,5,2022-08-03,Luvic Cambisols,49.7128174628079,2.3226656536691292,131,RMQS1,"{""type"":""MultiPoint"",""coordinates"":[]}"
20220803T104629_20220803T104625_T31UDR_00000000000000000110_0,4105,3505,1246,1764,2448,2790,2839,3048,3054,3186,5,2022-08-03,Luvic Cambisols,49.56894583689343,2.5436666897699416,161,RMQS1,"{""type"":""MultiPoint"",""coordinates"":[]}"
20220803T104629_20220803T104625_T31UDR_0000000000000000010d_0,3986,2995,980,1244,1560,2386,2707,3001,2574,3313,5,2022-08-03,Luvic Stagnosols,49.56826098013314,1.8807904892721603,158,RMQS1,"{""type"":""MultiPoint"",""coordinates"":[]}"
20220803T104629_20220803T104625_T31UDR_000000000000000000c0_0,4580,3996,1272,1704,2348,2644,2741,2998,3232,3256,5,2022-08-03,Regosols (Colluvic),50.14358454537285,2.546016788788959,64,RMQS1,"{""type"":""MultiPoint"",""coordinates"":[]}"
20220803T104629_20220803T104625_T31UDR_000000000000000000c1_0,4772,3167,892,1424,2282,2818,3007,3402,3612,3943,5,2022-08-03,Regosols (Colluvic),50.14299796037709,2.7694857901814443,65,RMQS1,"{""type"":""MultiPoint"",""coordinates"":[]}"
20220803T104629_20220803T104625_T31UDR_000000000000000000cc_0,3493,2840,838,1076,1200,1941,2320,2537,2416,2792,5,2022-08-03,Rendzic Leptosols,49.999907534519636,2.099745350209818,79,RMQS1,"{""type"":""MultiPoint"",""coordinates"":[]}"
20220803T104629_20220803T104625_T31UDR_00000000000000000112_0,3441,2945,1078,1478,1888,2282,2746,2916,3016,3131,5,2022-08-03,Stagnic Gleysols,49.56738063657633,2.9855717242146427,163,RMQS1,"{""type"":""MultiPoint"",""coordinates"":[]}"
20220803T104629_20220803T104625_T31UEP_0000000000000000007f_0,4096,3399,1262,1808,2490,2834,2960,3145,3152,3330,5,2022-08-03,Eutric Cambisols,48.71300587349915,3.430504638075634,SIM51527,HWSDv2,"{""type"":""MultiPoint"",""coordinates"":[]}"
20220803T104629_20220803T104625_T31UEP_0000000000000000020c_0,4133,3010,1000,1344,1816,2245,2508,2725,2814,3017,5,2022-08-03,Calcaric Cambisols,48.703458736127025,3.1920859181167343,456,RMQS1,"{""type"":""MultiPoint"",""coordinates"":[]}"
20220803T104629_20220803T104625_T31UEP_0000000000000000027d_0,3742,3089,1190,1660,2106,2579,3036,3266,3288,3370,5,2022-08-03,Calcaric Cambisols,48.41190469276996,3.6194976604195355,576,RMQS1,"{""type"":""MultiPoint"",""coordinates"":[]}"
20220803T104629_20220803T104625_T31UEP_0000000000000000027f_0,4568,3979,1444,1870,2492,2892,2986,3204,3196,3492,5,2022-08-03,Calcaric Cambisols,48.406418205516395,4.051533416952645,578,RMQS1,"{""type"":""MultiPoint"",""coordinates"":[]}"
20220803T104629_20220803T104625_T31UEP_000000000000000002b4_0,2664,1705,835,1250,1746,1654,2559,3074,2564,3167,5,2022-08-03,Calcaric Cambisols,48.271965548555634,3.1850485225886964,633,RMQS1,"{""type"":""MultiPoint"",""coordinates"":[]}"
20220803T104629_20220803T104625_T31UEP_000000000000000002b5_0,3656,2855,1082,1542,1974,2235,2880,3157,3164,3396,5,2022-08-03,Calcaric Cambisols,48.270214890027546,3.40052240924141,634,RMQS1,"{""type"":""MultiPoint"",""coordinates"":[]}"
20220803T104629_20220803T104625_T31UEP_00000000000000000327_0,3530,2654,737,1122,1426,2189,2522,2723,2876,2996,5,2022-08-03,Calcaric Cambisols,47.974921263139784,4.037508014400093,752,RMQS1,"{""type"":""MultiPoint"",""coordinates"":[]}"
20220803T104629_20220803T104625_T31UEP_00000000000000000329_0,3945,2675,659,934,1428,1695,1862,2137,2276,2523,5,2022-08-03,Calcaric Cambisols,47.967910801776064,4.465910681616188,754,RMQS1,"{""type"":""MultiPoint"",""coordinates"":[]}"
20220803T104629_20220803T104625_T31UEP_00000000000000000244_0,4002,3245,1126,1590,2296,2599,2707,2923,3012,3186,5,2022-08-03,Eutric Cambisols,48.55964181413934,3.1897273282320016,516,RMQS1,"{""type"":""MultiPoint"",""coordinates"":[]}"
20220803T104629_20220803T104625_T31UEP_00000000000000000245_0,4085,3573,1208,1748,2448,2780,2864,3063,3074,3253,5,2022-08-03,Eutric Cambisols,48.55788147307679,3.4063886320425496,517,RMQS1,"{""type"":""MultiPoint"",""coordinates"":[]}"
20220803T104629_20220803T104625_T31UEP_0000000000000000035c_0,3863,2595,952,1284,1902,2425,2819,3042,3164,3367,5,2022-08-03,Eutric Cambisols,47.82407340617893,4.4601231189041926,809,RMQS1,"{""type"":""MultiPoint"",""coordinates"":[]}"
20220803T104629_20220803T104625_T31UEP_00000000000000000247_0,4106,3288,1088,1534,2222,2490,2605,2816,2884,3047,5,2022-08-03,Fluvic Cambisols,48.55317262682796,3.8396575992660655,519,RMQS1,"{""type"":""MultiPoint"",""coordinates"":[]}"
20220803T104629_20220803T104625_T31UEP_00000000000000000326_0,3560,2686,843,1358,1706,2212,2755,3124,3152,3358,5,2022-08-03,Haplic Luvisols,47.977838510183425,3.8232666387845935,751,RMQS1,"{""type"":""MultiPoint"",""coordinates"":[]}"
20220803T104629_20220803T104625_T31UEP_000000000000000002ba_0,4181,3027,944,1244,1788,2055,2282,2524,2766,2867,5,2022-08-03,Luvic Stagnosols,48.2555502989698,4.477580917578768,639,RMQS1,"{""type"":""MultiPoint"",""coordinates"":[]}"
20220803T104629_20220803T104625_T31UEP_0000000000000000020d_0,4161,3665,1238,1738,2398,2741,2784,2959,3030,3151,5,2022-08-03,Regosols (Colluvic),48.70169366844977,3.4093457089391372,457,RMQS1,"{""type"":""MultiPoint"",""coordinates"":[]}"
20220803T104629_20220803T104625_T31UEP_0000000000000000027c_0,3329,2469,1070,1432,1894,1973,2518,2924,2746,3341,5,2022-08-03,Regosols (Colluvic),48.41405496172534,3.4034476214968983,575,RMQS1,"{""type"":""MultiPoint"",""coordinates"":[]}"
20220803T104629_20220803T104625_T31UEP_00000000000000000328_0,4410,3390,1340,1888,2714,3044,3140,3334,3396,3569,5,2022-08-03,Regosols (Colluvic),47.971611944960706,4.251723526947866,753,RMQS1,"{""type"":""MultiPoint"",""coordinates"":[]}"
20220803T104629_20220803T104625_T31UEP_00000000000000000357_0,3306,2942,1004,1428,1866,2060,2104,2263,2302,2388,5,2022-08-03,Regosols (Colluvic),47.83862082138957,3.39184320342842,804,RMQS1,"{""type"":""MultiPoint"",""coordinates"":[]}"
20220803T104629_20220803T104625_T31UEP_0000000000000000020f_0,3462,2627,806,1128,1412,2037,3082,3663,3676,3800,5,2022-08-03,Rendzic Leptosols,48.69697151537463,3.84381025026381,459,RMQS1,"{""type"":""MultiPoint"",""coordinates"":[]}"
20220803T104629_20220803T104625_T31UEP_00000000000000000246_0,5006,3931,1444,1914,2698,3068,3233,3473,3588,3773,5,2022-08-03,Rendzic Leptosols,48.55572508899328,3.623033464744165,518,RMQS1,"{""type"":""MultiPoint"",""coordinates"":[]}"
20220803T104629_20220803T104625_T31UEP_000000000000000002b7_0,3676,2803,1406,1974,2188,2691,3854,4268,4252,4400,5,2022-08-03,Rendzic Leptosols,48.265531928145386,3.8314183567168554,636,RMQS1,"{""type"":""MultiPoint"",""coordinates"":[]}"
20220803T104629_20220803T104625_T31UEP_000000000000000002b8_0,3071,2823,1060,1372,1656,2212,2252,2430,2296,2622,5,2022-08-03,Rendzic Leptosols,48.26259874368474,4.046833414678177,637,RMQS1,"{""type"":""MultiPoint"",""coordinates"":[]}"
20220803T104629_20220803T104625_T31UEP_00000000000000000324_0,2432,2468,440,626,744,1000,1106,1195,1258,1441,5,2022-08-03,Rendzic Leptosols,47.982497159296926,3.394720601458198,749,RMQS1,"{""type"":""MultiPoint"",""coordinates"":[]}"
20220803T104629_20220803T104625_T31UEP_00000000000000000359_0,3423,2425,640,936,1206,1798,2373,2704,2720,3010,5,2022-08-03,Rendzic Leptosols,47.83397449347843,3.819224578897194,806,RMQS1,"{""type"":""MultiPoint"",""coordinates"":[]}"
20220803T104629_20220803T104625_T31UEP_000000000000000002ec_0,3708,3111,974,1376,1898,2194,2324,2485,2532,2686,5,2022-08-03,Stagnic Gleysols,48.12810780180863,3.1827287684756462,691,RMQS1,"{""type"":""MultiPoint"",""coordinates"":[]}"
20220803T104629_20220803T104625_T31UEQ_0000000000000000007f_0,4096,3399,1248,1798,2482,2830,2958,3146,3148,3328,5,2022-08-03,Eutric Cambisols,48.71300587349915,3.430504638075634,SIM51527,HWSDv2,"{""type"":""MultiPoint"",""coordinates"":[]}"
20220803T104629_20220803T104625_T31UEQ_00000000000000000115_0,3739,3412,1162,1576,2100,2364,2411,2583,2629,2723,5,2022-08-03,Calcaric Cambisols,49.562001469354996,3.6483405966440827,166,RMQS1,"{""type"":""MultiPoint"",""coordinates"":[]}"
20220803T104629_20220803T104625_T31UEQ_00000000000000000134_0,5022,4875,1568,2078,2770,3096,3169,3399,3492,3654,5,2022-08-03,Calcaric Cambisols,49.412712015559535,4.085171344798594,207,RMQS1,"{""type"":""MultiPoint"",""coordinates"":[]}"
20220803T104629_20220803T104625_T31UEQ_00000000000000000135_0,2310,1752,616,918,907,1279,1881,2088,2266,2310,5,2022-08-03,Calcaric Cambisols,49.40931256011699,4.305386426131146,208,RMQS1,"{""type"":""MultiPoint"",""coordinates"":[]}"
20220803T104629_20220803T104625_T31UEQ_000000000000000001a7_0,2508,1836,550,808,944,1409,2107,2448,2368,2581,5,2022-08-03,Calcaric Cambisols,48.98709446808667,3.633756216630653,339,RMQS1,"{""type"":""MultiPoint"",""coordinates"":[]}"
20220803T104629_20220803T104625_T31UEQ_000000000000000001db_0,4314,3267,1116,1498,1984,2365,2784,3031,3108,3277,5,2022-08-03,Calcaric Cambisols,48.83778942360765,4.065787310355802,399,RMQS1,"{""type"":""MultiPoint"",""coordinates"":[]}"
20220803T104629_20220803T104625_T31UEQ_0000000000000000020c_0,4136,3012,984,1338,1812,2242,2507,2727,2818,3017,5,2022-08-03,Calcaric Cambisols,48.703458736127025,3.1920859181167343,456,RMQS1,"{""type"":""MultiPoint"",""coordinates"":[]}"
20220803T104629_20220803T104625_T31UEQ_00000000000000000157_0,3392,2839,1038,1418,1968,2245,2397,2544,2524,2705,5,2022-08-03,Eutric Cambisols,49.274585829064,3.6410073595306423,244,RMQS1,"{""type"":""MultiPoint"",""coordinates"":[]}"
20220803T104629_20220803T104625_T31UEQ_000000000000000001da_0,3773,2893,1072,1498,1910,2365,2992,3296,3356,3494,5,2022-08-03,Eutric Cambisols,48.84075502171976,3.8479859850554314,398,RMQS1,"{""type"":""MultiPoint"",""coordinates"":[]}"
20220803T104629_20220803T104625_T31UEQ_00000000000000000118_0,3303,2862,946,1304,1766,2024,2145,2363,2344,2495,5,2022-08-03,Eutric Fluvisols,49.552985910691305,4.310920889162134,169,RMQS1,"{""type"":""MultiPoint"",""coordinates"":[]}"
20220803T104629_20220803T104625_T31UEQ_00000000000000000131_0,4376,2984,1180,1634,2326,2680,2800,3051,3168,3423,5,2022-08-03,Haplic Luvisols,49.42049525316113,3.424376574569905,204,RMQS1,"{""type"":""MultiPoint"",""coordinates"":[]}"
20220803T104629_20220803T104625_T31UEQ_0000000000000000017c_0,3835,3022,1038,1454,2128,2446,2572,2766,2827,3101,5,2022-08-03,Haplic Luvisols,49.13302940640497,3.4183131268373956,286,RMQS1,"{""type"":""MultiPoint"",""coordinates"":[]}"
20220803T104629_20220803T104625_T31UEQ_00000000000000000159_0,3751,3292,1506,1860,2420,2554,2713,2930,2996,3122,5,2022-08-03,Regosols (Colluvic),49.26900917934291,4.080283111786636,246,RMQS1,"{""type"":""MultiPoint"",""coordinates"":[]}"
20220803T104629_20220803T104625_T31UEQ_000000000000000001a9_0,4459,3736,1040,1392,1980,2399,2544,2770,2778,3076,5,2022-08-03,Regosols (Colluvic),48.9815477887394,4.070591756163375,341,RMQS1,"{""type"":""MultiPoint"",""coordinates"":[]}"
20220803T104629_20220803T104625_T31UEQ_0000000000000000020d_0,4158,3669,1226,1732,2388,2738,2781,2956,3030,3148,5,2022-08-03,Regosols (Colluvic),48.70169366844977,3.4093457089391372,457,RMQS1,"{""type"":""MultiPoint"",""coordinates"":[]}"
20220803T104629_20220803T104625_T31UEQ_0000000000000000020f_0,3459,2628,794,1120,1406,2036,3083,3660,3672,3801,5,2022-08-03,Rendzic Leptosols,48.69697151537463,3.84381025026381,459,RMQS1,"{""type"":""MultiPoint"",""coordinates"":[]}"
20220803T104629_20220803T104625_T31UEQ_000000000000000001d8_0,3451,2279,764,1072,1490,2077,2670,3113,3284,3475,5,2022-08-03,Stagnic Gleysols,48.84548989394474,3.4123181623321734,396,RMQS1,"{""type"":""MultiPoint"",""coordinates"":[]}"
20220803T104629_20220803T104625_T31UER_000000000000000000f9_0,3936,2766,912,1246,1854,2148,2257,2501,2732,2890,5,2022-08-03,Calcaric Cambisols,49.70967905310882,3.2089608528497604,135,RMQS1,"{""type"":""MultiPoint"",""coordinates"":[]}"
20220803T104629_20220803T104625_T31UER_000000000000000000d1_0,4142,3085,1026,1440,2110,2381,2540,2807,3088,3153,5,2022-08-03,Eutric Cambisols,49.99698425992098,3.2139053697907163,84,RMQS1,"{""type"":""MultiPoint"",""coordinates"":[]}"
20220803T104629_20220803T104625_T31UER_000000000000000000e3_0,4435,3126,1100,1492,2176,2469,2637,2877,3081,3268,5,2022-08-03,Eutric Cambisols,49.85154127658212,3.433600324543512,108,RMQS1,"{""type"":""MultiPoint"",""coordinates"":[]}"
20220803T104629_20220803T104625_T31UER_000000000000000000d3_0,1896,1566,705,830,1036,975,1647,2055,1472,2118,5,2022-08-03,Haplic Luvisols,49.992962405810275,3.6594955309676163,86,RMQS1,"{""type"":""MultiPoint"",""coordinates"":[]}"
20220803T104629_20220803T104625_T31UER_000000000000000000e4_0,4394,3178,1015,1500,2306,2722,2858,3160,3275,3575,5,2022-08-03,Haplic Luvisols,49.84933182571976,3.655756320004579,109,RMQS1,"{""type"":""MultiPoint"",""coordinates"":[]}"
20220803T104629_20220803T104625_T31UER_000000000000000000e5_0,3863,2730,676,867,1290,1549,1727,1959,2088,2337,5,2022-08-03,Haplic Luvisols,49.846716377679186,3.877890881957365,110,RMQS1,"{""type"":""MultiPoint"",""coordinates"":[]}"
20220803T104629_20220803T104625_T31UER_000000000000000000fb_0,3991,3095,976,1390,1996,2207,2310,2544,2674,2761,5,2022-08-03,Haplic Luvisols,49.70567786204237,3.652038113507865,137,RMQS1,"{""type"":""MultiPoint"",""coordinates"":[]}"
20220803T104629_20220803T104625_T31UER_000000000000000000fd_0,4937,3556,1482,2004,2856,3298,3501,3814,3964,4256,5,2022-08-03,Haplic Luvisols,49.700056004656744,4.095030212917225,139,RMQS1,"{""type"":""MultiPoint"",""coordinates"":[]}"
20220803T104629_20220803T104625_T31UER_000000000000000000b7_0,3044,2567,1124,1476,1910,2040,2418,2660,2557,2908,5,2022-08-03,Luvic Cambisols,50.284191794055914,3.2189050612951036,54,RMQS1,"{""type"":""MultiPoint"",""coordinates"":[]}"
20220803T104629_20220803T104625_T31UER_000000000000000000b8_0,3600,3085,1106,1592,2198,2544,2631,2795,2828,2998,5,2022-08-03,Luvic Cambisols,50.28237565573063,3.4429805438389787,55,RMQS1,"{""type"":""MultiPoint"",""coordinates"":[]}"
20220803T104629_20220803T104625_T31UER_000000000000000000ba_0,4123,3908,1220,2028,2834,3132,3231,3306,3390,3235,5,2022-08-03,Luvic Cambisols,50.277513811755476,3.891075085094819,57,RMQS1,"{""type"":""MultiPoint"",""coordinates"":[]}"
20220803T104629_20220803T104625_T31UER_000000000000000000e2_0,3787,3358,1210,1672,2320,2632,2727,2969,2980,3089,5,2022-08-03,Luvic Cambisols,49.85334360089348,3.2114262910976588,107,RMQS1,"{""type"":""MultiPoint"",""coordinates"":[]}"
20220803T104629_20220803T104625_T31UER_000000000000000000e7_0,3176,2627,595,1098,1504,1778,1986,2181,2032,2290,5,2022-08-03,Mollic Umbrisols,49.840267006570215,4.322083069370896,112,RMQS1,"{""type"":""MultiPoint"",""coordinates"":[]}"
20220803T104629_20220803T104625_T31UFP_0000000000000000024a_0,4023,3540,1110,1614,2254,2500,2603,2730,2806,2957,5,2022-08-03,Calcaric Cambisols,48.54313673632617,4.4893801670582985,522,RMQS1,"{""type"":""MultiPoint"",""coordinates"":[]}"
20220803T104629_20220803T104625_T31UFP_000000000000000002bb_0,4326,3159,1076,1456,2044,2314,2572,2750,2844,3038,5,2022-08-03,Calcaric Cambisols,48.25143516324276,4.692909482923313,640,RMQS1,"{""type"":""MultiPoint"",""coordinates"":[]}"
20220803T104629_20220803T104625_T31UFP_00000000000000000329_0,3960,2684,668,939,1432,1709,1871,2146,2278,2536,5,2022-08-03,Calcaric Cambisols,47.967910801776064,4.465910681616188,754,RMQS1,"{""type"":""MultiPoint"",""coordinates"":[]}"
20220803T104629_20220803T104625_T31UFP_00000000000000000213_0,3774,2977,1848,2282,2620,2549,2968,3298,3376,3331,5,2022-08-03,Eutric Cambisols,48.6827591856006,4.712439211085572,463,RMQS1,"{""type"":""MultiPoint"",""coordinates"":[]}"
20220803T104629_20220803T104625_T31UFP_0000000000000000035c_0,3863,2593,966,1294,1904,2429,2821,3044,3156,3365,5,2022-08-03,Eutric Cambisols,47.82407340617893,4.4601231189041926,809,RMQS1,"{""type"":""MultiPoint"",""coordinates"":[]}"
20220803T104629_20220803T104625_T31UFP_000000000000000002ba_0,4178,3025,963,1258,1806,2060,2274,2513,2770,2857,5,2022-08-03,Luvic Stagnosols,48.2555502989698,4.477580917578768,639,RMQS1,"{""type"":""MultiPoint"",""coordinates"":[]}"
20220803T104629_20220803T104625_T31UFP_00000000000000000212_0,4935,4537,1910,2382,2920,3289,3328,3536,3576,3764,5,2022-08-03,Rendzic Leptosols,48.68690742446665,4.495328388213507,462,RMQS1,"{""type"":""MultiPoint"",""coordinates"":[]}"
20220803T104629_20220803T104625_T31UFQ_00000000000000000136_0,3957,2892,733,1016,1344,1849,2225,2501,2644,2916,5,2022-08-03,Calcaric Cambisols,49.40551025571671,4.525570398787132,209,RMQS1,"{""type"":""MultiPoint"",""coordinates"":[]}"
20220803T104629_20220803T104625_T31UFQ_0000000000000000015b_0,4265,3804,1384,1886,2566,2890,2929,3130,3156,3339,5,2022-08-03,Calcaric Cambisols,49.261827045241304,4.519452882190931,248,RMQS1,"{""type"":""MultiPoint"",""coordinates"":[]}"
20220803T104629_20220803T104625_T31UFQ_0000000000000000015c_0,3998,2673,758,1036,1326,1859,2488,2842,3008,3259,5,2022-08-03,Calcaric Cambisols,49.257633159731164,4.738988003066428,249,RMQS1,"{""type"":""MultiPoint"",""coordinates"":[]}"
20220803T104629_20220803T104625_T31UFQ_000000000000000001ab_0,5021,3616,1248,1710,2590,2867,3013,3327,3676,3827,5,2022-08-03,Calcaric Cambisols,48.97440230177886,4.507322370591027,343,RMQS1,"{""type"":""MultiPoint"",""coordinates"":[]}"
20220803T104629_20220803T104625_T31UFQ_000000000000000001df_0,4340,2685,791,1182,1876,2306,2518,2791,2954,3303,5,2022-08-03,Calcaric Cambisols,48.821946019086994,4.93669536884499,403,RMQS1,"{""type"":""MultiPoint"",""coordinates"":[]}"
20220803T104629_20220803T104625_T31UFQ_00000000000000000138_0,3529,2939,1036,1524,2058,2374,2447,2583,2546,2741,5,2022-08-03,Eutric Cambisols,49.39669771864854,4.965831391660081,211,RMQS1,"{""type"":""MultiPoint"",""coordinates"":[]}"
20220803T104629_20220803T104625_T31UFQ_00000000000000000213_0,3782,2987,1842,2276,2614,2544,2972,3298,3372,3332,5,2022-08-03,Eutric Cambisols,48.6827591856006,4.712439211085572,463,RMQS1,"{""type"":""MultiPoint"",""coordinates"":[]}"
20220803T104629_20220803T104625_T31UFQ_0000000000000000011d_0,4023,2892,826,1152,1664,1925,2061,2276,2494,2609,5,2022-08-03,Eutric Stagnosols,49.52988794759481,5.4145479932327865,174,RMQS1,"{""type"":""MultiPoint"",""coordinates"":[]}"
20220803T104629_20220803T104625_T31UFQ_00000000000000000183_0,3580,3014,924,1428,1988,2327,2417,2576,2498,2667,5,2022-08-03,Mollic Umbrisols,49.104376378414244,5.170026231041101,294,RMQS1,"{""type"":""MultiPoint"",""coordinates"":[]}"
20220803T104629_20220803T104625_T31UFQ_00000000000000000181_0,4564,3908,1384,1862,2508,2857,2955,3144,3160,3421,5,2022-08-03,Rendzic Leptosols,49.11394157902409,4.732294541267736,292,RMQS1,"{""type"":""MultiPoint"",""coordinates"":[]}"
20220803T104629_20220803T104625_T31UFQ_000000000000000001ac_0,4436,2933,914,1334,2078,2567,2731,3016,3176,3521,5,2022-08-03,Rendzic Leptosols,48.97023112282538,4.725639105215556,344,RMQS1,"{""type"":""MultiPoint"",""coordinates"":[]}"
20220803T104629_20220803T104625_T31UFQ_000000000000000001de_0,5135,4504,1974,2424,3008,3397,3480,3676,3748,3987,5,2022-08-03,Rendzic Leptosols,48.82650319106196,4.71902098610247,402,RMQS1,"{""type"":""MultiPoint"",""coordinates"":[]}"
20220803T104629_20220803T104625_T31UFQ_00000000000000000212_0,4958,4561,1916,2396,2934,3306,3345,3553,3596,3780,5,2022-08-03,Rendzic Leptosols,48.68690742446665,4.495328388213507,462,RMQS1,"{""type"":""MultiPoint"",""coordinates"":[]}"
20220803T104629_20220803T104625_T31UFQ_00000000000000000119_0,3497,2867,1056,1384,1878,2041,2172,2381,2480,2669,5,2022-08-03,Vertic Cambisols,49.54917309265782,4.5317230180671295,170,RMQS1,"{""type"":""MultiPoint"",""coordinates"":[]}"
20220803T104629_20220803T104625_T31UFR_00000000000000000101_0,2513,1857,716,846,952,1346,1860,2096,2330,2350,5,2022-08-03,Eutric Cambisols,49.68395472524528,4.980648981852431,143,RMQS1,"{""type"":""MultiPoint"",""coordinates"":[]}"
20220803T104629_20220803T105906_T30TYN_0000000000000000084c_0,4298,3078,914,1270,1724,2166,2514,2782,2974,3120,5,2022-08-03,Eutric Cambisols,43.21642624564816,0.16184093803944713,2184,RMQS1,"{""type"":""MultiPoint"",""coordinates"":[]}"
20220803T104629_20220803T105906_T30TYN_0000000000000000087e_0,2459,1900,626,827,1040,1370,1690,1837,1812,2026,5,2022-08-03,Eutric Cambisols,42.93931480823404,0.7593104679881422,2250,RMQS1,"{""type"":""MultiPoint"",""coordinates"":[]}"
20220803T104629_20220803T105906_T30TYN_0000000000000000084a_0,2866,2318,1040,1208,1262,1520,2172,2478,2526,2652,5,2022-08-03,Skeletic Leptosols,43.20775050994949,-0.23107639245802053,2182,RMQS1,"{""type"":""MultiPoint"",""coordinates"":[]}"
20220803T104629_20220803T105906_T31TCH_00000000000000000852_0,3344,2397,1174,1692,2242,2237,2549,3010,2908,3237,5,2022-08-03,Calcaric Cambisols,43.233830788422544,1.3411659095380064,2190,RMQS1,"{""type"":""MultiPoint"",""coordinates"":[]}"
20220803T104629_20220803T105906_T31TCH_0000000000000000087e_0,2366,1840,650,821,1012,1277,1621,1726,1794,1969,5,2022-08-03,Eutric Cambisols,42.93931480823404,0.7593104679881422,2250,RMQS1,"{""type"":""MultiPoint"",""coordinates"":[]}"
20220803T104629_20220803T105906_T31TCH_00000000000000000850_0,3659,2382,656,888,1232,1812,2226,2652,2608,2953,5,2022-08-03,Rendzic Leptosols,43.22946594670466,0.9479815188030146,2188,RMQS1,"{""type"":""MultiPoint"",""coordinates"":[]}"
20220803T104629_20220803T105906_T31TCJ_0000000000000000082e_0,3607,2405,686,924,1078,1591,2209,2548,2736,2809,5,2022-08-03,Calcaric Cambisols,43.370487378478785,0.747437404719625,2148,RMQS1,"{""type"":""MultiPoint"",""coordinates"":[]}"
