system:index,B11,B12,B2,B3,B4,B5,B6,B7,B8,B8A,SCL,date,h_wrb4,latitude,longitude,profile_id,source_db,.geo
20220209T105211_20220209T105206_T30TXN_0000000000000000006c_0,3327,2383,1022,1418,1986,2155,2390,2564,2906,2838,5,2022-02-09,Calcaric Fluvisols,43.24731944408375,-0.6918296171328728,SIM91024,HWSDv2,"{""type"":""MultiPoint"",""coordinates"":[]}"
20220209T105211_20220209T105206_T30TXN_00000000000000000847_0,2077,1314,326,530,713,1074,1405,1604,2280,1971,5,2022-02-09,Lithic Leptosols,43.19204566013182,-0.8202030257132917,2179,RMQS1,"{""type"":""MultiPoint"",""coordinates"":[]}"
20220209T105211_20220209T105206_T30TXN_00000000000000000846_0,1270,823,133,175,386,476,672,912,1262,1159,5,2022-02-09,Rendzic Leptosols,43.186093266440146,-1.0165025675062285,2178,RMQS1,"{""type"":""MultiPoint"",""coordinates"":[]}"
20220209T105211_20220209T105206_T30TXN_00000000000000000848_0,2046,1676,223,425,551,992,1400,1520,2062,1887,5,2022-02-09,Skeletic Leptosols,43.19763906965781,-0.6238640036332821,2180,RMQS1,"{""type"":""MultiPoint"",""coordinates"":[]}"
20220209T105211_20220209T105206_T30TXP_0000000000000000006c_0,3349,2399,1014,1418,1980,2166,2407,2581,2900,2854,5,2022-02-09,Calcaric Fluvisols,43.24731944408375,-0.6918296171328728,SIM91024,HWSDv2,"{""type"":""MultiPoint"",""coordinates"":[]}"
20220209T105211_20220209T105206_T30TXP_00000000000000000755_0,2749,2010,664,1021,1226,1549,1990,2163,2610,2460,5,2022-02-09,Luvic Stagnosols,44.0651892036956,-0.46958380015658663,1912,RMQS1,"{""type"":""MultiPoint"",""coordinates"":[]}"
20220209T105211_20220209T105206_T30TXQ_0000000000000000068b_0,2801,2453,4632,4552,4376,3375,3206,3126,4256,3194,5,2022-02-09,Eutric Cambisols,44.78413733927169,-0.5056548387951271,1696,RMQS1,"{""type"":""MultiPoint"",""coordinates"":[]}"
20220209T105211_20220209T105206_T30TXQ_000000000000000006fe_0,2742,2355,944,1238,1200,1688,2219,2365,2542,2530,5,2022-02-09,Umbric Podzols,44.35273678130907,-0.4839019913906256,1823,RMQS1,"{""type"":""MultiPoint"",""coordinates"":[]}"
20220209T105211_20220209T105206_T30TYN_0000000000000000088a_0,1685,840,773,820,736,980,1709,2210,2137,2227,5,2022-02-09,Cambic Umbrisols,42.78539032820041,0.1780391948636722,2270,RMQS1,"{""type"":""MultiPoint"",""coordinates"":[]}"
20220209T105211_20220209T105206_T30TYN_0000000000000000084e_0,2718,1893,564,969,1156,1650,2259,2447,2788,2580,5,2022-02-09,Eutric Cambisols,43.223663957343106,0.5548682836284,2186,RMQS1,"{""type"":""MultiPoint"",""coordinates"":[]}"
20220209T105211_20220209T105206_T30TYN_00000000000000000879_0,2394,1576,456,572,760,1259,1839,1985,1815,2161,5,2022-02-09,Eutric Cambisols,42.91556813443344,-0.4137347196183648,2244,RMQS1,"{""type"":""MultiPoint"",""coordinates"":[]}"
20220209T105211_20220209T105206_T30TYN_0000000000000000087d_0,2721,1748,630,1088,1490,1540,2106,2357,3484,3124,5,2022-02-09,Fibric Histosols,42.93625055232636,0.5637405651906553,2249,RMQS1,"{""type"":""MultiPoint"",""coordinates"":[]}"
20220209T105211_20220209T105206_T30TYN_0000000000000000084a_0,2166,1935,436,830,733,997,1651,1693,2074,2108,5,2022-02-09,Skeletic Leptosols,43.20775050994949,-0.23107639245802053,2182,RMQS1,"{""type"":""MultiPoint"",""coordinates"":[]}"
20220209T105211_20220209T105206_T30TYN_00000000000000000889_0,2319,1525,230,659,1029,1223,1703,1888,2192,2233,5,2022-02-09,Umbric Leptosols,42.7812643891295,-0.0169737923193965,2269,RMQS1,"{""type"":""MultiPoint"",""coordinates"":[]}"
20220209T105211_20220209T105206_T30TYP_00000000000000000030_0,2663,1931,468,754,982,1445,1812,1961,2292,2268,5,2022-02-09,Calcaric Cambisols,44.033238784443746,0.32947762226575067,SIM783,HWSDv2,"{""type"":""MultiPoint"",""coordinates"":[]}"
20220209T105211_20220209T105206_T30TYP_00000000000000000046_0,2453,1649,530,1110,1154,1643,2456,2659,2941,2665,5,2022-02-09,Gleyic Cambisols,43.74950007383431,0.1370914792787227,SIM91955,HWSDv2,"{""type"":""MultiPoint"",""coordinates"":[]}"
20220209T105211_20220209T105206_T30TYP_0000000000000000075a_0,2008,1551,459,900,1136,1266,1372,1307,1579,1517,5,2022-02-09,Calcaric Cambisols,44.08630866803374,0.5277088899999789,1917,RMQS1,"{""type"":""MultiPoint"",""coordinates"":[]}"
20220209T105211_20220209T105206_T30TYP_00000000000000000784_0,1974,1315,321,632,670,991,1374,1442,1594,1580,5,2022-02-09,Calcaric Cambisols,43.939013384960546,0.3332815597688434,1963,RMQS1,"{""type"":""MultiPoint"",""coordinates"":[]}"
20220209T105211_20220209T105206_T30TYP_000000000000000007b2_0,2457,1734,558,1010,1128,1488,2056,2175,2222,2235,5,2022-02-09,Calcaric Cambisols,43.801814078706926,0.7353863730644742,2011,RMQS1,"{""type"":""MultiPoint"",""coordinates"":[]}"
20220209T105211_20220209T105206_T30TYP_00000000000000000806_0,2749,2028,508,986,1146,1555,2093,2176,2448,2388,5,2022-02-09,Calcaric Cambisols,43.51424709370381,0.7434401003762473,2103,RMQS1,"{""type"":""MultiPoint"",""coordinates"":[]}"
20220209T105211_20220209T105206_T30TYP_000000000000000007b1_0,1999,1505,376,768,990,1125,1194,1291,1304,1269,5,2022-02-09,Eutric Cambisols,43.79870099823677,0.5368540129522552,2010,RMQS1,"{""type"":""MultiPoint"",""coordinates"":[]}"
20220209T105211_20220209T105206_T30TYP_0000000000000000084e_0,2702,1887,556,964,1150,1640,2246,2434,2767,2567,5,2022-02-09,Eutric Cambisols,43.223663957343106,0.5548682836284,2186,RMQS1,"{""type"":""MultiPoint"",""coordinates"":[]}"
20220209T105211_20220209T105206_T30TYP_000000000000000007d8_0,2903,2155,656,1040,1360,1705,2068,2218,2470,2445,5,2022-02-09,Haplic Luvisols,43.6388794297606,-0.2504836687876054,2052,RMQS1,"{""type"":""MultiPoint"",""coordinates"":[]}"
20220209T105211_20220209T105206_T30TYP_0000000000000000082b_0,3640,2564,1000,1400,1882,2257,2431,2635,3030,2941,5,2022-02-09,Haplic Luvisols,43.36014192458075,0.15638714441469706,2145,RMQS1,"{""type"":""MultiPoint"",""coordinates"":[]}"
20220209T105211_20220209T105206_T30TYP_00000000000000000755_0,2755,2015,692,1042,1236,1558,2002,2176,2622,2471,5,2022-02-09,Luvic Stagnosols,44.0651892036956,-0.46958380015658663,1912,RMQS1,"{""type"":""MultiPoint"",""coordinates"":[]}"
20220209T105211_20220209T105206_T30TYP_000000000000000007af_0,2154,1334,201,332,452,870,1209,1406,1532,1713,5,2022-02-09,Mollic Umbrisols,43.79138624679632,0.1398598578511022,2008,RMQS1,"{""type"":""MultiPoint"",""coordinates"":[]}"
20220209T105211_20220209T105206_T30TYP_00000000000000000786_0,1231,812,190,311,334,560,923,1022,1104,1305,5,2022-02-09,Rendzic Leptosols,43.94561932191045,0.7313277945546122,1965,RMQS1,"{""type"":""MultiPoint"",""coordinates"":[]}"
20220209T105211_20220209T105206_T30TYP_00000000000000000829_0,2557,2087,461,689,946,1137,1232,1340,1495,1576,5,2022-02-09,Umbrisols (Vermic),43.351443741376464,-0.23751301804574487,2143,RMQS1,"{""type"":""MultiPoint"",""coordinates"":[]}"
20220209T105211_20220209T105206_T30TYP_0000000000000000082a_0,3949,2829,976,1370,1890,2169,2321,2464,2814,2788,5,2022-02-09,Umbrisols (Vermic),43.35597330765503,-0.0405779924292423,2144,RMQS1,"{""type"":""MultiPoint"",""coordinates"":[]}"
20220209T105211_20220209T105206_T30TYQ_0000000000000000072e_0,1936,1533,406,769,1062,1221,1276,1335,1421,1428,5,2022-02-09,Calcaric Cambisols,44.23326949240233,0.7231486374623786,1872,RMQS1,"{""type"":""MultiPoint"",""coordinates"":[]}"
20220209T105211_20220209T105206_T30TYQ_0000000000000000068d_0,1298,795,274,373,351,593,977,1030,1341,1340,5,2022-02-09,Eutric Cambisols,44.79380496667556,-0.10171105088467221,1698,RMQS1,"{""type"":""MultiPoint"",""coordinates"":[]}"
20220209T105211_20220209T105206_T30TYQ_000000000000000006db_0,1896,1625,581,905,1228,1476,1530,1601,1574,1667,5,2022-02-09,Eutric Fluvisols,44.51040280255146,0.11175365966486718,1784,RMQS1,"{""type"":""MultiPoint"",""coordinates"":[]}"
20220209T105211_20220209T105206_T30TYQ_00000000000000000702_0,1403,1275,384,674,918,1107,1152,1140,1214,1123,5,2022-02-09,Eutric Fluvisols,44.37045570221343,0.31793828823070713,1827,RMQS1,"{""type"":""MultiPoint"",""coordinates"":[]}"
20220209T105211_20220209T105206_T30TYQ_000000000000000006dc_0,2280,1806,600,1106,1264,1584,2005,2158,2349,2397,5,2022-02-09,Haplic Luvisols,44.51429265450901,0.3127722289681817,1785,RMQS1,"{""type"":""MultiPoint"",""coordinates"":[]}"
20220209T105211_20220209T105206_T30TYQ_00000000000000000691_0,1814,1120,210,340,491,794,1155,1298,1432,1510,5,2022-02-09,Luvic Cambisols,44.808706456853045,0.7065437283644227,1702,RMQS1,"{""type"":""MultiPoint"",""coordinates"":[]}"
20220209T105211_20220209T105206_T30TYQ_0000000000000000072d_0,3127,2305,674,1019,1422,1695,1835,1970,2208,2280,5,2022-02-09,Luvic Cambisols,44.230132383061516,0.5231018340485758,1871,RMQS1,"{""type"":""MultiPoint"",""coordinates"":[]}"
20220209T105211_20220209T105206_T30TYQ_00000000000000000668_0,1604,932,224,288,478,612,883,1101,1376,1283,5,2022-02-09,Mollic Umbrisols,44.94585947668485,0.2971163753139567,1658,RMQS1,"{""type"":""MultiPoint"",""coordinates"":[]}"
20220209T105211_20220209T105206_T30TYQ_00000000000000000669_0,2512,1486,306,448,738,1037,1305,1631,1685,2055,5,2022-02-09,Mollic Umbrisols,44.94941033435976,0.49971586144971286,1659,RMQS1,"{""type"":""MultiPoint"",""coordinates"":[]}"
20220209T105211_20220209T105206_T30TYQ_00000000000000000692_0,2411,1646,293,510,794,1094,1362,1582,1576,1835,5,2022-02-09,Rendzic Leptosols,44.811507211882365,0.9086684261965275,1703,RMQS1,"{""type"":""MultiPoint"",""coordinates"":[]}"
20220209T105211_20220209T105206_T30TYQ_0000000000000000072a_0,3273,2170,696,1022,1534,1913,2138,2370,2602,2769,5,2022-02-09,Rustic Podzols,44.218525062282644,-0.0768860659739211,1868,RMQS1,"{""type"":""MultiPoint"",""coordinates"":[]}"
20220209T105211_20220209T105206_T30TYQ_000000000000000006fe_0,2748,2359,971,1252,1210,1695,2228,2371,2546,2536,5,2022-02-09,Umbric Podzols,44.35273678130907,-0.4839019913906256,1823,RMQS1,"{""type"":""MultiPoint"",""coordinates"":[]}"
20220209T105211_20220209T105206_T30TYR_00000000000000000062_0,3018,2601,646,1064,1548,1788,1863,1993,2106,2159,5,2022-02-09,Calcaric Cambisols,45.9412014057957,0.065289686897003,SIM30965,HWSDv2,"{""type"":""MultiPoint"",""coordinates"":[]}"
20220209T105211_20220209T105206_T30TYR_00000000000000000580_0,2396,1534,533,884,1104,1735,2448,2660,2896,2936,5,2022-02-09,Calcaric Cambisols,45.80083722296923,-0.1464050002597506,1409,RMQS1,"{""type"":""MultiPoint"",""coordinates"":[]}"
20220209T105211_20220209T105206_T30TYR_00000000000000000581_0,2116,1603,306,430,559,853,990,1059,986,1363,5,2022-02-09,Calcaric Cambisols,45.80519683137868,0.059315101682322416,1410,RMQS1,"{""type"":""MultiPoint"",""coordinates"":[]}"
20220209T105211_20220209T105206_T30TYR_000000000000000005a5_0,4014,3334,1066,1670,2266,2595,2693,2771,2986,2915,5,2022-02-09,Calcaric Cambisols,45.66528210595559,0.2704780405947115,1451,RMQS1,"{""type"":""MultiPoint"",""coordinates"":[]}"
20220209T105211_20220209T105206_T30TYR_000000000000000005c8_0,2614,1818,783,982,1154,1485,2006,2208,2352,2385,5,2022-02-09,Calcaric Cambisols,45.513089622659,-0.13346799206529747,1490,RMQS1,"{""type"":""MultiPoint"",""coordinates"":[]}"
20220209T105211_20220209T105206_T30TYR_0000000000000000055d_0,2646,1994,539,915,1164,1430,1602,1717,1896,1845,5,2022-02-09,Eutric Cambisols,45.95669494331757,0.4659446369728208,1371,RMQS1,"{""type"":""MultiPoint"",""coordinates"":[]}"
20220209T105211_20220209T105206_T30TYR_000000000000000005f1_0,2265,1591,604,902,978,1451,2017,2091,2220,2307,5,2022-02-09,Eutric Cambisols,45.373545582811104,0.07706807018069811,1533,RMQS1,"{""type"":""MultiPoint"",""coordinates"":[]}"
20220209T105211_20220209T105206_T30TYR_000000000000000005f4_0,1262,821,142,296,293,481,490,715,980,875,5,2022-02-09,Eutric Cambisols,45.3842787106273,0.6895959745915257,1536,RMQS1,"{""type"":""MultiPoint"",""coordinates"":[]}"
20220209T105211_20220209T105206_T30TYR_00000000000000000618_0,755,416,102,164,165,333,500,537,539,736,5,2022-02-09,Haplic Luvisols,45.22535704550756,-0.1206661379787615,1574,RMQS1,"{""type"":""MultiPoint"",""coordinates"":[]}"
20220209T105211_20220209T105206_T30TYR_00000000000000000644_0,1426,803,90,244,305,484,879,966,1276,1277,5,2022-02-09,Luvic Stagnosols,45.09929510727043,0.9012833888857089,1620,RMQS1,"{""type"":""MultiPoint"",""coordinates"":[]}"
20220209T105211_20220209T105206_T30TYR_000000000000000005c9_0,2896,2332,998,1318,1534,1810,2038,2203,2408,2391,5,2022-02-09,Regosols (Colluvic),45.51742584404047,0.07118138304806058,1491,RMQS1,"{""type"":""MultiPoint"",""coordinates"":[]}"
20220209T105211_20220209T105206_T30TYR_0000000000000000055b_0,2826,2217,620,1026,1350,1698,1932,2052,2160,2151,5,2022-02-09,Rendzic Leptosols,45.94908569567597,0.0533355420428352,1369,RMQS1,"{""type"":""MultiPoint"",""coordinates"":[]}"
20220209T105211_20220209T105206_T30TYR_000000000000000005f3_0,1869,1427,256,574,778,908,952,1059,1158,1103,5,2022-02-09,Rendzic Leptosols,45.38107425208028,0.4853942395465012,1535,RMQS1,"{""type"":""MultiPoint"",""coordinates"":[]}"
20220209T105211_20220209T105206_T30TYR_000000000000000005cc_0,1380,829,213,338,388,626,935,1198,1390,1382,5,2022-02-09,Stagnic Gleysols,45.5281872848107,0.6853036683982215,1494,RMQS1,"{""type"":""MultiPoint"",""coordinates"":[]}"
20220209T105211_20220209T105206_T30TYR_00000000000000000028_0,2245,1759,690,922,1204,1304,1720,1696,1750,2096,5,2022-02-09,Eutric Fluvisols,45.89861111,0.00277778,68782,{WD-WISE},"{""type"":""MultiPoint"",""coordinates"":[]}"
20220209T105211_20220209T105206_T30TYR_0000000000000000000a_0,3033,2440,462,922,925,1689,2846,2828,2424,3175,5,2022-02-09,Haplic Calcisols,45.89860153,0.16666700000000004,613272,{WD-eSOTER},"{""type"":""MultiPoint"",""coordinates"":[]}"
20220209T105211_20220209T105206_T30TYS_00000000000000000062_0,3045,2626,621,1062,1558,1803,1877,2009,2126,2179,5,2022-02-09,Calcaric Cambisols,45.9412014057957,0.065289686897003,SIM30965,HWSDv2,"{""type"":""MultiPoint"",""coordinates"":[]}"
20220209T105211_20220209T105206_T30TYS_00000000000000000088_0,1174,747,128,255,338,560,727,889,719,941,5,2022-02-09,Gleyic Luvisols,46.03398133587703,0.3718930327644526,SIM82014,HWSDv2,"{""type"":""MultiPoint"",""coordinates"":[]}"
20220209T105211_20220209T105206_T30TYS_000000000000000004a4_0,3199,2177,612,1132,1272,1921,2718,2932,3160,3113,5,2022-02-09,Calcaric Cambisols,46.67258035875013,0.23199594562391013,1163,RMQS1,"{""type"":""MultiPoint"",""coordinates"":[]}"
20220209T105211_20220209T105206_T30TYS_00000000000000000512_0,2272,1411,292,511,528,963,1412,1623,1544,1858,5,2022-02-09,Calcaric Stagnosols,46.23686758524333,0.0412826508080623,1286,RMQS1,"{""type"":""MultiPoint"",""coordinates"":[]}"
20220209T105211_20220209T105206_T30TYS_000000000000000004a6_0,1494,991,172,288,381,575,775,908,1166,1178,5,2022-02-09,Eutric Cambisols,46.67952531374118,0.6501434335032911,1165,RMQS1,"{""type"":""MultiPoint"",""coordinates"":[]}"
20220209T105211_20220209T105206_T30TYS_000000000000000004a7_0,2198,1520,298,586,798,1043,1307,1440,1688,1611,5,2022-02-09,Eutric Cambisols,46.68242330115931,0.8592545683175709,1166,RMQS1,"{""type"":""MultiPoint"",""coordinates"":[]}"
20220209T105211_20220209T105206_T30TYS_000000000000000004ed_0,2337,1571,455,746,912,1145,1709,1861,2056,2205,5,2022-02-09,Eutric Cambisols,46.38842793796657,0.4510903816713883,1246,RMQS1,"{""type"":""MultiPoint"",""coordinates"":[]}"
20220209T105211_20220209T105206_T30TYS_0000000000000000055d_0,2643,1992,507,902,1158,1425,1595,1711,1894,1840,5,2022-02-09,Eutric Cambisols,45.95669494331757,0.4659446369728208,1371,RMQS1,"{""type"":""MultiPoint"",""coordinates"":[]}"
20220209T105211_20220209T105206_T30TYS_0000000000000000047d_0,2504,1709,516,786,908,1388,1965,2132,2226,2318,5,2022-02-09,Haplic Luvisols,46.82014893841074,0.43599984899138555,1123,RMQS1,"{""type"":""MultiPoint"",""coordinates"":[]}"
20220209T105211_20220209T105206_T30TYS_00000000000000000536_0,2534,1885,542,863,1152,1580,1794,1943,2122,2061,5,2022-02-09,Luvic Cambisols,46.09698040593662,0.2541578951208035,1328,RMQS1,"{""type"":""MultiPoint"",""coordinates"":[]}"
20220209T105211_20220209T105206_T30TYS_0000000000000000055b_0,2825,2217,590,1014,1346,1694,1929,2048,2162,2149,5,2022-02-09,Rendzic Leptosols,45.94908569567597,0.0533355420428352,1369,RMQS1,"{""type"":""MultiPoint"",""coordinates"":[]}"
20220209T105211_20220209T105206_T30TYT_00000000000000000405_0,1496,1003,258,456,352,669,1105,1173,1286,1317,5,2022-02-09,Calcaric Cambisols,47.25807891374244,0.8433609298621253,992,RMQS1,"{""type"":""MultiPoint"",""coordinates"":[]}"
20220209T105211_20220209T105206_T30TYT_0000000000000000042c_0,1512,890,237,418,430,868,1213,1492,1524,1667,5,2022-02-09,Calcaric Cambisols,47.10794579824791,0.4258053285977075,1035,RMQS1,"{""type"":""MultiPoint"",""coordinates"":[]}"
20220209T105211_20220209T105206_T30TYT_0000000000000000037d_0,2114,1364,385,764,877,1330,1978,2143,2348,2268,5,2022-02-09,Eutric Cambisols,47.69231735110835,1.0443128583803534,845,RMQS1,"{""type"":""MultiPoint"",""coordinates"":[]}"
20220209T105211_20220209T105206_T30TYT_000000000000000003aa_0,2298,1749,552,872,1080,1466,1733,1828,1954,1949,5,2022-02-09,Eutric Cambisols,47.542927371413136,0.6227839914739651,895,RMQS1,"{""type"":""MultiPoint"",""coordinates"":[]}"
20220209T105211_20220209T105206_T30TYT_0000000000000000042f_0,2327,1450,606,1156,1072,1851,2490,2689,2754,2766,5,2022-02-09,Eutric Retisols,47.11670746180148,1.0581797222389806,1038,RMQS1,"{""type"":""MultiPoint"",""coordinates"":[]}"
20220209T105211_20220209T105206_T30TYT_000000000000000003ac_0,1785,1151,256,394,527,782,1038,1215,1410,1538,5,2022-02-09,Haplic Luvisols,47.54842634489564,1.0478077768911012,897,RMQS1,"{""type"":""MultiPoint"",""coordinates"":[]}"
20220209T105211_20220209T105206_T30TYT_0000000000000000047d_0,2508,1710,482,768,899,1381,1964,2131,2230,2317,5,2022-02-09,Haplic Luvisols,46.82014893841074,0.43599984899138555,1123,RMQS1,"{""type"":""MultiPoint"",""coordinates"":[]}"
20220209T105211_20220209T105206_T30TYT_000000000000000003d9_0,1813,1637,440,664,952,1097,1096,1225,1408,1410,5,2022-02-09,Luvic Cambisols,47.4019787775616,0.8393340704118676,947,RMQS1,"{""type"":""MultiPoint"",""coordinates"":[]}"
20220209T105211_20220209T105206_T30TYT_000000000000000003da_0,2223,1671,422,674,1002,1218,1371,1468,1698,1712,5,2022-02-09,Luvic Cambisols,47.404526962741336,1.0512838631524177,948,RMQS1,"{""type"":""MultiPoint"",""coordinates"":[]}"
20220209T105211_20220209T105206_T30TYT_0000000000000000042d_0,2460,1596,564,899,1042,1592,2122,2276,2512,2549,5,2022-02-09,Rendzic Leptosols,47.111251889494554,0.6365738313282675,1036,RMQS1,"{""type"":""MultiPoint"",""coordinates"":[]}"
20220209T105211_20220209T105206_T31TCH_00000000000000000852_0,1923,1312,440,834,982,1068,1534,1786,1951,1798,5,2022-02-09,Calcaric Cambisols,43.233830788422544,1.3411659095380064,2190,RMQS1,"{""type"":""MultiPoint"",""coordinates"":[]}"
20220209T105211_20220209T105206_T31TCH_0000000000000000084e_0,2672,1876,548,980,1198,1640,2171,2344,2623,2475,5,2022-02-09,Eutric Cambisols,43.223663957343106,0.5548682836284,2186,RMQS1,"{""type"":""MultiPoint"",""coordinates"":[]}"
20220209T105211_20220209T105206_T31TCH_0000000000000000086d_0,2945,2449,694,1284,1620,1905,2034,2220,2372,2292,5,2022-02-09,Eutric Cambisols,43.09172709977716,1.5397731446021294,2226,RMQS1,"{""type"":""MultiPoint"",""coordinates"":[]}"
20220209T105211_20220209T105206_T31TCH_0000000000000000088d_0,1220,728,180,285,207,325,585,706,846,938,5,2022-02-09,Eutric Cambisols,42.80266077505149,1.3485900955800136,2276,RMQS1,"{""type"":""MultiPoint"",""coordinates"":[]}"
20220209T105211_20220209T105206_T31TCH_0000000000000000087d_0,2825,1778,654,1077,1350,1582,2219,2426,3836,2933,5,2022-02-09,Fibric Histosols,42.93625055232636,0.5637405651906553,2249,RMQS1,"{""type"":""MultiPoint"",""coordinates"":[]}"
20220209T105211_20220209T105206_T31TCH_00000000000000000854_0,2305,2054,634,1220,1594,1667,1814,1885,2119,1952,5,2022-02-09,Mollic Umbrisols,43.23675734912461,1.7343973183347328,2192,RMQS1,"{""type"":""MultiPoint"",""coordinates"":[]}"
20220209T105211_20220209T105206_T31TCH_00000000000000000881_0,1307,787,54,248,294,611,910,991,1166,1226,5,2022-02-09,Mollic Umbrisols,42.947999640433096,1.5417601620867964,2254,RMQS1,"{""type"":""MultiPoint"",""coordinates"":[]}"
20220209T105211_20220209T105206_T31TCJ_00000000000000000083_0,2100,1467,594,742,1001,1108,1548,1638,1664,1724,5,2022-02-09,Calcaric Cambisols,43.78608327784773,1.3843490695106873,SIM27892,HWSDv2,"{""type"":""MultiPoint"",""coordinates"":[]}"
20220209T105211_20220209T105206_T31TCJ_00000000000000000731_0,2168,1485,517,973,1112,1415,1675,1804,1994,1870,5,2022-02-09,Calcaric Cambisols,44.2404851063561,1.3234055011692607,1875,RMQS1,"{""type"":""MultiPoint"",""coordinates"":[]}"
20220209T105211_20220209T105206_T31TCJ_00000000000000000732_0,2301,1640,518,858,1082,1319,1498,1678,1943,1828,5,2022-02-09,Calcaric Cambisols,44.24215747682371,1.5235202230528846,1876,RMQS1,"{""type"":""MultiPoint"",""coordinates"":[]}"
20220209T105211_20220209T105206_T31TCJ_0000000000000000075a_0,2040,1573,439,850,1064,1304,1394,1345,1516,1552,5,2022-02-09,Calcaric Cambisols,44.08630866803374,0.5277088899999789,1917,RMQS1,"{""type"":""MultiPoint"",""coordinates"":[]}"
20220209T105211_20220209T105206_T31TCJ_000000000000000007b2_0,2562,1827,536,980,1084,1575,2119,2200,2313,2261,5,2022-02-09,Calcaric Cambisols,43.801814078706926,0.7353863730644742,2011,RMQS1,"{""type"":""MultiPoint"",""coordinates"":[]}"
20220209T105211_20220209T105206_T31TCJ_000000000000000007b3_0,2071,1545,458,804,940,1309,1596,1694,1727,1740,5,2022-02-09,Calcaric Cambisols,43.804563518724855,0.9339386706927577,2012,RMQS1,"{""type"":""MultiPoint"",""coordinates"":[]}"
20220209T105211_20220209T105206_T31TCJ_000000000000000007de_0,3235,2209,708,1066,1380,1736,2200,2346,2595,2599,5,2022-02-09,Calcaric Cambisols,43.6607654692577,0.9374759088034046,2058,RMQS1,"{""type"":""MultiPoint"",""coordinates"":[]}"
20220209T105211_20220209T105206_T31TCJ_000000000000000007e1_0,2150,1497,451,867,1050,1330,1680,1843,1885,2011,5,2022-02-09,Calcaric Cambisols,43.66811185509377,1.7298359782939583,2062,RMQS1,"{""type"":""MultiPoint"",""coordinates"":[]}"
20220209T105211_20220209T105206_T31TCJ_00000000000000000806_0,2695,1982,504,1015,1130,1519,2031,2162,2424,2297,5,2022-02-09,Calcaric Cambisols,43.51424709370381,0.7434401003762473,2103,RMQS1,"{""type"":""MultiPoint"",""coordinates"":[]}"
20220209T105211_20220209T105206_T31TCJ_00000000000000000807_0,2641,2005,719,1092,1324,1457,1904,2180,2392,2456,5,2022-02-09,Calcaric Cambisols,43.51698261740234,0.9409952712103028,2104,RMQS1,"{""type"":""MultiPoint"",""coordinates"":[]}"
20220209T105211_20220209T105206_T31TCJ_0000000000000000080b_0,2123,1790,410,781,1078,1212,1379,1440,1587,1541,5,2022-02-09,Calcaric Cambisols,43.524309926758626,1.7313633815716516,2108,RMQS1,"{""type"":""MultiPoint"",""coordinates"":[]}"
20220209T105211_20220209T105206_T31TCJ_00000000000000000832_0,2133,1713,425,800,1054,1222,1409,1479,1644,1566,5,2022-02-09,Calcaric Cambisols,43.379238151330306,1.5357705717025496,2152,RMQS1,"{""type"":""MultiPoint"",""coordinates"":[]}"
20220209T105211_20220209T105206_T31TCJ_000000000000000007b1_0,2020,1541,308,748,976,1125,1195,1278,1224,1262,5,2022-02-09,Eutric Cambisols,43.79870099823677,0.5368540129522552,2010,RMQS1,"{""type"":""MultiPoint"",""coordinates"":[]}"
20220209T105211_20220209T105206_T31TCJ_000000000000000007dc_0,2179,1398,366,775,844,1232,1791,1958,2170,2134,5,2022-02-09,Eutric Cambisols,43.654918009678816,0.5413905996353507,2056,RMQS1,"{""type"":""MultiPoint"",""coordinates"":[]}"
20220209T105211_20220209T105206_T31TCJ_0000000000000000080a_0,1896,1548,350,708,939,1154,1219,1254,1231,1321,5,2022-02-09,Eutric Cambisols,43.52302003271735,1.5337542549797725,2107,RMQS1,"{""type"":""MultiPoint"",""coordinates"":[]}"
20220209T105211_20220209T105206_T31TCJ_0000000000000000075c_0,1890,1537,517,1000,1062,1564,1799,1844,1973,1884,5,2022-02-09,Eutric Fluvisols,44.09220210607855,0.9268088875590461,1919,RMQS1,"{""type"":""MultiPoint"",""coordinates"":[]}"
20220209T105211_20220209T105206_T31TCJ_00000000000000000831_0,1716,1322,281,545,741,1034,1188,1183,1253,1460,5,2022-02-09,Eutric Stagnosols,43.377591309564,1.3386668701530315,2151,RMQS1,"{""type"":""MultiPoint"",""coordinates"":[]}"
20220209T105211_20220209T105206_T31TCJ_000000000000000007b6_0,2447,1749,411,680,800,1179,1543,1738,2107,1989,5,2022-02-09,Luvic Stagnosols,43.8106328718726,1.529691911310527,2015,RMQS1,"{""type"":""MultiPoint"",""coordinates"":[]}"
20220209T105211_20220209T105206_T31TCJ_000000000000000007b4_0,1598,1017,166,345,410,630,1020,1175,1356,1338,5,2022-02-09,Mollic Umbrisols,43.80694972273113,1.1325087340679219,2013,RMQS1,"{""type"":""MultiPoint"",""coordinates"":[]}"
20220209T105211_20220209T105206_T31TCJ_000000000000000007e0_0,1911,1363,276,509,716,1051,1432,1495,1522,1801,5,2022-02-09,Mollic Umbrisols,43.66516340856269,1.3336310198705403,2060,RMQS1,"{""type"":""MultiPoint"",""coordinates"":[]}"
20220209T105211_20220209T105206_T31TCJ_000000000000000007df_0,2016,1603,428,781,1006,1226,1346,1423,1526,1526,5,2022-02-09,Regosols (Colluvic),43.663145610161905,1.1355461494338939,2059,RMQS1,"{""type"":""MultiPoint"",""coordinates"":[]}"
20220209T105211_20220209T105206_T31TCJ_00000000000000000833_0,2923,2202,548,960,1162,1771,2251,2474,2702,2642,5,2022-02-09,Regosols (Colluvic),43.3805251082789,1.7328839686620165,2153,RMQS1,"{""type"":""MultiPoint"",""coordinates"":[]}"
20220209T105211_20220209T105206_T31TCJ_00000000000000000809_0,1796,1439,524,760,843,906,1361,1664,1554,1809,5,2022-02-09,Technosols,43.521369132715655,1.336155148233926,2106,RMQS1,"{""type"":""MultiPoint"",""coordinates"":[]}"
20220209T105211_20220209T105206_T31TCK_000000000000000006e2_0,2270,1543,335,652,824,1112,1636,1813,2044,2078,5,2022-02-09,Calcaric Cambisols,44.529903166558434,1.5193539537680492,1791,RMQS1,"{""type"":""MultiPoint"",""coordinates"":[]}"
20220209T105211_20220209T105206_T31TCK_00000000000000000707_0,2154,1400,249,393,527,990,1351,1624,1716,1925,5,2022-02-09,Calcaric Cambisols,44.384347996292206,1.3208166726054913,1832,RMQS1,"{""type"":""MultiPoint"",""coordinates"":[]}"
20220209T105211_20220209T105206_T31TCK_0000000000000000072e_0,1928,1520,410,792,1082,1232,1289,1339,1437,1427,5,2022-02-09,Calcaric Cambisols,44.23326949240233,0.7231486374623786,1872,RMQS1,"{""type"":""MultiPoint"",""coordinates"":[]}"
20220209T105211_20220209T105206_T31TCK_00000000000000000730_0,1594,1139,399,568,726,914,1096,1263,1390,1370,5,2022-02-09,Calcaric Cambisols,44.23844644905489,1.123303160675493,1874,RMQS1,"{""type"":""MultiPoint"",""coordinates"":[]}"
20220209T105211_20220209T105206_T31TCK_00000000000000000731_0,2150,1476,511,973,1112,1404,1656,1780,1988,1851,5,2022-02-09,Calcaric Cambisols,44.2404851063561,1.3234055011692607,1875,RMQS1,"{""type"":""MultiPoint"",""coordinates"":[]}"
20220209T105211_20220209T105206_T31TCK_00000000000000000732_0,2304,1644,510,858,1078,1330,1514,1692,1946,1842,5,2022-02-09,Calcaric Cambisols,44.24215747682371,1.5235202230528846,1876,RMQS1,"{""type"":""MultiPoint"",""coordinates"":[]}"
20220209T105211_20220209T105206_T31TCK_000000000000000006e0_0,1174,685,10,92,77,562,827,981,493,1104,5,2022-02-09,Chromic Cambisols,44.52617160980866,1.1170896354942033,1789,RMQS1,"{""type"":""MultiPoint"",""coordinates"":[]}"
20220209T105211_20220209T105206_T31TCK_000000000000000006e1_0,2212,1485,470,726,890,1077,1601,1772,2478,2131,5,2022-02-09,Chromic Cambisols,44.52822162360067,1.318215247363333,1790,RMQS1,"{""type"":""MultiPoint"",""coordinates"":[]}"
20220209T105211_20220209T105206_T31TCK_0000000000000000066d_0,3444,2180,657,1150,1416,2020,2718,3098,3645,3609,5,2022-02-09,Eutric Cambisols,44.959901287325515,1.310330267779428,1663,RMQS1,"{""type"":""MultiPoint"",""coordinates"":[]}"
20220209T105211_20220209T105206_T31TCK_00000000000000000694_0,2501,1642,732,1162,1614,1785,2150,2192,2599,2605,5,2022-02-09,Eutric Cambisols,44.81599910342824,1.312972402777045,1705,RMQS1,"{""type"":""MultiPoint"",""coordinates"":[]}"
20220209T105211_20220209T105206_T31TCK_00000000000000000695_0,1409,911,247,409,428,712,1016,1204,1362,1442,5,2022-02-09,Eutric Cambisols,44.81768950681203,1.5151456106996801,1706,RMQS1,"{""type"":""MultiPoint"",""coordinates"":[]}"
20220209T105211_20220209T105206_T31TCK_000000000000000006ba_0,1461,875,202,392,457,646,950,1135,1422,1400,5,2022-02-09,Eutric Cambisols,44.67005024672908,1.1139592342056037,1747,RMQS1,"{""type"":""MultiPoint"",""coordinates"":[]}"
20220209T105211_20220209T105206_T31TCK_00000000000000000691_0,1719,1042,231,336,511,757,996,1167,1481,1418,5,2022-02-09,Luvic Cambisols,44.808706456853045,0.7065437283644227,1702,RMQS1,"{""type"":""MultiPoint"",""coordinates"":[]}"
20220209T105211_20220209T105206_T31TCK_0000000000000000072d_0,3148,2336,684,1012,1436,1692,1833,1983,2232,2291,5,2022-02-09,Luvic Cambisols,44.230132383061516,0.5231018340485758,1871,RMQS1,"{""type"":""MultiPoint"",""coordinates"":[]}"
20220209T105211_20220209T105206_T31TCK_00000000000000000647_0,1866,1183,380,638,690,960,1381,1553,2362,1903,5,2022-02-09,Mollic Umbrisols,45.105510375764,1.510893120472391,1623,RMQS1,"{""type"":""MultiPoint"",""coordinates"":[]}"
20220209T105211_20220209T105206_T31TCK_00000000000000000669_0,2522,1485,316,452,744,1037,1272,1615,1690,2064,5,2022-02-09,Mollic Umbrisols,44.94941033435976,0.49971586144971286,1659,RMQS1,"{""type"":""MultiPoint"",""coordinates"":[]}"
20220209T105211_20220209T105206_T31TCK_0000000000000000072f_0,907,507,103,240,270,307,455,600,943,658,5,2022-02-09,Regosols (Colluvic),44.236041110552094,0.9232168060497443,1873,RMQS1,"{""type"":""MultiPoint"",""coordinates"":[]}"
20220209T105211_20220209T105206_T31TCK_00000000000000000692_0,2254,1521,292,483,756,1009,1251,1448,1506,1670,5,2022-02-09,Rendzic Leptosols,44.811507211882365,0.9086684261965275,1703,RMQS1,"{""type"":""MultiPoint"",""coordinates"":[]}"
20220209T105211_20220209T105206_T31TCK_000000000000000006bc_0,1605,1004,178,339,407,700,1061,1295,1362,1563,5,2022-02-09,Rendzic Leptosols,44.673791614703994,1.517255178519555,1749,RMQS1,"{""type"":""MultiPoint"",""coordinates"":[]}"
20220209T105211_20220209T105206_T31TCK_000000000000000006bd_0,1786,1106,190,304,570,741,1135,1274,1505,1737,5,2022-02-09,Rendzic Leptosols,44.675108652254636,1.7189202827054855,1750,RMQS1,"{""type"":""MultiPoint"",""coordinates"":[]}"
20220209T105211_20220209T105206_T31TCK_000000000000000006e3_0,1800,1072,264,442,612,805,1202,1475,1954,1788,5,2022-02-09,Rendzic Leptosols,44.53121665338119,1.720502862514033,1792,RMQS1,"{""type"":""MultiPoint"",""coordinates"":[]}"
20220209T105211_20220209T105206_T31TCK_00000000000000000001_0,2226,1506,278,644,733,1346,2083,2215,3049,2615,5,2022-02-09,Dystric Gleysols,44.98055556,1.7166666699999997,66214,"{WD-eSOTER,WD-WISE}","{""type"":""MultiPoint"",""coordinates"":[]}"
20220209T105211_20220209T105206_T31TCL_000000000000000005cd_0,2054,1219,258,434,588,911,1254,1478,1653,1815,5,2022-02-09,Dystric Cambisols,45.53102549248425,0.8900595391276002,1495,RMQS1,"{""type"":""MultiPoint"",""coordinates"":[]}"
20220209T105211_20220209T105206_T31TCL_0000000000000000055d_0,2687,2032,574,939,1180,1461,1656,1777,1920,1912,5,2022-02-09,Eutric Cambisols,45.95669494331757,0.4659446369728208,1371,RMQS1,"{""type"":""MultiPoint"",""coordinates"":[]}"
20220209T105211_20220209T105206_T31TCL_000000000000000005f4_0,1453,868,196,335,361,548,758,992,932,1160,5,2022-02-09,Eutric Cambisols,45.3842787106273,0.6895959745915257,1536,RMQS1,"{""type"":""MultiPoint"",""coordinates"":[]}"
20220209T105211_20220209T105206_T31TCL_00000000000000000621_0,2087,1404,406,628,797,1167,1601,1726,1977,2201,5,2022-02-09,Eutric Cambisols,45.25076202798201,1.712506248180715,1583,RMQS1,"{""type"":""MultiPoint"",""coordinates"":[]}"
20220209T105211_20220209T105206_T31TCL_0000000000000000055e_0,1392,856,241,335,336,581,951,1065,1328,1428,5,2022-02-09,Mollic Umbrisols,45.95993251764598,0.6722888016780184,1372,RMQS1,"{""type"":""MultiPoint"",""coordinates"":[]}"
20220209T105211_20220209T105206_T31TCL_00000000000000000647_0,1893,1198,386,648,698,968,1394,1573,2370,1934,5,2022-02-09,Mollic Umbrisols,45.105510375764,1.510893120472391,1623,RMQS1,"{""type"":""MultiPoint"",""coordinates"":[]}"
20220209T105211_20220209T105206_T31TCL_000000000000000005f3_0,1884,1445,285,567,753,939,1001,1103,1154,1178,5,2022-02-09,Rendzic Leptosols,45.38107425208028,0.4853942395465012,1535,RMQS1,"{""type"":""MultiPoint"",""coordinates"":[]}"
20220209T105211_20220209T105206_T31TCL_000000000000000005cc_0,1363,823,207,334,346,633,923,1165,1299,1379,5,2022-02-09,Stagnic Gleysols,45.5281872848107,0.6853036683982215,1494,RMQS1,"{""type"":""MultiPoint"",""coordinates"":[]}"
20220209T105211_20220209T105206_T31TCL_000000000000000005a9_0,2143,1426,278,476,602,1023,1303,1486,1418,1788,5,2022-02-09,Umbric Leptosols,45.67741463484843,1.0915878497268319,1455,RMQS1,"{""type"":""MultiPoint"",""coordinates"":[]}"
20220209T105211_20220209T105206_T31TCM_00000000000000000480_0,2246,1481,380,578,655,903,1558,1605,2376,1812,5,2022-02-09,Calcaric Cambisols,46.82886512189024,1.0650028550237045,1126,RMQS1,"{""type"":""MultiPoint"",""coordinates"":[]}"
20220209T105211_20220209T105206_T31TCM_000000000000000004cd_0,1549,965,153,330,391,626,929,1098,1284,1360,5,2022-02-09,Calcaric Cambisols,46.5410081279246,1.0717536022518126,1207,RMQS1,"{""type"":""MultiPoint"",""coordinates"":[]}"
20220209T105211_20220209T105206_T31TCM_0000000000000000053c_0,1935,1152,152,373,419,752,1178,1393,1546,1679,5,2022-02-09,Cambic Umbrisols,46.114401881969904,1.702631890325821,1335,RMQS1,"{""type"":""MultiPoint"",""coordinates"":[]}"
20220209T105211_20220209T105206_T31TCM_00000000000000000483_0,1891,1641,494,686,670,990,1430,1623,1848,1692,5,2022-02-09,Eutric Cambisols,46.834125907327305,1.6941691786867756,1129,RMQS1,"{""type"":""MultiPoint"",""coordinates"":[]}"
20220209T105211_20220209T105206_T31TCM_000000000000000004a5_0,2999,2087,552,990,1046,1772,2669,2900,3002,2960,5,2022-02-09,Eutric Cambisols,46.67624425670514,0.4410565506621489,1164,RMQS1,"{""type"":""MultiPoint"",""coordinates"":[]}"
20220209T105211_20220209T105206_T31TCM_000000000000000004a6_0,1466,976,201,298,383,593,797,966,1138,1223,5,2022-02-09,Eutric Cambisols,46.67952531374118,0.6501434335032911,1165,RMQS1,"{""type"":""MultiPoint"",""coordinates"":[]}"
20220209T105211_20220209T105206_T31TCM_000000000000000004a7_0,2159,1508,313,593,744,1040,1293,1425,1724,1628,5,2022-02-09,Eutric Cambisols,46.68242330115931,0.8592545683175709,1166,RMQS1,"{""type"":""MultiPoint"",""coordinates"":[]}"
20220209T105211_20220209T105206_T31TCM_000000000000000004a8_0,2683,1722,535,867,1080,1543,1969,2205,2374,2517,5,2022-02-09,Eutric Cambisols,46.68493825055593,1.0683872613516354,1167,RMQS1,"{""type"":""MultiPoint"",""coordinates"":[]}"
20220209T105211_20220209T105206_T31TCM_000000000000000004ed_0,2448,1670,480,774,928,1251,1632,1751,2004,2035,5,2022-02-09,Eutric Cambisols,46.38842793796657,0.4510903816713883,1246,RMQS1,"{""type"":""MultiPoint"",""coordinates"":[]}"
20220209T105211_20220209T105206_T31TCM_0000000000000000055d_0,2707,2044,540,924,1172,1470,1663,1790,1913,1921,5,2022-02-09,Eutric Cambisols,45.95669494331757,0.4659446369728208,1371,RMQS1,"{""type"":""MultiPoint"",""coordinates"":[]}"
20220209T105211_20220209T105206_T31TCM_0000000000000000047d_0,2484,1686,516,832,932,1403,2043,2209,2272,2382,5,2022-02-09,Haplic Luvisols,46.82014893841074,0.43599984899138555,1123,RMQS1,"{""type"":""MultiPoint"",""coordinates"":[]}"
20220209T105211_20220209T105206_T31TCM_000000000000000004cb_0,2083,1334,324,399,428,1181,1849,2055,1707,2315,5,2022-02-09,Haplic Luvisols,46.532337162248965,0.4460865612049353,1204,RMQS1,"{""type"":""MultiPoint"",""coordinates"":[]}"
20220209T105211_20220209T105206_T31TCM_0000000000000000055e_0,1408,864,199,312,320,579,951,1062,1325,1434,5,2022-02-09,Mollic Umbrisols,45.95993251764598,0.6722888016780184,1372,RMQS1,"{""type"":""MultiPoint"",""coordinates"":[]}"
20220209T105211_20220209T105206_T31TCM_000000000000000004a9_0,541,373,115,272,291,466,373,371,362,337,5,2022-02-09,Stagnic Gleysols,46.68707009390723,1.2775377748891805,1168,RMQS1,"{""type"":""MultiPoint"",""coordinates"":[]}"
20220209T105211_20220209T105206_T31TCN_000000000000000003ae_0,1741,1210,311,432,503,809,1205,1592,1288,1715,5,2022-02-09,Calcaric Cambisols,47.552368234556766,1.4729089085002178,899,RMQS1,"{""type"":""MultiPoint"",""coordinates"":[]}"
20220209T105211_20220209T105206_T31TCN_00000000000000000405_0,1289,908,238,331,248,664,884,939,1086,1100,5,2022-02-09,Calcaric Cambisols,47.25807891374244,0.8433609298621253,992,RMQS1,"{""type"":""MultiPoint"",""coordinates"":[]}"
20220209T105211_20220209T105206_T31TCN_0000000000000000042c_0,1501,882,220,396,426,892,1252,1537,1474,1675,5,2022-02-09,Calcaric Cambisols,47.10794579824791,0.4258053285977075,1035,RMQS1,"{""type"":""MultiPoint"",""coordinates"":[]}"
20220209T105211_20220209T105206_T31TCN_0000000000000000045c_0,2470,1695,318,732,922,1318,1909,2110,2322,2277,5,2022-02-09,Calcaric Cambisols,46.97806314421428,1.6924498201961606,1085,RMQS1,"{""type"":""MultiPoint"",""coordinates"":[]}"
20220209T105211_20220209T105206_T31TCN_0000000000000000037d_0,2090,1347,366,764,867,1318,1958,2107,2298,2242,5,2022-02-09,Eutric Cambisols,47.69231735110835,1.0443128583803534,845,RMQS1,"{""type"":""MultiPoint"",""coordinates"":[]}"
20220209T105211_20220209T105206_T31TCN_000000000000000003aa_0,2290,1733,554,882,1086,1472,1747,1854,1964,1973,5,2022-02-09,Eutric Cambisols,47.542927371413136,0.6227839914739651,895,RMQS1,"{""type"":""MultiPoint"",""coordinates"":[]}"
20220209T105211_20220209T105206_T31TCN_0000000000000000042f_0,2341,1474,694,1186,1152,1893,2496,2713,2739,2788,5,2022-02-09,Eutric Retisols,47.11670746180148,1.0581797222389806,1038,RMQS1,"{""type"":""MultiPoint"",""coordinates"":[]}"
20220209T105211_20220209T105206_T31TCN_0000000000000000045a_0,2159,1623,632,974,1270,1585,1701,1796,1980,1964,5,2022-02-09,Eutric Retisols,46.97493184897627,1.2718698805445425,1083,RMQS1,"{""type"":""MultiPoint"",""coordinates"":[]}"
20220209T105211_20220209T105206_T31TCN_000000000000000003ac_0,1791,1149,264,404,544,785,1046,1223,1416,1552,5,2022-02-09,Haplic Luvisols,47.54842634489564,1.0478077768911012,897,RMQS1,"{""type"":""MultiPoint"",""coordinates"":[]}"
20220209T105211_20220209T105206_T31TCN_000000000000000003d8_0,2120,1503,586,1015,970,1624,2326,2433,2996,2715,5,2022-02-09,Luvic Cambisols,47.39904256487784,0.6274057665303514,946,RMQS1,"{""type"":""MultiPoint"",""coordinates"":[]}"
20220209T105211_20220209T105206_T31TCN_000000000000000003d9_0,1817,1672,454,658,946,1074,1114,1212,1368,1387,5,2022-02-09,Luvic Cambisols,47.4019787775616,0.8393340704118676,947,RMQS1,"{""type"":""MultiPoint"",""coordinates"":[]}"
20220209T105211_20220209T105206_T31TCN_000000000000000003da_0,2289,1699,417,692,1013,1247,1420,1540,1689,1762,5,2022-02-09,Luvic Cambisols,47.404526962741336,1.0512838631524177,948,RMQS1,"{""type"":""MultiPoint"",""coordinates"":[]}"
20220209T105211_20220209T105206_T31TCN_000000000000000003db_0,2415,1632,510,890,1034,1597,2291,2529,2666,2649,5,2022-02-09,Luvic Cambisols,47.40668735158221,1.2632529913235573,949,RMQS1,"{""type"":""MultiPoint"",""coordinates"":[]}"
20220209T105211_20220209T105206_T31TCN_0000000000000000045b_0,1898,1177,215,524,600,1004,1426,1584,1698,1740,5,2022-02-09,Luvic Cambisols,46.976690235974914,1.4821539910955996,1084,RMQS1,"{""type"":""MultiPoint"",""coordinates"":[]}"
20220209T105211_20220209T105206_T31TCN_0000000000000000034e_0,1824,1157,212,403,547,811,1108,1159,1550,1557,5,2022-02-09,Luvic Stagnosols,47.84016084763797,1.4682119105928768,795,RMQS1,"{""type"":""MultiPoint"",""coordinates"":[]}"
20220209T105211_20220209T105206_T31TCN_000000000000000003ad_0,1929,1258,278,401,598,891,1165,1338,1578,1640,5,2022-02-09,Luvic Stagnosols,47.55059190446798,1.2603501431723405,898,RMQS1,"{""type"":""MultiPoint"",""coordinates"":[]}"
20220209T105211_20220209T105206_T31TCN_000000000000000003af_0,1946,1181,210,376,508,812,1026,1204,1466,1517,5,2022-02-09,Luvic Stagnosols,47.55375537462604,1.685480171523393,900,RMQS1,"{""type"":""MultiPoint"",""coordinates"":[]}"
20220209T105211_20220209T105206_T31TCN_0000000000000000034f_0,2299,1962,638,962,1376,1595,1633,1729,1950,1829,5,2022-02-09,Mollic Umbrisols,47.84155543400575,1.681939134662969,796,RMQS1,"{""type"":""MultiPoint"",""coordinates"":[]}"
20220209T105211_20220209T105206_T31TCN_0000000000000000037e_0,1591,961,151,304,392,616,965,1133,1278,1379,5,2022-02-09,Mollic Umbrisols,47.69448819042784,1.2574316936219125,846,RMQS1,"{""type"":""MultiPoint"",""coordinates"":[]}"
20220209T105211_20220209T105206_T31TCN_0000000000000000037f_0,2365,1912,468,727,1010,1147,1232,1356,1506,1533,5,2022-02-09,Rendzic Leptosols,47.696269219574035,1.4705667746731201,847,RMQS1,"{""type"":""MultiPoint"",""coordinates"":[]}"
20220209T105211_20220209T105206_T31TCN_0000000000000000042d_0,2527,1642,576,916,1034,1598,2166,2382,2534,2619,5,2022-02-09,Rendzic Leptosols,47.111251889494554,0.6365738313282675,1036,RMQS1,"{""type"":""MultiPoint"",""coordinates"":[]}"
20220209T105211_20220209T105206_T31TCN_00000000000000000457_0,2686,1717,513,748,792,1484,2217,2380,2534,2714,5,2022-02-09,Stagnic Gleysols,46.96734759548669,0.6411210616326486,1080,RMQS1,"{""type"":""MultiPoint"",""coordinates"":[]}"
20220209T105211_20220209T105206_T31TDH_0000000000000000003d_0,2446,1914,557,828,1112,1322,1414,1481,1740,1721,5,2022-02-09,Eutric Cambisols,43.08330529252448,1.8953747700466825,SIM11644,HWSDv2,"{""type"":""MultiPoint"",""coordinates"":[]}"
20220209T105211_20220209T105206_T31TDH_00000000000000000856_0,1943,1423,612,865,1078,1284,1740,1867,2146,1994,5,2022-02-09,Calcaric Arenosols,43.23824536900353,2.1276596812268993,2194,RMQS1,"{""type"":""MultiPoint"",""coordinates"":[]}"
20220209T105211_20220209T105206_T31TDH_0000000000000000086f_0,1440,864,288,443,556,716,1082,1167,1414,1439,5,2022-02-09,Calcaric Cambisols,43.09392951863373,1.9320413187199543,2228,RMQS1,"{""type"":""MultiPoint"",""coordinates"":[]}"
20220209T105211_20220209T105206_T31TDH_00000000000000000870_0,2451,1651,448,738,828,1354,1865,2110,2542,2316,5,2022-02-09,Calcaric Cambisols,43.094492232872064,2.1281842266731097,2229,RMQS1,"{""type"":""MultiPoint"",""coordinates"":[]}"
20220209T105211_20220209T105206_T31TDH_00000000000000000871_0,2187,1404,411,622,772,1044,1497,1684,1998,1939,5,2022-02-09,Calcaric Cambisols,43.09469607384413,2.3243282873192377,2230,RMQS1,"{""type"":""MultiPoint"",""coordinates"":[]}"
20220209T105211_20220209T105206_T31TDH_00000000000000000884_0,1199,747,147,209,210,480,798,977,1230,1136,5,2022-02-09,Calcaric Cambisols,42.95075804067662,2.1287056572835286,2257,RMQS1,"{""type"":""MultiPoint"",""coordinates"":[]}"
20220209T105211_20220209T105206_T31TDH_0000000000000000089a_0,2107,1377,273,431,611,840,1125,1262,1462,1675,5,2022-02-09,Mollic Umbrisols,42.66334998625166,2.1297418230729743,2300,RMQS1,"{""type"":""MultiPoint"",""coordinates"":[]}"
20220209T105211_20220209T105206_T31TDH_000000000000000008a6_0,3381,2308,656,1016,1394,1620,2000,2249,2652,2567,5,2022-02-09,Regosols (Colluvic),42.51967799126664,2.1302565886024913,2314,RMQS1,"{""type"":""MultiPoint"",""coordinates"":[]}"
20220209T105211_20220209T105206_T31TDH_000000000000000008a7_0,533,270,70,208,127,292,738,1126,2160,1069,5,2022-02-09,Regosols (Colluvic),42.51988027976898,2.324461612197442,2315,RMQS1,"{""type"":""MultiPoint"",""coordinates"":[]}"
20220209T105211_20220209T105206_T31TDH_00000000000000000855_0,2594,1875,547,1036,1074,1660,2284,2482,2602,2535,5,2022-02-09,Rendzic Leptosols,43.237681525941696,1.9310260055678181,2193,RMQS1,"{""type"":""MultiPoint"",""coordinates"":[]}"
20220209T105211_20220209T105206_T31TDJ_00000000000000000760_0,2456,1534,366,716,908,1466,2219,2399,2339,2588,5,2022-02-09,Calcaric Cambisols,44.10054393938835,1.9248303898472057,1924,RMQS1,"{""type"":""MultiPoint"",""coordinates"":[]}"
20220209T105211_20220209T105206_T31TDJ_0000000000000000078c_0,2265,1803,566,868,1270,1442,1895,1992,2214,2059,5,2022-02-09,Calcaric Cambisols,43.9572674411978,2.1250002129640184,1972,RMQS1,"{""type"":""MultiPoint"",""coordinates"":[]}"
20220209T105211_20220209T105206_T31TDJ_000000000000000007e3_0,2010,1486,546,884,968,1319,1570,1698,1760,1786,5,2022-02-09,Calcaric Cambisols,43.66961104280001,2.1260713188749483,2064,RMQS1,"{""type"":""MultiPoint"",""coordinates"":[]}"
20220209T105211_20220209T105206_T31TDJ_0000000000000000078b_0,3171,2159,748,1078,1412,1769,2107,2305,2622,2574,5,2022-02-09,Eutric Cambisols,43.95669683331813,1.9258768685870264,1971,RMQS1,"{""type"":""MultiPoint"",""coordinates"":[]}"
20220209T105211_20220209T105206_T31TDJ_00000000000000000790_0,2199,1370,361,486,639,955,1255,1427,1538,1687,5,2022-02-09,Eutric Cambisols,43.9559082822179,2.9214950867099025,1976,RMQS1,"{""type"":""MultiPoint"",""coordinates"":[]}"
20220209T105211_20220209T105206_T31TDJ_0000000000000000080c_0,2806,1789,407,629,836,1189,1651,1866,2130,2227,5,2022-02-09,Haplic Luvisols,43.52580553458276,2.1266028762483478,2110,RMQS1,"{""type"":""MultiPoint"",""coordinates"":[]}"
20220209T105211_20220209T105206_T31TDJ_000000000000000007b9_0,2342,1532,360,706,905,1330,2053,2240,2144,2342,5,2022-02-09,Luvic Cambisols,43.813637782487255,2.324160020455109,2019,RMQS1,"{""type"":""MultiPoint"",""coordinates"":[]}"
20220209T105211_20220209T105206_T31TDJ_000000000000000007e2_0,2621,1819,602,870,1152,1446,1844,2062,2120,2275,5,2022-02-09,Luvic Cambisols,43.669042809087784,1.9279512878727754,2063,RMQS1,"{""type"":""MultiPoint"",""coordinates"":[]}"
20220209T105211_20220209T105206_T31TDJ_0000000000000000078e_0,2108,1326,370,636,724,973,1502,1727,2642,2116,5,2022-02-09,Mollic Umbrisols,43.957316031263744,2.5232520605323003,1974,RMQS1,"{""type"":""MultiPoint"",""coordinates"":[]}"
20220209T105211_20220209T105206_T31TDJ_000000000000000007bb_0,1672,1034,420,507,628,869,1099,1266,1414,1507,5,2022-02-09,Mollic Umbrisols,43.812960036126384,2.7214039607994196,2021,RMQS1,"{""type"":""MultiPoint"",""coordinates"":[]}"
20220209T105211_20220209T105206_T31TDJ_000000000000000007e5_0,1208,741,210,408,475,670,999,1165,1232,1181,5,2022-02-09,Mollic Umbrisols,43.6696596863548,2.522316477806547,2066,RMQS1,"{""type"":""MultiPoint"",""coordinates"":[]}"
20220209T105211_20220209T105206_T31TDJ_00000000000000000834_0,4007,3451,1562,2288,2530,2902,3078,3130,3432,3239,5,2022-02-09,Regosols (Colluvic),43.38145144609924,1.9300054714673698,2154,RMQS1,"{""type"":""MultiPoint"",""coordinates"":[]}"
20220209T105211_20220209T105206_T31TDJ_000000000000000007b8_0,1697,1066,327,505,576,906,1376,1504,1586,1618,5,2022-02-09,Rendzic Leptosols,43.81343217854103,2.1255375569197064,2018,RMQS1,"{""type"":""MultiPoint"",""coordinates"":[]}"
20220209T105211_20220209T105206_T31TDJ_00000000000000000765_0,1643,1098,527,572,610,864,1114,1377,1534,1577,5,2022-02-09,Umbric Leptosols,44.09975448158712,2.9229781145275946,1929,RMQS1,"{""type"":""MultiPoint"",""coordinates"":[]}"
20220209T105211_20220209T105206_T31TDK_0000000000000000069c_0,1563,967,249,350,447,730,1081,1321,1340,1533,5,2022-02-09,Albic Podzols,44.819159463001164,2.930508278624638,1713,RMQS1,"{""type"":""MultiPoint"",""coordinates"":[]}"
20220209T105211_20220209T105206_T31TDK_000000000000000006be_0,2418,1678,306,426,512,980,1448,1574,1655,2068,5,2022-02-09,Calcaric Cambisols,44.67605628734128,1.9205934098289061,1751,RMQS1,"{""type"":""MultiPoint"",""coordinates"":[]}"
20220209T105211_20220209T105206_T31TDK_000000000000000008e3_0,1548,992,103,269,356,613,1027,1329,1347,1520,5,2022-02-09,Calcaric Cambisols,44.532262152933775,2.7263153002820197,11797,RMQS1,"{""type"":""MultiPoint"",""coordinates"":[]}"
20220209T105211_20220209T105206_T31TDK_00000000000000000649_0,1375,774,151,316,374,713,1306,1588,1869,1766,5,2022-02-09,Dystric Cambisols,45.10779318418141,1.9173594066167583,1625,RMQS1,"{""type"":""MultiPoint"",""coordinates"":[]}"
20220209T105211_20220209T105206_T31TDK_00000000000000000698_0,1176,833,288,454,614,625,839,855,1315,1070,5,2022-02-09,Eutric Cambisols,44.82053997861645,2.1217179082375526,1709,RMQS1,"{""type"":""MultiPoint"",""coordinates"":[]}"
20220209T105211_20220209T105206_T31TDK_000000000000000006e6_0,1079,695,207,403,556,715,993,1084,1483,1219,5,2022-02-09,Eutric Fluvisols,44.532947876679415,2.323987691118169,1795,RMQS1,"{""type"":""MultiPoint"",""coordinates"":[]}"
20220209T105211_20220209T105206_T31TDK_0000000000000000064c_0,2518,1441,358,586,906,1174,1549,1768,2153,2195,5,2022-02-09,Regosols (Colluvic),45.1084273146216,2.5270939178683403,1628,RMQS1,"{""type"":""MultiPoint"",""coordinates"":[]}"
20220209T105211_20220209T105206_T31TDK_00000000000000000675_0,1570,991,234,362,479,631,1042,1160,1551,1424,5,2022-02-09,Regosols (Colluvic),44.96306933301204,2.9320368934532275,1671,RMQS1,"{""type"":""MultiPoint"",""coordinates"":[]}"
20220209T105211_20220209T105206_T31TDK_000000000000000006c1_0,2252,1456,656,840,1019,1120,1477,1746,1882,1970,5,2022-02-09,Umbric Leptosols,44.67668487875769,2.5256338930123405,1754,RMQS1,"{""type"":""MultiPoint"",""coordinates"":[]}"
20220209T105211_20220209T105206_T31TDK_00000000000000000674_0,2901,1899,568,880,1278,1686,2178,2493,2728,2829,5,2022-02-09,Vitric Andosols,44.96397307996938,2.7293236704161887,1670,RMQS1,"{""type"":""MultiPoint"",""coordinates"":[]}"
20220209T105211_20220209T105206_T31TDK_00000000000000000003_0,743,414,44,101,178,289,452,580,647,781,5,2022-02-09,Dystric Gleysols,44.88750000000001,1.98888889,68780,"{WD-eSOTER,WD-WISE}","{""type"":""MultiPoint"",""coordinates"":[]}"
20220209T105211_20220209T105206_T31TDL_000000000000000005d5_0,2471,1495,213,520,632,1294,1924,2430,2788,3037,5,2022-02-09,Dystric Cambisols,45.540229117706225,2.528574758843968,1503,RMQS1,"{""type"":""MultiPoint"",""coordinates"":[]}"
20220209T105211_20220209T105206_T31TDL_00000000000000000649_0,1456,828,110,314,392,732,1380,1679,1980,1897,5,2022-02-09,Dystric Cambisols,45.10779318418141,1.9173594066167583,1625,RMQS1,"{""type"":""MultiPoint"",""coordinates"":[]}"
20220209T105211_20220209T105206_T31TDL_0000000000000000058a_0,2643,1739,524,824,1146,1576,2236,2685,3074,3120,5,2022-02-09,Eutric Cambisols,45.82747766716257,1.9118555553383103,1419,RMQS1,"{""type"":""MultiPoint"",""coordinates"":[]}"
20220209T105211_20220209T105206_T31TDL_000000000000000005b0_0,259,135,16,65,50,143,385,543,524,618,5,2022-02-09,Eutric Cambisols,45.68363426926033,2.734441124821094,1463,RMQS1,"{""type"":""MultiPoint"",""coordinates"":[]}"
20220209T105211_20220209T105206_T31TDL_00000000000000000625_0,1702,1080,350,672,872,997,1479,1514,2266,1767,5,2022-02-09,Eutric Cambisols,45.252355629318394,2.527585083080404,1587,RMQS1,"{""type"":""MultiPoint"",""coordinates"":[]}"
20220209T105211_20220209T105206_T31TDL_000000000000000005d7_0,2089,1346,490,736,927,1278,1814,2029,2353,2333,5,2022-02-09,Regosols (Colluvic),45.538779056202344,2.9382322952196582,1505,RMQS1,"{""type"":""MultiPoint"",""coordinates"":[]}"
20220209T105211_20220209T105206_T31TDL_0000000000000000064c_0,2484,1422,342,573,892,1155,1526,1746,2123,2160,5,2022-02-09,Regosols (Colluvic),45.1084273146216,2.5270939178683403,1628,RMQS1,"{""type"":""MultiPoint"",""coordinates"":[]}"
20220209T105211_20220209T105206_T31TDL_00000000000000000623_0,1429,849,148,250,373,577,845,1019,1291,1347,5,2022-02-09,Umbric Leptosols,45.252305065181154,2.1200401088709957,1585,RMQS1,"{""type"":""MultiPoint"",""coordinates"":[]}"
20220209T105211_20220209T105206_T31TDL_00000000000000000626_0,2399,1533,518,738,1002,1344,1821,2049,2345,2357,5,2022-02-09,Umbric Leptosols,45.25182065229492,2.731353427250904,1588,RMQS1,"{""type"":""MultiPoint"",""coordinates"":[]}"
20220209T105211_20220209T105206_T31TDL_000000000000000005d6_0,1732,1122,465,688,896,1254,1514,1784,2116,2068,5,2022-02-09,Vitric Andosols,45.53969190249292,2.73340613386993,1504,RMQS1,"{""type"":""MultiPoint"",""coordinates"":[]}"
20220209T105211_20220209T105206_T31TDM_0000000000000000053d_0,597,330,0,34,88,179,407,521,616,855,5,2022-02-09,Dystric Cambisols,46.115374929179815,1.9096147182167904,1336,RMQS1,"{""type"":""MultiPoint"",""coordinates"":[]}"
20220209T105211_20220209T105206_T31TDM_00000000000000000483_0,1892,1642,514,698,678,995,1436,1626,1849,1697,5,2022-02-09,Eutric Cambisols,46.834125907327305,1.6941691786867756,1129,RMQS1,"{""type"":""MultiPoint"",""coordinates"":[]}"
20220209T105211_20220209T105206_T31TDM_00000000000000000485_0,1721,1031,244,396,500,750,921,995,1234,1259,5,2022-02-09,Eutric Cambisols,46.83571406015219,2.1136631169214275,1131,RMQS1,"{""type"":""MultiPoint"",""coordinates"":[]}"
20220209T105211_20220209T105206_T31TDM_000000000000000004d4_0,2624,1797,458,854,1078,1524,2198,2402,2664,2584,5,2022-02-09,Eutric Planosols,46.547870794473106,2.5321286170479222,1214,RMQS1,"{""type"":""MultiPoint"",""coordinates"":[]}"
20220209T105211_20220209T105206_T31TDM_00000000000000000488_0,2090,1337,358,749,850,1382,1889,2174,2316,2354,5,2022-02-09,Eutric Retisols,46.835211482898934,2.7429212005666344,1134,RMQS1,"{""type"":""MultiPoint"",""coordinates"":[]}"
20220209T105211_20220209T105206_T31TDM_000000000000000004d5_0,1776,1097,203,359,505,750,1019,1167,1415,1519,5,2022-02-09,Haplic Luvisols,46.54732226533228,2.7407660252405748,1215,RMQS1,"{""type"":""MultiPoint"",""coordinates"":[]}"
20220209T105211_20220209T105206_T31TDM_00000000000000000487_0,1714,1058,215,408,527,769,1062,1184,1558,1523,5,2022-02-09,Stagnic Gleysols,46.835763053751045,2.533170281821699,1133,RMQS1,"{""type"":""MultiPoint"",""coordinates"":[]}"
20220209T105211_20220209T105206_T31TDM_00000000000000000013_0,1565,957,155,276,484,648,865,1056,1300,1405,5,2022-02-09,Eutric Planosols,46.45416667,2.90416667,66250,"{WD-eSOTER,WD-WISE}","{""type"":""MultiPoint"",""coordinates"":[]}"
20220209T105211_20220209T105206_T31TDN_00000000000000000436_0,1195,868,141,418,624,773,841,884,938,908,5,2022-02-09,Calcaric Cambisols,47.123640607401704,2.5342243250597987,1045,RMQS1,"{""type"":""MultiPoint"",""coordinates"":[]}"
20220209T105211_20220209T105206_T31TDN_0000000000000000045c_0,2469,1693,375,764,940,1324,1906,2107,2314,2270,5,2022-02-09,Calcaric Cambisols,46.97806314421428,1.6924498201961606,1085,RMQS1,"{""type"":""MultiPoint"",""coordinates"":[]}"
20220209T105211_20220209T105206_T31TDN_0000000000000000045e_0,1717,1429,289,504,692,786,870,901,1056,1032,5,2022-02-09,Calcaric Cambisols,46.979654960882996,2.113066139748655,1087,RMQS1,"{""type"":""MultiPoint"",""coordinates"":[]}"
20220209T105211_20220209T105206_T31TDN_00000000000000000460_0,2679,1862,420,855,1058,1549,2050,2178,2288,2345,5,2022-02-09,Calcaric Cambisols,46.97970429233507,2.533695643621074,1089,RMQS1,"{""type"":""MultiPoint"",""coordinates"":[]}"
20220209T105211_20220209T105206_T31TDN_00000000000000000386_0,2677,1644,376,585,885,1162,1420,1606,1910,2030,5,2022-02-09,Eutric Cambisols,47.69780680148795,2.9626958627837903,854,RMQS1,"{""type"":""MultiPoint"",""coordinates"":[]}"
20220209T105211_20220209T105206_T31TDN_0000000000000000040f_0,1662,1141,341,634,808,1264,1453,1523,1736,1698,5,2022-02-09,Eutric Cambisols,47.26607029067076,2.957639518006341,1002,RMQS1,"{""type"":""MultiPoint"",""coordinates"":[]}"
20220209T105211_20220209T105206_T31TDN_0000000000000000045f_0,2203,1692,393,770,1128,1372,1525,1638,1786,1774,5,2022-02-09,Eutric Cambisols,46.979872395224476,2.3233806506173393,1088,RMQS1,"{""type"":""MultiPoint"",""coordinates"":[]}"
20220209T105211_20220209T105206_T31TDN_00000000000000000381_0,2147,1236,906,1324,1634,1804,2429,2672,2880,2932,5,2022-02-09,Eutric Planosols,47.698660425916756,1.8968722804991947,849,RMQS1,"{""type"":""MultiPoint"",""coordinates"":[]}"
20220209T105211_20220209T105206_T31TDN_00000000000000000384_0,1885,1505,524,752,769,856,1451,1586,3002,1933,5,2022-02-09,Eutric Planosols,47.69931950140868,2.536370775781721,852,RMQS1,"{""type"":""MultiPoint"",""coordinates"":[]}"
20220209T105211_20220209T105206_T31TDN_000000000000000003b1_0,1608,1038,195,342,462,773,1136,1223,1393,1484,5,2022-02-09,Haplic Luvisols,47.55536198956178,2.110649378619429,902,RMQS1,"{""type"":""MultiPoint"",""coordinates"":[]}"
20220209T105211_20220209T105206_T31TDN_000000000000000003de_0,2021,1223,229,363,520,829,1139,1334,1567,1670,5,2022-02-09,Haplic Luvisols,47.41083785321567,1.8992444177900463,952,RMQS1,"{""type"":""MultiPoint"",""coordinates"":[]}"
20220209T105211_20220209T105206_T31TDN_0000000000000000040b_0,1773,1102,224,372,526,806,1006,1207,1440,1474,5,2022-02-09,Haplic Luvisols,47.267521264322355,2.111864230118998,998,RMQS1,"{""type"":""MultiPoint"",""coordinates"":[]}"
20220209T105211_20220209T105206_T31TDN_000000000000000003af_0,1941,1180,275,419,532,824,1031,1211,1469,1520,5,2022-02-09,Luvic Stagnosols,47.55375537462604,1.685480171523393,900,RMQS1,"{""type"":""MultiPoint"",""coordinates"":[]}"
20220209T105211_20220209T105206_T31TDN_000000000000000003b0_0,2741,1721,359,542,848,1204,1530,1780,2090,2181,5,2022-02-09,Luvic Stagnosols,47.55475321205493,1.8980614971854999,901,RMQS1,"{""type"":""MultiPoint"",""coordinates"":[]}"
20220209T105211_20220209T105206_T31TDN_00000000000000000438_0,1650,1057,151,326,432,662,955,1140,1437,1490,5,2022-02-09,Luvic Stagnosols,47.12214399573959,2.955972510572236,1047,RMQS1,"{""type"":""MultiPoint"",""coordinates"":[]}"
20220209T105211_20220209T105206_T31TDN_0000000000000000034f_0,2295,1961,686,986,1380,1596,1637,1736,1947,1830,5,2022-02-09,Mollic Umbrisols,47.84155543400575,1.681939134662969,796,RMQS1,"{""type"":""MultiPoint"",""coordinates"":[]}"
20220209T105211_20220209T105206_T31TDN_00000000000000000433_0,2136,1671,331,683,968,1151,1276,1344,1400,1459,5,2022-02-09,Regosols (Colluvic),47.122986100947585,1.9015909191264737,1042,RMQS1,"{""type"":""MultiPoint"",""coordinates"":[]}"
20220209T105211_20220209T105206_T31TDN_0000000000000000040e_0,1289,796,129,229,292,514,782,933,1122,1172,5,2022-02-09,Rendzic Leptosols,47.26701446803521,2.746200948427763,1001,RMQS1,"{""type"":""MultiPoint"",""coordinates"":[]}"
20220209T105211_20220209T105206_T31TDN_00000000000000000461_0,2862,1852,416,785,974,1488,2009,2241,2496,2557,5,2022-02-09,Rendzic Leptosols,46.97915101430345,2.744008107875012,1090,RMQS1,"{""type"":""MultiPoint"",""coordinates"":[]}"
20220209T105211_20220209T105206_T31TDN_000000000000000003b4_0,1431,875,123,292,336,591,959,1135,1303,1394,5,2022-02-09,Stagnic Gleysols,47.554851880662206,2.7484189630750824,905,RMQS1,"{""type"":""MultiPoint"",""coordinates"":[]}"
20220209T105211_20220209T105206_T31TEK_00000000000000000676_0,1471,856,227,366,371,929,1513,1780,2036,2158,5,2022-02-09,Luvic Cambisols,44.96179451613059,3.13474211401479,1672,RMQS1,"{""type"":""MultiPoint"",""coordinates"":[]}"
20220209T105211_20220209T105206_T31TEK_0000000000000000069e_0,2815,1787,553,792,1048,1431,1961,2137,2580,2608,5,2022-02-09,Umbric Leptosols,44.81624720276049,3.334865958884358,1715,RMQS1,"{""type"":""MultiPoint"",""coordinates"":[]}"
20220209T105211_20220209T105206_T31TEL_00000000000000000067_0,1699,974,146,416,488,753,1285,1454,2010,1851,5,2022-02-09,Dystric Cambisols,45.29334128425273,3.5361465215230745,SIM70375,HWSDv2,"{""type"":""MultiPoint"",""coordinates"":[]}"
20220209T105211_20220209T105206_T31TEL_0000000000000000056a_0,2305,1737,467,695,838,1186,1606,1718,1976,1861,5,2022-02-09,Eutric Cambisols,45.969307702721736,3.14940195717346,1384,RMQS1,"{""type"":""MultiPoint"",""coordinates"":[]}"
20220209T105211_20220209T105206_T31TEL_00000000000000000590_0,1907,1926,380,616,1116,1283,1592,1574,1778,1429,5,2022-02-09,Eutric Cambisols,45.82536654174085,3.14727434954861,1425,RMQS1,"{""type"":""MultiPoint"",""coordinates"":[]}"
20220209T105211_20220209T105206_T31TEL_000000000000000005d8_0,2109,1524,302,464,640,1010,1374,1535,1630,1741,5,2022-02-09,Haplic Vertisols,45.53749059550481,3.1430513588344695,1506,RMQS1,"{""type"":""MultiPoint"",""coordinates"":[]}"
20220209T105211_20220209T105206_T31TEL_0000000000000000056b_0,1929,1411,476,703,843,1042,1229,1381,1522,1552,5,2022-02-09,Regosols (Colluvic),45.96763063983362,3.355823049470566,1385,RMQS1,"{""type"":""MultiPoint"",""coordinates"":[]}"
20220209T105211_20220209T105206_T31TEL_00000000000000000591_0,1272,932,229,342,466,499,535,647,737,749,5,2022-02-09,Regosols (Colluvic),45.82369394842808,3.353154862632251,1426,RMQS1,"{""type"":""MultiPoint"",""coordinates"":[]}"
20220209T105211_20220209T105206_T31TEM_000000000000000004d7_0,1813,1214,334,522,678,880,1175,1278,1476,1484,5,2022-02-09,Calcaric Cambisols,46.5450787191567,3.1580218533469955,1217,RMQS1,"{""type"":""MultiPoint"",""coordinates"":[]}"
20220209T105211_20220209T105206_T31TEM_00000000000000000544_0,1550,938,169,334,406,653,1020,1230,1604,1489,5,2022-02-09,Calcaric Cambisols,46.111568791030955,3.3585052335869405,1343,RMQS1,"{""type"":""MultiPoint"",""coordinates"":[]}"
20220209T105211_20220209T105206_T31TEM_0000000000000000056a_0,2300,1733,449,688,832,1180,1602,1713,1974,1857,5,2022-02-09,Eutric Cambisols,45.969307702721736,3.14940195717346,1384,RMQS1,"{""type"":""MultiPoint"",""coordinates"":[]}"
20220209T105211_20220209T105206_T31TEM_000000000000000004b4_0,2727,1782,545,861,1064,1516,2072,2308,2490,2622,5,2022-02-09,Haplic Luvisols,46.6852369563891,3.578530612144559,1179,RMQS1,"{""type"":""MultiPoint"",""coordinates"":[]}"
20220209T105211_20220209T105206_T31TEM_0000000000000000056b_0,1919,1404,466,703,845,1035,1221,1370,1526,1543,5,2022-02-09,Regosols (Colluvic),45.96763063983362,3.355823049470566,1385,RMQS1,"{""type"":""MultiPoint"",""coordinates"":[]}"
20220209T105211_20220209T105206_T31TEM_0000000000000000000d_0,1999,1236,234,386,610,841,1251,1466,1736,1816,5,2022-02-09,Chromic Luvisols,46.594444440000004,3.41805556,66248,"{WD-eSOTER,WD-WISE}","{""type"":""MultiPoint"",""coordinates"":[]}"
20220209T105211_20220209T105206_T31TEM_0000000000000000000c_0,2934,1991,860,1222,1604,1921,2252,2394,2686,2625,5,2022-02-09,Haplic Vertisols,46.32222222,3.46388889,68777,"{WD-eSOTER,WD-WISE}","{""type"":""MultiPoint"",""coordinates"":[]}"
20220209T105211_20220209T105206_T31TEN_0000000000000000007c_0,1702,1332,331,655,942,1085,1165,1214,1324,1286,5,2022-02-09,Calcaric Cambisols,47.676614112368384,4.047817177848944,SIM59109,HWSDv2,"{""type"":""MultiPoint"",""coordinates"":[]}"
20220209T105211_20220209T105206_T31TEN_00000000000000000389_0,1038,591,86,131,168,436,1063,1236,1024,1473,5,2022-02-09,Calcaric Cambisols,47.69261192476675,3.6021015262283993,857,RMQS1,"{""type"":""MultiPoint"",""coordinates"":[]}"
20220209T105211_20220209T105206_T31TEN_0000000000000000038b_0,1080,670,70,207,312,354,615,553,667,772,5,2022-02-09,Calcaric Cambisols,47.68719866197225,4.028283809407994,859,RMQS1,"{""type"":""MultiPoint"",""coordinates"":[]}"
20220209T105211_20220209T105206_T31TEN_000000000000000003b7_0,1286,788,104,268,306,558,774,887,918,1122,5,2022-02-09,Calcaric Cambisols,47.550837746461816,3.386133454800718,908,RMQS1,"{""type"":""MultiPoint"",""coordinates"":[]}"
20220209T105211_20220209T105206_T31TEN_000000000000000003b9_0,1311,861,80,252,282,606,862,1003,1013,1331,5,2022-02-09,Calcaric Cambisols,47.546217215423475,3.8112046307032252,910,RMQS1,"{""type"":""MultiPoint"",""coordinates"":[]}"
20220209T105211_20220209T105206_T31TEN_0000000000000000043a_0,1393,853,136,266,310,529,876,1133,1488,1403,5,2022-02-09,Calcaric Cambisols,47.1191034640165,3.3776865183055333,1049,RMQS1,"{""type"":""MultiPoint"",""coordinates"":[]}"
20220209T105211_20220209T105206_T31TEN_0000000000000000035c_0,1129,807,89,305,558,670,735,806,858,872,5,2022-02-09,Eutric Cambisols,47.82407340617893,4.4601231189041926,809,RMQS1,"{""type"":""MultiPoint"",""coordinates"":[]}"
20220209T105211_20220209T105206_T31TEN_0000000000000000038a_0,1190,902,212,371,620,713,748,793,918,873,5,2022-02-09,Eutric Cambisols,47.69010033133988,3.81520383273741,858,RMQS1,"{""type"":""MultiPoint"",""coordinates"":[]}"
20220209T105211_20220209T105206_T31TEN_000000000000000003e4_0,1917,1367,324,662,954,1148,1259,1316,1504,1500,5,2022-02-09,Eutric Cambisols,47.40865578006737,3.171315212024671,958,RMQS1,"{""type"":""MultiPoint"",""coordinates"":[]}"
20220209T105211_20220209T105206_T31TEN_000000000000000003e5_0,1966,1259,367,720,884,1188,1718,1838,1960,1878,5,2022-02-09,Eutric Cambisols,47.40693357261238,3.3833017951649333,959,RMQS1,"{""type"":""MultiPoint"",""coordinates"":[]}"
20220209T105211_20220209T105206_T31TEN_000000000000000003e6_0,1401,893,246,486,689,858,1066,1169,1236,1211,5,2022-02-09,Eutric Cambisols,47.404823861309914,3.5952738799570167,960,RMQS1,"{""type"":""MultiPoint"",""coordinates"":[]}"
20220209T105211_20220209T105206_T31TEN_00000000000000000439_0,1517,943,219,301,514,682,938,1152,1536,1460,5,2022-02-09,Haplic Luvisols,47.12081648332485,3.166834936155968,1048,RMQS1,"{""type"":""MultiPoint"",""coordinates"":[]}"
20220209T105211_20220209T105206_T31TEN_0000000000000000035a_0,1647,995,233,334,460,691,1011,1177,1385,1492,5,2022-02-09,Luvic Cambisols,47.831065184730285,4.032883282733883,807,RMQS1,"{""type"":""MultiPoint"",""coordinates"":[]}"
20220209T105211_20220209T105206_T31TEN_00000000000000000358_0,1447,912,186,338,392,608,884,1065,1370,1365,5,2022-02-09,Luvic Stagnosols,47.83649278861352,3.6055433677437523,805,RMQS1,"{""type"":""MultiPoint"",""coordinates"":[]}"
20220209T105211_20220209T105206_T31TEN_000000000000000003bb_0,2041,1275,430,800,940,1408,1882,1998,2369,2062,5,2022-02-09,Luvic Stagnosols,47.54004028028161,4.236190387376669,912,RMQS1,"{""type"":""MultiPoint"",""coordinates"":[]}"
20220209T105211_20220209T105206_T31TEN_000000000000000003b8_0,1697,1136,227,474,708,984,1184,1332,1396,1377,5,2022-02-09,Rendzic Leptosols,47.54872203789853,3.598677838598693,909,RMQS1,"{""type"":""MultiPoint"",""coordinates"":[]}"
20220209T105211_20220209T105206_T31TFN_0000000000000000035c_0,1128,807,103,313,561,672,739,807,858,875,5,2022-02-09,Eutric Cambisols,47.82407340617893,4.4601231189041926,809,RMQS1,"{""type"":""MultiPoint"",""coordinates"":[]}"
20220209T105211_20220209T105206_T31UCP_00000000000000000052_0,2243,1375,157,383,529,1106,1717,1995,2322,2588,5,2022-02-09,Calcaric Cambisols,47.89267582103988,1.227482425081469,SIM75931,HWSDv2,"{""type"":""MultiPoint"",""coordinates"":[]}"
20220209T105211_20220209T105206_T31UCP_00000000000000000204_0,1358,1030,544,598,648,933,1109,1281,1316,1519,5,2022-02-09,Dystric Cambisols,48.70325680260776,1.453808158227529,448,RMQS1,"{""type"":""MultiPoint"",""coordinates"":[]}"
20220209T105211_20220209T105206_T31UCP_00000000000000000203_0,3100,2227,1262,1642,1570,2275,3311,3557,3584,3594,5,2022-02-09,Eutric Cambisols,48.701441663313894,1.2365494017005343,447,RMQS1,"{""type"":""MultiPoint"",""coordinates"":[]}"
20220209T105211_20220209T105206_T31UCP_0000000000000000023e_0,2097,1474,332,737,903,1350,1673,1819,2004,1977,5,2022-02-09,Eutric Cambisols,48.56085542396343,1.6729155469005188,509,RMQS1,"{""type"":""MultiPoint"",""coordinates"":[]}"
20220209T105211_20220209T105206_T31UCP_0000000000000000023d_0,2116,1488,406,760,1034,1411,1955,2144,2148,2296,5,2022-02-09,Haplic Luvisols,48.55944180120869,1.4562426837976599,508,RMQS1,"{""type"":""MultiPoint"",""coordinates"":[]}"
20220209T105211_20220209T105206_T31UCP_00000000000000000275_0,2225,1581,510,984,1082,1738,2197,2309,2554,2469,5,2022-02-09,Haplic Luvisols,48.41702172942115,1.6747395099090712,567,RMQS1,"{""type"":""MultiPoint"",""coordinates"":[]}"
20220209T105211_20220209T105206_T31UCP_000000000000000002e3_0,810,475,0,98,122,313,486,571,886,670,5,2022-02-09,Haplic Luvisols,48.12611605795335,1.2485816656647932,682,RMQS1,"{""type"":""MultiPoint"",""coordinates"":[]}"
20220209T105211_20220209T105206_T31UCP_0000000000000000034e_0,1839,1163,140,358,519,797,1103,1156,1544,1566,5,2022-02-09,Luvic Stagnosols,47.84016084763797,1.4682119105928768,795,RMQS1,"{""type"":""MultiPoint"",""coordinates"":[]}"
20220209T105211_20220209T105206_T31UCP_0000000000000000031c_0,1714,1444,255,476,733,922,964,1017,1144,1142,5,2022-02-09,Mollic Umbrisols,47.98543984274541,1.6801538816928248,741,RMQS1,"{""type"":""MultiPoint"",""coordinates"":[]}"
20220209T105211_20220209T105206_T31UCP_0000000000000000034f_0,2305,1964,575,928,1366,1587,1620,1715,1942,1819,5,2022-02-09,Mollic Umbrisols,47.84155543400575,1.681939134662969,796,RMQS1,"{""type"":""MultiPoint"",""coordinates"":[]}"
20220209T105211_20220209T105206_T31UCP_000000000000000002e5_0,2537,1889,426,724,1023,1302,1405,1541,1678,1725,5,2022-02-09,Rendzic Leptosols,48.129312960797584,1.6783584655939348,684,RMQS1,"{""type"":""MultiPoint"",""coordinates"":[]}"
20220209T105211_20220209T105206_T31UCP_000000000000000002e1_0,2363,1520,472,755,916,1389,1979,2178,2376,2607,5,2022-02-09,Vertic Cambisols,48.12134464439584,0.8188699264753865,680,RMQS1,"{""type"":""MultiPoint"",""coordinates"":[]}"
20220209T105211_20220209T105206_T31UCR_000000000000000000c9_0,4233,3364,2108,2480,2562,3275,4401,4771,4940,4961,5,2022-02-09,Luvic Cambisols,49.996771823054615,1.4312656624062745,76,RMQS1,"{""type"":""MultiPoint"",""coordinates"":[]}"
20220209T105211_20220209T105206_T31UCR_000000000000000000ca_0,1673,1246,443,694,998,1116,1174,1242,1368,1381,5,2022-02-09,Luvic Cambisols,49.99822488625304,1.654081486582689,77,RMQS1,"{""type"":""MultiPoint"",""coordinates"":[]}"
20220209T105211_20220209T105206_T31UCR_000000000000000000db_0,2588,1730,638,921,1015,1529,2074,2230,2422,2457,5,2022-02-09,Luvic Cambisols,49.85458077799602,1.6560118173559046,100,RMQS1,"{""type"":""MultiPoint"",""coordinates"":[]}"
20220209T105211_20220209T105206_T31UDP_00000000000000000071_0,1941,1297,473,838,966,1339,1846,1950,2036,2001,5,2022-02-09,Eutric Cambisols,48.5995654995664,2.512561932350915,SIM42232,HWSDv2,"{""type"":""MultiPoint"",""coordinates"":[]}"
20220209T105211_20220209T105206_T31UDP_0000000000000000020b_0,2062,1532,500,790,1192,1357,1533,1778,1787,1888,5,2022-02-09,Calcaric Cambisols,48.704826134191606,2.974812554703716,455,RMQS1,"{""type"":""MultiPoint"",""coordinates"":[]}"
20220209T105211_20220209T105206_T31UDP_00000000000000000242_0,3168,2002,618,1056,1376,1887,2510,2782,3204,3184,5,2022-02-09,Calcaric Cambisols,48.56197268484537,2.756366804047027,514,RMQS1,"{""type"":""MultiPoint"",""coordinates"":[]}"
20220209T105211_20220209T105206_T31UDP_0000000000000000027b_0,1916,1436,294,628,761,1151,1466,1566,1724,1722,5,2022-02-09,Calcaric Cambisols,48.41717099961288,2.9713017936535744,573,RMQS1,"{""type"":""MultiPoint"",""coordinates"":[]}"
20220209T105211_20220209T105206_T31UDP_000000000000000002ae_0,1475,939,236,514,578,918,1427,1515,1616,1595,5,2022-02-09,Calcaric Cambisols,48.27418519339707,1.8920484065068364,627,RMQS1,"{""type"":""MultiPoint"",""coordinates"":[]}"
20220209T105211_20220209T105206_T31UDP_000000000000000002af_0,1953,1851,445,831,969,1339,1661,1778,1852,1715,5,2022-02-09,Calcaric Cambisols,48.274802304958676,2.1075512406430126,628,RMQS1,"{""type"":""MultiPoint"",""coordinates"":[]}"
20220209T105211_20220209T105206_T31UDP_000000000000000002b0_0,1533,1163,309,610,894,982,1017,1130,1290,1261,5,2022-02-09,Calcaric Cambisols,48.27502436219857,2.323057007667784,629,RMQS1,"{""type"":""MultiPoint"",""coordinates"":[]}"
20220209T105211_20220209T105206_T31UDP_000000000000000002b1_0,1618,1249,342,607,848,1081,1168,1312,1324,1339,5,2022-02-09,Calcaric Cambisols,48.27485100267507,2.5385623357130096,630,RMQS1,"{""type"":""MultiPoint"",""coordinates"":[]}"
20220209T105211_20220209T105206_T31UDP_000000000000000002e8_0,1386,955,224,476,586,876,1179,1293,1384,1355,5,2022-02-09,Calcaric Cambisols,48.13115799145747,2.3230934450304686,687,RMQS1,"{""type"":""MultiPoint"",""coordinates"":[]}"
20220209T105211_20220209T105206_T31UDP_000000000000000002e9_0,2444,1637,385,734,990,1310,1592,1727,1836,1893,5,2022-02-09,Calcaric Cambisols,48.13098489367784,2.5380099326487655,688,RMQS1,"{""type"":""MultiPoint"",""coordinates"":[]}"
20220209T105211_20220209T105206_T31UDP_00000000000000000321_0,1900,1431,312,608,692,1098,1560,1674,2080,1787,5,2022-02-09,Calcaric Cambisols,47.9865426602432,2.7517886582102737,746,RMQS1,"{""type"":""MultiPoint"",""coordinates"":[]}"
20220209T105211_20220209T105206_T31UDP_00000000000000000206_0,2268,1476,436,610,820,1112,1483,1627,2172,1980,5,2022-02-09,Dystric Cambisols,48.70569412739061,1.8883618939285025,450,RMQS1,"{""type"":""MultiPoint"",""coordinates"":[]}"
20220209T105211_20220209T105206_T31UDP_0000000000000000023e_0,2088,1470,414,780,920,1367,1686,1827,1989,1979,5,2022-02-09,Eutric Cambisols,48.56085542396343,1.6729155469005188,509,RMQS1,"{""type"":""MultiPoint"",""coordinates"":[]}"
20220209T105211_20220209T105206_T31UDP_000000000000000002b3_0,1966,1216,348,704,716,1282,1948,2040,2052,2212,5,2022-02-09,Eutric Cambisols,48.273322210503906,2.969561794251821,632,RMQS1,"{""type"":""MultiPoint"",""coordinates"":[]}"
20220209T105211_20220209T105206_T31UDP_000000000000000002e7_0,1977,1414,360,717,868,1308,1667,1833,1788,1942,5,2022-02-09,Eutric Cambisols,48.13093680610043,2.108177321905969,686,RMQS1,"{""type"":""MultiPoint"",""coordinates"":[]}"
20220209T105211_20220209T105206_T31UDP_00000000000000000320_0,1853,1203,235,638,918,1085,1192,1276,1366,1365,5,2022-02-09,Eutric Cambisols,47.98710685394267,2.5374606452271022,745,RMQS1,"{""type"":""MultiPoint"",""coordinates"":[]}"
20220209T105211_20220209T105206_T31UDP_0000000000000000020a_0,2077,1413,411,852,944,1480,2044,2251,2359,2372,5,2022-02-09,Haplic Luvisols,48.70579528894485,2.7575282555298437,454,RMQS1,"{""type"":""MultiPoint"",""coordinates"":[]}"
20220209T105211_20220209T105206_T31UDP_0000000000000000023f_0,2246,1725,621,1022,1310,1640,1736,1856,1968,1918,5,2022-02-09,Haplic Luvisols,48.56187240436339,1.8895991857404957,510,RMQS1,"{""type"":""MultiPoint"",""coordinates"":[]}"
20220209T105211_20220209T105206_T31UDP_00000000000000000240_0,2367,1490,342,672,906,1175,1507,1693,2104,2089,5,2022-02-09,Haplic Luvisols,48.56249270831224,2.1062892289302053,511,RMQS1,"{""type"":""MultiPoint"",""coordinates"":[]}"
20220209T105211_20220209T105206_T31UDP_00000000000000000275_0,2216,1577,576,1016,1100,1738,2197,2307,2546,2463,5,2022-02-09,Haplic Luvisols,48.41702172942115,1.6747395099090712,567,RMQS1,"{""type"":""MultiPoint"",""coordinates"":[]}"
20220209T105211_20220209T105206_T31UDP_00000000000000000278_0,1892,1348,464,695,888,992,1239,1456,1904,1876,5,2022-02-09,Haplic Luvisols,48.418877511932216,2.3230202148648296,570,RMQS1,"{""type"":""MultiPoint"",""coordinates"":[]}"
20220209T105211_20220209T105206_T31UDP_000000000000000002b2_0,1280,746,77,220,255,494,692,860,1078,1091,5,2022-02-09,Haplic Luvisols,48.27428376515288,2.7540649164915183,631,RMQS1,"{""type"":""MultiPoint"",""coordinates"":[]}"
20220209T105211_20220209T105206_T31UDP_00000000000000000209_0,1406,1158,398,839,916,1253,1469,1649,1649,1685,5,2022-02-09,Luvic Cambisols,48.70636671812621,2.5402378321558636,453,RMQS1,"{""type"":""MultiPoint"",""coordinates"":[]}"
20220209T105211_20220209T105206_T31UDP_00000000000000000277_0,1884,1530,456,860,1054,1293,1373,1432,1548,1548,5,2022-02-09,Luvic Cambisols,48.41865449696645,2.1069223823788863,569,RMQS1,"{""type"":""MultiPoint"",""coordinates"":[]}"
20220209T105211_20220209T105206_T31UDP_000000000000000002e6_0,1622,1242,253,516,734,982,1079,1200,1248,1282,5,2022-02-09,Luvic Cambisols,48.13032151946579,1.893264373324863,685,RMQS1,"{""type"":""MultiPoint"",""coordinates"":[]}"
20220209T105211_20220209T105206_T31UDP_0000000000000000031f_0,1602,994,163,303,452,676,956,1146,1272,1330,5,2022-02-09,Luvic Stagnosols,47.987279423923,2.323130198940761,744,RMQS1,"{""type"":""MultiPoint"",""coordinates"":[]}"
20220209T105211_20220209T105206_T31UDP_00000000000000000322_0,1498,974,39,314,376,654,996,1179,1437,1461,5,2022-02-09,Luvic Stagnosols,47.985586941629826,2.966110128475534,747,RMQS1,"{""type"":""MultiPoint"",""coordinates"":[]}"
20220209T105211_20220209T105206_T31UDP_00000000000000000279_0,1809,1072,174,365,534,838,1186,1324,1703,1746,5,2022-02-09,Mollic Umbrisols,48.41870398002866,2.539117747277582,571,RMQS1,"{""type"":""MultiPoint"",""coordinates"":[]}"
20220209T105211_20220209T105206_T31UDP_0000000000000000031c_0,1709,1441,328,522,756,940,984,1031,1157,1151,5,2022-02-09,Mollic Umbrisols,47.98543984274541,1.6801538816928248,741,RMQS1,"{""type"":""MultiPoint"",""coordinates"":[]}"
20220209T105211_20220209T105206_T31UDP_0000000000000000034f_0,2293,1960,640,962,1374,1590,1628,1721,1942,1824,5,2022-02-09,Mollic Umbrisols,47.84155543400575,1.681939134662969,796,RMQS1,"{""type"":""MultiPoint"",""coordinates"":[]}"
20220209T105211_20220209T105206_T31UDP_000000000000000002e5_0,2528,1885,493,764,1038,1312,1415,1549,1682,1725,5,2022-02-09,Rendzic Leptosols,48.129312960797584,1.6783584655939348,684,RMQS1,"{""type"":""MultiPoint"",""coordinates"":[]}"
20220209T105211_20220209T105206_T31UDP_00000000000000000243_0,1610,1011,298,652,731,1163,1686,1797,1839,1940,5,2022-02-09,Stagnic Gleysols,48.56100580256318,2.9730521545318473,515,RMQS1,"{""type"":""MultiPoint"",""coordinates"":[]}"
20220209T105211_20220209T105206_T31UDP_000000000000000002ea_0,566,321,0,75,128,277,317,344,495,416,5,2022-02-09,Stagnic Gleysols,48.13041922553547,2.752923694127864,689,RMQS1,"{""type"":""MultiPoint"",""coordinates"":[]}"
20220209T105211_20220209T105206_T31UDQ_00000000000000000176_0,6008,4775,3376,3428,3552,4490,4809,4846,5156,5281,5,2022-02-09,Albic Podzols,49.13768839574472,2.1037163490425295,280,RMQS1,"{""type"":""MultiPoint"",""coordinates"":[]}"
20220209T105211_20220209T105206_T31UDQ_0000000000000000020b_0,2073,1541,492,792,1194,1363,1541,1784,1800,1897,5,2022-02-09,Calcaric Cambisols,48.704826134191606,2.974812554703716,455,RMQS1,"{""type"":""MultiPoint"",""coordinates"":[]}"
20220209T105211_20220209T105206_T31UDQ_00000000000000000206_0,2262,1473,429,608,821,1107,1478,1623,2183,1975,5,2022-02-09,Dystric Cambisols,48.70569412739061,1.8883618939285025,450,RMQS1,"{""type"":""MultiPoint"",""coordinates"":[]}"
20220209T105211_20220209T105206_T31UDQ_0000000000000000012d_0,1966,1637,622,986,1276,1439,1555,1564,1721,1630,5,2022-02-09,Eutric Cambisols,49.425230407063104,2.5430874224563476,200,RMQS1,"{""type"":""MultiPoint"",""coordinates"":[]}"
20220209T105211_20220209T105206_T31UDQ_000000000000000001a2_0,2571,1633,403,718,921,1352,1921,2128,2362,2488,5,2022-02-09,Eutric Cambisols,48.993966246076276,2.541368882765616,334,RMQS1,"{""type"":""MultiPoint"",""coordinates"":[]}"
20220209T105211_20220209T105206_T31UDQ_000000000000000001a3_0,1798,1455,452,844,1132,1335,1398,1441,1555,1539,5,2022-02-09,Eutric Cambisols,48.99339209206418,2.7598678192779644,335,RMQS1,"{""type"":""MultiPoint"",""coordinates"":[]}"
20220209T105211_20220209T105206_T31UDQ_000000000000000001d5_0,2530,1760,664,992,1396,1672,1792,2002,2266,2261,5,2022-02-09,Eutric Cambisols,48.849602131036924,2.7586952903870707,393,RMQS1,"{""type"":""MultiPoint"",""coordinates"":[]}"
20220209T105211_20220209T105206_T31UDQ_0000000000000000019f_0,3197,2975,2976,3028,3088,3178,3254,3270,3448,3322,5,2022-02-09,Eutric Fluvisols,48.993289529461705,1.885866507001807,331,RMQS1,"{""type"":""MultiPoint"",""coordinates"":[]}"
20220209T105211_20220209T105206_T31UDQ_000000000000000001a0_0,1778,1432,606,751,1142,1013,1388,1477,1816,1662,5,2022-02-09,Fluvic Cambisols,48.99391509715455,2.1043645797039217,332,RMQS1,"{""type"":""MultiPoint"",""coordinates"":[]}"
20220209T105211_20220209T105206_T31UDQ_000000000000000001d4_0,1938,1601,354,602,705,1001,1471,1549,2242,1822,5,2022-02-09,Fluvic Cambisols,48.85017478576778,2.5408021462983257,392,RMQS1,"{""type"":""MultiPoint"",""coordinates"":[]}"
20220209T105211_20220209T105206_T31UDQ_0000000000000000012e_0,2359,1935,610,998,1334,1649,1721,1804,1896,1934,5,2022-02-09,Haplic Luvisols,49.424651548880426,2.763424203799449,201,RMQS1,"{""type"":""MultiPoint"",""coordinates"":[]}"
20220209T105211_20220209T105206_T31UDQ_000000000000000001d0_0,1276,691,343,378,392,773,1209,1402,1668,1764,5,2022-02-09,Haplic Luvisols,48.84847768850128,1.6692327748255307,388,RMQS1,"{""type"":""MultiPoint"",""coordinates"":[]}"
20220209T105211_20220209T105206_T31UDQ_0000000000000000020a_0,2084,1420,403,854,946,1486,2049,2255,2365,2380,5,2022-02-09,Haplic Luvisols,48.70579528894485,2.7575282555298437,454,RMQS1,"{""type"":""MultiPoint"",""coordinates"":[]}"
20220209T105211_20220209T105206_T31UDQ_00000000000000000175_0,3569,3302,3064,3168,3252,3372,3354,3367,3568,3353,5,2022-02-09,Luvic Cambisols,49.13706124741972,1.8846092571838453,279,RMQS1,"{""type"":""MultiPoint"",""coordinates"":[]}"
20220209T105211_20220209T105206_T31UDQ_000000000000000001a1_0,1438,1063,200,406,334,840,1192,1242,1334,1432,5,2022-02-09,Luvic Cambisols,48.99414055184198,2.3228665430640922,333,RMQS1,"{""type"":""MultiPoint"",""coordinates"":[]}"
20220209T105211_20220209T105206_T31UDQ_000000000000000001d1_0,1428,1045,205,300,341,934,1353,1432,1222,1752,5,2022-02-09,Luvic Cambisols,48.84950017407993,1.8871171866162197,389,RMQS1,"{""type"":""MultiPoint"",""coordinates"":[]}"
20220209T105211_20220209T105206_T31UDQ_00000000000000000209_0,1401,1154,384,832,910,1245,1462,1638,1640,1677,5,2022-02-09,Luvic Cambisols,48.70636671812621,2.5402378321558636,453,RMQS1,"{""type"":""MultiPoint"",""coordinates"":[]}"
20220209T105211_20220209T105206_T31UDQ_00000000000000000150_0,2422,2118,1708,1776,1728,2096,2394,2536,2510,2685,5,2022-02-09,Luvic Stagnosols,49.28144329184339,2.103064062809696,237,RMQS1,"{""type"":""MultiPoint"",""coordinates"":[]}"
20220209T105211_20220209T105206_T31UDQ_00000000000000000154_0,1648,1358,306,612,886,1135,1212,1276,1244,1285,5,2022-02-09,Luvic Stagnosols,49.27993803977774,2.9819456507417623,241,RMQS1,"{""type"":""MultiPoint"",""coordinates"":[]}"
20220209T105211_20220209T105206_T31UDQ_000000000000000001d6_0,2319,1718,561,934,1302,1587,1716,1885,2030,2057,5,2022-02-09,Stagnic Gleysols,48.84863060747811,2.976581578756068,394,RMQS1,"{""type"":""MultiPoint"",""coordinates"":[]}"
20220209T105211_20220209T105206_T31UDR_000000000000000000ac_0,968,740,543,544,478,469,533,618,831,643,5,2022-02-09,Eutric Cambisols,50.430165085295194,2.7719553311287974,39,RMQS1,"{""type"":""MultiPoint"",""coordinates"":[]}"
20220209T105211_20220209T105206_T31UDR_000000000000000000b4_0,2318,1792,800,1218,1598,1879,2061,2153,2232,2265,5,2022-02-09,Eutric Cambisols,50.28718216659681,2.546611534452438,51,RMQS1,"{""type"":""MultiPoint"",""coordinates"":[]}"
20220209T105211_20220209T105206_T31UDR_000000000000000000b5_0,956,679,167,287,230,676,1106,1125,872,1166,5,2022-02-09,Eutric Cambisols,50.28659484900255,2.7707172697287374,52,RMQS1,"{""type"":""MultiPoint"",""coordinates"":[]}"
20220209T105211_20220209T105206_T31UDR_000000000000000000bf_0,1310,871,239,410,328,732,1293,1379,1588,1437,5,2022-02-09,Eutric Cambisols,50.1437625352611,2.322543321683435,63,RMQS1,"{""type"":""MultiPoint"",""coordinates"":[]}"
20220209T105211_20220209T105206_T31UDR_000000000000000000cb_0,2498,1702,470,808,880,1379,1912,2093,2236,2271,5,2022-02-09,Eutric Cambisols,49.99927003977352,1.8769088733350434,78,RMQS1,"{""type"":""MultiPoint"",""coordinates"":[]}"
20220209T105211_20220209T105206_T31UDR_000000000000000000ce_0,2048,1554,800,1064,1372,1602,1676,1780,1870,1857,5,2022-02-09,Eutric Cambisols,49.99996105481551,2.545424692034341,81,RMQS1,"{""type"":""MultiPoint"",""coordinates"":[]}"
20220209T105211_20220209T105206_T31UDR_000000000000000000ca_0,1657,1234,477,712,1006,1112,1165,1233,1370,1368,5,2022-02-09,Luvic Cambisols,49.99822488625304,1.654081486582689,77,RMQS1,"{""type"":""MultiPoint"",""coordinates"":[]}"
20220209T105211_20220209T105206_T31UDR_000000000000000000db_0,2587,1731,672,938,1024,1533,2078,2235,2423,2459,5,2022-02-09,Luvic Cambisols,49.85458077799602,1.6560118173559046,100,RMQS1,"{""type"":""MultiPoint"",""coordinates"":[]}"
20220209T105211_20220209T105206_T31UDR_000000000000000000c0_0,2545,1940,870,1266,1594,1877,2076,2194,2332,2348,5,2022-02-09,Regosols (Colluvic),50.14358454537285,2.546016788788959,64,RMQS1,"{""type"":""MultiPoint"",""coordinates"":[]}"
20220209T105211_20220209T105206_T31UDR_000000000000000000f8_0,1859,1557,550,827,1050,1258,1333,1422,1472,1501,5,2022-02-09,Stagnic Gleysols,49.71107115810657,2.9873998831233357,134,RMQS1,"{""type"":""MultiPoint"",""coordinates"":[]}"
20220209T105211_20220209T105206_T31UDR_000000000000000000b2_0,560,322,248,399,322,488,687,748,768,765,5,2022-02-09,Umbric Leptosols,50.28712929849958,2.098392586975514,49,RMQS1,"{""type"":""MultiPoint"",""coordinates"":[]}"
20220209T105211_20220209T105206_T31UEP_00000000000000000211_0,1213,774,56,256,286,609,863,997,1228,1243,5,2022-02-09,Calcaric Cambisols,48.690659176796345,4.278183908296361,461,RMQS1,"{""type"":""MultiPoint"",""coordinates"":[]}"
20220209T105211_20220209T105206_T31UEP_00000000000000000249_0,2388,1596,462,819,1262,1538,1632,1808,1920,2034,5,2022-02-09,Calcaric Cambisols,48.54687807094027,4.272833882779359,521,RMQS1,"{""type"":""MultiPoint"",""coordinates"":[]}"
20220209T105211_20220209T105206_T31UEP_0000000000000000027f_0,2340,1485,466,836,938,1456,2076,2320,2522,2530,5,2022-02-09,Calcaric Cambisols,48.406418205516395,4.051533416952645,578,RMQS1,"{""type"":""MultiPoint"",""coordinates"":[]}"
20220209T105211_20220209T105206_T31UEP_000000000000000002b4_0,1966,1259,259,666,702,1091,1439,1734,2274,1982,5,2022-02-09,Calcaric Cambisols,48.271965548555634,3.1850485225886964,633,RMQS1,"{""type"":""MultiPoint"",""coordinates"":[]}"
20220209T105211_20220209T105206_T31UEP_000000000000000002b5_0,1412,823,288,692,624,959,1901,1859,2380,2033,5,2022-02-09,Calcaric Cambisols,48.270214890027546,3.40052240924141,634,RMQS1,"{""type"":""MultiPoint"",""coordinates"":[]}"
20220209T105211_20220209T105206_T31UEP_00000000000000000329_0,2783,1865,630,1058,1226,1752,2495,2679,2924,2848,5,2022-02-09,Calcaric Cambisols,47.967910801776064,4.465910681616188,754,RMQS1,"{""type"":""MultiPoint"",""coordinates"":[]}"
20220209T105211_20220209T105206_T31UEP_0000000000000000035c_0,1124,806,12,254,528,649,714,785,834,850,5,2022-02-09,Eutric Cambisols,47.82407340617893,4.4601231189041926,809,RMQS1,"{""type"":""MultiPoint"",""coordinates"":[]}"
20220209T105211_20220209T105206_T31UEP_00000000000000000247_0,1845,1221,337,700,892,1210,1687,1824,1884,1903,5,2022-02-09,Fluvic Cambisols,48.55317262682796,3.8396575992660655,519,RMQS1,"{""type"":""MultiPoint"",""coordinates"":[]}"
20220209T105211_20220209T105206_T31UEP_00000000000000000326_0,1611,1142,289,618,807,1009,1100,1145,1208,1287,5,2022-02-09,Haplic Luvisols,47.977838510183425,3.8232666387845935,751,RMQS1,"{""type"":""MultiPoint"",""coordinates"":[]}"
20220209T105211_20220209T105206_T31UEP_000000000000000002ee_0,1618,1021,181,348,474,775,1149,1281,1532,1589,5,2022-02-09,Luvic Cambisols,48.12422320780374,3.612482100567829,693,RMQS1,"{""type"":""MultiPoint"",""coordinates"":[]}"
20220209T105211_20220209T105206_T31UEP_0000000000000000035a_0,1643,992,169,293,436,673,1000,1168,1388,1483,5,2022-02-09,Luvic Cambisols,47.831065184730285,4.032883282733883,807,RMQS1,"{""type"":""MultiPoint"",""coordinates"":[]}"
20220209T105211_20220209T105206_T31UEP_000000000000000002ba_0,1996,1230,640,1196,1478,1470,1867,2092,3087,2282,5,2022-02-09,Luvic Stagnosols,48.2555502989698,4.477580917578768,639,RMQS1,"{""type"":""MultiPoint"",""coordinates"":[]}"
20220209T105211_20220209T105206_T31UEP_000000000000000002f1_0,1323,812,52,189,262,567,863,1059,1134,1239,5,2022-02-09,Luvic Stagnosols,48.115447846982754,4.256958154252773,696,RMQS1,"{""type"":""MultiPoint"",""coordinates"":[]}"
20220209T105211_20220209T105206_T31UEP_00000000000000000358_0,1453,915,95,280,355,584,865,1051,1374,1351,5,2022-02-09,Luvic Stagnosols,47.83649278861352,3.6055433677437523,805,RMQS1,"{""type"":""MultiPoint"",""coordinates"":[]}"
20220209T105211_20220209T105206_T31UEP_0000000000000000020d_0,2306,1595,632,1062,1226,1658,2357,2528,2626,2580,5,2022-02-09,Regosols (Colluvic),48.70169366844977,3.4093457089391372,457,RMQS1,"{""type"":""MultiPoint"",""coordinates"":[]}"
20220209T105211_20220209T105206_T31UEP_00000000000000000210_0,2366,1507,374,670,778,1234,1662,1835,2082,2118,5,2022-02-09,Rendzic Leptosols,48.694014170702346,4.061009738712103,460,RMQS1,"{""type"":""MultiPoint"",""coordinates"":[]}"
20220209T105211_20220209T105206_T31UEP_0000000000000000027e_0,3299,2377,658,963,1424,1764,1975,2197,2402,2552,5,2022-02-09,Rendzic Leptosols,48.409359388280585,3.835527167897573,577,RMQS1,"{""type"":""MultiPoint"",""coordinates"":[]}"
20220209T105211_20220209T105206_T31UEP_00000000000000000280_0,2033,1376,444,804,1208,1399,1486,1595,1810,1798,5,2022-02-09,Rendzic Leptosols,48.40308202138188,4.267513168573883,579,RMQS1,"{""type"":""MultiPoint"",""coordinates"":[]}"
20220209T105211_20220209T105206_T31UEP_000000000000000002b7_0,2285,1426,607,1134,1402,1830,2188,2288,2702,2503,5,2022-02-09,Rendzic Leptosols,48.265531928145386,3.8314183567168554,636,RMQS1,"{""type"":""MultiPoint"",""coordinates"":[]}"
20220209T105211_20220209T105206_T31UEP_000000000000000002b8_0,2743,2331,525,928,1066,2185,2249,2256,1753,2349,5,2022-02-09,Rendzic Leptosols,48.26259874368474,4.046833414678177,637,RMQS1,"{""type"":""MultiPoint"",""coordinates"":[]}"
20220209T105211_20220209T105206_T31UEP_00000000000000000324_0,1618,1360,255,303,457,494,576,770,874,889,5,2022-02-09,Rendzic Leptosols,47.982497159296926,3.394720601458198,749,RMQS1,"{""type"":""MultiPoint"",""coordinates"":[]}"
20220209T105211_20220209T105206_T31UEP_00000000000000000248_0,1926,1206,201,406,552,892,1187,1408,1692,1708,5,2022-02-09,Stagnic Gleysols,48.55022351049886,4.056258695022438,520,RMQS1,"{""type"":""MultiPoint"",""coordinates"":[]}"
20220209T105211_20220209T105206_T31UEP_000000000000000002ec_0,2162,1377,431,858,965,1479,2115,2330,2444,2469,5,2022-02-09,Stagnic Gleysols,48.12810780180863,3.1827287684756462,691,RMQS1,"{""type"":""MultiPoint"",""coordinates"":[]}"
20220209T105211_20220209T105206_T31UEP_00000000000000000325_0,1285,815,115,215,404,537,730,856,1152,1088,5,2022-02-09,Stagnic Gleysols,47.98036361649351,3.6090032422419602,750,RMQS1,"{""type"":""MultiPoint"",""coordinates"":[]}"
20220209T105211_20220209T105206_T31UEP_0000000000000000001b_0,882,496,0,55,111,316,396,389,321,516,5,2022-02-09,Calcaric Cambisols,48.17555556,3.7499999999999996,66215,"{WD-eSOTER,WD-WISE}","{""type"":""MultiPoint"",""coordinates"":[]}"
20220209T105211_20220209T105206_T31UEP_0000000000000000000f_0,1131,690,81,224,327,439,700,850,1038,1084,5,2022-02-09,Eutric Planosols,47.88888889,3.61111111,68786,"{WD-eSOTER,WD-WISE}","{""type"":""MultiPoint"",""coordinates"":[]}"
20220209T105211_20220209T105206_T31UEQ_0000000000000000003e_0,1361,1040,326,612,904,1053,1130,1155,1210,1218,5,2022-02-09,Calcaric Cambisols,49.57638025857395,4.196054229208747,SIM60664,HWSDv2,"{""type"":""MultiPoint"",""coordinates"":[]}"
20220209T105211_20220209T105206_T31UEQ_00000000000000000115_0,1955,1492,406,772,922,1250,1573,1705,1804,1853,5,2022-02-09,Calcaric Cambisols,49.562001469354996,3.6483405966440827,166,RMQS1,"{""type"":""MultiPoint"",""coordinates"":[]}"
20220209T105211_20220209T105206_T31UEQ_00000000000000000133_0,1535,1055,306,653,892,1056,1110,1216,1295,1318,5,2022-02-09,Calcaric Cambisols,49.41570907871767,3.8649294377156487,206,RMQS1,"{""type"":""MultiPoint"",""coordinates"":[]}"
20220209T105211_20220209T105206_T31UEQ_00000000000000000134_0,2431,1708,602,983,1366,1599,1746,1882,2079,2094,5,2022-02-09,Calcaric Cambisols,49.412712015559535,4.085171344798594,207,RMQS1,"{""type"":""MultiPoint"",""coordinates"":[]}"
20220209T105211_20220209T105206_T31UEQ_00000000000000000135_0,1741,1716,183,381,334,714,1486,1585,1668,1740,5,2022-02-09,Calcaric Cambisols,49.40931256011699,4.305386426131146,208,RMQS1,"{""type"":""MultiPoint"",""coordinates"":[]}"
20220209T105211_20220209T105206_T31UEQ_00000000000000000156_0,1390,869,86,250,314,589,803,929,1036,1266,5,2022-02-09,Calcaric Cambisols,49.2767717956399,3.421336611943159,243,RMQS1,"{""type"":""MultiPoint"",""coordinates"":[]}"
20220209T105211_20220209T105206_T31UEQ_0000000000000000017b_0,1942,1435,404,844,1100,1319,1631,1740,1689,1885,5,2022-02-09,Calcaric Cambisols,49.13480900561818,3.1992372340169237,285,RMQS1,"{""type"":""MultiPoint"",""coordinates"":[]}"
20220209T105211_20220209T105206_T31UEQ_0000000000000000017d_0,1866,1312,107,306,422,823,1229,1452,1462,1620,5,2022-02-09,Calcaric Cambisols,49.13084901775118,3.6373714391895806,287,RMQS1,"{""type"":""MultiPoint"",""coordinates"":[]}"
20220209T105211_20220209T105206_T31UEQ_0000000000000000017e_0,2048,1429,362,580,776,1026,1444,1694,1760,1946,5,2022-02-09,Calcaric Cambisols,49.128268431433405,3.856408785568261,288,RMQS1,"{""type"":""MultiPoint"",""coordinates"":[]}"
20220209T105211_20220209T105206_T31UEQ_000000000000000001db_0,2440,1531,583,954,1148,1626,2202,2346,2562,2609,5,2022-02-09,Calcaric Cambisols,48.83778942360765,4.065787310355802,399,RMQS1,"{""type"":""MultiPoint"",""coordinates"":[]}"
20220209T105211_20220209T105206_T31UEQ_00000000000000000211_0,1203,767,36,253,292,609,862,996,1234,1233,5,2022-02-09,Calcaric Cambisols,48.690659176796345,4.278183908296361,461,RMQS1,"{""type"":""MultiPoint"",""coordinates"":[]}"
20220209T105211_20220209T105206_T31UEQ_00000000000000000130_0,875,557,0,38,113,401,705,764,693,1088,5,2022-02-09,Eutric Cambisols,49.42228371690323,3.2040725133946744,203,RMQS1,"{""type"":""MultiPoint"",""coordinates"":[]}"
20220209T105211_20220209T105206_T31UEQ_00000000000000000157_0,1878,1389,371,674,854,1147,1388,1498,1606,1577,5,2022-02-09,Eutric Cambisols,49.274585829064,3.6410073595306423,244,RMQS1,"{""type"":""MultiPoint"",""coordinates"":[]}"
20220209T105211_20220209T105206_T31UEQ_000000000000000001d9_0,1063,789,190,526,672,724,799,848,1036,977,5,2022-02-09,Eutric Cambisols,48.843321770698005,3.630162321173954,397,RMQS1,"{""type"":""MultiPoint"",""coordinates"":[]}"
20220209T105211_20220209T105206_T31UEQ_000000000000000008c1_0,1170,751,113,237,362,572,807,880,1152,1154,5,2022-02-09,Eutric Cambisols,49.12528769510129,4.075423287142203,10289,RMQS1,"{""type"":""MultiPoint"",""coordinates"":[]}"
20220209T105211_20220209T105206_T31UEQ_00000000000000000118_0,1352,932,259,482,672,909,977,1071,1050,1179,5,2022-02-09,Eutric Fluvisols,49.552985910691305,4.310920889162134,169,RMQS1,"{""type"":""MultiPoint"",""coordinates"":[]}"
20220209T105211_20220209T105206_T31UEQ_0000000000000000017c_0,2007,1409,501,954,987,1513,2091,2191,2328,2262,5,2022-02-09,Haplic Luvisols,49.13302940640497,3.4183131268373956,286,RMQS1,"{""type"":""MultiPoint"",""coordinates"":[]}"
20220209T105211_20220209T105206_T31UEQ_00000000000000000114_0,1825,1146,218,368,549,827,1163,1396,1648,1709,5,2022-02-09,Luvic Stagnosols,49.564198739367406,3.42743370535925,165,RMQS1,"{""type"":""MultiPoint"",""coordinates"":[]}"
20220209T105211_20220209T105206_T31UEQ_00000000000000000159_0,1913,1435,456,767,1054,1127,1250,1287,1519,1447,5,2022-02-09,Regosols (Colluvic),49.26900917934291,4.080283111786636,246,RMQS1,"{""type"":""MultiPoint"",""coordinates"":[]}"
20220209T105211_20220209T105206_T31UEQ_0000000000000000015a_0,2031,1363,610,1011,1296,1692,2008,2164,2311,2249,5,2022-02-09,Regosols (Colluvic),49.265619142621546,4.299883218473971,247,RMQS1,"{""type"":""MultiPoint"",""coordinates"":[]}"
20220209T105211_20220209T105206_T31UEQ_000000000000000001a9_0,2655,1815,592,982,1346,1556,2099,2280,2518,2528,5,2022-02-09,Regosols (Colluvic),48.9815477887394,4.070591756163375,341,RMQS1,"{""type"":""MultiPoint"",""coordinates"":[]}"
20220209T105211_20220209T105206_T31UEQ_0000000000000000020d_0,2293,1587,608,1048,1218,1647,2340,2507,2614,2563,5,2022-02-09,Regosols (Colluvic),48.70169366844977,3.4093457089391372,457,RMQS1,"{""type"":""MultiPoint"",""coordinates"":[]}"
20220209T105211_20220209T105206_T31UEQ_0000000000000000017f_0,1299,820,148,325,392,657,1103,1163,1364,1460,5,2022-02-09,Rendzic Leptosols,49.12190632957366,4.294411683541389,290,RMQS1,"{""type"":""MultiPoint"",""coordinates"":[]}"
20220209T105211_20220209T105206_T31UEQ_000000000000000001dc_0,2518,1804,560,900,1282,1557,1691,1826,2062,2047,5,2022-02-09,Rendzic Leptosols,48.83442503518052,4.283563095018126,400,RMQS1,"{""type"":""MultiPoint"",""coordinates"":[]}"
20220209T105211_20220209T105206_T31UEQ_00000000000000000210_0,2371,1512,356,662,776,1239,1666,1836,2074,2124,5,2022-02-09,Rendzic Leptosols,48.694014170702346,4.061009738712103,460,RMQS1,"{""type"":""MultiPoint"",""coordinates"":[]}"
20220209T105211_20220209T105206_T31UEQ_000000000000000001d8_0,1366,963,356,752,1066,1163,1356,1447,1648,1562,5,2022-02-09,Stagnic Gleysols,48.84548989394474,3.4123181623321734,396,RMQS1,"{""type"":""MultiPoint"",""coordinates"":[]}"
20220209T105211_20220209T105206_T31UER_0000000000000000003e_0,1357,1037,299,603,903,1042,1120,1152,1220,1215,5,2022-02-09,Calcaric Cambisols,49.57638025857395,4.196054229208747,SIM60664,HWSDv2,"{""type"":""MultiPoint"",""coordinates"":[]}"
20220209T105211_20220209T105206_T31UER_000000000000000000bb_0,1003,639,46,170,196,464,713,854,931,1035,5,2022-02-09,Dystric Cambisols,50.27446723349932,4.115085867386105,58,RMQS1,"{""type"":""MultiPoint"",""coordinates"":[]}"
20220209T105211_20220209T105206_T31UER_000000000000000000e3_0,2151,1448,488,902,1176,1408,1679,1785,1930,1910,5,2022-02-09,Eutric Cambisols,49.85154127658212,3.433600324543512,108,RMQS1,"{""type"":""MultiPoint"",""coordinates"":[]}"
20220209T105211_20220209T105206_T31UER_000000000000000000e6_0,1775,1166,586,896,1256,1549,1800,1871,2063,2152,5,2022-02-09,Eutric Retisols,49.843694899523854,4.1000008883001975,111,RMQS1,"{""type"":""MultiPoint"",""coordinates"":[]}"
20220209T105211_20220209T105206_T31UER_000000000000000000d3_0,1087,816,158,310,339,601,778,987,1166,1130,5,2022-02-09,Haplic Luvisols,49.992962405810275,3.6594955309676163,86,RMQS1,"{""type"":""MultiPoint"",""coordinates"":[]}"
20220209T105211_20220209T105206_T31UER_000000000000000000e4_0,1643,1272,454,836,1144,1318,1393,1505,1498,1570,5,2022-02-09,Haplic Luvisols,49.84933182571976,3.655756320004579,109,RMQS1,"{""type"":""MultiPoint"",""coordinates"":[]}"
20220209T105211_20220209T105206_T31UER_000000000000000000e5_0,2203,1560,580,1040,1244,1704,2140,2321,2448,2477,5,2022-02-09,Haplic Luvisols,49.846716377679186,3.877890881957365,110,RMQS1,"{""type"":""MultiPoint"",""coordinates"":[]}"
20220209T105211_20220209T105206_T31UER_000000000000000000fa_0,1798,1450,480,902,1198,1304,1375,1481,1700,1471,5,2022-02-09,Haplic Luvisols,49.70788130389365,3.430508287788286,136,RMQS1,"{""type"":""MultiPoint"",""coordinates"":[]}"
20220209T105211_20220209T105206_T31UER_000000000000000000fb_0,1821,1315,432,866,1082,1450,1776,1858,1932,1887,5,2022-02-09,Haplic Luvisols,49.70567786204237,3.652038113507865,137,RMQS1,"{""type"":""MultiPoint"",""coordinates"":[]}"
20220209T105211_20220209T105206_T31UER_000000000000000000fc_0,1058,684,87,260,372,621,808,854,759,1010,5,2022-02-09,Haplic Luvisols,49.70306940902673,3.873546545141083,138,RMQS1,"{""type"":""MultiPoint"",""coordinates"":[]}"
20220209T105211_20220209T105206_T31UER_000000000000000000b7_0,474,303,277,374,326,480,575,598,616,610,5,2022-02-09,Luvic Cambisols,50.284191794055914,3.2189050612951036,54,RMQS1,"{""type"":""MultiPoint"",""coordinates"":[]}"
20220209T105211_20220209T105206_T31UER_000000000000000000ba_0,1296,878,400,782,1172,1285,1301,1366,1448,1361,5,2022-02-09,Luvic Cambisols,50.277513811755476,3.891075085094819,57,RMQS1,"{""type"":""MultiPoint"",""coordinates"":[]}"
20220209T105211_20220209T105206_T31UER_000000000000000000e2_0,2140,1459,661,1102,1284,1628,2111,2328,2363,2479,5,2022-02-09,Luvic Cambisols,49.85334360089348,3.2114262910976588,107,RMQS1,"{""type"":""MultiPoint"",""coordinates"":[]}"
20220209T105211_20220209T105206_T31UER_00000000000000000114_0,1841,1156,186,351,542,820,1167,1403,1638,1724,5,2022-02-09,Luvic Stagnosols,49.564198739367406,3.42743370535925,165,RMQS1,"{""type"":""MultiPoint"",""coordinates"":[]}"
20220209T105211_20220209T105206_T31UER_000000000000000000e7_0,1996,1231,354,784,924,1329,1748,1881,2054,2104,5,2022-02-09,Mollic Umbrisols,49.840267006570215,4.322083069370896,112,RMQS1,"{""type"":""MultiPoint"",""coordinates"":[]}"
20220209T105211_20220209T105206_T31UFP_0000000000000000024a_0,1715,1080,262,566,652,1031,1428,1578,1670,1711,5,2022-02-09,Calcaric Cambisols,48.54313673632617,4.4893801670582985,522,RMQS1,"{""type"":""MultiPoint"",""coordinates"":[]}"
20220209T105211_20220209T105206_T31UFP_000000000000000002bb_0,2375,1617,518,914,1118,1492,1907,2020,2186,2135,5,2022-02-09,Calcaric Cambisols,48.25143516324276,4.692909482923313,640,RMQS1,"{""type"":""MultiPoint"",""coordinates"":[]}"
20220209T105211_20220209T105206_T31UFP_00000000000000000329_0,2776,1863,652,1068,1224,1748,2485,2665,2916,2838,5,2022-02-09,Calcaric Cambisols,47.967910801776064,4.465910681616188,754,RMQS1,"{""type"":""MultiPoint"",""coordinates"":[]}"
20220209T105211_20220209T105206_T31UFP_0000000000000000032a_0,1449,925,32,231,331,577,1004,1125,1404,1441,5,2022-02-09,Calcaric Cambisols,47.96381762949975,4.6800672423932355,755,RMQS1,"{""type"":""MultiPoint"",""coordinates"":[]}"
20220209T105211_20220209T105206_T31UFP_00000000000000000213_0,2374,1553,586,856,1132,1437,1570,1655,1782,1900,5,2022-02-09,Eutric Cambisols,48.6827591856006,4.712439211085572,463,RMQS1,"{""type"":""MultiPoint"",""coordinates"":[]}"
20220209T105211_20220209T105206_T31UFP_00000000000000000281_0,1982,1334,446,766,886,1318,1812,2035,2558,2124,5,2022-02-09,Eutric Cambisols,48.399350716545385,4.483464387234075,580,RMQS1,"{""type"":""MultiPoint"",""coordinates"":[]}"
20220209T105211_20220209T105206_T31UFP_000000000000000002f3_0,1423,848,136,254,358,615,878,1051,1274,1324,5,2022-02-09,Eutric Cambisols,48.10763254505548,4.686470805774626,698,RMQS1,"{""type"":""MultiPoint"",""coordinates"":[]}"
20220209T105211_20220209T105206_T31UFP_0000000000000000035c_0,1125,805,54,280,542,663,729,797,843,860,5,2022-02-09,Eutric Cambisols,47.82407340617893,4.4601231189041926,809,RMQS1,"{""type"":""MultiPoint"",""coordinates"":[]}"
20220209T105211_20220209T105206_T31UFP_0000000000000000024c_0,1575,1168,321,632,916,1056,1089,1190,1282,1288,5,2022-02-09,Eutric Fluvisols,48.53446674757317,4.9223703768506635,524,RMQS1,"{""type"":""MultiPoint"",""coordinates"":[]}"
20220209T105211_20220209T105206_T31UFP_0000000000000000024b_0,1636,1055,422,683,908,1147,1259,1392,1498,1568,5,2022-02-09,Fluvic Cambisols,48.53899941731076,4.705893459810416,523,RMQS1,"{""type"":""MultiPoint"",""coordinates"":[]}"
20220209T105211_20220209T105206_T31UFP_00000000000000000214_0,1212,740,116,318,370,588,845,994,1352,1288,5,2022-02-09,Haplic Luvisols,48.67821437273791,4.929513217351333,464,RMQS1,"{""type"":""MultiPoint"",""coordinates"":[]}"
20220209T105211_20220209T105206_T31UFP_000000000000000002ba_0,2008,1238,674,1212,1482,1489,1895,2110,3082,2299,5,2022-02-09,Luvic Stagnosols,48.2555502989698,4.477580917578768,639,RMQS1,"{""type"":""MultiPoint"",""coordinates"":[]}"
20220209T105211_20220209T105206_T31UFQ_0000000000000000011c_0,1336,860,158,360,558,644,756,857,969,924,5,2022-02-09,Calcaric Cambisols,49.53531421563954,5.1939061262094794,173,RMQS1,"{""type"":""MultiPoint"",""coordinates"":[]}"
20220209T105211_20220209T105206_T31UFQ_0000000000000000015b_0,1895,1262,442,794,1168,1327,1448,1546,1686,1655,5,2022-02-09,Calcaric Cambisols,49.261827045241304,4.519452882190931,248,RMQS1,"{""type"":""MultiPoint"",""coordinates"":[]}"
20220209T105211_20220209T105206_T31UFQ_000000000000000001ab_0,2411,1548,469,925,980,1709,2174,2373,2652,2550,5,2022-02-09,Calcaric Cambisols,48.97440230177886,4.507322370591027,343,RMQS1,"{""type"":""MultiPoint"",""coordinates"":[]}"
20220209T105211_20220209T105206_T31UFQ_000000000000000001df_0,2137,1324,418,750,797,1237,1969,2094,2236,2289,5,2022-02-09,Calcaric Cambisols,48.821946019086994,4.93669536884499,403,RMQS1,"{""type"":""MultiPoint"",""coordinates"":[]}"
20220209T105211_20220209T105206_T31UFQ_00000000000000000213_0,2366,1546,570,858,1134,1425,1560,1646,1794,1892,5,2022-02-09,Eutric Cambisols,48.6827591856006,4.712439211085572,463,RMQS1,"{""type"":""MultiPoint"",""coordinates"":[]}"
20220209T105211_20220209T105206_T31UFQ_000000000000000001dd_0,2524,1811,385,715,832,1286,1682,1821,2102,2059,5,2022-02-09,Eutric Fluvisols,48.83066283755028,4.501308939409007,401,RMQS1,"{""type"":""MultiPoint"",""coordinates"":[]}"
20220209T105211_20220209T105206_T31UFQ_0000000000000000011d_0,2432,1589,433,856,1002,1457,2005,2138,2248,2230,5,2022-02-09,Eutric Stagnosols,49.52988794759481,5.4145479932327865,174,RMQS1,"{""type"":""MultiPoint"",""coordinates"":[]}"
20220209T105211_20220209T105206_T31UFQ_0000000000000000015d_0,1245,811,98,287,413,515,787,929,1314,1252,5,2022-02-09,Haplic Luvisols,49.253038026442226,4.9584854591189,250,RMQS1,"{""type"":""MultiPoint"",""coordinates"":[]}"
20220209T105211_20220209T105206_T31UFQ_00000000000000000214_0,1208,739,102,314,369,579,837,987,1360,1283,5,2022-02-09,Haplic Luvisols,48.67821437273791,4.929513217351333,464,RMQS1,"{""type"":""MultiPoint"",""coordinates"":[]}"
20220209T105211_20220209T105206_T31UFQ_00000000000000000137_0,1007,642,110,212,256,430,730,879,1066,1062,5,2022-02-09,Mollic Umbrisols,49.401305008227645,4.745719812275708,210,RMQS1,"{""type"":""MultiPoint"",""coordinates"":[]}"
20220209T105211_20220209T105206_T31UFQ_00000000000000000182_0,1038,671,55,125,197,410,595,749,742,985,5,2022-02-09,Umbric Leptosols,49.1093589290196,4.9511808824973285,293,RMQS1,"{""type"":""MultiPoint"",""coordinates"":[]}"
20220209T105211_20220209T105206_T31UFQ_00000000000000000119_0,1659,1140,474,773,860,1145,1532,1626,1582,1779,5,2022-02-09,Vertic Cambisols,49.54917309265782,4.5317230180671295,170,RMQS1,"{""type"":""MultiPoint"",""coordinates"":[]}"
