system:index,B11,B12,B2,B3,B4,B5,B6,B7,B8,B8A,SCL,date,h_wrb4,latitude,longitude,profile_id,source_db,.geo
20220811T100559_20220811T101510_T32TMM_000000000000000008be_0,4689,3168,982,1336,1840,2352,2571,2948,3082,3454,5,2022-08-11,Eutric Cambisols,41.58852524795022,9.022695648407758,2355,RMQS1,"{""type"":""MultiPoint"",""coordinates"":[]}"
20220811T100559_20220811T101510_T32TMM_000000000000000008b8_0,4675,3587,1286,1648,2456,2855,2907,3083,3280,3509,5,2022-08-11,Mollic Umbrisols,41.886619302369944,8.863920950143937,2345,RMQS1,"{""type"":""MultiPoint"",""coordinates"":[]}"
20220811T100559_20220811T101510_T32TMM_000000000000000008ad_0,2870,1998,870,1024,1114,1866,2528,2851,2784,3000,5,2022-08-11,Umbric Leptosols,42.315905519983275,8.912076372712265,2322,RMQS1,"{""type"":""MultiPoint"",""coordinates"":[]}"
20220811T100559_20220811T101510_T32TNM_000000000000000008be_0,4724,3163,999,1350,1866,2383,2592,2975,3094,3466,5,2022-08-11,Eutric Cambisols,41.58852524795022,9.022695648407758,2355,RMQS1,"{""type"":""MultiPoint"",""coordinates"":[]}"
20220811T100559_20220811T101510_T32TNN_00000000000000000897_0,2958,2085,747,1030,1418,1561,2220,2660,2896,2846,5,2022-08-11,Umbric Leptosols,42.58996196562447,9.1383292700287,2288,RMQS1,"{""type"":""MultiPoint"",""coordinates"":[]}"
20220811T105631_20220811T105631_T30TWT_0000000000000000036f_0,4788,3374,1362,1952,2856,3210,3452,3666,4004,4063,5,2022-08-11,Eutric Cambisols,47.62099768741021,-1.9359505851256793,831,RMQS1,"{""type"":""MultiPoint"",""coordinates"":[]}"
20220811T105631_20220811T105631_T30TWT_0000000000000000039e_0,4008,2731,958,1184,1570,2037,2496,2770,2946,3196,5,2022-08-11,Luvic Stagnosols,47.47729537315615,-1.9244201828094953,883,RMQS1,"{""type"":""MultiPoint"",""coordinates"":[]}"
20220811T105631_20220811T105631_T30TXT_0000000000000000004f_0,4485,3075,839,1156,1678,1987,2174,2404,2744,2833,5,2022-08-11,Dystric Cambisols,47.49837804877488,-0.7380596229834975,SIM86021,HWSDv2,"{""type"":""MultiPoint"",""coordinates"":[]}"
20220811T105631_20220811T105631_T30TXT_000000000000000003ff_0,3435,2351,782,1162,1516,1814,2327,2593,2866,2998,5,2022-08-11,Calcaric Cambisols,47.23470667886189,-0.42436685046714595,986,RMQS1,"{""type"":""MultiPoint"",""coordinates"":[]}"
20220811T105631_20220811T105631_T30TXT_000000000000000003d3_0,2867,1854,791,1140,1444,1878,2611,2982,2976,3134,5,2022-08-11,Calcaric Stagnosols,47.378545490400924,-0.4318090677435681,941,RMQS1,"{""type"":""MultiPoint"",""coordinates"":[]}"
20220811T105631_20220811T105631_T30TXT_00000000000000000346_0,4219,2942,1036,1474,2064,2485,2643,2856,2979,3197,5,2022-08-11,Eutric Cambisols,47.814923149860995,-0.2408778511839764,787,RMQS1,"{""type"":""MultiPoint"",""coordinates"":[]}"
20220811T105631_20220811T105631_T30TXT_000000000000000003a3_0,4129,3234,1244,1824,2346,2758,2854,3055,3223,3329,5,2022-08-11,Eutric Cambisols,47.5114371856529,-0.8638591780283975,888,RMQS1,"{""type"":""MultiPoint"",""coordinates"":[]}"
20220811T105631_20220811T105631_T30TXT_000000000000000003a6_0,3127,2307,692,1140,1446,1905,2229,2418,2567,2684,5,2022-08-11,Eutric Cambisols,47.52726373661135,-0.22694380944694587,891,RMQS1,"{""type"":""MultiPoint"",""coordinates"":[]}"
20220811T105631_20220811T105631_T30TXT_000000000000000003ce_0,4150,2838,900,1188,1696,1929,2066,2296,2568,2716,5,2022-08-11,Eutric Cambisols,47.34836494238278,-1.4900282927971908,936,RMQS1,"{""type"":""MultiPoint"",""coordinates"":[]}"
20220811T105631_20220811T105631_T30TXT_000000000000000003cf_0,3790,2455,776,1126,1494,1982,2619,3021,3228,3441,5,2022-08-11,Eutric Cambisols,47.35517571035672,-1.2784818904062163,937,RMQS1,"{""type"":""MultiPoint"",""coordinates"":[]}"
20220811T105631_20220811T105631_T30TXT_000000000000000003d0_0,4204,2740,1052,1412,1990,2560,2859,3128,3208,3560,5,2022-08-11,Eutric Cambisols,47.361599139918965,-1.066883803023206,938,RMQS1,"{""type"":""MultiPoint"",""coordinates"":[]}"
20220811T105631_20220811T105631_T30TXT_000000000000000003d1_0,2852,2100,758,952,1120,1489,1982,2181,2188,2349,5,2022-08-11,Eutric Cambisols,47.36763519287751,-0.8552369504202991,939,RMQS1,"{""type"":""MultiPoint"",""coordinates"":[]}"
20220811T105631_20220811T105631_T30TXT_000000000000000003fd_0,4690,3740,1428,2074,2832,3153,3283,3452,3688,3745,5,2022-08-11,Eutric Cambisols,47.22382482347914,-0.846661047954409,984,RMQS1,"{""type"":""MultiPoint"",""coordinates"":[]}"
20220811T105631_20220811T105631_T30TXT_000000000000000003a2_0,4762,3453,1036,1344,1926,2291,2482,2763,3018,3200,5,2022-08-11,Eutric Planosols,47.5053851233505,-1.0760766183038721,887,RMQS1,"{""type"":""MultiPoint"",""coordinates"":[]}"
20220811T105631_20220811T105631_T30TXT_000000000000000003d2_0,3887,2506,732,1009,1334,1770,2061,2322,2512,2703,5,2022-08-11,Fluvic Cambisols,47.373283735905275,-0.6435446460553932,940,RMQS1,"{""type"":""MultiPoint"",""coordinates"":[]}"
20220811T105631_20220811T105631_T30TXT_00000000000000000373_0,3964,2713,882,1228,1692,2104,2670,3018,3215,3418,5,2022-08-11,Haplic Luvisols,47.649161307086686,-1.0853193015243408,835,RMQS1,"{""type"":""MultiPoint"",""coordinates"":[]}"
20220811T105631_20220811T105631_T30TXT_00000000000000000341_0,3625,2302,998,1418,1712,2322,3282,3593,3944,4090,5,2022-08-11,Luvic Cambisols,47.78645279596832,-1.3079284435771275,782,RMQS1,"{""type"":""MultiPoint"",""coordinates"":[]}"
20220811T105631_20220811T105631_T30TXT_00000000000000000342_0,3551,2270,736,1030,1300,1932,2396,2768,3068,3226,5,2022-08-11,Luvic Stagnosols,47.792927590004076,-1.094611919198103,783,RMQS1,"{""type"":""MultiPoint"",""coordinates"":[]}"
20220811T105631_20220811T105631_T30TXT_00000000000000000371_0,3942,2475,689,1026,1428,1859,2381,2729,3096,3283,5,2022-08-11,Luvic Stagnosols,47.63585721742105,-1.5107475871223333,833,RMQS1,"{""type"":""MultiPoint"",""coordinates"":[]}"
20220811T105631_20220811T105631_T30TXT_000000000000000003a1_0,3812,2596,774,1005,1372,1717,2170,2462,2679,2872,5,2022-08-11,Luvic Stagnosols,47.498944685775584,-1.28824436436936,886,RMQS1,"{""type"":""MultiPoint"",""coordinates"":[]}"
20220811T105631_20220811T105631_T30TXT_000000000000000003a4_0,3664,2631,705,1168,1494,2523,2828,3078,2972,3309,5,2022-08-11,Luvic Stagnosols,47.51710088226913,-0.6515964560312686,889,RMQS1,"{""type"":""MultiPoint"",""coordinates"":[]}"
20220811T105631_20220811T105631_T30TXT_000000000000000003fe_0,3781,2427,805,1166,1570,1725,2292,2580,2750,2993,5,2022-08-11,Luvic Stagnosols,47.22945853909696,-0.6355357376199361,985,RMQS1,"{""type"":""MultiPoint"",""coordinates"":[]}"
20220811T105631_20220811T105631_T30TXT_00000000000000000345_0,4338,3519,1448,2052,2724,3077,3310,3461,3607,3722,5,2022-08-11,Umbric Leptosols,47.810009864546274,-0.45437452705414894,786,RMQS1,"{""type"":""MultiPoint"",""coordinates"":[]}"
20220811T105631_20220811T105631_T30TYT_00000000000000000053_0,2595,1639,604,1024,1252,1682,1952,2125,2304,2389,5,2022-08-11,Gleyic Cambisols,47.49837804877488,0.14104694691730213,SIM55438,HWSDv2,"{""type"":""MultiPoint"",""coordinates"":[]}"
20220811T105631_20220811T105631_T30TYT_000000000000000003a9_0,4327,2727,844,1232,1902,2654,2970,3345,3393,3891,5,2022-08-11,Abruptic Luvisols,47.53959415479821,0.41030810140731977,894,RMQS1,"{""type"":""MultiPoint"",""coordinates"":[]}"
20220811T105631_20220811T105631_T30TYT_000000000000000003a7_0,3720,2327,588,880,1176,1671,2235,2523,2809,2986,5,2022-08-11,Calcaric Cambisols,47.53176245769133,-0.0145581637905876,892,RMQS1,"{""type"":""MultiPoint"",""coordinates"":[]}"
20220811T105631_20220811T105631_T30TYT_0000000000000000042b_0,3453,2531,773,1118,1404,1714,2258,2597,2798,2873,5,2022-08-11,Calcaric Cambisols,47.10425287092702,0.21506484746405896,1034,RMQS1,"{""type"":""MultiPoint"",""coordinates"":[]}"
20220811T105631_20220811T105631_T30TYT_00000000000000000346_0,4212,2944,1052,1482,2062,2484,2641,2858,2979,3195,5,2022-08-11,Eutric Cambisols,47.814923149860995,-0.2408778511839764,787,RMQS1,"{""type"":""MultiPoint"",""coordinates"":[]}"
20220811T105631_20220811T105631_T30TYT_0000000000000000037b_0,4472,2970,1062,1450,2092,2505,2739,3010,3301,3486,5,2022-08-11,Eutric Cambisols,47.68680357363322,0.6181369317170614,843,RMQS1,"{""type"":""MultiPoint"",""coordinates"":[]}"
20220811T105631_20220811T105631_T30TYT_0000000000000000037d_0,2993,2463,632,1062,1578,1811,1893,1998,2078,2118,5,2022-08-11,Eutric Cambisols,47.69231735110835,1.0443128583803534,845,RMQS1,"{""type"":""MultiPoint"",""coordinates"":[]}"
20220811T105631_20220811T105631_T30TYT_000000000000000003a6_0,3122,2304,708,1144,1438,1908,2230,2418,2561,2687,5,2022-08-11,Eutric Cambisols,47.52726373661135,-0.22694380944694587,891,RMQS1,"{""type"":""MultiPoint"",""coordinates"":[]}"
20220811T105631_20220811T105631_T30TYT_000000000000000003aa_0,4694,3073,1378,1984,2896,3259,3411,3602,3860,4005,5,2022-08-11,Eutric Cambisols,47.542927371413136,0.6227839914739651,895,RMQS1,"{""type"":""MultiPoint"",""coordinates"":[]}"
20220811T105631_20220811T105631_T30TYT_00000000000000000459_0,4362,2732,856,1242,1812,2272,2663,2938,3240,3478,5,2022-08-11,Eutric Cambisols,46.97278837529007,1.061600350806898,1082,RMQS1,"{""type"":""MultiPoint"",""coordinates"":[]}"
20220811T105631_20220811T105631_T30TYT_00000000000000000456_0,3613,2355,1116,1526,1842,2292,3265,3575,3916,3965,5,2022-08-11,Eutric Planosols,46.96405011215721,0.43091598807012294,1079,RMQS1,"{""type"":""MultiPoint"",""coordinates"":[]}"
20220811T105631_20220811T105631_T30TYT_0000000000000000042f_0,4537,3780,1738,2330,2990,3275,3356,3487,3728,3720,5,2022-08-11,Eutric Retisols,47.11670746180148,1.0581797222389806,1038,RMQS1,"{""type"":""MultiPoint"",""coordinates"":[]}"
20220811T105631_20220811T105631_T30TYT_000000000000000003d4_0,2070,1699,725,752,771,1393,1530,1758,1436,2071,5,2022-08-11,Fluvic Cambisols,47.38342028009009,-0.22003232941304118,942,RMQS1,"{""type"":""MultiPoint"",""coordinates"":[]}"
20220811T105631_20220811T105631_T30TYT_00000000000000000401_0,1784,1210,738,1184,1300,1579,1816,1920,2209,1975,5,2022-08-11,Fluvic Cambisols,47.24404405379245,-0.0019144320695770002,988,RMQS1,"{""type"":""MultiPoint"",""coordinates"":[]}"
20220811T105631_20220811T105631_T30TYT_0000000000000000037c_0,4753,3038,1056,1576,2366,2823,2999,3281,3432,3773,5,2022-08-11,Haplic Luvisols,47.68975585042416,0.8312134254903143,844,RMQS1,"{""type"":""MultiPoint"",""coordinates"":[]}"
20220811T105631_20220811T105631_T30TYT_000000000000000003d7_0,4006,2691,789,1094,1556,1963,2239,2489,2708,2969,5,2022-08-11,Haplic Luvisols,47.395718283839564,0.4155014966302985,945,RMQS1,"{""type"":""MultiPoint"",""coordinates"":[]}"
20220811T105631_20220811T105631_T30TYT_000000000000000003da_0,3828,2592,803,1140,1622,1886,2134,2389,2671,2811,5,2022-08-11,Luvic Cambisols,47.404526962741336,1.0512838631524177,948,RMQS1,"{""type"":""MultiPoint"",""coordinates"":[]}"
20220811T105631_20220811T105631_T30TYT_0000000000000000042d_0,4441,2844,1254,1766,2540,2930,3086,3324,3528,3763,5,2022-08-11,Rendzic Leptosols,47.111251889494554,0.6365738313282675,1036,RMQS1,"{""type"":""MultiPoint"",""coordinates"":[]}"
20220811T105631_20220811T105631_T30TYT_00000000000000000457_0,3435,2276,821,1078,1296,1722,2067,2299,2390,2643,5,2022-08-11,Stagnic Gleysols,46.96734759548669,0.6411210616326486,1080,RMQS1,"{""type"":""MultiPoint"",""coordinates"":[]}"
20220811T105631_20220811T105631_T30UWU_0000000000000000022f_0,4797,3326,1230,1704,2514,3053,3195,3536,3736,3881,5,2022-08-11,Eutric Cambisols,48.49806019403205,-1.5742748496016117,494,RMQS1,"{""type"":""MultiPoint"",""coordinates"":[]}"
20220811T105631_20220811T105631_T30UWU_00000000000000000266_0,4430,2969,695,975,1470,1806,2014,2274,2580,2833,5,2022-08-11,Eutric Cambisols,48.35439323790906,-1.5635404540913678,552,RMQS1,"{""type"":""MultiPoint"",""coordinates"":[]}"
20220811T105631_20220811T105631_T30UWU_0000000000000000030c_0,4495,3042,1578,2060,2844,3169,3455,3662,3968,4137,5,2022-08-11,Eutric Cambisols,47.91603430018279,-1.745476497248388,725,RMQS1,"{""type"":""MultiPoint"",""coordinates"":[]}"
20220811T105631_20220811T105631_T30UWU_0000000000000000030d_0,4690,3815,1386,1972,2728,3062,3241,3396,3652,3751,5,2022-08-11,Eutric Cambisols,47.923307990099566,-1.5316923881437936,726,RMQS1,"{""type"":""MultiPoint"",""coordinates"":[]}"
20220811T105631_20220811T105631_T30UWU_000000000000000002d6_0,3086,1895,902,1284,1852,1628,2631,2939,3344,3299,5,2022-08-11,Eutric Planosols,48.06701622787837,-1.542250179015154,669,RMQS1,"{""type"":""MultiPoint"",""coordinates"":[]}"
20220811T105631_20220811T105631_T30UWU_000000000000000002d5_0,4067,2486,661,960,1428,1799,2374,2740,3052,3259,5,2022-08-11,Luvic Cambisols,48.05972292497803,-1.7566151362429303,668,RMQS1,"{""type"":""MultiPoint"",""coordinates"":[]}"
20220811T105631_20220811T105631_T30UXU_00000000000000000036_0,3615,2604,975,1400,1900,2242,2527,2648,3038,3009,5,2022-08-11,Calcaric Cambisols,48.10907181593538,-0.735429100079324,SIM13651,HWSDv2,"{""type"":""MultiPoint"",""coordinates"":[]}"
20220811T105631_20220811T105631_T30UXU_0000000000000000008b_0,5008,3405,1420,2042,3018,3460,3697,3998,4239,4480,5,2022-08-11,Dystric Cambisols,48.52399091478998,-0.673988901502019,SIM79294,HWSDv2,"{""type"":""MultiPoint"",""coordinates"":[]}"
20220811T105631_20220811T105631_T30UXU_0000000000000000022f_0,4799,3328,1242,1710,2512,3058,3196,3540,3732,3879,5,2022-08-11,Eutric Cambisols,48.49806019403205,-1.5742748496016117,494,RMQS1,"{""type"":""MultiPoint"",""coordinates"":[]}"
20220811T105631_20220811T105631_T30UXU_00000000000000000232_0,3631,2372,774,1078,1466,1736,2664,3042,3432,3554,5,2022-08-11,Eutric Cambisols,48.51774429743576,-0.925552157394021,497,RMQS1,"{""type"":""MultiPoint"",""coordinates"":[]}"
20220811T105631_20220811T105631_T30UXU_00000000000000000266_0,4433,2969,714,986,1472,1812,2021,2278,2579,2833,5,2022-08-11,Eutric Cambisols,48.35439323790906,-1.5635404540913678,552,RMQS1,"{""type"":""MultiPoint"",""coordinates"":[]}"
20220811T105631_20220811T105631_T30UXU_0000000000000000026b_0,3827,2411,629,954,1438,1812,2143,2450,2830,2942,5,2022-08-11,Eutric Cambisols,48.385139338527466,-0.48504228835138363,557,RMQS1,"{""type"":""MultiPoint"",""coordinates"":[]}"
20220811T105631_20220811T105631_T30UXU_000000000000000002a2_0,4265,2634,800,1106,1556,2049,2588,2967,3256,3466,5,2022-08-11,Eutric Cambisols,48.23603058427266,-0.6925192067347624,615,RMQS1,"{""type"":""MultiPoint"",""coordinates"":[]}"
20220811T105631_20220811T105631_T30UXU_000000000000000002a3_0,3642,2245,724,1020,1474,1914,2309,2574,2896,3127,5,2022-08-11,Eutric Cambisols,48.24137610155507,-0.47731133756316646,616,RMQS1,"{""type"":""MultiPoint"",""coordinates"":[]}"
20220811T105631_20220811T105631_T30UXU_0000000000000000030d_0,4694,3814,1422,1998,2750,3085,3249,3399,3652,3752,5,2022-08-11,Eutric Cambisols,47.923307990099566,-1.5316923881437936,726,RMQS1,"{""type"":""MultiPoint"",""coordinates"":[]}"
20220811T105631_20220811T105631_T30UXU_00000000000000000311_0,4419,2946,900,1288,1960,2311,2506,2726,2998,3182,5,2022-08-11,Eutric Cambisols,47.94849317366794,-0.6760156266455097,730,RMQS1,"{""type"":""MultiPoint"",""coordinates"":[]}"
20220811T105631_20220811T105631_T30UXU_00000000000000000312_0,3962,2644,863,1268,1776,2196,2661,2949,3062,3282,5,2022-08-11,Eutric Cambisols,47.95381065424751,-0.4619779530939299,731,RMQS1,"{""type"":""MultiPoint"",""coordinates"":[]}"
20220811T105631_20220811T105631_T30UXU_00000000000000000346_0,4212,2941,1026,1470,2054,2479,2638,2851,2974,3190,5,2022-08-11,Eutric Cambisols,47.814923149860995,-0.2408778511839764,787,RMQS1,"{""type"":""MultiPoint"",""coordinates"":[]}"
20220811T105631_20220811T105631_T30UXU_000000000000000002d6_0,3093,1894,924,1290,1852,1631,2632,2941,3345,3300,5,2022-08-11,Eutric Planosols,48.06701622787837,-1.542250179015154,669,RMQS1,"{""type"":""MultiPoint"",""coordinates"":[]}"
20220811T105631_20220811T105631_T30UXU_0000000000000000029f_0,4018,2660,1018,1416,1860,2441,3118,3429,3752,3909,5,2022-08-11,Luvic Cambisols,48.217631616685054,-1.3378583749460913,612,RMQS1,"{""type"":""MultiPoint"",""coordinates"":[]}"
20220811T105631_20220811T105631_T30UXU_000000000000000002a0_0,3736,2337,662,930,1328,1748,2290,2638,2942,3043,5,2022-08-11,Luvic Cambisols,48.22415840796734,-1.12279553866679,613,RMQS1,"{""type"":""MultiPoint"",""coordinates"":[]}"
20220811T105631_20220811T105631_T30UXU_00000000000000000341_0,3624,2301,987,1416,1706,2315,3272,3583,3936,4078,5,2022-08-11,Luvic Cambisols,47.78645279596832,-1.3079284435771275,782,RMQS1,"{""type"":""MultiPoint"",""coordinates"":[]}"
20220811T105631_20220811T105631_T30UXU_00000000000000000342_0,3569,2280,730,1028,1300,1940,2408,2778,3064,3239,5,2022-08-11,Luvic Stagnosols,47.792927590004076,-1.094611919198103,783,RMQS1,"{""type"":""MultiPoint"",""coordinates"":[]}"
20220811T105631_20220811T105631_T30UXU_00000000000000000313_0,4118,2819,826,1158,1672,2106,2546,2889,3094,3336,5,2022-08-11,Stagnic Gleysols,47.95873693195089,-0.24789978942991164,732,RMQS1,"{""type"":""MultiPoint"",""coordinates"":[]}"
20220811T105631_20220811T105631_T30UXU_00000000000000000345_0,4332,3519,1430,2038,2710,3067,3307,3453,3592,3713,5,2022-08-11,Umbric Leptosols,47.810009864546274,-0.45437452705414894,786,RMQS1,"{""type"":""MultiPoint"",""coordinates"":[]}"
20220811T105631_20220811T105631_T30UXV_00000000000000000145_0,3823,2717,660,896,1238,1588,1982,2216,2434,2612,5,2022-08-11,Calcaric Cambisols,49.2524296158639,-0.3128849334520717,226,RMQS1,"{""type"":""MultiPoint"",""coordinates"":[]}"
20220811T105631_20220811T105631_T30UXV_00000000000000000143_0,3467,2130,709,1023,1308,1783,2529,2802,3156,3152,5,2022-08-11,Eutric Cambisols,49.2419384339,-0.7517416597964705,224,RMQS1,"{""type"":""MultiPoint"",""coordinates"":[]}"
20220811T105631_20220811T105631_T30UXV_00000000000000000166_0,4060,2520,734,1058,1554,2063,2550,2881,3204,3441,5,2022-08-11,Eutric Cambisols,49.079593672728556,-1.39923058942349,264,RMQS1,"{""type"":""MultiPoint"",""coordinates"":[]}"
20220811T105631_20220811T105631_T30UXV_0000000000000000016a_0,4097,3055,913,1330,1878,2272,2497,2754,2888,3073,5,2022-08-11,Eutric Cambisols,49.10372135344036,-0.5243437661677463,268,RMQS1,"{""type"":""MultiPoint"",""coordinates"":[]}"
20220811T105631_20220811T105631_T30UXV_00000000000000000193_0,4391,3297,1156,1572,2206,2598,2859,3057,3172,3428,5,2022-08-11,Eutric Cambisols,48.95462129578324,-0.7345870226619744,319,RMQS1,"{""type"":""MultiPoint"",""coordinates"":[]}"
20220811T105631_20220811T105631_T30UXV_000000000000000001c2_0,3755,2466,624,872,1242,1640,2042,2301,2570,2746,5,2022-08-11,Eutric Cambisols,48.792340009945086,-1.3785460528190157,374,RMQS1,"{""type"":""MultiPoint"",""coordinates"":[]}"
20220811T105631_20220811T105631_T30UXV_00000000000000000169_0,3878,2732,1020,1470,2198,2532,2781,3006,3216,3469,5,2022-08-11,Mollic Umbrisols,49.09828931260999,-0.7431405771634085,267,RMQS1,"{""type"":""MultiPoint"",""coordinates"":[]}"
20220811T105631_20220811T105631_T30UXV_000000000000000001c5_0,3722,2595,772,1140,1576,2191,2576,2827,2966,3232,5,2022-08-11,Mollic Umbrisols,48.81093551249455,-0.7260804795247493,377,RMQS1,"{""type"":""MultiPoint"",""coordinates"":[]}"
20220811T105631_20220811T105631_T30UYA_000000000000000000d7_0,3629,2438,516,853,1098,1543,1996,2276,2646,2701,5,2022-08-11,Luvic Cambisols,49.846349960839134,0.7673683666400959,96,RMQS1,"{""type"":""MultiPoint"",""coordinates"":[]}"
20220811T105631_20220811T105631_T30UYA_000000000000000000ec_0,1783,1375,804,806,980,1090,1346,1410,1390,1526,5,2022-08-11,Luvic Cambisols,49.69617066540041,0.32886089547803965,122,RMQS1,"{""type"":""MultiPoint"",""coordinates"":[]}"
20220811T105631_20220811T105631_T30UYA_000000000000000000ee_0,4555,3078,1114,1582,2290,2693,2855,3107,3276,3512,5,2022-08-11,Luvic Cambisols,49.702705011305135,0.7717937299950821,124,RMQS1,"{""type"":""MultiPoint"",""coordinates"":[]}"
20220811T105631_20220811T105631_T30UYA_00000000000000000107_0,3781,2630,558,814,1158,1580,1892,2170,2352,2555,5,2022-08-11,Luvic Cambisols,49.55598118421231,0.5553361753984187,152,RMQS1,"{""type"":""MultiPoint"",""coordinates"":[]}"
20220811T105631_20220811T105631_T30UYA_00000000000000000109_0,4311,3028,954,1360,1982,2399,2590,2786,2912,3152,5,2022-08-11,Luvic Cambisols,49.56169025290863,0.9970773776870822,154,RMQS1,"{""type"":""MultiPoint"",""coordinates"":[]}"
20220811T105631_20220811T105631_T30UYA_0000000000000000010a_0,4370,3160,1013,1544,2304,2743,2966,3211,3416,3640,5,2022-08-11,Luvic Cambisols,49.56393970113884,1.217982875699953,155,RMQS1,"{""type"":""MultiPoint"",""coordinates"":[]}"
20220811T105631_20220811T105631_T30UYU_00000000000000000065_0,3881,2436,692,978,1382,1780,2405,2802,2964,3229,5,2022-08-11,Calcaric Cambisols,47.97731251242625,-0.12210587462628049,SIM80563,HWSDv2,"{""type"":""MultiPoint"",""coordinates"":[]}"
20220811T105631_20220811T105631_T30UYU_00000000000000000085_0,3629,2977,932,1438,2082,2280,2372,2516,2666,2716,5,2022-08-11,Dystric Cambisols,48.37296665555543,0.05304515271608401,SIM23309,HWSDv2,"{""type"":""MultiPoint"",""coordinates"":[]}"
20220811T105631_20220811T105631_T30UYU_0000000000000000026f_0,3409,2779,713,1238,1700,2048,2279,2407,2429,2539,5,2022-08-11,Calcaric Cambisols,48.40263291206547,0.37854077177569173,561,RMQS1,"{""type"":""MultiPoint"",""coordinates"":[]}"
20220811T105631_20220811T105631_T30UYU_00000000000000000200_0,4294,3009,1246,1694,2382,2658,2855,2991,3289,3399,5,2022-08-11,Dystric Cambisols,48.693612737860555,0.5848867249784298,444,RMQS1,"{""type"":""MultiPoint"",""coordinates"":[]}"
20220811T105631_20220811T105631_T30UYU_00000000000000000236_0,3921,3195,1252,1802,2482,2730,2914,3049,3277,3285,5,2022-08-11,Eutric Cambisols,48.53844952740837,-0.059909198434696706,501,RMQS1,"{""type"":""MultiPoint"",""coordinates"":[]}"
20220811T105631_20220811T105631_T30UYU_00000000000000000238_0,3544,2208,538,798,1110,1484,1979,2292,2566,2694,5,2022-08-11,Eutric Cambisols,48.54642818345894,0.37314318431646964,503,RMQS1,"{""type"":""MultiPoint"",""coordinates"":[]}"
20220811T105631_20220811T105631_T30UYU_00000000000000000315_0,1922,1701,1072,1426,1544,1546,1536,1596,1772,1623,5,2022-08-11,Eutric Cambisols,47.96741451532722,0.18037000413400373,734,RMQS1,"{""type"":""MultiPoint"",""coordinates"":[]}"
20220811T105631_20220811T105631_T30UYU_00000000000000000317_0,4291,3040,968,1384,1996,2330,2563,2803,3031,3208,5,2022-08-11,Eutric Cambisols,47.97452533653467,0.608767793538443,736,RMQS1,"{""type"":""MultiPoint"",""coordinates"":[]}"
20220811T105631_20220811T105631_T30UYU_00000000000000000346_0,4214,2942,1042,1476,2062,2487,2639,2854,2973,3191,5,2022-08-11,Eutric Cambisols,47.814923149860995,-0.2408778511839764,787,RMQS1,"{""type"":""MultiPoint"",""coordinates"":[]}"
20220811T105631_20220811T105631_T30UYU_00000000000000000272_0,3925,2597,1322,1816,2464,2953,3300,3549,3816,3991,5,2022-08-11,Eutric Retisols,48.411606154539754,1.0265529667530489,564,RMQS1,"{""type"":""MultiPoint"",""coordinates"":[]}"
20220811T105631_20220811T105631_T30UYU_000000000000000002aa_0,4130,2931,800,1248,1588,2509,3049,3353,2958,3612,5,2022-08-11,Eutric Retisols,48.267773070968104,1.0301448294912523,623,RMQS1,"{""type"":""MultiPoint"",""coordinates"":[]}"
20220811T105631_20220811T105631_T30UYU_000000000000000002e2_0,4117,2940,1196,1808,2452,2690,3083,3356,3704,3719,5,2022-08-11,Eutric Retisols,48.123926965867774,1.0337162685273735,681,RMQS1,"{""type"":""MultiPoint"",""coordinates"":[]}"
20220811T105631_20220811T105631_T30UYU_000000000000000002a9_0,4114,2959,1234,1688,2320,2713,2837,3142,3319,3382,5,2022-08-11,Luvic Stagnosols,48.265183822455356,0.8147095500113787,622,RMQS1,"{""type"":""MultiPoint"",""coordinates"":[]}"
20220811T105631_20220811T105631_T30UYU_0000000000000000034a_0,4437,3167,1148,1718,2410,2753,2913,3140,3351,3538,5,2022-08-11,Luvic Stagnosols,47.83066980746326,0.6134648025979296,791,RMQS1,"{""type"":""MultiPoint"",""coordinates"":[]}"
20220811T105631_20220811T105631_T30UYU_00000000000000000313_0,4117,2823,845,1172,1686,2110,2548,2889,3112,3342,5,2022-08-11,Stagnic Gleysols,47.95873693195089,-0.24789978942991164,732,RMQS1,"{""type"":""MultiPoint"",""coordinates"":[]}"
20220811T105631_20220811T105631_T30UYU_00000000000000000347_0,4320,2885,672,955,1350,1743,2135,2417,2742,2901,5,2022-08-11,Stagnic Gleysols,47.81944570696398,-0.0273409106059758,788,RMQS1,"{""type"":""MultiPoint"",""coordinates"":[]}"
20220811T105631_20220811T105631_T30UYU_000000000000000002e1_0,3373,2457,652,990,1284,1894,2537,2831,2829,3134,5,2022-08-11,Vertic Cambisols,48.12134464439584,0.8188699264753865,680,RMQS1,"{""type"":""MultiPoint"",""coordinates"":[]}"
20220811T105631_20220811T105631_T30UYV_0000000000000000016f_0,4574,3232,1262,1804,2666,3115,3296,3562,3836,4015,5,2022-08-11,Calcaric Cambisols,49.12488144122345,0.5702344231172092,273,RMQS1,"{""type"":""MultiPoint"",""coordinates"":[]}"
20220811T105631_20220811T105631_T30UYV_00000000000000000196_0,3458,2546,866,1204,1356,1922,2204,2461,2188,2785,5,2022-08-11,Calcaric Cambisols,48.96967678241227,-0.0798881691545023,322,RMQS1,"{""type"":""MultiPoint"",""coordinates"":[]}"
20220811T105631_20220811T105631_T30UYV_00000000000000000200_0,4299,3009,1248,1678,2372,2659,2851,2991,3279,3394,5,2022-08-11,Dystric Cambisols,48.693612737860555,0.5848867249784298,444,RMQS1,"{""type"":""MultiPoint"",""coordinates"":[]}"
20220811T105631_20220811T105631_T30UYV_00000000000000000198_0,3766,2623,781,1228,1774,2029,2302,2504,2866,2949,5,2022-08-11,Eutric Cambisols,48.97771987150982,0.3567683102719968,324,RMQS1,"{""type"":""MultiPoint"",""coordinates"":[]}"
20220811T105631_20220811T105631_T30UYV_0000000000000000019b_0,4463,3028,1130,1618,2366,2786,2958,3169,3328,3556,5,2022-08-11,Eutric Cambisols,48.986789979658724,1.011980189683206,327,RMQS1,"{""type"":""MultiPoint"",""coordinates"":[]}"
20220811T105631_20220811T105631_T30UYV_0000000000000000019c_0,3718,2826,1290,1760,2392,2668,2793,2961,3156,3178,5,2022-08-11,Eutric Cambisols,48.9890140623296,1.2304298587690576,328,RMQS1,"{""type"":""MultiPoint"",""coordinates"":[]}"
20220811T105631_20220811T105631_T30UYV_000000000000000001cc_0,4111,3189,1160,1648,2294,2617,2794,2959,3144,3282,5,2022-08-11,Eutric Cambisols,48.840401305739185,0.7978300881876609,384,RMQS1,"{""type"":""MultiPoint"",""coordinates"":[]}"
20220811T105631_20220811T105631_T30UYV_000000000000000001cd_0,3687,3048,1142,1306,1738,2399,2409,2553,2260,2968,5,2022-08-11,Eutric Cambisols,48.843018131050385,1.0156540889892636,385,RMQS1,"{""type"":""MultiPoint"",""coordinates"":[]}"
20220811T105631_20220811T105631_T30UYV_0000000000000000014c_0,2375,1818,966,1208,1384,1574,1791,1908,1866,2199,5,2022-08-11,Eutric Fluvisols,49.276515471368825,1.2242410066178666,233,RMQS1,"{""type"":""MultiPoint"",""coordinates"":[]}"
20220811T105631_20220811T105631_T30UYV_00000000000000000199_0,4527,3072,1354,1904,2728,2950,3280,3402,3775,3998,5,2022-08-11,Eutric Planosols,48.98114290150368,0.5751455700546377,325,RMQS1,"{""type"":""MultiPoint"",""coordinates"":[]}"
20220811T105631_20220811T105631_T30UYV_00000000000000000202_0,4560,3166,1278,1830,2652,3076,3237,3456,3645,3851,5,2022-08-11,Eutric Retisols,48.69922952521517,1.0193074302902678,446,RMQS1,"{""type"":""MultiPoint"",""coordinates"":[]}"
20220811T105631_20220811T105631_T30UYV_00000000000000000107_0,3766,2617,564,816,1156,1574,1887,2162,2346,2546,5,2022-08-11,Luvic Cambisols,49.55598118421231,0.5553361753984187,152,RMQS1,"{""type"":""MultiPoint"",""coordinates"":[]}"
20220811T105631_20220811T105631_T30UYV_00000000000000000109_0,4310,3030,958,1362,1980,2399,2592,2789,2910,3153,5,2022-08-11,Luvic Cambisols,49.56169025290863,0.9970773776870822,154,RMQS1,"{""type"":""MultiPoint"",""coordinates"":[]}"
20220811T105631_20220811T105631_T30UYV_0000000000000000010a_0,4352,3145,1018,1544,2304,2728,2952,3197,3416,3621,5,2022-08-11,Luvic Cambisols,49.56393970113884,1.217982875699953,155,RMQS1,"{""type"":""MultiPoint"",""coordinates"":[]}"
20220811T105631_20220811T105631_T30UYV_00000000000000000123_0,4049,2594,628,938,1124,2170,2637,2937,2972,3353,5,2022-08-11,Luvic Cambisols,49.40885064993199,0.34011864533050445,190,RMQS1,"{""type"":""MultiPoint"",""coordinates"":[]}"
20220811T105631_20220811T105631_T30UYV_00000000000000000124_0,3758,2401,620,904,1306,1654,2161,2455,2736,2938,5,2022-08-11,Luvic Cambisols,49.41230127661914,0.5603307950356333,191,RMQS1,"{""type"":""MultiPoint"",""coordinates"":[]}"
20220811T105631_20220811T105631_T30UYV_00000000000000000149_0,4153,2824,1238,1692,2410,2552,2950,3207,3484,3457,5,2022-08-11,Luvic Cambisols,49.26860112869975,0.565296427653648,230,RMQS1,"{""type"":""MultiPoint"",""coordinates"":[]}"
20220811T105631_20220811T105631_T30UYV_0000000000000000014a_0,2892,2113,560,902,1178,1373,2074,2421,2686,2657,5,2022-08-11,Luvic Cambisols,49.27164076594713,0.7849214126575961,231,RMQS1,"{""type"":""MultiPoint"",""coordinates"":[]}"
20220811T105631_20220811T105631_T30UYV_00000000000000000170_0,4268,3636,1192,1722,2454,2778,2893,3101,3233,3370,5,2022-08-11,Luvic Cambisols,49.12791303968723,0.7892480550138934,274,RMQS1,"{""type"":""MultiPoint"",""coordinates"":[]}"
20220811T105631_20220811T105631_T30UYV_00000000000000000201_0,3764,2464,656,902,1326,1572,1841,2047,2317,2452,5,2022-08-11,Luvic Cambisols,48.696619717289735,0.80208557736037,445,RMQS1,"{""type"":""MultiPoint"",""coordinates"":[]}"
20220811T105631_20220811T105631_T30UYV_00000000000000000147_0,4009,2713,1070,1794,2254,2740,2976,3104,3054,3081,5,2022-08-11,Luvic Stagnosols,49.26131649624349,0.1261348712753964,228,RMQS1,"{""type"":""MultiPoint"",""coordinates"":[]}"
20220811T105631_20220811T105631_T30UYV_0000000000000000016c_0,4155,3506,1064,1472,2048,2419,2621,2855,3041,3134,5,2022-08-11,Stagnic Gleysols,49.11338438519053,-0.086622512403202,270,RMQS1,"{""type"":""MultiPoint"",""coordinates"":[]}"
20220811T105631_20220811T105631_T30UYV_00000000000000000197_0,3744,2502,554,794,1136,1535,1837,2157,2270,2534,5,2022-08-11,Stagnic Gleysols,48.97389739019814,0.1384229551431839,323,RMQS1,"{""type"":""MultiPoint"",""coordinates"":[]}"
20220811T105631_20220811T105631_T30UYV_000000000000000001cb_0,4532,3236,754,1102,1610,1779,1972,2218,2552,2686,5,2022-08-11,Stagnic Gleysols,48.83738635502712,0.5800296867218191,383,RMQS1,"{""type"":""MultiPoint"",""coordinates"":[]}"
20220811T105631_20220811T105631_T31TCM_00000000000000000482_0,3333,2894,756,1198,1748,1934,2078,2156,2310,2319,5,2022-08-11,Eutric Cambisols,46.83275616712597,1.484434384575593,1128,RMQS1,"{""type"":""MultiPoint"",""coordinates"":[]}"
20220811T105631_20220811T105631_T31TCN_000000000000000003a9_0,4250,2689,800,1172,1822,2664,3002,3327,3472,3870,5,2022-08-11,Abruptic Luvisols,47.53959415479821,0.41030810140731977,894,RMQS1,"{""type"":""MultiPoint"",""coordinates"":[]}"
20220811T105631_20220811T105631_T31TCN_000000000000000003ae_0,2637,1958,613,756,966,1371,2052,2367,2193,2566,5,2022-08-11,Calcaric Cambisols,47.552368234556766,1.4729089085002178,899,RMQS1,"{""type"":""MultiPoint"",""coordinates"":[]}"
20220811T105631_20220811T105631_T31TCN_0000000000000000045c_0,3461,2726,824,1264,1888,2150,2276,2456,2618,2631,5,2022-08-11,Calcaric Cambisols,46.97806314421428,1.6924498201961606,1085,RMQS1,"{""type"":""MultiPoint"",""coordinates"":[]}"
20220811T105631_20220811T105631_T31TCN_0000000000000000037b_0,4471,2995,1088,1456,2092,2491,2732,3008,3312,3442,5,2022-08-11,Eutric Cambisols,47.68680357363322,0.6181369317170614,843,RMQS1,"{""type"":""MultiPoint"",""coordinates"":[]}"
20220811T105631_20220811T105631_T31TCN_0000000000000000037d_0,3054,2530,684,1114,1654,1889,1964,2070,2156,2190,5,2022-08-11,Eutric Cambisols,47.69231735110835,1.0443128583803534,845,RMQS1,"{""type"":""MultiPoint"",""coordinates"":[]}"
20220811T105631_20220811T105631_T31TCN_000000000000000003aa_0,4716,3066,1382,1962,2856,3308,3466,3613,3820,4055,5,2022-08-11,Eutric Cambisols,47.542927371413136,0.6227839914739651,895,RMQS1,"{""type"":""MultiPoint"",""coordinates"":[]}"
20220811T105631_20220811T105631_T31TCN_00000000000000000432_0,3957,2507,781,1090,1472,2020,2507,2827,3074,3289,5,2022-08-11,Eutric Cambisols,47.121995805732524,1.69072149454457,1041,RMQS1,"{""type"":""MultiPoint"",""coordinates"":[]}"
20220811T105631_20220811T105631_T31TCN_00000000000000000459_0,4437,2778,882,1258,1848,2302,2638,2956,3232,3449,5,2022-08-11,Eutric Cambisols,46.97278837529007,1.061600350806898,1082,RMQS1,"{""type"":""MultiPoint"",""coordinates"":[]}"
20220811T105631_20220811T105631_T31TCN_00000000000000000456_0,3596,2485,1170,1546,1918,2238,2946,3267,3916,3482,5,2022-08-11,Eutric Planosols,46.96405011215721,0.43091598807012294,1079,RMQS1,"{""type"":""MultiPoint"",""coordinates"":[]}"
20220811T105631_20220811T105631_T31TCN_0000000000000000042f_0,4527,3778,1722,2274,2942,3281,3367,3489,3659,3710,5,2022-08-11,Eutric Retisols,47.11670746180148,1.0581797222389806,1038,RMQS1,"{""type"":""MultiPoint"",""coordinates"":[]}"
20220811T105631_20220811T105631_T31TCN_00000000000000000431_0,4454,3772,1880,2332,2880,3126,3253,3398,3672,3662,5,2022-08-11,Eutric Retisols,47.120619712342474,1.4798610993880554,1040,RMQS1,"{""type"":""MultiPoint"",""coordinates"":[]}"
20220811T105631_20220811T105631_T31TCN_0000000000000000045a_0,3556,2858,1302,1822,2058,2541,3474,3742,3992,4014,5,2022-08-11,Eutric Retisols,46.97493184897627,1.2718698805445425,1083,RMQS1,"{""type"":""MultiPoint"",""coordinates"":[]}"
20220811T105631_20220811T105631_T31TCN_0000000000000000037c_0,4767,3042,1152,1666,2458,2879,3044,3306,3551,3799,5,2022-08-11,Haplic Luvisols,47.68975585042416,0.8312134254903143,844,RMQS1,"{""type"":""MultiPoint"",""coordinates"":[]}"
20220811T105631_20220811T105631_T31TCN_000000000000000003d7_0,4049,2732,826,1142,1608,1984,2249,2487,2800,2957,5,2022-08-11,Haplic Luvisols,47.395718283839564,0.4155014966302985,945,RMQS1,"{""type"":""MultiPoint"",""coordinates"":[]}"
20220811T105631_20220811T105631_T31TCN_0000000000000000034d_0,3047,2187,573,836,1066,1799,2245,2279,2172,2644,5,2022-08-11,Luvic Cambisols,47.83837519938972,1.254497652282048,794,RMQS1,"{""type"":""MultiPoint"",""coordinates"":[]}"
20220811T105631_20220811T105631_T31TCN_000000000000000003da_0,3864,2613,792,1104,1528,1908,2168,2414,2640,2832,5,2022-08-11,Luvic Cambisols,47.404526962741336,1.0512838631524177,948,RMQS1,"{""type"":""MultiPoint"",""coordinates"":[]}"
20220811T105631_20220811T105631_T31TCN_000000000000000003db_0,3887,2269,836,1286,1626,2150,3027,3340,3559,3756,5,2022-08-11,Luvic Cambisols,47.40668735158221,1.2632529913235573,949,RMQS1,"{""type"":""MultiPoint"",""coordinates"":[]}"
20220811T105631_20220811T105631_T31TCN_0000000000000000045b_0,3835,2673,858,1206,1664,1957,2162,2357,2524,2660,5,2022-08-11,Luvic Cambisols,46.976690235974914,1.4821539910955996,1084,RMQS1,"{""type"":""MultiPoint"",""coordinates"":[]}"
20220811T105631_20220811T105631_T31TCN_0000000000000000037f_0,3123,2142,842,1284,1330,1946,2758,3041,3176,3373,5,2022-08-11,Rendzic Leptosols,47.696269219574035,1.4705667746731201,847,RMQS1,"{""type"":""MultiPoint"",""coordinates"":[]}"
20220811T105631_20220811T105631_T31TCN_0000000000000000042d_0,4396,2791,1258,1748,2524,2847,2998,3248,3509,3643,5,2022-08-11,Rendzic Leptosols,47.111251889494554,0.6365738313282675,1036,RMQS1,"{""type"":""MultiPoint"",""coordinates"":[]}"
20220811T105631_20220811T105631_T31TCN_00000000000000000457_0,3453,2262,920,1144,1348,1779,2142,2356,2366,2726,5,2022-08-11,Stagnic Gleysols,46.96734759548669,0.6411210616326486,1080,RMQS1,"{""type"":""MultiPoint"",""coordinates"":[]}"
20220811T105631_20220811T105631_T31TDN_0000000000000000045c_0,3465,2725,812,1258,1888,2150,2275,2455,2622,2633,5,2022-08-11,Calcaric Cambisols,46.97806314421428,1.6924498201961606,1085,RMQS1,"{""type"":""MultiPoint"",""coordinates"":[]}"
20220811T105631_20220811T105631_T31TDN_000000000000000008c9_0,3014,2024,655,802,1140,1428,1925,2128,2604,2512,5,2022-08-11,Dystric Cambisols,47.84255830040598,1.8956764547247618,10797,RMQS1,"{""type"":""MultiPoint"",""coordinates"":[]}"
20220811T105631_20220811T105631_T31TDN_00000000000000000351_0,2734,2221,904,1296,1732,1978,2113,2203,2302,2354,5,2022-08-11,Eutric Cambisols,47.843169868917435,2.1094201698833497,798,RMQS1,"{""type"":""MultiPoint"",""coordinates"":[]}"
20220811T105631_20220811T105631_T31TDN_00000000000000000432_0,3970,2509,776,1088,1480,2030,2515,2835,3086,3303,5,2022-08-11,Eutric Cambisols,47.121995805732524,1.69072149454457,1041,RMQS1,"{""type"":""MultiPoint"",""coordinates"":[]}"
20220811T105631_20220811T105631_T31TDN_00000000000000000381_0,4404,3079,1412,1874,2374,2426,2777,3084,3556,3361,5,2022-08-11,Eutric Planosols,47.698660425916756,1.8968722804991947,849,RMQS1,"{""type"":""MultiPoint"",""coordinates"":[]}"
20220811T105631_20220811T105631_T31TDN_00000000000000000350_0,3014,2024,655,802,1140,1428,1925,2128,2604,2512,5,2022-08-11,Haplic Luvisols,47.84255830040598,1.8956764547247618,797,RMQS1,"{""type"":""MultiPoint"",""coordinates"":[]}"
20220811T105631_20220811T105631_T31UCP_0000000000000000026f_0,3400,2788,748,1256,1704,2000,2328,2426,2436,2529,5,2022-08-11,Calcaric Cambisols,48.40263291206547,0.37854077177569173,561,RMQS1,"{""type"":""MultiPoint"",""coordinates"":[]}"
20220811T105631_20220811T105631_T31UCP_0000000000000000031b_0,3368,2573,870,1284,1820,2018,2266,2500,2674,2744,5,2022-08-11,Calcaric Cambisols,47.98404183296344,1.4658440887727766,740,RMQS1,"{""type"":""MultiPoint"",""coordinates"":[]}"
20220811T105631_20220811T105631_T31UCP_00000000000000000200_0,4075,2862,1252,1700,2324,2373,2578,2823,3261,3100,5,2022-08-11,Dystric Cambisols,48.693612737860555,0.5848867249784298,444,RMQS1,"{""type"":""MultiPoint"",""coordinates"":[]}"
20220811T105631_20220811T105631_T31UCP_00000000000000000203_0,3801,3192,1088,1586,2152,2482,2630,2790,2898,2975,5,2022-08-11,Eutric Cambisols,48.701441663313894,1.2365494017005343,447,RMQS1,"{""type"":""MultiPoint"",""coordinates"":[]}"
20220811T105631_20220811T105631_T31UCP_00000000000000000238_0,3556,2219,549,814,1068,1498,1993,2296,2576,2705,5,2022-08-11,Eutric Cambisols,48.54642818345894,0.37314318431646964,503,RMQS1,"{""type"":""MultiPoint"",""coordinates"":[]}"
20220811T105631_20220811T105631_T31UCP_0000000000000000023e_0,4219,2730,1156,1650,2424,2800,2933,3133,3344,3521,5,2022-08-11,Eutric Cambisols,48.56085542396343,1.6729155469005188,509,RMQS1,"{""type"":""MultiPoint"",""coordinates"":[]}"
20220811T105631_20220811T105631_T31UCP_00000000000000000274_0,3707,3006,1200,1688,2282,2611,2938,3149,3263,3361,5,2022-08-11,Eutric Cambisols,48.41561194192563,1.458662749206642,566,RMQS1,"{""type"":""MultiPoint"",""coordinates"":[]}"
20220811T105631_20220811T105631_T31UCP_00000000000000000317_0,4221,2987,976,1380,1976,2239,2438,2680,3020,3025,5,2022-08-11,Eutric Cambisols,47.97452533653467,0.608767793538443,736,RMQS1,"{""type"":""MultiPoint"",""coordinates"":[]}"
20220811T105631_20220811T105631_T31UCP_00000000000000000202_0,4544,3157,1314,1884,2676,3114,3229,3494,3728,3879,5,2022-08-11,Eutric Retisols,48.69922952521517,1.0193074302902678,446,RMQS1,"{""type"":""MultiPoint"",""coordinates"":[]}"
20220811T105631_20220811T105631_T31UCP_00000000000000000272_0,3975,2614,1360,1804,2456,2988,3341,3592,3792,3996,5,2022-08-11,Eutric Retisols,48.411606154539754,1.0265529667530489,564,RMQS1,"{""type"":""MultiPoint"",""coordinates"":[]}"
20220811T105631_20220811T105631_T31UCP_000000000000000002aa_0,4164,2977,863,1332,1650,2583,3119,3391,3016,3650,5,2022-08-11,Eutric Retisols,48.267773070968104,1.0301448294912523,623,RMQS1,"{""type"":""MultiPoint"",""coordinates"":[]}"
20220811T105631_20220811T105631_T31UCP_000000000000000002e2_0,4218,3040,1216,1814,2428,2826,3181,3433,3696,3802,5,2022-08-11,Eutric Retisols,48.123926965867774,1.0337162685273735,681,RMQS1,"{""type"":""MultiPoint"",""coordinates"":[]}"
20220811T105631_20220811T105631_T31UCP_0000000000000000023d_0,3197,2495,652,1064,1222,2135,2846,3062,3228,3258,5,2022-08-11,Haplic Luvisols,48.55944180120869,1.4562426837976599,508,RMQS1,"{""type"":""MultiPoint"",""coordinates"":[]}"
20220811T105631_20220811T105631_T31UCP_00000000000000000275_0,4062,3178,1206,1734,2410,2732,2889,3074,3188,3332,5,2022-08-11,Haplic Luvisols,48.41702172942115,1.6747395099090712,567,RMQS1,"{""type"":""MultiPoint"",""coordinates"":[]}"
20220811T105631_20220811T105631_T31UCP_00000000000000000319_0,3150,2042,451,690,852,1794,2400,2494,2214,2936,5,2022-08-11,Haplic Luvisols,47.98006859464599,1.0372677251420688,738,RMQS1,"{""type"":""MultiPoint"",""coordinates"":[]}"
20220811T105631_20220811T105631_T31UCP_00000000000000000201_0,3758,2450,650,894,1236,1537,1838,2041,2224,2440,5,2022-08-11,Luvic Cambisols,48.696619717289735,0.80208557736037,445,RMQS1,"{""type"":""MultiPoint"",""coordinates"":[]}"
20220811T105631_20220811T105631_T31UCP_00000000000000000273_0,4036,3039,1242,1762,2318,2838,3282,3565,3715,3827,5,2022-08-11,Luvic Cambisols,48.413806679517975,1.24259966485196,565,RMQS1,"{""type"":""MultiPoint"",""coordinates"":[]}"
20220811T105631_20220811T105631_T31UCP_000000000000000002ac_0,4030,3088,1278,1826,2578,2851,2985,3153,3380,3402,5,2022-08-11,Luvic Cambisols,48.271768171952196,1.4610694163442626,625,RMQS1,"{""type"":""MultiPoint"",""coordinates"":[]}"
20220811T105631_20220811T105631_T31UCP_000000000000000002ad_0,3889,3306,1240,1758,2400,2637,2922,3111,3344,3327,5,2022-08-11,Luvic Cambisols,48.273173775874774,1.6765533442912048,626,RMQS1,"{""type"":""MultiPoint"",""coordinates"":[]}"
20220811T105631_20220811T105631_T31UCP_0000000000000000034d_0,3045,2189,568,836,1074,1811,2246,2272,2168,2639,5,2022-08-11,Luvic Cambisols,47.83837519938972,1.254497652282048,794,RMQS1,"{""type"":""MultiPoint"",""coordinates"":[]}"
20220811T105631_20220811T105631_T31UCP_000000000000000002a9_0,3848,2704,1284,1744,2412,2323,2631,2874,3372,3234,5,2022-08-11,Luvic Stagnosols,48.265183822455356,0.8147095500113787,622,RMQS1,"{""type"":""MultiPoint"",""coordinates"":[]}"
20220811T105631_20220811T105631_T31UCP_000000000000000002ab_0,4398,3222,1280,1810,2264,2923,3610,3801,3940,4194,5,2022-08-11,Luvic Stagnosols,48.2699679529574,1.2455987878276893,624,RMQS1,"{""type"":""MultiPoint"",""coordinates"":[]}"
20220811T105631_20220811T105631_T31UCP_0000000000000000034a_0,4506,3226,1264,1790,2490,2689,3002,3243,3516,3622,5,2022-08-11,Luvic Stagnosols,47.83066980746326,0.6134648025979296,791,RMQS1,"{""type"":""MultiPoint"",""coordinates"":[]}"
20220811T105631_20220811T105631_T31UCP_000000000000000002e5_0,4382,2959,1078,1536,2152,2575,2851,3084,3332,3486,5,2022-08-11,Rendzic Leptosols,48.129312960797584,1.6783584655939348,684,RMQS1,"{""type"":""MultiPoint"",""coordinates"":[]}"
20220811T105631_20220811T105631_T31UCP_00000000000000000318_0,1772,1019,360,628,519,874,1380,1471,1174,1515,5,2022-08-11,Stagnic Gleysols,47.97749316883225,0.8230065836699338,737,RMQS1,"{""type"":""MultiPoint"",""coordinates"":[]}"
20220811T105631_20220811T105631_T31UCP_000000000000000002e1_0,3462,2498,927,1338,1836,2101,2645,2839,3120,3198,5,2022-08-11,Vertic Cambisols,48.12134464439584,0.8188699264753865,680,RMQS1,"{""type"":""MultiPoint"",""coordinates"":[]}"
20220811T105631_20220811T105631_T31UCQ_0000000000000000016f_0,4741,3297,1212,1794,2666,3146,3364,3640,3839,4071,5,2022-08-11,Calcaric Cambisols,49.12488144122345,0.5702344231172092,273,RMQS1,"{""type"":""MultiPoint"",""coordinates"":[]}"
20220811T105631_20220811T105631_T31UCQ_00000000000000000174_0,3845,2940,860,1256,1820,2223,2337,2577,2476,2793,5,2022-08-11,Calcaric Cambisols,49.136032669120816,1.665509084487337,278,RMQS1,"{""type"":""MultiPoint"",""coordinates"":[]}"
20220811T105631_20220811T105631_T31UCQ_00000000000000000200_0,4074,2860,1230,1670,2306,2366,2567,2820,3260,3100,5,2022-08-11,Dystric Cambisols,48.693612737860555,0.5848867249784298,444,RMQS1,"{""type"":""MultiPoint"",""coordinates"":[]}"
20220811T105631_20220811T105631_T31UCQ_00000000000000000198_0,3791,2639,704,1118,1610,2081,2315,2533,2769,2955,5,2022-08-11,Eutric Cambisols,48.97771987150982,0.3567683102719968,324,RMQS1,"{""type"":""MultiPoint"",""coordinates"":[]}"
20220811T105631_20220811T105631_T31UCQ_0000000000000000019b_0,4447,3054,1152,1654,2430,2834,3017,3221,3408,3595,5,2022-08-11,Eutric Cambisols,48.986789979658724,1.011980189683206,327,RMQS1,"{""type"":""MultiPoint"",""coordinates"":[]}"
20220811T105631_20220811T105631_T31UCQ_0000000000000000019c_0,3723,2805,1300,1762,2390,2708,2837,2996,3144,3253,5,2022-08-11,Eutric Cambisols,48.9890140623296,1.2304298587690576,328,RMQS1,"{""type"":""MultiPoint"",""coordinates"":[]}"
20220811T105631_20220811T105631_T31UCQ_0000000000000000019e_0,3638,2482,836,1196,1600,1742,2119,2315,2602,2602,5,2022-08-11,Eutric Cambisols,48.99226395558002,1.667375833412688,330,RMQS1,"{""type"":""MultiPoint"",""coordinates"":[]}"
20220811T105631_20220811T105631_T31UCQ_000000000000000001cc_0,4081,3222,1174,1664,2266,2580,2770,2961,3090,3274,5,2022-08-11,Eutric Cambisols,48.840401305739185,0.7978300881876609,384,RMQS1,"{""type"":""MultiPoint"",""coordinates"":[]}"
20220811T105631_20220811T105631_T31UCQ_000000000000000001cd_0,3588,3003,1050,1192,1642,2262,2315,2475,2054,2896,5,2022-08-11,Eutric Cambisols,48.843018131050385,1.0156540889892636,385,RMQS1,"{""type"":""MultiPoint"",""coordinates"":[]}"
20220811T105631_20220811T105631_T31UCQ_00000000000000000203_0,3818,3210,1072,1566,2146,2484,2639,2801,2906,2982,5,2022-08-11,Eutric Cambisols,48.701441663313894,1.2365494017005343,447,RMQS1,"{""type"":""MultiPoint"",""coordinates"":[]}"
20220811T105631_20220811T105631_T31UCQ_0000000000000000014c_0,2353,1662,864,1144,1216,1494,2207,2392,2291,2549,5,2022-08-11,Eutric Fluvisols,49.276515471368825,1.2242410066178666,233,RMQS1,"{""type"":""MultiPoint"",""coordinates"":[]}"
20220811T105631_20220811T105631_T31UCQ_00000000000000000199_0,4178,2944,1368,1912,2718,2744,2894,3118,3773,3576,5,2022-08-11,Eutric Planosols,48.98114290150368,0.5751455700546377,325,RMQS1,"{""type"":""MultiPoint"",""coordinates"":[]}"
20220811T105631_20220811T105631_T31UCQ_00000000000000000202_0,4538,3155,1294,1848,2656,3102,3218,3489,3728,3872,5,2022-08-11,Eutric Retisols,48.69922952521517,1.0193074302902678,446,RMQS1,"{""type"":""MultiPoint"",""coordinates"":[]}"
20220811T105631_20220811T105631_T31UCQ_00000000000000000107_0,3720,2586,590,828,1184,1556,1880,2173,2388,2561,5,2022-08-11,Luvic Cambisols,49.55598118421231,0.5553361753984187,152,RMQS1,"{""type"":""MultiPoint"",""coordinates"":[]}"
20220811T105631_20220811T105631_T31UCQ_00000000000000000109_0,4346,3051,939,1350,1980,2347,2548,2806,2964,3165,5,2022-08-11,Luvic Cambisols,49.56169025290863,0.9970773776870822,154,RMQS1,"{""type"":""MultiPoint"",""coordinates"":[]}"
20220811T105631_20220811T105631_T31UCQ_0000000000000000010a_0,4234,2831,984,1532,2286,2524,2752,3096,3444,3562,5,2022-08-11,Luvic Cambisols,49.56393970113884,1.217982875699953,155,RMQS1,"{""type"":""MultiPoint"",""coordinates"":[]}"
20220811T105631_20220811T105631_T31UCQ_00000000000000000123_0,3951,2496,787,1130,1482,2055,2591,2905,3033,3312,5,2022-08-11,Luvic Cambisols,49.40885064993199,0.34011864533050445,190,RMQS1,"{""type"":""MultiPoint"",""coordinates"":[]}"
20220811T105631_20220811T105631_T31UCQ_00000000000000000124_0,3717,2374,611,924,1292,1627,2113,2512,2756,2939,5,2022-08-11,Luvic Cambisols,49.41230127661914,0.5603307950356333,191,RMQS1,"{""type"":""MultiPoint"",""coordinates"":[]}"
20220811T105631_20220811T105631_T31UCQ_00000000000000000128_0,4386,3225,1122,1688,2492,2810,2989,3273,3496,3579,5,2022-08-11,Luvic Cambisols,49.42207764226659,1.4414246711124157,195,RMQS1,"{""type"":""MultiPoint"",""coordinates"":[]}"
20220811T105631_20220811T105631_T31UCQ_00000000000000000149_0,4208,2904,1242,1736,2434,2659,3024,3313,3508,3569,5,2022-08-11,Luvic Cambisols,49.26860112869975,0.565296427653648,230,RMQS1,"{""type"":""MultiPoint"",""coordinates"":[]}"
20220811T105631_20220811T105631_T31UCQ_0000000000000000014e_0,4129,3007,1124,1612,2216,2646,2989,3244,3344,3498,5,2022-08-11,Luvic Cambisols,49.279783234787686,1.6636314749754055,235,RMQS1,"{""type"":""MultiPoint"",""coordinates"":[]}"
20220811T105631_20220811T105631_T31UCQ_00000000000000000170_0,4256,3640,1186,1730,2448,2815,2938,3116,3252,3412,5,2022-08-11,Luvic Cambisols,49.12791303968723,0.7892480550138934,274,RMQS1,"{""type"":""MultiPoint"",""coordinates"":[]}"
20220811T105631_20220811T105631_T31UCQ_000000000000000001ce_0,3657,2739,996,1484,2162,2478,2627,2813,2888,3060,5,2022-08-11,Luvic Cambisols,48.84523623220538,1.233498240194126,386,RMQS1,"{""type"":""MultiPoint"",""coordinates"":[]}"
20220811T105631_20220811T105631_T31UCQ_00000000000000000201_0,3757,2448,630,875,1224,1530,1835,2042,2224,2440,5,2022-08-11,Luvic Cambisols,48.696619717289735,0.80208557736037,445,RMQS1,"{""type"":""MultiPoint"",""coordinates"":[]}"
20220811T105631_20220811T105631_T31UCQ_000000000000000001cb_0,4592,3272,686,1015,1488,1763,1982,2213,2487,2692,5,2022-08-11,Stagnic Gleysols,48.83738635502712,0.5800296867218191,383,RMQS1,"{""type"":""MultiPoint"",""coordinates"":[]}"
20220811T105631_20220811T105631_T31UCR_000000000000000000da_0,4613,3757,1226,1782,2498,2955,3056,3291,3356,3537,5,2022-08-11,Calcaric Cambisols,49.853132208716076,1.4338262144811627,99,RMQS1,"{""type"":""MultiPoint"",""coordinates"":[]}"
20220811T105631_20220811T105631_T31UCR_000000000000000000bc_0,4258,3339,1062,1458,2082,2711,2844,3020,3228,3424,5,2022-08-11,Eutric Cambisols,50.14184543087868,1.6521414189885952,60,RMQS1,"{""type"":""MultiPoint"",""coordinates"":[]}"
20220811T105631_20220811T105631_T31UCR_000000000000000000c9_0,4244,2877,885,1276,1934,2269,2456,2657,2974,3184,5,2022-08-11,Luvic Cambisols,49.996771823054615,1.4312656624062745,76,RMQS1,"{""type"":""MultiPoint"",""coordinates"":[]}"
20220811T105631_20220811T105631_T31UCR_000000000000000000ca_0,3809,3036,830,1226,1756,2065,2231,2473,2668,2802,5,2022-08-11,Luvic Cambisols,49.99822488625304,1.654081486582689,77,RMQS1,"{""type"":""MultiPoint"",""coordinates"":[]}"
20220811T105631_20220811T105631_T31UCR_000000000000000000d7_0,3626,2416,511,836,1084,1554,2055,2330,2564,2766,5,2022-08-11,Luvic Cambisols,49.846349960839134,0.7673683666400959,96,RMQS1,"{""type"":""MultiPoint"",""coordinates"":[]}"
20220811T105631_20220811T105631_T31UCR_000000000000000000db_0,3196,2231,908,1354,1982,1871,2675,3012,3340,3314,5,2022-08-11,Luvic Cambisols,49.85458077799602,1.6560118173559046,100,RMQS1,"{""type"":""MultiPoint"",""coordinates"":[]}"
20220811T105631_20220811T105631_T31UCR_000000000000000000ec_0,1857,1406,846,934,1038,1034,1366,1516,1544,1637,5,2022-08-11,Luvic Cambisols,49.69617066540041,0.32886089547803965,122,RMQS1,"{""type"":""MultiPoint"",""coordinates"":[]}"
20220811T105631_20220811T105631_T31UCR_000000000000000000ee_0,4548,3048,1128,1596,2324,2740,2891,3128,3300,3528,5,2022-08-11,Luvic Cambisols,49.702705011305135,0.7717937299950821,124,RMQS1,"{""type"":""MultiPoint"",""coordinates"":[]}"
20220811T105631_20220811T105631_T31UCR_00000000000000000107_0,3717,2585,577,824,1184,1553,1878,2167,2400,2557,5,2022-08-11,Luvic Cambisols,49.55598118421231,0.5553361753984187,152,RMQS1,"{""type"":""MultiPoint"",""coordinates"":[]}"
20220811T105631_20220811T105631_T31UCR_00000000000000000109_0,4348,3049,928,1344,1980,2350,2549,2801,2966,3164,5,2022-08-11,Luvic Cambisols,49.56169025290863,0.9970773776870822,154,RMQS1,"{""type"":""MultiPoint"",""coordinates"":[]}"
20220811T105631_20220811T105631_T31UCR_0000000000000000010a_0,4233,2828,975,1528,2286,2524,2748,3090,3444,3563,5,2022-08-11,Luvic Cambisols,49.56393970113884,1.217982875699953,155,RMQS1,"{""type"":""MultiPoint"",""coordinates"":[]}"
20220811T105631_20220811T105631_T31UCR_000000000000000000a7_0,3110,2721,962,1210,1636,1917,2010,2118,2326,2338,5,2022-08-11,Regosols (Colluvic),50.42900525285804,1.64823093644194,34,RMQS1,"{""type"":""MultiPoint"",""coordinates"":[]}"
20220811T105631_20220811T105631_T31UCS_00000000000000000039_0,3283,2373,690,1092,1628,1957,2259,2398,2530,2667,5,2022-08-11,Calcaric Cambisols,50.65641267424932,1.6510873564702908,SIM4474,HWSDv2,"{""type"":""MultiPoint"",""coordinates"":[]}"
20220811T105631_20220811T105631_T31UCS_0000000000000000009f_0,3423,2515,1572,1870,1886,2218,3054,3123,3408,3678,5,2022-08-11,Rendzic Leptosols,50.57254339082955,1.6462577899891515,24,RMQS1,"{""type"":""MultiPoint"",""coordinates"":[]}"
20220811T105631_20220811T105631_T31UDP_00000000000000000241_0,3012,2021,952,1332,1808,1627,2463,2796,2866,3099,5,2022-08-11,Abruptic Luvisols,48.5627163244068,2.3229823884195913,512,RMQS1,"{""type"":""MultiPoint"",""coordinates"":[]}"
20220811T105631_20220811T105631_T31UDP_00000000000000000276_0,3915,2626,898,1274,1704,2211,2636,2894,3112,3292,5,2022-08-11,Calcaric Cambisols,48.418035746824685,1.8908275052152994,568,RMQS1,"{""type"":""MultiPoint"",""coordinates"":[]}"
20220811T105631_20220811T105631_T31UDP_000000000000000002ae_0,3699,3074,1004,1430,2098,2395,2501,2612,2730,2818,5,2022-08-11,Calcaric Cambisols,48.27418519339707,1.8920484065068364,627,RMQS1,"{""type"":""MultiPoint"",""coordinates"":[]}"
20220811T105631_20220811T105631_T31UDP_000000000000000002af_0,2136,2052,849,1001,1182,1465,1654,1790,1916,1844,5,2022-08-11,Calcaric Cambisols,48.274802304958676,2.1075512406430126,628,RMQS1,"{""type"":""MultiPoint"",""coordinates"":[]}"
20220811T105631_20220811T105631_T31UDP_000000000000000008c9_0,3000,2019,664,808,1134,1422,1924,2127,2592,2505,5,2022-08-11,Dystric Cambisols,47.84255830040598,1.8956764547247618,10797,RMQS1,"{""type"":""MultiPoint"",""coordinates"":[]}"
20220811T105631_20220811T105631_T31UDP_0000000000000000023e_0,4218,2725,1170,1662,2418,2798,2930,3131,3336,3516,5,2022-08-11,Eutric Cambisols,48.56085542396343,1.6729155469005188,509,RMQS1,"{""type"":""MultiPoint"",""coordinates"":[]}"
20220811T105631_20220811T105631_T31UDP_000000000000000002e7_0,3526,2801,996,1430,2006,2265,2338,2489,2664,2729,5,2022-08-11,Eutric Cambisols,48.13093680610043,2.108177321905969,686,RMQS1,"{""type"":""MultiPoint"",""coordinates"":[]}"
20220811T105631_20220811T105631_T31UDP_00000000000000000351_0,2725,2216,898,1280,1706,1957,2108,2201,2298,2350,5,2022-08-11,Eutric Cambisols,47.843169868917435,2.1094201698833497,798,RMQS1,"{""type"":""MultiPoint"",""coordinates"":[]}"
20220811T105631_20220811T105631_T31UDP_0000000000000000031d_0,3827,2430,862,1188,1588,2030,2457,2743,2940,3126,5,2022-08-11,Eutric Planosols,47.98644564029198,1.8944738375183001,742,RMQS1,"{""type"":""MultiPoint"",""coordinates"":[]}"
20220811T105631_20220811T105631_T31UDP_0000000000000000023f_0,4204,3637,1190,1764,2406,2727,2829,3064,3120,3289,5,2022-08-11,Haplic Luvisols,48.56187240436339,1.8895991857404957,510,RMQS1,"{""type"":""MultiPoint"",""coordinates"":[]}"
20220811T105631_20220811T105631_T31UDP_00000000000000000275_0,4056,3172,1224,1738,2408,2731,2888,3071,3184,3331,5,2022-08-11,Haplic Luvisols,48.41702172942115,1.6747395099090712,567,RMQS1,"{""type"":""MultiPoint"",""coordinates"":[]}"
20220811T105631_20220811T105631_T31UDP_00000000000000000278_0,3342,2636,964,1368,1806,1874,2359,2552,3064,2905,5,2022-08-11,Haplic Luvisols,48.418877511932216,2.3230202148648296,570,RMQS1,"{""type"":""MultiPoint"",""coordinates"":[]}"
20220811T105631_20220811T105631_T31UDP_00000000000000000350_0,3000,2019,664,808,1134,1422,1924,2127,2592,2505,5,2022-08-11,Haplic Luvisols,47.84255830040598,1.8956764547247618,797,RMQS1,"{""type"":""MultiPoint"",""coordinates"":[]}"
20220811T105631_20220811T105631_T31UDP_00000000000000000277_0,3983,3655,1146,1704,2384,2735,2797,2921,3006,3077,5,2022-08-11,Luvic Cambisols,48.41865449696645,2.1069223823788863,569,RMQS1,"{""type"":""MultiPoint"",""coordinates"":[]}"
20220811T105631_20220811T105631_T31UDP_000000000000000002ad_0,3903,3314,1262,1772,2408,2645,2931,3123,3352,3338,5,2022-08-11,Luvic Cambisols,48.273173775874774,1.6765533442912048,626,RMQS1,"{""type"":""MultiPoint"",""coordinates"":[]}"
20220811T105631_20220811T105631_T31UDP_000000000000000002e6_0,2675,1975,988,1416,1970,1722,2627,3135,3108,3376,5,2022-08-11,Luvic Cambisols,48.13032151946579,1.893264373324863,685,RMQS1,"{""type"":""MultiPoint"",""coordinates"":[]}"
20220811T105631_20220811T105631_T31UDP_000000000000000002e5_0,4376,2953,1094,1540,2148,2571,2849,3084,3324,3481,5,2022-08-11,Rendzic Leptosols,48.129312960797584,1.6783584655939348,684,RMQS1,"{""type"":""MultiPoint"",""coordinates"":[]}"
20220811T105631_20220811T105631_T31UDQ_0000000000000000007d_0,4026,2728,860,1252,1928,2223,2391,2632,2854,3011,5,2022-08-11,Protoargic Arenosols,49.58589898837661,1.8391604822330379,SIM46907,HWSDv2,"{""type"":""MultiPoint"",""coordinates"":[]}"
20220811T105631_20220811T105631_T31UDQ_00000000000000000174_0,3842,2938,889,1272,1826,2229,2341,2578,2474,2791,5,2022-08-11,Calcaric Cambisols,49.136032669120816,1.665509084487337,278,RMQS1,"{""type"":""MultiPoint"",""coordinates"":[]}"
20220811T105631_20220811T105631_T31UDQ_0000000000000000012d_0,3270,2980,850,1318,1866,2078,2168,2320,2366,2425,5,2022-08-11,Eutric Cambisols,49.425230407063104,2.5430874224563476,200,RMQS1,"{""type"":""MultiPoint"",""coordinates"":[]}"
20220811T105631_20220811T105631_T31UDQ_0000000000000000019e_0,3649,2492,872,1216,1614,1753,2130,2324,2618,2615,5,2022-08-11,Eutric Cambisols,48.99226395558002,1.667375833412688,330,RMQS1,"{""type"":""MultiPoint"",""coordinates"":[]}"
20220811T105631_20220811T105631_T31UDQ_000000000000000001a2_0,2991,1795,624,902,1236,1572,1979,2189,2460,2523,5,2022-08-11,Eutric Cambisols,48.993966246076276,2.541368882765616,334,RMQS1,"{""type"":""MultiPoint"",""coordinates"":[]}"
20220811T105631_20220811T105631_T31UDQ_0000000000000000019f_0,2606,2037,824,1142,1376,1600,2200,2476,2442,2611,5,2022-08-11,Eutric Fluvisols,48.993289529461705,1.885866507001807,331,RMQS1,"{""type"":""MultiPoint"",""coordinates"":[]}"
20220811T105631_20220811T105631_T31UDQ_0000000000000000010e_0,3626,2684,1166,1604,2266,2377,2546,2759,3056,3027,5,2022-08-11,Eutric Stagnosols,49.56889381763422,2.101746362836863,159,RMQS1,"{""type"":""MultiPoint"",""coordinates"":[]}"
20220811T105631_20220811T105631_T31UDQ_0000000000000000012b_0,1979,1757,1058,1178,1318,1387,1576,1595,1662,1762,5,2022-08-11,Fibric Histosols,49.42517865837183,2.1024074145428684,198,RMQS1,"{""type"":""MultiPoint"",""coordinates"":[]}"
20220811T105631_20220811T105631_T31UDQ_000000000000000001a0_0,2591,2232,764,950,1174,1416,1763,1898,1992,2019,5,2022-08-11,Fluvic Cambisols,48.99391509715455,2.1043645797039217,332,RMQS1,"{""type"":""MultiPoint"",""coordinates"":[]}"
20220811T105631_20220811T105631_T31UDQ_0000000000000000014f_0,4321,3033,996,1428,2134,2479,2619,2843,3020,3207,5,2022-08-11,Haplic Luvisols,49.280814464529655,1.88334428108737,236,RMQS1,"{""type"":""MultiPoint"",""coordinates"":[]}"
20220811T105631_20220811T105631_T31UDQ_00000000000000000153_0,4242,3130,1456,1866,2448,2876,3098,3308,3460,3560,5,2022-08-11,Haplic Luvisols,49.28091769976065,2.7622320159826583,240,RMQS1,"{""type"":""MultiPoint"",""coordinates"":[]}"
20220811T105631_20220811T105631_T31UDQ_00000000000000000177_0,3375,2321,741,1038,1260,1578,2018,2262,2552,2602,5,2022-08-11,Haplic Luvisols,49.13791455267598,2.3228273594300304,281,RMQS1,"{""type"":""MultiPoint"",""coordinates"":[]}"
20220811T105631_20220811T105631_T31UDQ_00000000000000000110_0,3838,3244,1144,1642,2316,2630,2731,2879,2908,3099,5,2022-08-11,Luvic Cambisols,49.56894583689343,2.5436666897699416,161,RMQS1,"{""type"":""MultiPoint"",""coordinates"":[]}"
20220811T105631_20220811T105631_T31UDQ_0000000000000000014e_0,4143,3017,1160,1634,2234,2661,3005,3257,3356,3515,5,2022-08-11,Luvic Cambisols,49.279783234787686,1.6636314749754055,235,RMQS1,"{""type"":""MultiPoint"",""coordinates"":[]}"
20220811T105631_20220811T105631_T31UDQ_00000000000000000175_0,4257,3824,1068,1644,2308,2688,2866,3031,3108,3218,5,2022-08-11,Luvic Cambisols,49.13706124741972,1.8846092571838453,279,RMQS1,"{""type"":""MultiPoint"",""coordinates"":[]}"
20220811T105631_20220811T105631_T31UDQ_0000000000000000010d_0,3650,2755,849,1184,1396,2115,2420,2621,2284,2932,5,2022-08-11,Luvic Stagnosols,49.56826098013314,1.8807904892721603,158,RMQS1,"{""type"":""MultiPoint"",""coordinates"":[]}"
20220811T105631_20220811T105631_T31UDQ_0000000000000000012a_0,3121,1999,598,806,1122,1390,1943,2315,2576,2753,5,2022-08-11,Luvic Stagnosols,49.42454805193689,1.882071104462425,197,RMQS1,"{""type"":""MultiPoint"",""coordinates"":[]}"
20220811T105631_20220811T105631_T31UDQ_0000000000000000012c_0,4305,3087,1098,1476,2076,2383,2505,2699,2924,3080,5,2022-08-11,Luvic Stagnosols,49.42540614057504,2.3227471558419417,199,RMQS1,"{""type"":""MultiPoint"",""coordinates"":[]}"
20220811T105631_20220811T105631_T31UDQ_00000000000000000150_0,2872,1901,1350,1700,1866,1638,2440,2901,2888,3167,5,2022-08-11,Luvic Stagnosols,49.28144329184339,2.103064062809696,237,RMQS1,"{""type"":""MultiPoint"",""coordinates"":[]}"
20220811T105631_20220811T105631_T31UDQ_000000000000000001d3_0,2032,1991,1450,1438,1604,1662,1671,1676,1896,1753,5,2022-08-11,Technosols,48.85034873690586,2.322905488238686,391,RMQS1,"{""type"":""MultiPoint"",""coordinates"":[]}"
20220811T105631_20220811T105631_T31UDR_00000000000000000056_0,3754,2884,898,1218,1826,2108,2196,2381,2602,2745,5,2022-08-11,Eutric Cambisols,50.15828941114408,2.86617988322367,SIM63940,HWSDv2,"{""type"":""MultiPoint"",""coordinates"":[]}"
20220811T105631_20220811T105631_T31UDR_0000000000000000007d_0,4020,2726,852,1246,1926,2221,2388,2625,2854,3008,5,2022-08-11,Protoargic Arenosols,49.58589898837661,1.8391604822330379,SIM46907,HWSDv2,"{""type"":""MultiPoint"",""coordinates"":[]}"
20220811T105631_20220811T105631_T31UDR_000000000000000000de_0,3413,2793,960,1324,1896,2165,2315,2417,2578,2658,5,2022-08-11,Calcaric Cambisols,49.85648964531181,2.3226256379824948,103,RMQS1,"{""type"":""MultiPoint"",""coordinates"":[]}"
20220811T105631_20220811T105631_T31UDR_000000000000000000f6_0,2400,1855,710,917,976,1270,1767,2009,2258,2193,5,2022-08-11,Calcaric Cambisols,49.71264020753129,2.5442497423135224,132,RMQS1,"{""type"":""MultiPoint"",""coordinates"":[]}"
20220811T105631_20220811T105631_T31UDR_000000000000000000a9_0,4050,2902,1012,1456,2090,2424,2602,2806,2924,3056,5,2022-08-11,Eutric Cambisols,50.43070046559016,2.0977104657606827,36,RMQS1,"{""type"":""MultiPoint"",""coordinates"":[]}"
20220811T105631_20220811T105631_T31UDR_000000000000000000aa_0,2326,1687,1288,1276,1396,1301,2010,2305,2438,2491,5,2022-08-11,Eutric Cambisols,50.43093213840921,2.3224594361607416,37,RMQS1,"{""type"":""MultiPoint"",""coordinates"":[]}"
20220811T105631_20220811T105631_T31UDR_000000000000000000ac_0,1689,1492,822,875,921,937,1058,1066,1164,1120,5,2022-08-11,Eutric Cambisols,50.430165085295194,2.7719553311287974,39,RMQS1,"{""type"":""MultiPoint"",""coordinates"":[]}"
20220811T105631_20220811T105631_T31UDR_000000000000000000ad_0,2338,1713,710,916,1162,1426,1930,2198,1824,2338,5,2022-08-11,Eutric Cambisols,50.42916619393928,2.996695634941413,40,RMQS1,"{""type"":""MultiPoint"",""coordinates"":[]}"
20220811T105631_20220811T105631_T31UDR_000000000000000000b3_0,4272,2722,1138,1594,2354,2711,2879,3126,3308,3524,5,2022-08-11,Eutric Cambisols,50.28736043598306,2.3225017207889516,50,RMQS1,"{""type"":""MultiPoint"",""coordinates"":[]}"
20220811T105631_20220811T105631_T31UDR_000000000000000000b4_0,4271,3202,1092,1542,2210,2556,2738,2944,3100,3265,5,2022-08-11,Eutric Cambisols,50.28718216659681,2.546611534452438,51,RMQS1,"{""type"":""MultiPoint"",""coordinates"":[]}"
20220811T105631_20220811T105631_T31UDR_000000000000000000b5_0,1843,1453,1460,1452,1484,1425,1629,1653,1554,1838,5,2022-08-11,Eutric Cambisols,50.28659484900255,2.7707172697287374,52,RMQS1,"{""type"":""MultiPoint"",""coordinates"":[]}"
20220811T105631_20220811T105631_T31UDR_000000000000000000bc_0,4255,3334,1096,1478,2086,2714,2846,3023,3220,3422,5,2022-08-11,Eutric Cambisols,50.14184543087868,1.6521414189885952,60,RMQS1,"{""type"":""MultiPoint"",""coordinates"":[]}"
20220811T105631_20220811T105631_T31UDR_000000000000000000c2_0,3464,3103,929,1358,1840,2116,2373,2552,2624,2722,5,2022-08-11,Eutric Cambisols,50.14200369750157,2.992946997301806,66,RMQS1,"{""type"":""MultiPoint"",""coordinates"":[]}"
20220811T105631_20220811T105631_T31UDR_000000000000000000cb_0,4417,3124,1034,1486,2156,2446,2638,2891,3100,3297,5,2022-08-11,Eutric Cambisols,49.99927003977352,1.8769088733350434,78,RMQS1,"{""type"":""MultiPoint"",""coordinates"":[]}"
20220811T105631_20220811T105631_T31UDR_000000000000000000cd_0,4511,3107,1094,1374,1782,2030,2210,2422,2686,2806,5,2022-08-11,Eutric Cambisols,50.00013858967453,2.3225846734270483,80,RMQS1,"{""type"":""MultiPoint"",""coordinates"":[]}"
20220811T105631_20220811T105631_T31UDR_000000000000000000ce_0,3690,3398,1008,1448,2022,2274,2367,2521,2608,2668,5,2022-08-11,Eutric Cambisols,49.99996105481551,2.545424692034341,81,RMQS1,"{""type"":""MultiPoint"",""coordinates"":[]}"
20220811T105631_20220811T105631_T31UDR_000000000000000000cf_0,3475,2827,968,1412,1942,2140,2299,2432,2634,2667,5,2022-08-11,Eutric Cambisols,49.999375467717336,2.768260418213498,82,RMQS1,"{""type"":""MultiPoint"",""coordinates"":[]}"
20220811T105631_20220811T105631_T31UDR_000000000000000000d0_0,3699,3130,1060,1498,2114,2395,2501,2628,2786,2860,5,2022-08-11,Eutric Cambisols,49.99838355325251,2.991087849150008,83,RMQS1,"{""type"":""MultiPoint"",""coordinates"":[]}"
20220811T105631_20220811T105631_T31UDR_000000000000000000dc_0,3689,2306,706,1078,1638,1853,2399,2866,3364,3400,5,2022-08-11,Eutric Cambisols,49.85562314872213,1.8782091470255609,101,RMQS1,"{""type"":""MultiPoint"",""coordinates"":[]}"
20220811T105631_20220811T105631_T31UDR_000000000000000000df_0,2735,1984,890,1028,1238,1621,1874,2064,1676,2286,5,2022-08-11,Eutric Cambisols,49.85631247393191,2.5448356402447683,104,RMQS1,"{""type"":""MultiPoint"",""coordinates"":[]}"
20220811T105631_20220811T105631_T31UDR_000000000000000000f4_0,4202,2942,1148,1654,2470,2839,2932,3140,3336,3552,5,2022-08-11,Eutric Cambisols,49.71258809583164,2.101081697148307,130,RMQS1,"{""type"":""MultiPoint"",""coordinates"":[]}"
20220811T105631_20220811T105631_T31UDR_000000000000000000f7_0,4222,2868,1094,1584,2332,2704,2922,3177,3460,3620,5,2022-08-11,Eutric Cambisols,49.7120578590372,2.7658288977798313,133,RMQS1,"{""type"":""MultiPoint"",""coordinates"":[]}"
20220811T105631_20220811T105631_T31UDR_0000000000000000010e_0,3622,2683,1164,1610,2278,2373,2541,2754,3074,3026,5,2022-08-11,Eutric Stagnosols,49.56889381763422,2.101746362836863,159,RMQS1,"{""type"":""MultiPoint"",""coordinates"":[]}"
20220811T105631_20220811T105631_T31UDR_000000000000000000ca_0,3822,3047,866,1250,1772,2079,2243,2486,2680,2813,5,2022-08-11,Luvic Cambisols,49.99822488625304,1.654081486582689,77,RMQS1,"{""type"":""MultiPoint"",""coordinates"":[]}"
20220811T105631_20220811T105631_T31UDR_000000000000000000db_0,3189,2227,944,1372,1986,1871,2677,3014,3340,3312,5,2022-08-11,Luvic Cambisols,49.85458077799602,1.6560118173559046,100,RMQS1,"{""type"":""MultiPoint"",""coordinates"":[]}"
20220811T105631_20220811T105631_T31UDR_000000000000000000dd_0,2889,2017,628,910,1164,1247,1996,2254,2776,2458,5,2022-08-11,Luvic Cambisols,49.85625947458234,2.100414934284197,102,RMQS1,"{""type"":""MultiPoint"",""coordinates"":[]}"
20220811T105631_20220811T105631_T31UDR_000000000000000000f5_0,3992,2598,944,1392,1958,2260,2490,2726,2902,3073,5,2022-08-11,Luvic Cambisols,49.7128174628079,2.3226656536691292,131,RMQS1,"{""type"":""MultiPoint"",""coordinates"":[]}"
20220811T105631_20220811T105631_T31UDR_00000000000000000110_0,3833,3242,1136,1642,2320,2630,2726,2874,2910,3097,5,2022-08-11,Luvic Cambisols,49.56894583689343,2.5436666897699416,161,RMQS1,"{""type"":""MultiPoint"",""coordinates"":[]}"
20220811T105631_20220811T105631_T31UDR_0000000000000000010d_0,3665,2767,838,1178,1392,2125,2430,2628,2282,2947,5,2022-08-11,Luvic Stagnosols,49.56826098013314,1.8807904892721603,158,RMQS1,"{""type"":""MultiPoint"",""coordinates"":[]}"
20220811T105631_20220811T105631_T31UDR_000000000000000000a7_0,3106,2718,994,1228,1642,1920,2012,2119,2326,2339,5,2022-08-11,Regosols (Colluvic),50.42900525285804,1.64823093644194,34,RMQS1,"{""type"":""MultiPoint"",""coordinates"":[]}"
20220811T105631_20220811T105631_T31UDR_000000000000000000c0_0,4331,3615,1198,1620,2250,2499,2606,2811,2984,3121,5,2022-08-11,Regosols (Colluvic),50.14358454537285,2.546016788788959,64,RMQS1,"{""type"":""MultiPoint"",""coordinates"":[]}"
20220811T105631_20220811T105631_T31UDR_000000000000000000c1_0,4890,3290,1096,1714,2678,3129,3292,3638,4044,4171,5,2022-08-11,Regosols (Colluvic),50.14299796037709,2.7694857901814443,65,RMQS1,"{""type"":""MultiPoint"",""coordinates"":[]}"
20220811T105631_20220811T105631_T31UDR_000000000000000000cc_0,3257,2615,756,1038,1214,1946,2274,2520,2326,2802,5,2022-08-11,Rendzic Leptosols,49.999907534519636,2.099745350209818,79,RMQS1,"{""type"":""MultiPoint"",""coordinates"":[]}"
20220811T105631_20220811T105631_T31UDR_000000000000000000b2_0,3598,2710,698,986,1498,1828,1981,2208,2341,2556,5,2022-08-11,Umbric Leptosols,50.28712929849958,2.098392586975514,49,RMQS1,"{""type"":""MultiPoint"",""coordinates"":[]}"
20220811T105631_20220811T105631_T31UDS_00000000000000000039_0,3296,2382,716,1106,1636,1973,2272,2408,2530,2681,5,2022-08-11,Calcaric Cambisols,50.65641267424932,1.6510873564702908,SIM4474,HWSDv2,"{""type"":""MultiPoint"",""coordinates"":[]}"
20220811T105631_20220811T105631_T31UDS_00000000000000000099_0,3485,2387,478,675,916,1371,1741,2018,2208,2414,5,2022-08-11,Chromic Cambisols,50.717112873680165,1.8702986464230802,17,RMQS1,"{""type"":""MultiPoint"",""coordinates"":[]}"
20220811T105631_20220811T105631_T31UDS_00000000000000000094_0,3943,2991,988,1470,2230,2639,2787,3006,3100,3374,5,2022-08-11,Eutric Cambisols,50.860597017905235,1.868950662715976,9,RMQS1,"{""type"":""MultiPoint"",""coordinates"":[]}"
20220811T105631_20220811T105631_T31UDS_000000000000000000a1_0,4354,3042,1004,1470,2248,2610,2781,3084,3364,3521,5,2022-08-11,Eutric Cambisols,50.57424420701826,2.0970248442935078,26,RMQS1,"{""type"":""MultiPoint"",""coordinates"":[]}"
20220811T105631_20220811T105631_T31UDS_00000000000000000095_0,3520,2502,902,1212,1726,2299,2617,2893,2930,3199,5,2022-08-11,Eutric Stagnosols,50.86124579589512,2.0956387227174256,10,RMQS1,"{""type"":""MultiPoint"",""coordinates"":[]}"
20220811T105631_20220811T105631_T31UDS_00000000000000000097_0,3235,2389,687,990,1288,1708,2048,2275,2520,2634,5,2022-08-11,Eutric Stagnosols,50.86130221409984,2.549023491235136,12,RMQS1,"{""type"":""MultiPoint"",""coordinates"":[]}"
20220811T105631_20220811T105631_T31UDS_000000000000000000a4_0,3592,2513,920,1324,1936,2248,2425,2620,2746,2942,5,2022-08-11,Fluvic Cambisols,50.57370842780058,2.773201014166533,29,RMQS1,"{""type"":""MultiPoint"",""coordinates"":[]}"
20220811T105631_20220811T105631_T31UDS_00000000000000000091_0,1915,1628,1610,1746,1852,1376,1777,1904,2046,1866,5,2022-08-11,Fluvic Stagnosols,51.00493790256749,2.3222866091527186,6,RMQS1,"{""type"":""MultiPoint"",""coordinates"":[]}"
20220811T105631_20220811T105631_T31UDS_0000000000000000009b_0,2653,2283,1268,1434,1668,1873,2003,2044,2102,2270,5,2022-08-11,Luvic Cambisols,50.71799364650035,2.3223741982983093,19,RMQS1,"{""type"":""MultiPoint"",""coordinates"":[]}"
20220811T105631_20220811T105631_T31UDS_0000000000000000009f_0,3419,2509,1592,1884,1888,2221,3058,3123,3408,3682,5,2022-08-11,Rendzic Leptosols,50.57254339082955,1.6462577899891515,24,RMQS1,"{""type"":""MultiPoint"",""coordinates"":[]}"
20220811T105631_20220811T105631_T31UER_000000000000000000b7_0,2771,2112,1052,1400,1838,1930,2320,2496,2458,2762,5,2022-08-11,Luvic Cambisols,50.284191794055914,3.2189050612951036,54,RMQS1,"{""type"":""MultiPoint"",""coordinates"":[]}"
20220811T105631_20220811T110811_T30TWS_0000000000000000044b_0,4659,3422,992,1292,1868,2156,2322,2585,2922,2998,5,2022-08-11,Eutric Stagnosols,46.90240035460174,-1.8789043482766836,1068,RMQS1,"{""type"":""MultiPoint"",""coordinates"":[]}"
20220811T105631_20220811T110811_T30TWS_00000000000000000473_0,2588,2049,980,1202,1468,1465,1556,1634,2062,1776,5,2022-08-11,Eutric Stagnosols,46.76616538875665,-1.658487214209225,1113,RMQS1,"{""type"":""MultiPoint"",""coordinates"":[]}"
20220811T105631_20220811T110811_T30TWS_0000000000000000049a_0,2895,2154,802,1076,1468,1663,1814,1970,2254,2303,5,2022-08-11,Luvic Cambisols,46.61491530352095,-1.856505488431847,1153,RMQS1,"{""type"":""MultiPoint"",""coordinates"":[]}"
20220811T105631_20220811T110811_T30TWS_0000000000000000044c_0,3800,2772,908,1332,1682,2131,2485,2710,3008,3066,5,2022-08-11,Luvic Stagnosols,46.90992528077999,-1.66915941877578,1069,RMQS1,"{""type"":""MultiPoint"",""coordinates"":[]}"
20220811T105631_20220811T110811_T30TWS_0000000000000000049b_0,2573,1904,874,1019,1202,1324,1637,1735,1664,1816,5,2022-08-11,Regosols (Colluvic),46.622401223318654,-1.6478714452070151,1154,RMQS1,"{""type"":""MultiPoint"",""coordinates"":[]}"
20220811T105631_20220811T110811_T30TWS_0000000000000000044a_0,4384,3000,1040,1362,2016,2462,2713,2914,3086,3291,5,2022-08-11,Tidalic Fluvisols,46.89449146390841,-2.0885901951593606,1067,RMQS1,"{""type"":""MultiPoint"",""coordinates"":[]}"
20220811T105631_20220811T110811_T30TWT_00000000000000000033_0,4033,2536,668,1005,1402,1761,2108,2380,2724,2908,5,2022-08-11,Fibric Histosols,47.077129570579544,-1.7252900659747124,SIM3274,HWSDv2,"{""type"":""MultiPoint"",""coordinates"":[]}"
20220811T105631_20220811T110811_T30TWT_000000000000000003cc_0,4488,2946,990,1334,1838,2151,2664,3031,3436,3476,5,2022-08-11,Eutric Stagnosols,47.333583331801385,-1.9129513545879697,934,RMQS1,"{""type"":""MultiPoint"",""coordinates"":[]}"
20220811T105631_20220811T110811_T30TWT_000000000000000003f8_0,3641,2867,896,1218,1384,1704,2241,2500,2988,2636,5,2022-08-11,Eutric Stagnosols,47.18986296924984,-1.9015428571110984,979,RMQS1,"{""type"":""MultiPoint"",""coordinates"":[]}"
20220811T105631_20220811T110811_T30TWT_0000000000000000044b_0,4638,3417,982,1288,1882,2142,2318,2579,2932,2992,5,2022-08-11,Eutric Stagnosols,46.90240035460174,-1.8789043482766836,1068,RMQS1,"{""type"":""MultiPoint"",""coordinates"":[]}"
20220811T105631_20220811T110811_T30TWT_0000000000000000039e_0,4029,2743,983,1194,1584,2053,2520,2785,2988,3218,5,2022-08-11,Luvic Stagnosols,47.47729537315615,-1.9244201828094953,883,RMQS1,"{""type"":""MultiPoint"",""coordinates"":[]}"
20220811T105631_20220811T110811_T30TWT_000000000000000003f7_0,4025,2724,822,1060,1500,1766,2070,2308,2578,2707,5,2022-08-11,Luvic Stagnosols,47.18191339451739,-2.112349848353562,978,RMQS1,"{""type"":""MultiPoint"",""coordinates"":[]}"
20220811T105631_20220811T110811_T30TWT_0000000000000000044c_0,3787,2770,892,1328,1682,2124,2478,2701,3018,3059,5,2022-08-11,Luvic Stagnosols,46.90992528077999,-1.66915941877578,1069,RMQS1,"{""type"":""MultiPoint"",""coordinates"":[]}"
20220811T105631_20220811T110811_T30TWT_000000000000000003cb_0,4161,2572,917,1234,1708,2081,2425,2694,3054,3142,5,2022-08-11,Stagnic Gleysols,47.32561369663198,-2.124322175596236,933,RMQS1,"{""type"":""MultiPoint"",""coordinates"":[]}"
20220811T105631_20220811T110811_T30TWT_0000000000000000044a_0,4366,2996,1032,1362,2026,2444,2695,2894,3108,3273,5,2022-08-11,Tidalic Fluvisols,46.89449146390841,-2.0885901951593606,1067,RMQS1,"{""type"":""MultiPoint"",""coordinates"":[]}"
20220811T105631_20220811T110811_T30TXP_00000000000000000753_0,2242,1614,737,1226,1592,1893,2537,2871,2526,3200,5,2022-08-11,Albic Podzols,44.054186996169356,-0.8682666689879637,1910,RMQS1,"{""type"":""MultiPoint"",""coordinates"":[]}"
20220811T105631_20220811T110811_T30TXP_000000000000000007d5_0,2653,1676,744,952,1836,2324,3082,3211,2270,3251,5,2022-08-11,Umbrisols (Vermic),43.62304924587222,-0.8440537599018694,2049,RMQS1,"{""type"":""MultiPoint"",""coordinates"":[]}"
20220811T105631_20220811T110811_T30TXQ_000000000000000006af_0,1517,688,1744,1732,1462,1728,2397,2632,2618,2885,5,2022-08-11,Albic Podzols,44.623098764957085,-1.1024468187933447,1736,RMQS1,"{""type"":""MultiPoint"",""coordinates"":[]}"
20220811T105631_20220811T110811_T30TXQ_0000000000000000068b_0,3496,3105,2048,2392,2724,2658,2628,2767,3192,3092,5,2022-08-11,Eutric Cambisols,44.78413733927169,-0.5056548387951271,1696,RMQS1,"{""type"":""MultiPoint"",""coordinates"":[]}"
20220811T105631_20220811T110811_T30TXQ_000000000000000006b2_0,3802,2553,660,920,1332,1629,1978,2256,2416,2682,5,2022-08-11,Eutric Cambisols,44.640327770669494,-0.4983671773063285,1739,RMQS1,"{""type"":""MultiPoint"",""coordinates"":[]}"
20220811T105631_20220811T110811_T30TXQ_0000000000000000063d_0,3624,2556,792,1152,1480,2010,2645,2939,3100,3291,5,2022-08-11,Haplic Luvisols,45.07178107831248,-0.520343550682928,1613,RMQS1,"{""type"":""MultiPoint"",""coordinates"":[]}"
20220811T105631_20220811T110811_T30TXQ_000000000000000006b0_0,2408,1607,960,1108,1136,1461,1924,2220,1890,2449,5,2022-08-11,Rustic Podzols,44.62920996259254,-0.9011299307141876,1737,RMQS1,"{""type"":""MultiPoint"",""coordinates"":[]}"
20220811T105631_20220811T110811_T30TXQ_000000000000000006fb_0,3114,2583,954,1260,1426,2022,2172,2337,2044,2686,5,2022-08-11,Rustic Podzols,44.33559660067842,-1.084907903589234,1820,RMQS1,"{""type"":""MultiPoint"",""coordinates"":[]}"
20220811T105631_20220811T110811_T30TXQ_00000000000000000664_0,3877,2797,1176,1624,2212,2313,2679,2841,3300,3303,5,2022-08-11,Skeletic Leptosols,44.92795531064549,-0.5129802360448519,1654,RMQS1,"{""type"":""MultiPoint"",""coordinates"":[]}"
20220811T105631_20220811T110811_T30TXQ_0000000000000000068a_0,3229,2453,830,1210,1752,1819,2367,2658,3184,2952,5,2022-08-11,Umbric Podzols,44.77874883782861,-0.707573335382756,1695,RMQS1,"{""type"":""MultiPoint"",""coordinates"":[]}"
20220811T105631_20220811T110811_T30TXQ_000000000000000006d6_0,3732,3140,1726,1910,2016,2293,2817,3037,3086,3280,5,2022-08-11,Umbric Podzols,44.48543835751057,-0.8928506234944198,1779,RMQS1,"{""type"":""MultiPoint"",""coordinates"":[]}"
20220811T105631_20220811T110811_T30TXR_00000000000000000557_0,2663,1531,512,914,1160,1648,2286,2710,2912,3089,5,2022-08-11,Calcaric Cambisols,45.92933792433363,-0.7714828847882435,1365,RMQS1,"{""type"":""MultiPoint"",""coordinates"":[]}"
20220811T105631_20220811T110811_T30TXR_00000000000000000558_0,4059,3089,789,1344,2024,2535,2669,2891,2754,3042,5,2022-08-11,Calcaric Cambisols,45.93484109062398,-0.5653356804339617,1366,RMQS1,"{""type"":""MultiPoint"",""coordinates"":[]}"
20220811T105631_20220811T110811_T30TXR_00000000000000000559_0,4688,3111,1013,1518,2164,2622,2841,3060,3264,3421,5,2022-08-11,Calcaric Cambisols,45.93996642092588,-0.35914842977074507,1367,RMQS1,"{""type"":""MultiPoint"",""coordinates"":[]}"
20220811T105631_20220811T110811_T30TXR_0000000000000000057f_0,3164,2187,784,1268,1492,1933,2297,2555,2744,2889,5,2022-08-11,Calcaric Cambisols,45.796101290683936,-0.35209062396110746,1408,RMQS1,"{""type"":""MultiPoint"",""coordinates"":[]}"
20220811T105631_20220811T110811_T30TXR_0000000000000000059f_0,4737,3070,1732,2260,3032,3455,3616,3825,4092,4131,5,2022-08-11,Calcaric Cambisols,45.63581734636525,-0.9602860183142399,1445,RMQS1,"{""type"":""MultiPoint"",""coordinates"":[]}"
20220811T105631_20220811T110811_T30TXR_000000000000000005a2_0,4153,3049,1364,1648,2094,2495,2885,3024,3348,3438,5,2022-08-11,Calcaric Cambisols,45.65223876933945,-0.3450692344122223,1448,RMQS1,"{""type"":""MultiPoint"",""coordinates"":[]}"
20220811T105631_20220811T110811_T30TXR_0000000000000000057d_0,4114,2705,867,1310,1850,2232,2627,2815,3136,3230,5,2022-08-11,Eutric Cambisols,45.78550112756896,-0.7633473909222855,1406,RMQS1,"{""type"":""MultiPoint"",""coordinates"":[]}"
20220811T105631_20220811T110811_T30TXR_000000000000000005a0_0,3891,2321,886,1274,1772,2467,3041,3344,3484,3827,5,2022-08-11,Eutric Cambisols,45.641666296166285,-0.7552546452445758,1446,RMQS1,"{""type"":""MultiPoint"",""coordinates"":[]}"
20220811T105631_20220811T110811_T30TXR_000000000000000005c6_0,3725,2355,522,838,1216,1696,2146,2492,2774,3018,5,2022-08-11,Eutric Cambisols,45.503293891853474,-0.5426637975979558,1488,RMQS1,"{""type"":""MultiPoint"",""coordinates"":[]}"
20220811T105631_20220811T110811_T30TXR_0000000000000000063d_0,3616,2552,802,1170,1484,2004,2637,2929,3090,3279,5,2022-08-11,Haplic Luvisols,45.07178107831248,-0.520343550682928,1613,RMQS1,"{""type"":""MultiPoint"",""coordinates"":[]}"
20220811T105631_20220811T110811_T30TXR_000000000000000005c5_0,4120,3123,1094,1582,2170,2633,2900,3180,3312,3486,5,2022-08-11,Luvic Cambisols,45.49783449185945,-0.747204710895901,1487,RMQS1,"{""type"":""MultiPoint"",""coordinates"":[]}"
20220811T105631_20220811T110811_T30TXR_0000000000000000057c_0,3411,2466,600,994,1304,1695,2002,2194,2484,2536,5,2022-08-11,Mollic Umbrisols,45.779636372546484,-0.9689136670910115,1405,RMQS1,"{""type"":""MultiPoint"",""coordinates"":[]}"
20220811T105631_20220811T110811_T30TXR_000000000000000005ed_0,3315,2347,762,1032,1226,1667,2157,2458,2622,2831,5,2022-08-11,Skeletic Leptosols,45.34818802227573,-0.9431653634590488,1528,RMQS1,"{""type"":""MultiPoint"",""coordinates"":[]}"
20220811T105631_20220811T110811_T30TXR_00000000000000000556_0,4076,2697,930,1318,1758,2149,2455,2727,2922,3047,5,2022-08-11,Stagnic Gleysols,45.92345740043631,-0.9775871171113764,1364,RMQS1,"{""type"":""MultiPoint"",""coordinates"":[]}"
20220811T105631_20220811T110811_T30TXS_00000000000000000038_0,4295,2697,912,1284,1832,2332,2633,2917,3152,3380,5,2022-08-11,Dystric Cambisols,46.480134993254126,-0.3465850028819951,SIM96304,HWSDv2,"{""type"":""MultiPoint"",""coordinates"":[]}"
20220811T105631_20220811T110811_T30TXS_0000000000000000008f_0,4055,2501,634,971,1488,1889,2256,2539,2881,3044,5,2022-08-11,Dystric Cambisols,46.77832542777133,-0.3382411771660767,SIM14697,HWSDv2,"{""type"":""MultiPoint"",""coordinates"":[]}"
20220811T105631_20220811T110811_T30TXS_000000000000000004e9_0,3076,2086,695,1116,1602,2103,2609,2904,3196,3212,5,2022-08-11,Calcaric Cambisols,46.37156653893897,-0.3805451901586974,1242,RMQS1,"{""type"":""MultiPoint"",""coordinates"":[]}"
20220811T105631_20220811T110811_T30TXS_0000000000000000050d_0,3349,2335,606,877,1092,1824,2599,2840,2876,3183,5,2022-08-11,Calcaric Cambisols,46.21110281935797,-0.995071505821047,1281,RMQS1,"{""type"":""MultiPoint"",""coordinates"":[]}"
20220811T105631_20220811T110811_T30TXS_0000000000000000050f_0,4166,3281,1300,1872,2522,2735,2839,2950,3232,3154,5,2022-08-11,Calcaric Cambisols,46.22254711219468,-0.5806490268943258,1283,RMQS1,"{""type"":""MultiPoint"",""coordinates"":[]}"
20220811T105631_20220811T110811_T30TXS_00000000000000000530_0,4039,3335,1076,1538,2134,2494,2589,2762,2834,3026,5,2022-08-11,Calcaric Cambisols,46.06727972171567,-0.9863064831544274,1322,RMQS1,"{""type"":""MultiPoint"",""coordinates"":[]}"
20220811T105631_20220811T110811_T30TXS_00000000000000000559_0,4551,3075,1072,1516,2086,2510,2755,2968,3168,3313,5,2022-08-11,Calcaric Cambisols,45.93996642092588,-0.35914842977074507,1367,RMQS1,"{""type"":""MultiPoint"",""coordinates"":[]}"
20220811T105631_20220811T110811_T30TXS_0000000000000000044f_0,4282,3185,1236,1694,2298,2431,2583,2715,3104,2993,5,2022-08-11,Eutric Cambisols,46.93019573775069,-1.0395982629544858,1072,RMQS1,"{""type"":""MultiPoint"",""coordinates"":[]}"
20220811T105631_20220811T110811_T30TXS_00000000000000000476_0,3397,2423,912,1528,1725,2329,2867,3101,3303,3339,5,2022-08-11,Eutric Cambisols,46.78638388628218,-1.0305987805233539,1116,RMQS1,"{""type"":""MultiPoint"",""coordinates"":[]}"
20220811T105631_20220811T110811_T30TXS_0000000000000000049e_0,4311,3592,932,1426,2078,2373,2441,2655,2800,2860,5,2022-08-11,Eutric Cambisols,46.642567385032066,-1.0216466052080921,1157,RMQS1,"{""type"":""MultiPoint"",""coordinates"":[]}"
20220811T105631_20220811T110811_T30TXS_000000000000000004a0_0,3375,2776,948,1474,2092,2355,2421,2557,2690,2683,5,2022-08-11,Eutric Cambisols,46.65410133385252,-0.6039233335935068,1159,RMQS1,"{""type"":""MultiPoint"",""coordinates"":[]}"
20220811T105631_20220811T110811_T30TXS_000000000000000004c5_0,3117,2096,596,936,1182,1561,2027,2281,2614,2578,5,2022-08-11,Eutric Cambisols,46.504690527674455,-0.8044552022302291,1198,RMQS1,"{""type"":""MultiPoint"",""coordinates"":[]}"
20220811T105631_20220811T110811_T30TXS_0000000000000000050c_0,3496,2686,813,1228,1594,1939,2396,2662,2842,2877,5,2022-08-11,Eutric Cambisols,46.19814341135635,-1.4093118441587542,1279,RMQS1,"{""type"":""MultiPoint"",""coordinates"":[]}"
20220811T105631_20220811T110811_T30TXS_0000000000000000044d_0,4109,3379,1274,1860,2626,2809,2870,3012,3281,3262,5,2022-08-11,Eutric Stagnosols,46.91706583511698,-1.4593579521044344,1070,RMQS1,"{""type"":""MultiPoint"",""coordinates"":[]}"
20220811T105631_20220811T110811_T30TXS_0000000000000000044e_0,3980,3388,1048,1556,2104,2377,2465,2613,2800,2798,5,2022-08-11,Eutric Stagnosols,46.92382265539237,-1.2495036368667687,1071,RMQS1,"{""type"":""MultiPoint"",""coordinates"":[]}"
20220811T105631_20220811T110811_T30TXS_00000000000000000473_0,2585,2045,998,1208,1471,1478,1578,1655,2057,1796,5,2022-08-11,Eutric Stagnosols,46.76616538875665,-1.658487214209225,1113,RMQS1,"{""type"":""MultiPoint"",""coordinates"":[]}"
20220811T105631_20220811T110811_T30TXS_000000000000000004e6_0,1926,1570,1002,1172,1364,1453,1481,1524,1568,1618,5,2022-08-11,Fluvic Stagnosols,46.35492541824284,-1.0038829095612218,1239,RMQS1,"{""type"":""MultiPoint"",""coordinates"":[]}"
20220811T105631_20220811T110811_T30TXS_000000000000000004c3_0,4176,2700,1042,1470,1980,2374,2834,3079,3248,3332,5,2022-08-11,Haplic Luvisols,46.492423512732024,-1.2209811254960148,1196,RMQS1,"{""type"":""MultiPoint"",""coordinates"":[]}"
20220811T105631_20220811T110811_T30TXS_0000000000000000044c_0,3786,2770,919,1340,1688,2126,2479,2704,3018,3058,5,2022-08-11,Luvic Stagnosols,46.90992528077999,-1.66915941877578,1069,RMQS1,"{""type"":""MultiPoint"",""coordinates"":[]}"
20220811T105631_20220811T110811_T30TXS_00000000000000000474_0,3606,2656,995,1418,1830,2235,2531,2784,2969,3129,5,2022-08-11,Luvic Stagnosols,46.77328774027412,-1.449242871812326,1114,RMQS1,"{""type"":""MultiPoint"",""coordinates"":[]}"
20220811T105631_20220811T110811_T30TXS_000000000000000004c6_0,4428,2796,845,1214,1808,2300,2506,2837,3156,3326,5,2022-08-11,Mollic Umbrisols,46.51025176667468,-0.5961246392621613,1199,RMQS1,"{""type"":""MultiPoint"",""coordinates"":[]}"
20220811T105631_20220811T110811_T30TXS_0000000000000000049b_0,2566,1902,889,1026,1204,1339,1654,1754,1657,1834,5,2022-08-11,Regosols (Colluvic),46.622401223318654,-1.6478714452070151,1154,RMQS1,"{""type"":""MultiPoint"",""coordinates"":[]}"
20220811T105631_20220811T110811_T30TXS_00000000000000000531_0,3293,2710,930,1328,1776,1838,2192,2239,2482,2454,5,2022-08-11,Regosols (Colluvic),46.07317598662114,-0.7796609584742306,1323,RMQS1,"{""type"":""MultiPoint"",""coordinates"":[]}"
20220811T105631_20220811T110811_T30TXS_000000000000000004c4_0,4215,3584,795,1354,2062,2399,2547,2796,2984,3063,5,2022-08-11,Rendzic Leptosols,46.49874732915589,-1.0127412452653954,1197,RMQS1,"{""type"":""MultiPoint"",""coordinates"":[]}"
20220811T105631_20220811T110811_T30TXS_000000000000000004e8_0,3693,3186,860,1372,2044,2290,2369,2481,2654,2669,5,2022-08-11,Rendzic Leptosols,46.36639999485048,-0.5883667267716697,1241,RMQS1,"{""type"":""MultiPoint"",""coordinates"":[]}"
20220811T105631_20220811T110811_T30TXS_00000000000000000510_0,4246,3498,1090,1712,2442,2704,2800,2950,3086,3151,5,2022-08-11,Rendzic Leptosols,46.22770007987587,-0.37337542741971824,1284,RMQS1,"{""type"":""MultiPoint"",""coordinates"":[]}"
20220811T105631_20220811T110811_T30TXS_00000000000000000532_0,4561,3236,1116,1530,2146,2730,3009,3230,3516,3592,5,2022-08-11,Rendzic Leptosols,46.07869390365567,-0.5729721220741497,1324,RMQS1,"{""type"":""MultiPoint"",""coordinates"":[]}"
20220811T105631_20220811T110811_T30TXS_00000000000000000533_0,3299,2245,682,1152,1502,2150,2806,3127,3292,3479,5,2022-08-11,Rendzic Leptosols,46.08383316222152,-0.366243320963874,1325,RMQS1,"{""type"":""MultiPoint"",""coordinates"":[]}"
20220811T105631_20220811T110811_T30TXS_0000000000000000049f_0,4097,2793,853,1174,1716,1986,2333,2665,2900,3094,5,2022-08-11,Stagnosols (Colluvic),46.648525712322844,-0.812807198893418,1158,RMQS1,"{""type"":""MultiPoint"",""coordinates"":[]}"
20220811T105631_20220811T110811_T30TXS_000000000000000004e5_0,2370,1525,759,1126,1362,1350,1570,1669,2342,1965,5,2022-08-11,Tidalic Fluvisols,46.348618271721726,-1.211573918982826,1238,RMQS1,"{""type"":""MultiPoint"",""coordinates"":[]}"
20220811T105631_20220811T110811_T30TXS_000000000000000004e7_0,3048,1858,817,1218,1796,2333,2746,3077,3388,3501,5,2022-08-11,Tidalic Fluvisols,46.36085310100767,-0.7961467681045078,1240,RMQS1,"{""type"":""MultiPoint"",""coordinates"":[]}"
20220811T105631_20220811T110811_T30TXT_000000000000000003ff_0,3421,2342,770,1144,1496,1797,2321,2588,2850,2995,5,2022-08-11,Calcaric Cambisols,47.23470667886189,-0.42436685046714595,986,RMQS1,"{""type"":""MultiPoint"",""coordinates"":[]}"
20220811T105631_20220811T110811_T30TXT_00000000000000000425_0,4429,3108,863,1134,1664,2129,2277,2561,2652,2966,5,2022-08-11,Dystric Cambisols,47.07400274117138,-1.0486456169071017,1028,RMQS1,"{""type"":""MultiPoint"",""coordinates"":[]}"
20220811T105631_20220811T110811_T30TXT_000000000000000003ce_0,4157,2855,902,1190,1696,1933,2064,2295,2566,2715,5,2022-08-11,Eutric Cambisols,47.34836494238278,-1.4900282927971908,936,RMQS1,"{""type"":""MultiPoint"",""coordinates"":[]}"
20220811T105631_20220811T110811_T30TXT_000000000000000003cf_0,3795,2461,781,1132,1514,1988,2615,3011,3216,3429,5,2022-08-11,Eutric Cambisols,47.35517571035672,-1.2784818904062163,937,RMQS1,"{""type"":""MultiPoint"",""coordinates"":[]}"
20220811T105631_20220811T110811_T30TXT_000000000000000003d0_0,4229,2765,1064,1412,2008,2549,2838,3105,3180,3544,5,2022-08-11,Eutric Cambisols,47.361599139918965,-1.066883803023206,938,RMQS1,"{""type"":""MultiPoint"",""coordinates"":[]}"
20220811T105631_20220811T110811_T30TXT_000000000000000003d1_0,2858,2099,786,975,1148,1497,1979,2191,2132,2355,5,2022-08-11,Eutric Cambisols,47.36763519287751,-0.8552369504202991,939,RMQS1,"{""type"":""MultiPoint"",""coordinates"":[]}"
20220811T105631_20220811T110811_T30TXT_000000000000000003fd_0,4686,3735,1430,2078,2824,3148,3275,3448,3684,3735,5,2022-08-11,Eutric Cambisols,47.22382482347914,-0.846661047954409,984,RMQS1,"{""type"":""MultiPoint"",""coordinates"":[]}"
20220811T105631_20220811T110811_T30TXT_00000000000000000428_0,3762,2595,562,726,996,1738,2138,2456,2176,2895,5,2022-08-11,Eutric Cambisols,47.09086111243849,-0.4169649830118412,1031,RMQS1,"{""type"":""MultiPoint"",""coordinates"":[]}"
20220811T105631_20220811T110811_T30TXT_0000000000000000044f_0,4276,3184,1234,1688,2286,2421,2578,2710,3100,2988,5,2022-08-11,Eutric Cambisols,46.93019573775069,-1.0395982629544858,1072,RMQS1,"{""type"":""MultiPoint"",""coordinates"":[]}"
20220811T105631_20220811T110811_T30TXT_00000000000000000451_0,4781,4043,1240,1750,2470,2815,2966,3189,3344,3453,5,2022-08-11,Eutric Cambisols,46.9417895615141,-0.6196452491549915,1074,RMQS1,"{""type"":""MultiPoint"",""coordinates"":[]}"
20220811T105631_20220811T110811_T30TXT_00000000000000000452_0,4116,2594,864,1252,1798,2160,2560,2829,3022,3308,5,2022-08-11,Eutric Cambisols,46.94700987629724,-0.4096035481119666,1075,RMQS1,"{""type"":""MultiPoint"",""coordinates"":[]}"
20220811T105631_20220811T110811_T30TXT_00000000000000000423_0,4030,2739,682,914,1340,1666,1862,2058,2230,2415,5,2022-08-11,Eutric Stagnosols,47.06083858674182,-1.4695277327144516,1026,RMQS1,"{""type"":""MultiPoint"",""coordinates"":[]}"
20220811T105631_20220811T110811_T30TXT_00000000000000000424_0,4340,2849,819,1176,1716,2109,2430,2650,3090,3183,5,2022-08-11,Eutric Stagnosols,47.06761295752735,-1.2591121383324968,1027,RMQS1,"{""type"":""MultiPoint"",""coordinates"":[]}"
20220811T105631_20220811T110811_T30TXT_0000000000000000044d_0,4102,3373,1270,1850,2614,2794,2862,3010,3268,3257,5,2022-08-11,Eutric Stagnosols,46.91706583511698,-1.4593579521044344,1070,RMQS1,"{""type"":""MultiPoint"",""coordinates"":[]}"
20220811T105631_20220811T110811_T30TXT_0000000000000000044e_0,3971,3380,1048,1552,2098,2368,2461,2610,2802,2795,5,2022-08-11,Eutric Stagnosols,46.92382265539237,-1.2495036368667687,1071,RMQS1,"{""type"":""MultiPoint"",""coordinates"":[]}"
20220811T105631_20220811T110811_T30TXT_000000000000000003fb_0,3909,2632,814,1110,1562,1887,2274,2500,2900,2977,5,2022-08-11,Luvic Stagnosols,47.211397906657915,-1.2687716634863067,982,RMQS1,"{""type"":""MultiPoint"",""coordinates"":[]}"
20220811T105631_20220811T110811_T30TXT_000000000000000003fe_0,3746,2405,842,1200,1638,1725,2313,2619,2844,3035,5,2022-08-11,Luvic Stagnosols,47.22945853909696,-0.6355357376199361,985,RMQS1,"{""type"":""MultiPoint"",""coordinates"":[]}"
20220811T105631_20220811T110811_T30TXT_00000000000000000426_0,4128,2693,820,1230,1770,2160,2431,2737,3042,3158,5,2022-08-11,Luvic Stagnosols,47.0800075627226,-0.8381303482474657,1029,RMQS1,"{""type"":""MultiPoint"",""coordinates"":[]}"
20220811T105631_20220811T110811_T30TXT_00000000000000000427_0,4586,3108,994,1390,2056,2351,2599,2872,3208,3341,5,2022-08-11,Luvic Stagnosols,47.08562684884006,-0.6275691659890881,1030,RMQS1,"{""type"":""MultiPoint"",""coordinates"":[]}"
20220811T105631_20220811T110811_T30TXT_0000000000000000044c_0,3781,2766,925,1344,1686,2124,2477,2699,3016,3054,5,2022-08-11,Luvic Stagnosols,46.90992528077999,-1.66915941877578,1069,RMQS1,"{""type"":""MultiPoint"",""coordinates"":[]}"
20220811T105631_20220811T110811_T30TXT_00000000000000000450_0,4278,3371,1126,1428,1990,2288,2403,2611,2806,2950,5,2022-08-11,Umbric Leptosols,46.93618477307166,-0.8296446531767723,1073,RMQS1,"{""type"":""MultiPoint"",""coordinates"":[]}"
20220811T105631_20220811T110811_T30TYN_0000000000000000084c_0,3878,2663,802,1164,1624,1966,2362,2563,2706,2973,5,2022-08-11,Eutric Cambisols,43.21642624564816,0.16184093803944713,2184,RMQS1,"{""type"":""MultiPoint"",""coordinates"":[]}"
20220811T105631_20220811T110811_T30TYN_0000000000000000084a_0,2445,1906,720,1018,1048,1296,1800,2117,2260,2453,5,2022-08-11,Skeletic Leptosols,43.20775050994949,-0.23107639245802053,2182,RMQS1,"{""type"":""MultiPoint"",""coordinates"":[]}"
20220811T105631_20220811T110811_T30TYP_00000000000000000784_0,3851,2284,802,1230,1878,2324,2439,2742,2792,3144,5,2022-08-11,Calcaric Cambisols,43.939013384960546,0.3332815597688434,1963,RMQS1,"{""type"":""MultiPoint"",""coordinates"":[]}"
20220811T105631_20220811T110811_T30TYP_00000000000000000782_0,3721,2153,718,985,1490,1938,2490,2777,2984,3299,5,2022-08-11,Eutric Cambisols,43.930951648700834,-0.0646614475812049,1961,RMQS1,"{""type"":""MultiPoint"",""coordinates"":[]}"
20220811T105631_20220811T110811_T30TYP_000000000000000007b0_0,3116,1780,647,888,1136,1510,1758,2014,2138,2350,5,2022-08-11,Eutric Cambisols,43.79522514265497,0.3383439567382782,2009,RMQS1,"{""type"":""MultiPoint"",""coordinates"":[]}"
20220811T105631_20220811T110811_T30TYP_00000000000000000759_0,5110,3256,1226,1792,2832,3379,3636,3902,4096,4458,5,2022-08-11,Haplic Luvisols,44.08281502778731,0.32819314039789665,1916,RMQS1,"{""type"":""MultiPoint"",""coordinates"":[]}"
20220811T105631_20220811T110811_T30TYP_00000000000000000802_0,2712,1544,1288,1344,1092,1509,3284,3961,4124,4391,5,2022-08-11,Haplic Luvisols,43.499694789892224,-0.0465533565100338,2099,RMQS1,"{""type"":""MultiPoint"",""coordinates"":[]}"
20220811T105631_20220811T110811_T30TYQ_0000000000000000072b_0,3040,1708,484,660,1030,1414,1697,1964,2070,2345,5,2022-08-11,Albic Podzols,44.2227601300758,0.12308158813210761,1869,RMQS1,"{""type"":""MultiPoint"",""coordinates"":[]}"
20220811T105631_20220811T110811_T30TYQ_00000000000000000701_0,4126,2458,949,1370,2104,2493,2745,2969,3090,3462,5,2022-08-11,Calcaric Cambisols,44.36657602891278,0.11743191867862429,1826,RMQS1,"{""type"":""MultiPoint"",""coordinates"":[]}"
20220811T105631_20220811T110811_T30TYQ_00000000000000000690_0,3264,2012,619,937,1196,1814,2517,2825,3017,3268,5,2022-08-11,Eutric Cambisols,44.80553634563195,0.504440417181361,1701,RMQS1,"{""type"":""MultiPoint"",""coordinates"":[]}"
20220811T105631_20220811T110811_T30TYQ_0000000000000000063e_0,3388,2184,624,896,1116,1664,2045,2416,2490,2799,5,2022-08-11,Haplic Luvisols,45.07682572428559,-0.317346758335372,1614,RMQS1,"{""type"":""MultiPoint"",""coordinates"":[]}"
20220811T105631_20220811T110811_T30TYQ_00000000000000000641_0,3889,2271,644,964,1302,1743,2325,2765,3068,3178,5,2022-08-11,Haplic Luvisols,45.08973181236325,0.2918435407221803,1617,RMQS1,"{""type"":""MultiPoint"",""coordinates"":[]}"
20220811T105631_20220811T110811_T30TYQ_0000000000000000068c_0,4303,2835,807,1138,1614,2071,2358,2684,2732,3115,5,2022-08-11,Haplic Luvisols,44.789155867083174,-0.3036999732697204,1697,RMQS1,"{""type"":""MultiPoint"",""coordinates"":[]}"
20220811T105631_20220811T110811_T30TYQ_0000000000000000068e_0,3080,1973,485,768,1034,1461,1862,2097,2148,2487,5,2022-08-11,Haplic Luvisols,44.798084038586595,0.1003104414595138,1699,RMQS1,"{""type"":""MultiPoint"",""coordinates"":[]}"
20220811T105631_20220811T110811_T30TYQ_000000000000000006b4_0,3738,2460,636,946,1418,1786,2125,2375,2532,2901,5,2022-08-11,Haplic Luvisols,44.64997037130344,-0.09545710057892369,1741,RMQS1,"{""type"":""MultiPoint"",""coordinates"":[]}"
20220811T105631_20220811T110811_T30TYQ_000000000000000006b7_0,3624,2279,944,1312,1892,2003,2467,2730,3034,3026,5,2022-08-11,Haplic Luvisols,44.66167066056686,0.5091410357468154,1744,RMQS1,"{""type"":""MultiPoint"",""coordinates"":[]}"
20220811T105631_20220811T110811_T30TYQ_000000000000000006b8_0,3237,2398,902,1426,1894,2089,2245,2371,2408,2543,5,2022-08-11,Haplic Luvisols,44.664832562379004,0.7107266218471442,1745,RMQS1,"{""type"":""MultiPoint"",""coordinates"":[]}"
20220811T105631_20220811T110811_T30TYQ_000000000000000006dc_0,2768,1850,622,1038,1324,1683,2038,2372,2402,2772,5,2022-08-11,Haplic Luvisols,44.51429265450901,0.3127722289681817,1785,RMQS1,"{""type"":""MultiPoint"",""coordinates"":[]}"
20220811T105631_20220811T110811_T30TYQ_000000000000000006dd_0,4265,2507,842,1298,1924,2540,2911,3226,3252,3755,5,2022-08-11,Haplic Luvisols,44.51781425187794,0.5138181479053451,1786,RMQS1,"{""type"":""MultiPoint"",""coordinates"":[]}"
20220811T105631_20220811T110811_T30TYQ_0000000000000000072d_0,2353,1485,652,1100,1490,2038,2502,2781,2832,3062,5,2022-08-11,Luvic Cambisols,44.230132383061516,0.5231018340485758,1871,RMQS1,"{""type"":""MultiPoint"",""coordinates"":[]}"
20220811T105631_20220811T110811_T30TYQ_000000000000000006b5_0,3352,2097,634,946,1190,1591,2128,2443,2802,2859,5,2022-08-11,Mollic Umbrisols,44.654239038585125,0.1060466195283175,1742,RMQS1,"{""type"":""MultiPoint"",""coordinates"":[]}"
20220811T105631_20220811T110811_T30TYQ_000000000000000006b3_0,3113,2082,874,1120,1332,1708,2431,2743,2788,3017,5,2022-08-11,Skeletic Leptosols,44.64533335157851,-0.296928912334436,1740,RMQS1,"{""type"":""MultiPoint"",""coordinates"":[]}"
20220811T105631_20220811T110811_T30TYR_00000000000000000062_0,3526,2644,716,1224,1784,2128,2265,2435,2595,2757,5,2022-08-11,Calcaric Cambisols,45.9412014057957,0.065289686897003,SIM30965,HWSDv2,"{""type"":""MultiPoint"",""coordinates"":[]}"
20220811T105631_20220811T110811_T30TYR_0000000000000000006d_0,2248,1485,487,852,1130,1441,1677,1897,1986,2166,5,2022-08-11,Dystric Cambisols,45.88556111979459,0.7843482631787697,SIM11541,HWSDv2,"{""type"":""MultiPoint"",""coordinates"":[]}"
20220811T105631_20220811T110811_T30TYR_00000000000000000559_0,4598,3083,1092,1538,2120,2556,2788,3001,3200,3347,5,2022-08-11,Calcaric Cambisols,45.93996642092588,-0.35914842977074507,1367,RMQS1,"{""type"":""MultiPoint"",""coordinates"":[]}"
20220811T105631_20220811T110811_T30TYR_0000000000000000055a_0,3887,2751,1258,1714,2386,2515,2914,3107,3477,3482,5,2022-08-11,Calcaric Cambisols,45.944714618679825,-0.15292400530684933,1368,RMQS1,"{""type"":""MultiPoint"",""coordinates"":[]}"
20220811T105631_20220811T110811_T30TYR_0000000000000000057f_0,3119,2172,880,1288,1488,1903,2272,2525,2700,2840,5,2022-08-11,Calcaric Cambisols,45.796101290683936,-0.35209062396110746,1408,RMQS1,"{""type"":""MultiPoint"",""coordinates"":[]}"
20220811T105631_20220811T110811_T30TYR_00000000000000000580_0,3623,2820,924,1458,2026,2395,2550,2772,2819,2884,5,2022-08-11,Calcaric Cambisols,45.80083722296923,-0.1464050002597506,1409,RMQS1,"{""type"":""MultiPoint"",""coordinates"":[]}"
20220811T105631_20220811T110811_T30TYR_000000000000000005a2_0,4073,3018,1382,1634,2038,2421,2803,2944,3252,3341,5,2022-08-11,Calcaric Cambisols,45.65223876933945,-0.3450692344122223,1448,RMQS1,"{""type"":""MultiPoint"",""coordinates"":[]}"
20220811T105631_20220811T110811_T30TYR_000000000000000005a4_0,3769,2515,802,1152,1384,2148,2925,3255,3347,3606,5,2022-08-11,Calcaric Cambisols,45.66131000624331,0.0652636300268976,1450,RMQS1,"{""type"":""MultiPoint"",""coordinates"":[]}"
20220811T105631_20220811T110811_T30TYR_000000000000000005a5_0,3968,2822,1082,1644,2202,2556,2803,3022,3168,3269,5,2022-08-11,Calcaric Cambisols,45.66528210595559,0.2704780405947115,1451,RMQS1,"{""type"":""MultiPoint"",""coordinates"":[]}"
20220811T105631_20220811T110811_T30TYR_000000000000000005c8_0,3373,2117,731,1042,1268,1713,2383,2598,2752,3017,5,2022-08-11,Calcaric Cambisols,45.513089622659,-0.13346799206529747,1490,RMQS1,"{""type"":""MultiPoint"",""coordinates"":[]}"
20220811T105631_20220811T110811_T30TYR_000000000000000005f2_0,3567,2294,697,932,1210,1611,1917,2174,2315,2521,5,2022-08-11,Calcaric Cambisols,45.377496694565295,0.2812171796581916,1534,RMQS1,"{""type"":""MultiPoint"",""coordinates"":[]}"
20220811T105631_20220811T110811_T30TYR_000000000000000005ca_0,2981,2383,1034,1328,1708,1896,1916,2024,2089,2165,5,2022-08-11,Eutric Cambisols,45.52138752930262,0.2758619491347459,1492,RMQS1,"{""type"":""MultiPoint"",""coordinates"":[]}"
20220811T105631_20220811T110811_T30TYR_000000000000000005f0_0,3106,2191,788,1042,1314,1612,2219,2542,2668,2833,5,2022-08-11,Eutric Cambisols,45.36922081868101,-0.12705033910126268,1532,RMQS1,"{""type"":""MultiPoint"",""coordinates"":[]}"
20220811T105631_20220811T110811_T30TYR_000000000000000005f1_0,4074,2725,996,1404,1824,2279,2614,2878,3078,3202,5,2022-08-11,Eutric Cambisols,45.373545582811104,0.07706807018069811,1533,RMQS1,"{""type"":""MultiPoint"",""coordinates"":[]}"
20220811T105631_20220811T110811_T30TYR_0000000000000000063e_0,3343,2171,681,922,1120,1647,2051,2412,2485,2786,5,2022-08-11,Haplic Luvisols,45.07682572428559,-0.317346758335372,1614,RMQS1,"{""type"":""MultiPoint"",""coordinates"":[]}"
20220811T105631_20220811T110811_T30TYR_00000000000000000641_0,3823,2253,693,976,1274,1708,2297,2727,3020,3135,5,2022-08-11,Haplic Luvisols,45.08973181236325,0.2918435407221803,1617,RMQS1,"{""type"":""MultiPoint"",""coordinates"":[]}"
20220811T105631_20220811T110811_T30TYR_00000000000000000619_0,4453,2851,1058,1520,2126,2558,2834,3187,3596,3806,5,2022-08-11,Luvic Cambisols,45.22967037836249,0.0829237907257251,1575,RMQS1,"{""type"":""MultiPoint"",""coordinates"":[]}"
20220811T105631_20220811T110811_T30TYR_000000000000000005c9_0,3466,2142,969,1376,1754,2136,3035,3383,3595,3689,5,2022-08-11,Regosols (Colluvic),45.51742584404047,0.07118138304806058,1491,RMQS1,"{""type"":""MultiPoint"",""coordinates"":[]}"
20220811T105631_20220811T110811_T30TYR_0000000000000000055b_0,3271,2681,623,1138,1698,2003,2223,2302,2361,2371,5,2022-08-11,Rendzic Leptosols,45.94908569567597,0.0533355420428352,1369,RMQS1,"{""type"":""MultiPoint"",""coordinates"":[]}"
20220811T105631_20220811T110811_T30TYR_00000000000000000582_0,3917,3218,899,1388,2110,2418,2492,2602,2690,2797,5,2022-08-11,Rendzic Leptosols,45.809179554957446,0.2650661302913653,1411,RMQS1,"{""type"":""MultiPoint"",""coordinates"":[]}"
20220811T105631_20220811T110811_T30TYR_0000000000000000061a_0,4335,2595,933,1340,1712,2327,3049,3368,3501,3869,5,2022-08-11,Rendzic Leptosols,45.23361103386122,0.2865440554918134,1576,RMQS1,"{""type"":""MultiPoint"",""coordinates"":[]}"
20220811T105631_20220811T110811_T30TYR_00000000000000000028_0,3382,2740,578,1092,1206,1983,2386,2709,2680,2839,5,2022-08-11,Eutric Fluvisols,45.89861111,0.00277778,68782,{WD-WISE},"{""type"":""MultiPoint"",""coordinates"":[]}"
20220811T105631_20220811T110811_T30TYR_0000000000000000000a_0,3618,2513,1324,1644,2138,2019,2885,3283,3584,3590,5,2022-08-11,Haplic Calcisols,45.89860153,0.16666700000000004,613272,{WD-eSOTER},"{""type"":""MultiPoint"",""coordinates"":[]}"
20220811T105631_20220811T110811_T30TYS_00000000000000000047_0,3829,2502,791,1002,1350,1624,1806,2059,2260,2428,5,2022-08-11,Calcaric Cambisols,46.824972900619045,0.04966733955390921,SIM21316,HWSDv2,"{""type"":""MultiPoint"",""coordinates"":[]}"
20220811T105631_20220811T110811_T30TYS_0000000000000000005e_0,3696,2462,797,1104,1506,1932,2368,2653,2810,3021,5,2022-08-11,Calcaric Cambisols,46.50806450849034,0.9910526900588258,SIM48183,HWSDv2,"{""type"":""MultiPoint"",""coordinates"":[]}"
20220811T105631_20220811T110811_T30TYS_00000000000000000062_0,3494,2636,778,1246,1776,2110,2268,2437,2586,2742,5,2022-08-11,Calcaric Cambisols,45.9412014057957,0.065289686897003,SIM30965,HWSDv2,"{""type"":""MultiPoint"",""coordinates"":[]}"
20220811T105631_20220811T110811_T30TYS_00000000000000000038_0,4281,2690,955,1304,1836,2322,2629,2914,3156,3362,5,2022-08-11,Dystric Cambisols,46.480134993254126,-0.3465850028819951,SIM96304,HWSDv2,"{""type"":""MultiPoint"",""coordinates"":[]}"
20220811T105631_20220811T110811_T30TYS_0000000000000000008f_0,4045,2499,681,995,1494,1889,2257,2535,2874,3036,5,2022-08-11,Dystric Cambisols,46.77832542777133,-0.3382411771660767,SIM14697,HWSDv2,"{""type"":""MultiPoint"",""coordinates"":[]}"
20220811T105631_20220811T110811_T30TYS_0000000000000000047a_0,4680,3367,1388,1944,2590,2779,3137,3247,3836,3726,5,2022-08-11,Calcaric Cambisols,46.807977527995845,-0.1927610664429544,1120,RMQS1,"{""type"":""MultiPoint"",""coordinates"":[]}"
20220811T105631_20220811T110811_T30TYS_0000000000000000047b_0,4678,3179,1074,1470,1946,2349,2591,2874,3188,3193,5,2022-08-11,Calcaric Cambisols,46.81241770986821,0.0167940237217408,1121,RMQS1,"{""type"":""MultiPoint"",""coordinates"":[]}"
20220811T105631_20220811T110811_T30TYS_000000000000000004a4_0,4067,3257,1140,1766,2544,2788,2909,3001,3216,3136,5,2022-08-11,Calcaric Cambisols,46.67258035875013,0.23199594562391013,1163,RMQS1,"{""type"":""MultiPoint"",""coordinates"":[]}"
20220811T105631_20220811T110811_T30TYS_000000000000000004e9_0,3083,2095,737,1132,1602,2108,2617,2912,3176,3216,5,2022-08-11,Calcaric Cambisols,46.37156653893897,-0.3805451901586974,1242,RMQS1,"{""type"":""MultiPoint"",""coordinates"":[]}"
20220811T105631_20220811T110811_T30TYS_00000000000000000534_0,4526,3354,1244,1736,2272,2783,3008,3182,3420,3508,5,2022-08-11,Calcaric Cambisols,46.08859385191447,-0.1594768947852432,1326,RMQS1,"{""type"":""MultiPoint"",""coordinates"":[]}"
20220811T105631_20220811T110811_T30TYS_00000000000000000559_0,4535,3070,1108,1530,2082,2506,2750,2964,3160,3299,5,2022-08-11,Calcaric Cambisols,45.93996642092588,-0.35914842977074507,1367,RMQS1,"{""type"":""MultiPoint"",""coordinates"":[]}"
20220811T105631_20220811T110811_T30TYS_0000000000000000055a_0,3844,2738,1250,1686,2324,2471,2861,3048,3399,3411,5,2022-08-11,Calcaric Cambisols,45.944714618679825,-0.15292400530684933,1368,RMQS1,"{""type"":""MultiPoint"",""coordinates"":[]}"
20220811T105631_20220811T110811_T30TYS_000000000000000004a2_0,4634,3228,1054,1452,2036,2371,2563,2837,3140,3243,5,2022-08-11,Eutric Cambisols,46.66410545174147,-0.1860336665629188,1161,RMQS1,"{""type"":""MultiPoint"",""coordinates"":[]}"
20220811T105631_20220811T110811_T30TYS_000000000000000004a5_0,4054,3105,1100,1732,2430,2652,2859,3006,3164,3203,5,2022-08-11,Eutric Cambisols,46.67624425670514,0.4410565506621489,1164,RMQS1,"{""type"":""MultiPoint"",""coordinates"":[]}"
20220811T105631_20220811T110811_T30TYS_000000000000000004a7_0,2728,1889,633,1108,1448,1956,2367,2555,2691,2774,5,2022-08-11,Eutric Cambisols,46.68242330115931,0.8592545683175709,1166,RMQS1,"{""type"":""MultiPoint"",""coordinates"":[]}"
20220811T105631_20220811T110811_T30TYS_000000000000000004eb_0,3421,2153,546,751,1146,1411,1614,1855,2134,2308,5,2022-08-11,Eutric Cambisols,46.380758268333096,0.035208723464946995,1244,RMQS1,"{""type"":""MultiPoint"",""coordinates"":[]}"
20220811T105631_20220811T110811_T30TYS_00000000000000000511_0,3439,2631,1001,1430,1982,2382,2705,2846,2759,2922,5,2022-08-11,Eutric Cambisols,46.232473574319876,-0.1660639103129587,1285,RMQS1,"{""type"":""MultiPoint"",""coordinates"":[]}"
20220811T105631_20220811T110811_T30TYS_00000000000000000535_0,4246,3705,1098,1658,2454,2743,2866,3078,3284,3280,5,2022-08-11,Eutric Cambisols,46.09297615641257,0.04732481199581941,1327,RMQS1,"{""type"":""MultiPoint"",""coordinates"":[]}"
20220811T105631_20220811T110811_T30TYS_0000000000000000047d_0,3844,2944,1128,1554,2112,2455,2549,2715,2830,2964,5,2022-08-11,Haplic Luvisols,46.82014893841074,0.43599984899138555,1123,RMQS1,"{""type"":""MultiPoint"",""coordinates"":[]}"
20220811T105631_20220811T110811_T30TYS_000000000000000004ca_0,4159,3022,942,1250,1694,2193,2566,2820,3008,3214,5,2022-08-11,Haplic Luvisols,46.52868315472322,0.2375799776288461,1203,RMQS1,"{""type"":""MultiPoint"",""coordinates"":[]}"
20220811T105631_20220811T110811_T30TYS_000000000000000004cb_0,3613,2483,1022,1500,1868,1843,2547,2741,2896,3105,5,2022-08-11,Haplic Luvisols,46.532337162248965,0.4460865612049353,1204,RMQS1,"{""type"":""MultiPoint"",""coordinates"":[]}"
20220811T105631_20220811T110811_T30TYS_00000000000000000515_0,4353,2761,748,1072,1518,2068,2472,2785,3030,3252,5,2022-08-11,Haplic Luvisols,46.247771765350535,0.6635006352149346,1289,RMQS1,"{""type"":""MultiPoint"",""coordinates"":[]}"
20220811T105631_20220811T110811_T30TYS_000000000000000004a3_0,3805,2883,818,1222,1548,2442,2779,2876,2896,3229,5,2022-08-11,Luvic Cambisols,46.66853388036982,0.022964816140841896,1162,RMQS1,"{""type"":""MultiPoint"",""coordinates"":[]}"
20220811T105631_20220811T110811_T30TYS_000000000000000004c9_0,4821,3196,972,1368,2078,2429,2656,2922,3244,3379,5,2022-08-11,Luvic Cambisols,46.52464730282354,0.0291027779705774,1202,RMQS1,"{""type"":""MultiPoint"",""coordinates"":[]}"
20220811T105631_20220811T110811_T30TYS_000000000000000004ef_0,4229,2910,1092,1516,1998,2126,2770,3021,3512,3410,5,2022-08-11,Luvic Cambisols,46.3945739230684,0.8670762593857257,1248,RMQS1,"{""type"":""MultiPoint"",""coordinates"":[]}"
20220811T105631_20220811T110811_T30TYS_00000000000000000513_0,4518,3560,1388,2002,2862,3153,3299,3451,3688,3756,5,2022-08-11,Luvic Cambisols,46.240882187673726,0.2486608574550119,1287,RMQS1,"{""type"":""MultiPoint"",""coordinates"":[]}"
20220811T105631_20220811T110811_T30TYS_0000000000000000047e_0,3619,2181,717,1088,1334,1879,2494,2759,2916,3154,5,2022-08-11,Luvic Stagnosols,46.8234383704253,0.6456440699083928,1124,RMQS1,"{""type"":""MultiPoint"",""coordinates"":[]}"
20220811T105631_20220811T110811_T30TYS_00000000000000000510_0,4240,3491,1126,1722,2432,2703,2796,2950,3076,3142,5,2022-08-11,Rendzic Leptosols,46.22770007987587,-0.37337542741971824,1284,RMQS1,"{""type"":""MultiPoint"",""coordinates"":[]}"
20220811T105631_20220811T110811_T30TYS_00000000000000000533_0,3294,2242,728,1172,1508,2147,2799,3120,3272,3464,5,2022-08-11,Rendzic Leptosols,46.08383316222152,-0.366243320963874,1325,RMQS1,"{""type"":""MultiPoint"",""coordinates"":[]}"
20220811T105631_20220811T110811_T30TYS_0000000000000000055b_0,3246,2669,698,1170,1698,1997,2227,2314,2380,2389,5,2022-08-11,Rendzic Leptosols,45.94908569567597,0.0533355420428352,1369,RMQS1,"{""type"":""MultiPoint"",""coordinates"":[]}"
20220811T105631_20220811T110811_T30TYT_0000000000000000042b_0,3474,2582,822,1166,1462,1713,2246,2581,2762,2853,5,2022-08-11,Calcaric Cambisols,47.10425287092702,0.21506484746405896,1034,RMQS1,"{""type"":""MultiPoint"",""coordinates"":[]}"
20220811T105631_20220811T110811_T30TYT_00000000000000000453_0,2735,2151,677,1182,1440,1778,2457,2661,2714,2757,5,2022-08-11,Calcaric Cambisols,46.95184611031054,-0.1995238782819994,1076,RMQS1,"{""type"":""MultiPoint"",""coordinates"":[]}"
20220811T105631_20220811T110811_T30TYT_00000000000000000455_0,4013,3043,1174,1612,2088,2605,2778,3032,3208,3252,5,2022-08-11,Calcaric Cambisols,46.96036661922275,0.2207384625363551,1078,RMQS1,"{""type"":""MultiPoint"",""coordinates"":[]}"
20220811T105631_20220811T110811_T30TYT_00000000000000000454_0,4393,3088,1220,1692,2356,2725,2932,3078,3336,3414,5,2022-08-11,Eutric Cambisols,46.956298171951104,0.010590911430724102,1077,RMQS1,"{""type"":""MultiPoint"",""coordinates"":[]}"
20220811T105631_20220811T110811_T30TYT_00000000000000000459_0,4370,2736,856,1242,1816,2270,2660,2943,3232,3471,5,2022-08-11,Eutric Cambisols,46.97278837529007,1.061600350806898,1082,RMQS1,"{""type"":""MultiPoint"",""coordinates"":[]}"
20220811T105631_20220811T110811_T30TYT_00000000000000000456_0,3613,2362,1132,1526,1872,2299,3264,3559,3908,3951,5,2022-08-11,Eutric Planosols,46.96405011215721,0.43091598807012294,1079,RMQS1,"{""type"":""MultiPoint"",""coordinates"":[]}"
20220811T105631_20220811T110811_T30TYT_0000000000000000047d_0,3866,2961,1120,1556,2126,2468,2559,2728,2852,2982,5,2022-08-11,Haplic Luvisols,46.82014893841074,0.43599984899138555,1123,RMQS1,"{""type"":""MultiPoint"",""coordinates"":[]}"
20220811T105631_20220811T110811_T30TYT_0000000000000000047e_0,3623,2185,698,1080,1334,1881,2498,2757,2916,3158,5,2022-08-11,Luvic Stagnosols,46.8234383704253,0.6456440699083928,1124,RMQS1,"{""type"":""MultiPoint"",""coordinates"":[]}"
20220811T105631_20220811T110811_T30TYT_00000000000000000457_0,3455,2292,828,1096,1322,1745,2088,2305,2396,2649,5,2022-08-11,Stagnic Gleysols,46.96734759548669,0.6411210616326486,1080,RMQS1,"{""type"":""MultiPoint"",""coordinates"":[]}"
20220811T105631_20220811T110811_T31TCK_000000000000000006b7_0,4060,2597,993,1322,1898,2266,2705,2877,3028,3220,5,2022-08-11,Haplic Luvisols,44.66167066056686,0.5091410357468154,1744,RMQS1,"{""type"":""MultiPoint"",""coordinates"":[]}"
20220811T105631_20220811T110811_T31TCK_000000000000000006b8_0,3216,2280,930,1426,1844,1956,2236,2366,2426,2603,5,2022-08-11,Haplic Luvisols,44.664832562379004,0.7107266218471442,1745,RMQS1,"{""type"":""MultiPoint"",""coordinates"":[]}"
20220811T105631_20220811T110811_T31TCK_000000000000000006dd_0,4189,2465,861,1282,1858,2463,2869,3196,3316,3694,5,2022-08-11,Haplic Luvisols,44.51781425187794,0.5138181479053451,1786,RMQS1,"{""type"":""MultiPoint"",""coordinates"":[]}"
20220811T105631_20220811T110811_T31TCK_0000000000000000072d_0,2304,1480,672,1108,1438,1976,2570,2876,2830,3122,5,2022-08-11,Luvic Cambisols,44.230132383061516,0.5231018340485758,1871,RMQS1,"{""type"":""MultiPoint"",""coordinates"":[]}"
20220811T105631_20220811T110811_T31TCL_0000000000000000006d_0,2263,1500,513,886,1146,1448,1731,1922,2062,2202,5,2022-08-11,Dystric Cambisols,45.88556111979459,0.7843482631787697,SIM11541,HWSDv2,"{""type"":""MultiPoint"",""coordinates"":[]}"
20220811T105631_20220811T110811_T31TCM_0000000000000000005e_0,3611,2360,826,1122,1524,1870,2317,2598,2818,2966,5,2022-08-11,Calcaric Cambisols,46.50806450849034,0.9910526900588258,SIM48183,HWSDv2,"{""type"":""MultiPoint"",""coordinates"":[]}"
20220811T105631_20220811T110811_T31TCM_00000000000000000482_0,3340,2897,762,1202,1748,1936,2079,2160,2306,2324,5,2022-08-11,Eutric Cambisols,46.83275616712597,1.484434384575593,1128,RMQS1,"{""type"":""MultiPoint"",""coordinates"":[]}"
20220811T105631_20220811T110811_T31TCM_000000000000000004a5_0,4173,3226,1122,1736,2426,2818,3000,3140,3196,3293,5,2022-08-11,Eutric Cambisols,46.67624425670514,0.4410565506621489,1164,RMQS1,"{""type"":""MultiPoint"",""coordinates"":[]}"
20220811T105631_20220811T110811_T31TCM_000000000000000004a7_0,2794,1955,660,1098,1508,1939,2285,2482,2568,2722,5,2022-08-11,Eutric Cambisols,46.68242330115931,0.8592545683175709,1166,RMQS1,"{""type"":""MultiPoint"",""coordinates"":[]}"
20220811T105631_20220811T110811_T31TCM_000000000000000004a8_0,3796,2340,803,1164,1554,1970,2431,2740,2990,3173,5,2022-08-11,Eutric Cambisols,46.68493825055593,1.0683872613516354,1167,RMQS1,"{""type"":""MultiPoint"",""coordinates"":[]}"
20220811T105631_20220811T110811_T31TCM_000000000000000004ce_0,3460,2084,546,813,1086,1598,2062,2386,2604,2781,5,2022-08-11,Eutric Cambisols,46.54313454001028,1.2803489731979116,1208,RMQS1,"{""type"":""MultiPoint"",""coordinates"":[]}"
20220811T105631_20220811T110811_T31TCM_00000000000000000539_0,3540,2022,479,749,1094,1518,1884,2281,2644,2756,5,2022-08-11,Eutric Cambisols,46.106719349469095,0.8748159579529682,1331,RMQS1,"{""type"":""MultiPoint"",""coordinates"":[]}"
20220811T105631_20220811T110811_T31TCM_0000000000000000047d_0,3921,3033,1140,1582,2120,2469,2562,2722,2868,2989,5,2022-08-11,Haplic Luvisols,46.82014893841074,0.43599984899138555,1123,RMQS1,"{""type"":""MultiPoint"",""coordinates"":[]}"
20220811T105631_20220811T110811_T31TCM_000000000000000004cb_0,3544,2482,1104,1350,1930,1807,2498,2715,3030,3058,5,2022-08-11,Haplic Luvisols,46.532337162248965,0.4460865612049353,1204,RMQS1,"{""type"":""MultiPoint"",""coordinates"":[]}"
20220811T105631_20220811T110811_T31TCM_000000000000000004f0_0,4051,2669,800,1138,1582,2072,2516,2772,3038,3280,5,2022-08-11,Haplic Luvisols,46.39707583850519,1.0751018843272806,1249,RMQS1,"{""type"":""MultiPoint"",""coordinates"":[]}"
20220811T105631_20220811T110811_T31TCM_00000000000000000515_0,4348,2770,766,1070,1526,2009,2433,2742,3024,3207,5,2022-08-11,Haplic Luvisols,46.247771765350535,0.6635006352149346,1289,RMQS1,"{""type"":""MultiPoint"",""coordinates"":[]}"
20220811T105631_20220811T110811_T31TCM_000000000000000004ef_0,4579,3336,1106,1490,1948,2515,2864,3140,3496,3680,5,2022-08-11,Luvic Cambisols,46.3945739230684,0.8670762593857257,1248,RMQS1,"{""type"":""MultiPoint"",""coordinates"":[]}"
20220811T105631_20220811T110811_T31TCM_000000000000000004f1_0,3706,2229,730,1086,1482,1818,2423,2669,3196,3150,5,2022-08-11,Luvic Cambisols,46.39919693196088,1.2831454307949937,1250,RMQS1,"{""type"":""MultiPoint"",""coordinates"":[]}"
20220811T105631_20220811T110811_T31TCM_0000000000000000047e_0,3607,2178,708,1082,1342,1870,2486,2736,2938,3139,5,2022-08-11,Luvic Stagnosols,46.8234383704253,0.6456440699083928,1124,RMQS1,"{""type"":""MultiPoint"",""coordinates"":[]}"
20220811T105631_20220811T110811_T31TCM_00000000000000000517_0,3394,1975,652,890,1342,1451,2085,2374,2798,2791,5,2022-08-11,Stagnic Gleysols,46.25314229331879,1.0784326395470636,1291,RMQS1,"{""type"":""MultiPoint"",""coordinates"":[]}"
20220811T105631_20220811T110811_T31TCN_00000000000000000459_0,4441,2784,880,1256,1842,2311,2637,2956,3220,3446,5,2022-08-11,Eutric Cambisols,46.97278837529007,1.061600350806898,1082,RMQS1,"{""type"":""MultiPoint"",""coordinates"":[]}"
20220811T105631_20220811T110811_T31TCN_00000000000000000456_0,3598,2495,1174,1550,1940,2247,2937,3249,3920,3468,5,2022-08-11,Eutric Planosols,46.96405011215721,0.43091598807012294,1079,RMQS1,"{""type"":""MultiPoint"",""coordinates"":[]}"
20220811T105631_20220811T110811_T31TCN_00000000000000000457_0,3483,2290,926,1168,1390,1804,2168,2369,2396,2741,5,2022-08-11,Stagnic Gleysols,46.96734759548669,0.6411210616326486,1080,RMQS1,"{""type"":""MultiPoint"",""coordinates"":[]}"
