system:index,B11,B12,B2,B3,B4,B5,B6,B7,B8,B8A,SCL,date,h_wrb4,latitude,longitude,profile_id,source_db,.geo
20190725T105031_20190725T105032_T31UDS_00000000000000000095_0,2631,1712,751,1086,1512,1884,2280,2592,2762,3087,5,2019-07-25,Eutric Stagnosols,50.86124579589512,2.0956387227174256,10,RMQS1,"{""type"":""MultiPoint"",""coordinates"":[]}"
20190725T105031_20190725T105032_T31UDS_00000000000000000096_0,2976,1979,792,1154,1690,2026,2317,2606,2764,2953,5,2019-07-25,Eutric Stagnosols,50.86148089192363,2.3223306827555734,11,RMQS1,"{""type"":""MultiPoint"",""coordinates"":[]}"
20190725T105031_20190725T105032_T31UDS_00000000000000000097_0,3403,2439,782,1124,1438,2000,2652,2993,3168,3422,5,2019-07-25,Eutric Stagnosols,50.86130221409984,2.549023491235136,12,RMQS1,"{""type"":""MultiPoint"",""coordinates"":[]}"
20190725T105031_20190725T105032_T31UDS_00000000000000000091_0,1614,1216,835,941,999,1072,1588,1769,1338,1790,5,2019-07-25,Fluvic Stagnosols,51.00493790256749,2.3222866091527186,6,RMQS1,"{""type"":""MultiPoint"",""coordinates"":[]}"
20190725T105031_20190725T105032_T31UDS_00000000000000000092_0,3696,3395,1410,1748,2170,2433,2563,2726,2698,2956,5,2019-07-25,Fluvic Stagnosols,51.004759032683815,2.5496352290055064,7,RMQS1,"{""type"":""MultiPoint"",""coordinates"":[]}"
20190725T105031_20190725T105032_T31UDS_0000000000000000009d_0,3802,2628,1116,1588,2266,2726,3097,3421,3466,3814,5,2019-07-25,Fluvic Stagnosols,50.71722409096727,2.7744536769440726,21,RMQS1,"{""type"":""MultiPoint"",""coordinates"":[]}"
20190725T105031_20190725T105032_T31UDS_0000000000000000009b_0,2952,2419,1246,1458,1634,1942,2282,2450,2472,2672,5,2019-07-25,Luvic Cambisols,50.71799364650035,2.3223741982983093,19,RMQS1,"{""type"":""MultiPoint"",""coordinates"":[]}"
20190725T105031_20190725T105702_T30TXP_000000000000000007d6_0,3701,2114,2152,2604,2710,3357,4866,5523,5444,5731,5,2019-07-25,Haplic Luvisols,43.62868803923492,-0.6462334299933845,2050,RMQS1,"{""type"":""MultiPoint"",""coordinates"":[]}"
20190725T105031_20190725T105702_T30TXP_000000000000000007d5_0,3527,2714,1574,1982,1908,2441,4297,5322,5152,5659,5,2019-07-25,Umbrisols (Vermic),43.62304924587222,-0.8440537599018694,2049,RMQS1,"{""type"":""MultiPoint"",""coordinates"":[]}"
20190725T105031_20190725T105702_T30TYN_00000000000000000866_0,3881,2607,919,1416,2012,2450,2701,2969,3196,3315,5,2019-07-25,Eutric Cambisols,43.07272840959402,0.16726720986265578,2219,RMQS1,"{""type"":""MultiPoint"",""coordinates"":[]}"
20190725T105031_20190725T105702_T30TYN_0000000000000000087e_0,2889,1964,682,960,1216,1639,2021,2188,2194,2542,5,2019-07-25,Eutric Cambisols,42.93931480823404,0.7593104679881422,2250,RMQS1,"{""type"":""MultiPoint"",""coordinates"":[]}"
20190725T105031_20190725T105702_T30TYP_00000000000000000046_0,4077,2670,1152,1722,2426,2627,2993,3202,3555,3675,5,2019-07-25,Gleyic Cambisols,43.74950007383431,0.1370914792787227,SIM91955,HWSDv2,"{""type"":""MultiPoint"",""coordinates"":[]}"
20190725T105031_20190725T105702_T30TYP_0000000000000000075a_0,4577,2892,1294,1932,2718,3186,3613,3930,4033,4368,5,2019-07-25,Calcaric Cambisols,44.08630866803374,0.5277088899999789,1917,RMQS1,"{""type"":""MultiPoint"",""coordinates"":[]}"
20190725T105031_20190725T105702_T30TYP_00000000000000000784_0,4073,2651,1286,1886,2548,2957,3180,3347,3393,3749,5,2019-07-25,Calcaric Cambisols,43.939013384960546,0.3332815597688434,1963,RMQS1,"{""type"":""MultiPoint"",""coordinates"":[]}"
20190725T105031_20190725T105702_T30TYP_000000000000000007b2_0,3749,2705,1292,1966,2484,2482,3174,3547,3266,3673,5,2019-07-25,Calcaric Cambisols,43.801814078706926,0.7353863730644742,2011,RMQS1,"{""type"":""MultiPoint"",""coordinates"":[]}"
20190725T105031_20190725T105702_T30TYP_00000000000000000785_0,2910,1823,678,1128,1410,1552,2432,2830,3008,3149,5,2019-07-25,Eutric Cambisols,43.94249816918925,0.532293379126103,1964,RMQS1,"{""type"":""MultiPoint"",""coordinates"":[]}"
20190725T105031_20190725T105702_T30TYP_000000000000000007b1_0,4662,3071,1334,1922,2656,3115,3236,3459,3544,3881,5,2019-07-25,Eutric Cambisols,43.79870099823677,0.5368540129522552,2010,RMQS1,"{""type"":""MultiPoint"",""coordinates"":[]}"
20190725T105031_20190725T105702_T30TYP_000000000000000007dc_0,3703,2336,1036,1664,2072,2181,2798,3038,2944,3322,5,2019-07-25,Eutric Cambisols,43.654918009678816,0.5413905996353507,2056,RMQS1,"{""type"":""MultiPoint"",""coordinates"":[]}"
20190725T105031_20190725T105702_T30TYP_00000000000000000803_0,3596,2846,1100,1720,2030,2502,3369,3691,3708,3873,5,2019-07-25,Haplic Luvisols,43.50387423018247,0.1509055164147366,2100,RMQS1,"{""type"":""MultiPoint"",""coordinates"":[]}"
20190725T105031_20190725T105702_T30TYP_0000000000000000082c_0,4795,3181,1078,1678,2562,3055,3213,3523,3669,4085,5,2019-07-25,Haplic Luvisols,43.36394987150499,0.353380028656478,2146,RMQS1,"{""type"":""MultiPoint"",""coordinates"":[]}"
20190725T105031_20190725T105702_T30TYP_0000000000000000075b_0,4169,2649,1054,1564,2314,2747,2930,3199,3341,3662,5,2019-07-25,Mollic Umbrisols,44.08943792205592,0.7272481499870546,1918,RMQS1,"{""type"":""MultiPoint"",""coordinates"":[]}"
20190725T105031_20190725T105702_T30TYQ_00000000000000000701_0,3677,2233,866,1302,1814,2243,2766,3067,3201,3443,5,2019-07-25,Calcaric Cambisols,44.36657602891278,0.11743191867862429,1826,RMQS1,"{""type"":""MultiPoint"",""coordinates"":[]}"
20190725T105031_20190725T105702_T30TYQ_0000000000000000072e_0,3298,2526,929,1450,1976,2259,2390,2528,2469,2715,5,2019-07-25,Calcaric Cambisols,44.23326949240233,0.7231486374623786,1872,RMQS1,"{""type"":""MultiPoint"",""coordinates"":[]}"
20190725T105031_20190725T105702_T30TYQ_0000000000000000063e_0,3834,2426,913,1256,1656,2366,2729,3015,3105,3442,5,2019-07-25,Haplic Luvisols,45.07682572428559,-0.317346758335372,1614,RMQS1,"{""type"":""MultiPoint"",""coordinates"":[]}"
20190725T105031_20190725T105702_T30TYQ_0000000000000000068c_0,3771,2313,940,1362,1714,2258,2844,3162,3352,3619,5,2019-07-25,Haplic Luvisols,44.789155867083174,-0.3036999732697204,1697,RMQS1,"{""type"":""MultiPoint"",""coordinates"":[]}"
20190725T105031_20190725T105702_T30TYQ_000000000000000006dc_0,3954,3104,1434,1992,2740,2831,3111,3326,3702,3706,5,2019-07-25,Haplic Luvisols,44.51429265450901,0.3127722289681817,1785,RMQS1,"{""type"":""MultiPoint"",""coordinates"":[]}"
20190725T105031_20190725T105702_T30TYQ_0000000000000000072d_0,3507,2636,1478,2002,2612,2947,3028,3215,3278,3415,5,2019-07-25,Luvic Cambisols,44.230132383061516,0.5231018340485758,1871,RMQS1,"{""type"":""MultiPoint"",""coordinates"":[]}"
20190725T105031_20190725T105702_T30TYR_00000000000000000062_0,4913,3380,1216,1766,2574,3080,3392,3690,3896,4178,5,2019-07-25,Calcaric Cambisols,45.9412014057957,0.065289686897003,SIM30965,HWSDv2,"{""type"":""MultiPoint"",""coordinates"":[]}"
20190725T105031_20190725T105702_T30TYR_0000000000000000006d_0,4209,2601,834,1250,1648,2339,2968,3341,3572,3923,5,2019-07-25,Dystric Cambisols,45.88556111979459,0.7843482631787697,SIM11541,HWSDv2,"{""type"":""MultiPoint"",""coordinates"":[]}"
20190725T105031_20190725T105702_T30TYR_0000000000000000055c_0,5219,3415,1416,2108,2988,3561,3769,4069,4184,4538,5,2019-07-25,Calcaric Cambisols,45.953079172109106,0.25962637648263687,1370,RMQS1,"{""type"":""MultiPoint"",""coordinates"":[]}"
20190725T105031_20190725T105702_T30TYR_00000000000000000580_0,3986,3077,1086,1642,2276,2697,2933,3130,3154,3330,5,2019-07-25,Calcaric Cambisols,45.80083722296923,-0.1464050002597506,1409,RMQS1,"{""type"":""MultiPoint"",""coordinates"":[]}"
20190725T105031_20190725T105702_T30TYR_000000000000000005a4_0,4473,2952,1078,1508,2026,2633,3189,3542,3754,4024,5,2019-07-25,Calcaric Cambisols,45.66131000624331,0.0652636300268976,1450,RMQS1,"{""type"":""MultiPoint"",""coordinates"":[]}"
20190725T105031_20190725T105702_T30TYR_000000000000000005c8_0,4369,2615,1208,1700,2262,2903,3412,3795,3940,4286,5,2019-07-25,Calcaric Cambisols,45.513089622659,-0.13346799206529747,1490,RMQS1,"{""type"":""MultiPoint"",""coordinates"":[]}"
20190725T105031_20190725T105702_T30TYR_000000000000000005f2_0,4203,2750,1000,1324,1806,2208,2723,3018,3230,3483,5,2019-07-25,Calcaric Cambisols,45.377496694565295,0.2812171796581916,1534,RMQS1,"{""type"":""MultiPoint"",""coordinates"":[]}"
20190725T105031_20190725T105702_T30TYR_0000000000000000063e_0,3776,2403,918,1238,1606,2291,2693,2982,3074,3399,5,2019-07-25,Haplic Luvisols,45.07682572428559,-0.317346758335372,1614,RMQS1,"{""type"":""MultiPoint"",""coordinates"":[]}"
20190725T105031_20190725T105702_T30TYR_000000000000000005c9_0,4738,2929,1254,1788,2586,3259,3655,3998,4148,4589,5,2019-07-25,Regosols (Colluvic),45.51742584404047,0.07118138304806058,1491,RMQS1,"{""type"":""MultiPoint"",""coordinates"":[]}"
20190725T105031_20190725T105702_T30TYR_00000000000000000582_0,3879,2294,1026,1556,2492,3450,3861,4273,4500,4864,5,2019-07-25,Rendzic Leptosols,45.809179554957446,0.2650661302913653,1411,RMQS1,"{""type"":""MultiPoint"",""coordinates"":[]}"
20190725T105031_20190725T105702_T30TYR_00000000000000000028_0,3420,2700,865,1230,1478,2045,2487,2790,2780,2986,5,2019-07-25,Eutric Fluvisols,45.89861111,0.00277778,68782,{WD-WISE},"{""type"":""MultiPoint"",""coordinates"":[]}"
20190725T105031_20190725T105702_T30TYS_0000000000000000005e_0,4255,2731,1278,1750,2436,2687,3104,3515,3974,3962,5,2019-07-25,Calcaric Cambisols,46.50806450849034,0.9910526900588258,SIM48183,HWSDv2,"{""type"":""MultiPoint"",""coordinates"":[]}"
20190725T105031_20190725T105702_T30TYS_00000000000000000062_0,4918,3384,1212,1764,2566,3079,3393,3692,3896,4181,5,2019-07-25,Calcaric Cambisols,45.9412014057957,0.065289686897003,SIM30965,HWSDv2,"{""type"":""MultiPoint"",""coordinates"":[]}"
20190725T105031_20190725T105702_T30TYS_000000000000000004a4_0,4634,3572,1178,1816,2612,3009,3147,3326,3442,3653,5,2019-07-25,Calcaric Cambisols,46.67258035875013,0.23199594562391013,1163,RMQS1,"{""type"":""MultiPoint"",""coordinates"":[]}"
20190725T105031_20190725T105702_T30TYS_0000000000000000055c_0,5197,3404,1408,2100,2984,3537,3751,4051,4188,4517,5,2019-07-25,Calcaric Cambisols,45.953079172109106,0.25962637648263687,1370,RMQS1,"{""type"":""MultiPoint"",""coordinates"":[]}"
20190725T105031_20190725T105702_T30TYS_000000000000000004a5_0,5073,3275,1524,2254,3374,3815,4061,4308,4632,4807,5,2019-07-25,Eutric Cambisols,46.67624425670514,0.4410565506621489,1164,RMQS1,"{""type"":""MultiPoint"",""coordinates"":[]}"
20190725T105031_20190725T105702_T30TYS_000000000000000004eb_0,4267,2611,916,1440,1886,2690,3528,3791,4086,4366,5,2019-07-25,Eutric Cambisols,46.380758268333096,0.035208723464946995,1244,RMQS1,"{""type"":""MultiPoint"",""coordinates"":[]}"
20190725T105031_20190725T105702_T30TYS_00000000000000000535_0,3435,2108,793,1216,1858,2372,2730,3046,3318,3656,5,2019-07-25,Eutric Cambisols,46.09297615641257,0.04732481199581941,1327,RMQS1,"{""type"":""MultiPoint"",""coordinates"":[]}"
20190725T105031_20190725T105702_T30TYS_000000000000000004cb_0,3459,2333,976,1358,1666,1820,2765,3096,3122,3569,5,2019-07-25,Haplic Luvisols,46.532337162248965,0.4460865612049353,1204,RMQS1,"{""type"":""MultiPoint"",""coordinates"":[]}"
20190725T105031_20190725T105702_T30TYS_000000000000000004ee_0,3702,2290,651,1026,1338,1849,2416,2683,2896,3189,5,2019-07-25,Luvic Cambisols,46.39169124444395,0.65907171951279,1247,RMQS1,"{""type"":""MultiPoint"",""coordinates"":[]}"
20190725T105031_20190725T105702_T30TYS_000000000000000004ef_0,4044,2657,1146,1756,2086,2499,3261,3741,4372,4179,5,2019-07-25,Luvic Cambisols,46.3945739230684,0.8670762593857257,1248,RMQS1,"{""type"":""MultiPoint"",""coordinates"":[]}"
20190725T105031_20190725T105702_T30TYS_00000000000000000514_0,4663,2898,975,1432,1908,2367,2843,3179,3674,3886,5,2019-07-25,Stagnic Gleysols,46.24451711991545,0.4560678464730407,1288,RMQS1,"{""type"":""MultiPoint"",""coordinates"":[]}"
20190725T105031_20190725T105702_T30TYT_0000000000000000037b_0,4830,3027,990,1436,2228,2746,3008,3347,3558,3944,5,2019-07-25,Eutric Cambisols,47.68680357363322,0.6181369317170614,843,RMQS1,"{""type"":""MultiPoint"",""coordinates"":[]}"
20190725T105031_20190725T105702_T30TYT_0000000000000000037d_0,5377,3174,1760,2568,3958,4690,4864,5238,5428,5891,5,2019-07-25,Eutric Cambisols,47.69231735110835,1.0443128583803534,845,RMQS1,"{""type"":""MultiPoint"",""coordinates"":[]}"
20190725T105031_20190725T105702_T30TYT_000000000000000003aa_0,5021,2890,1534,2182,3484,4098,4310,4772,5048,5436,5,2019-07-25,Eutric Cambisols,47.542927371413136,0.6227839914739651,895,RMQS1,"{""type"":""MultiPoint"",""coordinates"":[]}"
20190725T105031_20190725T105702_T30TYT_00000000000000000459_0,4126,2408,731,1108,1590,2168,2729,3155,3312,3685,5,2019-07-25,Eutric Cambisols,46.97278837529007,1.061600350806898,1082,RMQS1,"{""type"":""MultiPoint"",""coordinates"":[]}"
20190725T105031_20190725T105702_T30TYT_00000000000000000456_0,5235,3359,1764,2508,3658,4361,4581,4808,5140,5525,5,2019-07-25,Eutric Planosols,46.96405011215721,0.43091598807012294,1079,RMQS1,"{""type"":""MultiPoint"",""coordinates"":[]}"
20190725T105031_20190725T105702_T30TYT_0000000000000000042f_0,5377,3179,1740,2592,4068,4721,4870,5251,5448,5930,5,2019-07-25,Eutric Retisols,47.11670746180148,1.0581797222389806,1038,RMQS1,"{""type"":""MultiPoint"",""coordinates"":[]}"
20190725T105031_20190725T105702_T30TYT_0000000000000000037c_0,5329,3159,1810,2566,4060,4583,4908,5310,5576,5950,5,2019-07-25,Haplic Luvisols,47.68975585042416,0.8312134254903143,844,RMQS1,"{""type"":""MultiPoint"",""coordinates"":[]}"
20190725T105031_20190725T105702_T30TYT_000000000000000003d9_0,5003,3099,1758,2556,3874,4437,4663,4959,5236,5558,5,2019-07-25,Luvic Cambisols,47.4019787775616,0.8393340704118676,947,RMQS1,"{""type"":""MultiPoint"",""coordinates"":[]}"
20190725T105031_20190725T105702_T30TYT_000000000000000003da_0,4690,2730,1432,2072,3220,3835,4061,4431,4748,5101,5,2019-07-25,Luvic Cambisols,47.404526962741336,1.0512838631524177,948,RMQS1,"{""type"":""MultiPoint"",""coordinates"":[]}"
20190725T105031_20190725T105702_T30TYT_0000000000000000042d_0,4441,3190,1532,2062,2392,3146,3975,4369,4456,4660,5,2019-07-25,Rendzic Leptosols,47.111251889494554,0.6365738313282675,1036,RMQS1,"{""type"":""MultiPoint"",""coordinates"":[]}"
20190725T105031_20190725T105702_T30TYT_00000000000000000457_0,3663,2331,952,1300,1616,2119,2632,2925,3054,3358,5,2019-07-25,Stagnic Gleysols,46.96734759548669,0.6411210616326486,1080,RMQS1,"{""type"":""MultiPoint"",""coordinates"":[]}"
20190725T105031_20190725T105702_T30UYU_000000000000000002aa_0,4700,2927,1068,1644,2094,3079,3938,4093,4018,4873,5,2019-07-25,Eutric Retisols,48.267773070968104,1.0301448294912523,623,RMQS1,"{""type"":""MultiPoint"",""coordinates"":[]}"
20190725T105031_20190725T105702_T30UYU_000000000000000002e2_0,3857,2369,525,866,1188,1788,2364,2680,2810,3253,5,2019-07-25,Eutric Retisols,48.123926965867774,1.0337162685273735,681,RMQS1,"{""type"":""MultiPoint"",""coordinates"":[]}"
20190725T105031_20190725T105702_T30UYU_0000000000000000034a_0,4871,3178,1246,1898,2924,3405,3835,4185,4404,4773,5,2019-07-25,Luvic Stagnosols,47.83066980746326,0.6134648025979296,791,RMQS1,"{""type"":""MultiPoint"",""coordinates"":[]}"
20190725T105031_20190725T105702_T30UYU_00000000000000000318_0,2201,1202,530,977,829,1471,1820,2161,1606,2159,5,2019-07-25,Stagnic Gleysols,47.97749316883225,0.8230065836699338,737,RMQS1,"{""type"":""MultiPoint"",""coordinates"":[]}"
20190725T105031_20190725T105702_T30UYV_0000000000000000019b_0,5280,3193,1616,2246,3288,3971,4319,4733,4856,5588,5,2019-07-25,Eutric Cambisols,48.986789979658724,1.011980189683206,327,RMQS1,"{""type"":""MultiPoint"",""coordinates"":[]}"
20190725T105031_20190725T105702_T30UYV_0000000000000000019c_0,3060,1777,843,1282,1874,2169,2345,2585,2790,3065,5,2019-07-25,Eutric Cambisols,48.9890140623296,1.2304298587690576,328,RMQS1,"{""type"":""MultiPoint"",""coordinates"":[]}"
20190725T105031_20190725T105702_T30UYV_000000000000000001cd_0,4526,3070,1390,1946,2756,3356,3518,3567,3554,4135,5,2019-07-25,Eutric Cambisols,48.843018131050385,1.0156540889892636,385,RMQS1,"{""type"":""MultiPoint"",""coordinates"":[]}"
20190725T105031_20190725T105702_T30UYV_0000000000000000014c_0,2441,1760,957,1206,1394,1593,2097,2211,2042,2443,5,2019-07-25,Eutric Fluvisols,49.276515471368825,1.2242410066178666,233,RMQS1,"{""type"":""MultiPoint"",""coordinates"":[]}"
20190725T105031_20190725T105702_T30UYV_00000000000000000202_0,4834,3103,1019,1558,2496,3025,3282,3623,3842,4276,5,2019-07-25,Eutric Retisols,48.69922952521517,1.0193074302902678,446,RMQS1,"{""type"":""MultiPoint"",""coordinates"":[]}"
20190725T105031_20190725T105702_T30UYV_0000000000000000010a_0,4575,3179,1356,2070,3162,3731,4043,4345,4508,4911,5,2019-07-25,Luvic Cambisols,49.56393970113884,1.217982875699953,155,RMQS1,"{""type"":""MultiPoint"",""coordinates"":[]}"
20190725T105031_20190725T105702_T31TCH_0000000000000000086d_0,4241,2851,892,1360,2046,2595,2764,3033,3077,3436,5,2019-07-25,Eutric Cambisols,43.09172709977716,1.5397731446021294,2226,RMQS1,"{""type"":""MultiPoint"",""coordinates"":[]}"
20190725T105031_20190725T105702_T31TCH_0000000000000000087e_0,2741,1915,702,966,1200,1542,1892,2078,2207,2372,5,2019-07-25,Eutric Cambisols,42.93931480823404,0.7593104679881422,2250,RMQS1,"{""type"":""MultiPoint"",""coordinates"":[]}"
20190725T105031_20190725T105702_T31TCH_00000000000000000854_0,4430,2804,1328,1936,2766,3393,3598,3891,4057,4298,5,2019-07-25,Mollic Umbrisols,43.23675734912461,1.7343973183347328,2192,RMQS1,"{""type"":""MultiPoint"",""coordinates"":[]}"
20190725T105031_20190725T105702_T31TCH_000000000000000008a4_0,2829,1868,404,542,709,1373,2516,2638,1420,2730,5,2019-07-25,Umbric Leptosols,42.51820667576352,1.7418542867889344,2312,RMQS1,"{""type"":""MultiPoint"",""coordinates"":[]}"
20190725T105031_20190725T105702_T31TCJ_00000000000000000083_0,2880,2116,1328,1562,1950,1989,2680,2922,2932,3224,5,2019-07-25,Calcaric Cambisols,43.78608327784773,1.3843490695106873,SIM27892,HWSDv2,"{""type"":""MultiPoint"",""coordinates"":[]}"
20190725T105031_20190725T105702_T31TCJ_00000000000000000732_0,4613,2956,1082,1540,2392,2803,3055,3309,3509,3786,5,2019-07-25,Calcaric Cambisols,44.24215747682371,1.5235202230528846,1876,RMQS1,"{""type"":""MultiPoint"",""coordinates"":[]}"
20190725T105031_20190725T105702_T31TCJ_0000000000000000075a_0,4480,2892,1266,1838,2496,3004,3425,3744,3906,4163,5,2019-07-25,Calcaric Cambisols,44.08630866803374,0.5277088899999789,1917,RMQS1,"{""type"":""MultiPoint"",""coordinates"":[]}"
20190725T105031_20190725T105702_T31TCJ_000000000000000007b2_0,3932,2956,1284,1866,2298,2619,3047,3306,3292,3397,5,2019-07-25,Calcaric Cambisols,43.801814078706926,0.7353863730644742,2011,RMQS1,"{""type"":""MultiPoint"",""coordinates"":[]}"
20190725T105031_20190725T105702_T31TCJ_000000000000000007e1_0,3013,2037,736,1350,1388,2026,3037,3385,3289,3466,5,2019-07-25,Calcaric Cambisols,43.66811185509377,1.7298359782939583,2062,RMQS1,"{""type"":""MultiPoint"",""coordinates"":[]}"
20190725T105031_20190725T105702_T31TCJ_0000000000000000080b_0,4807,3105,1398,2068,2984,3450,3670,3967,4099,4440,5,2019-07-25,Calcaric Cambisols,43.524309926758626,1.7313633815716516,2108,RMQS1,"{""type"":""MultiPoint"",""coordinates"":[]}"
20190725T105031_20190725T105702_T31TCJ_00000000000000000785_0,3059,1883,684,1007,1228,1611,2541,2986,2775,3151,5,2019-07-25,Eutric Cambisols,43.94249816918925,0.532293379126103,1964,RMQS1,"{""type"":""MultiPoint"",""coordinates"":[]}"
20190725T105031_20190725T105702_T31TCJ_000000000000000007b1_0,4556,3004,1318,1824,2502,2896,3135,3373,3444,3703,5,2019-07-25,Eutric Cambisols,43.79870099823677,0.5368540129522552,2010,RMQS1,"{""type"":""MultiPoint"",""coordinates"":[]}"
20190725T105031_20190725T105702_T31TCJ_000000000000000007dc_0,3658,2581,1232,1814,2330,2570,2835,2994,2964,3173,5,2019-07-25,Eutric Cambisols,43.654918009678816,0.5413905996353507,2056,RMQS1,"{""type"":""MultiPoint"",""coordinates"":[]}"
20190725T105031_20190725T105702_T31TCJ_0000000000000000080a_0,3315,2054,711,1122,1366,2072,2771,3007,3156,3421,5,2019-07-25,Eutric Cambisols,43.52302003271735,1.5337542549797725,2107,RMQS1,"{""type"":""MultiPoint"",""coordinates"":[]}"
20190725T105031_20190725T105702_T31TCJ_00000000000000000831_0,3631,2684,1050,1576,2142,2797,3090,3111,3116,3475,5,2019-07-25,Eutric Stagnosols,43.377591309564,1.3386668701530315,2151,RMQS1,"{""type"":""MultiPoint"",""coordinates"":[]}"
20190725T105031_20190725T105702_T31TCJ_00000000000000000830_0,3365,2374,969,1376,1802,2149,2666,2981,3001,3348,5,2019-07-25,Fluvic Cambisols,43.37558387891417,1.141574489687156,2150,RMQS1,"{""type"":""MultiPoint"",""coordinates"":[]}"
20190725T105031_20190725T105702_T31TCJ_00000000000000000787_0,4492,2962,1174,1724,2410,2877,3082,3422,3605,3850,5,2019-07-25,Haplic Luvisols,43.94837598617865,0.9303829200773381,1966,RMQS1,"{""type"":""MultiPoint"",""coordinates"":[]}"
20190725T105031_20190725T105702_T31TCJ_00000000000000000789_0,2815,2210,733,1084,1368,1747,2216,2434,2328,2657,5,2019-07-25,Haplic Luvisols,43.9527966974489,1.3285439563076873,1968,RMQS1,"{""type"":""MultiPoint"",""coordinates"":[]}"
20190725T105031_20190725T105702_T31TCJ_000000000000000007b5_0,3132,2294,1400,1844,1960,2330,2847,3105,2831,3260,5,2019-07-25,Haplic Luvisols,43.80897291409622,1.331094029024924,2014,RMQS1,"{""type"":""MultiPoint"",""coordinates"":[]}"
20190725T105031_20190725T105702_T31TCJ_0000000000000000075b_0,4046,2586,1078,1530,2182,2647,2897,3181,3288,3628,5,2019-07-25,Mollic Umbrisols,44.08943792205592,0.7272481499870546,1918,RMQS1,"{""type"":""MultiPoint"",""coordinates"":[]}"
20190725T105031_20190725T105702_T31TCJ_000000000000000007e0_0,3030,2112,670,896,1090,1716,2618,3060,2956,3266,5,2019-07-25,Mollic Umbrisols,43.66516340856269,1.3336310198705403,2060,RMQS1,"{""type"":""MultiPoint"",""coordinates"":[]}"
20190725T105031_20190725T105702_T31TCJ_000000000000000007df_0,3441,2132,1128,1730,2072,2716,3468,3692,3717,3924,5,2019-07-25,Regosols (Colluvic),43.663145610161905,1.1355461494338939,2059,RMQS1,"{""type"":""MultiPoint"",""coordinates"":[]}"
20190725T105031_20190725T105702_T31TCJ_00000000000000000809_0,3271,2502,944,1212,1336,1718,2097,2359,1974,2660,5,2019-07-25,Technosols,43.521369132715655,1.336155148233926,2106,RMQS1,"{""type"":""MultiPoint"",""coordinates"":[]}"
20190725T105031_20190725T105702_T31TCK_00000000000000000646_0,3749,2336,612,1010,1260,1918,2599,2885,3186,3339,5,2019-07-25,Calcaric Cambisols,45.10381088283523,1.3076748715645614,1622,RMQS1,"{""type"":""MultiPoint"",""coordinates"":[]}"
20190725T105031_20190725T105702_T31TCK_0000000000000000072e_0,3223,2491,994,1472,1926,2205,2395,2551,2532,2734,5,2019-07-25,Calcaric Cambisols,44.23326949240233,0.7231486374623786,1872,RMQS1,"{""type"":""MultiPoint"",""coordinates"":[]}"
20190725T105031_20190725T105702_T31TCK_00000000000000000730_0,4174,2691,1052,1492,2048,2758,3051,3258,3269,3700,5,2019-07-25,Calcaric Cambisols,44.23844644905489,1.123303160675493,1874,RMQS1,"{""type"":""MultiPoint"",""coordinates"":[]}"
20190725T105031_20190725T105702_T31TCK_00000000000000000732_0,4592,2948,1072,1512,2340,2761,3022,3276,3463,3754,5,2019-07-25,Calcaric Cambisols,44.24215747682371,1.5235202230528846,1876,RMQS1,"{""type"":""MultiPoint"",""coordinates"":[]}"
20190725T105031_20190725T105702_T31TCK_000000000000000006b9_0,3569,2143,628,891,1180,1620,2149,2453,2588,2891,5,2019-07-25,Chromic Cambisols,44.66762572122596,0.912333822544438,1746,RMQS1,"{""type"":""MultiPoint"",""coordinates"":[]}"
20190725T105031_20190725T105702_T31TCK_00000000000000000694_0,3827,2470,748,1044,1498,1889,2476,2756,2685,3121,5,2019-07-25,Eutric Cambisols,44.81599910342824,1.312972402777045,1705,RMQS1,"{""type"":""MultiPoint"",""coordinates"":[]}"
20190725T105031_20190725T105702_T31TCK_00000000000000000705_0,3785,2706,1064,1580,1946,2681,3070,3337,3186,3528,5,2019-07-25,Eutric Cambisols,44.37989169422893,0.9196071815825417,1830,RMQS1,"{""type"":""MultiPoint"",""coordinates"":[]}"
20190725T105031_20190725T105702_T31TCK_0000000000000000072d_0,3396,2574,1384,1870,2388,2643,2872,3109,3178,3284,5,2019-07-25,Luvic Cambisols,44.230132383061516,0.5231018340485758,1871,RMQS1,"{""type"":""MultiPoint"",""coordinates"":[]}"
20190725T105031_20190725T105702_T31TCK_0000000000000000066e_0,4601,3032,1058,1502,2336,2767,3119,3468,3663,3922,5,2019-07-25,Rendzic Leptosols,44.96159614293844,1.5130249086385896,1664,RMQS1,"{""type"":""MultiPoint"",""coordinates"":[]}"
20190725T105031_20190725T105702_T31TCK_00000000000000000706_0,4009,2564,875,1236,1626,2093,2470,2725,3011,3226,5,2019-07-25,Rendzic Leptosols,44.38230353158314,1.1202039397391548,1831,RMQS1,"{""type"":""MultiPoint"",""coordinates"":[]}"
20190725T105031_20190725T105702_T31TCK_000000000000000008e2_0,4601,3032,1058,1502,2336,2767,3119,3468,3663,3922,5,2019-07-25,Rendzic Leptosols,44.96159614293844,1.5130249086385896,11664,RMQS1,"{""type"":""MultiPoint"",""coordinates"":[]}"
20190725T105031_20190725T105702_T31TCK_00000000000000000001_0,3570,2757,932,1246,1778,2102,2395,2642,2729,2938,5,2019-07-25,Dystric Gleysols,44.98055556,1.7166666699999997,66214,"{WD-eSOTER,WD-WISE}","{""type"":""MultiPoint"",""coordinates"":[]}"
20190725T105031_20190725T105702_T31TCL_0000000000000000006d_0,4164,2604,880,1274,1638,2314,2977,3339,3584,3900,5,2019-07-25,Dystric Cambisols,45.88556111979459,0.7843482631787697,SIM11541,HWSDv2,"{""type"":""MultiPoint"",""coordinates"":[]}"
20190725T105031_20190725T105702_T31TCL_00000000000000000646_0,3762,2341,605,1009,1262,1923,2603,2893,3188,3350,5,2019-07-25,Calcaric Cambisols,45.10381088283523,1.3076748715645614,1622,RMQS1,"{""type"":""MultiPoint"",""coordinates"":[]}"
20190725T105031_20190725T105702_T31TCL_00000000000000000589_0,3783,2375,640,948,1344,1743,2297,2556,2772,3015,5,2019-07-25,Eutric Cambisols,45.82650964915315,1.7059567688195714,1418,RMQS1,"{""type"":""MultiPoint"",""coordinates"":[]}"
20190725T105031_20190725T105702_T31TCL_000000000000000005f8_0,3953,2433,668,1009,1422,1951,2557,2886,3013,3307,5,2019-07-25,Umbric Leptosols,45.39335793747217,1.506596968002484,1540,RMQS1,"{""type"":""MultiPoint"",""coordinates"":[]}"
20190725T105031_20190725T105702_T31TCM_0000000000000000005e_0,4195,2705,1276,1720,2392,2717,3204,3621,3929,4108,5,2019-07-25,Calcaric Cambisols,46.50806450849034,0.9910526900588258,SIM48183,HWSDv2,"{""type"":""MultiPoint"",""coordinates"":[]}"
20190725T105031_20190725T105702_T31TCM_00000000000000000482_0,4957,3345,1332,1940,2852,3335,3497,3741,3994,4153,5,2019-07-25,Eutric Cambisols,46.83275616712597,1.484434384575593,1128,RMQS1,"{""type"":""MultiPoint"",""coordinates"":[]}"
20190725T105031_20190725T105702_T31TCM_00000000000000000483_0,2962,2406,762,1038,1114,1700,2404,2629,2570,2701,5,2019-07-25,Eutric Cambisols,46.834125907327305,1.6941691786867756,1129,RMQS1,"{""type"":""MultiPoint"",""coordinates"":[]}"
20190725T105031_20190725T105702_T31TCM_000000000000000004a5_0,5116,3284,1520,2230,3312,3914,4059,4460,4596,4859,5,2019-07-25,Eutric Cambisols,46.67624425670514,0.4410565506621489,1164,RMQS1,"{""type"":""MultiPoint"",""coordinates"":[]}"
20190725T105031_20190725T105702_T31TCM_000000000000000004a8_0,3904,2410,851,1220,1544,2126,2855,3232,3350,3637,5,2019-07-25,Eutric Cambisols,46.68493825055593,1.0683872613516354,1167,RMQS1,"{""type"":""MultiPoint"",""coordinates"":[]}"
20190725T105031_20190725T105702_T31TCM_000000000000000004ce_0,3784,2238,642,965,1338,1808,2213,2524,2746,3019,5,2019-07-25,Eutric Cambisols,46.54313454001028,1.2803489731979116,1208,RMQS1,"{""type"":""MultiPoint"",""coordinates"":[]}"
20190725T105031_20190725T105702_T31TCM_000000000000000004cf_0,3964,2392,748,1094,1580,2000,2618,2985,3151,3490,5,2019-07-25,Eutric Cambisols,46.54487889789519,1.4889590904459031,1209,RMQS1,"{""type"":""MultiPoint"",""coordinates"":[]}"
20190725T105031_20190725T105702_T31TCM_000000000000000004d0_0,3826,2384,710,1015,1388,1844,2424,2744,2967,3264,5,2019-07-25,Eutric Cambisols,46.546241796064976,1.697581007504501,1210,RMQS1,"{""type"":""MultiPoint"",""coordinates"":[]}"
20190725T105031_20190725T105702_T31TCM_000000000000000004ab_0,3500,2275,966,1266,1594,1813,2363,2557,2868,3014,5,2019-07-25,Haplic Luvisols,46.69018527607474,1.6958796349873388,1170,RMQS1,"{""type"":""MultiPoint"",""coordinates"":[]}"
20190725T105031_20190725T105702_T31TCM_000000000000000004cb_0,3527,2465,1021,1356,1634,1848,2713,3000,2972,3442,5,2019-07-25,Haplic Luvisols,46.532337162248965,0.4460865612049353,1204,RMQS1,"{""type"":""MultiPoint"",""coordinates"":[]}"
20190725T105031_20190725T105702_T31TCM_000000000000000004f0_0,4570,2931,881,1226,1766,2159,2636,3013,3285,3557,5,2019-07-25,Haplic Luvisols,46.39707583850519,1.0751018843272806,1249,RMQS1,"{""type"":""MultiPoint"",""coordinates"":[]}"
20190725T105031_20190725T105702_T31TCM_000000000000000004ee_0,3729,2294,765,1118,1470,1893,2453,2734,2901,3190,5,2019-07-25,Luvic Cambisols,46.39169124444395,0.65907171951279,1247,RMQS1,"{""type"":""MultiPoint"",""coordinates"":[]}"
20190725T105031_20190725T105702_T31TCM_000000000000000004ef_0,4290,2897,1100,1636,1936,2978,3635,4130,4208,4661,5,2019-07-25,Luvic Cambisols,46.3945739230684,0.8670762593857257,1248,RMQS1,"{""type"":""MultiPoint"",""coordinates"":[]}"
20190725T105031_20190725T105702_T31TCM_00000000000000000514_0,4714,2983,1066,1466,1904,2427,2941,3301,3789,3989,5,2019-07-25,Stagnic Gleysols,46.24451711991545,0.4560678464730407,1288,RMQS1,"{""type"":""MultiPoint"",""coordinates"":[]}"
20190725T105031_20190725T105702_T31TCN_00000000000000000409_0,3182,1841,630,944,1274,1610,2088,2357,2658,2803,5,2019-07-25,Albic Podzols,47.26592270272634,1.6889836071572726,996,RMQS1,"{""type"":""MultiPoint"",""coordinates"":[]}"
20190725T105031_20190725T105702_T31TCN_000000000000000003ae_0,3048,2193,952,1406,1538,1736,2410,2787,2632,2973,5,2019-07-25,Calcaric Cambisols,47.552368234556766,1.4729089085002178,899,RMQS1,"{""type"":""MultiPoint"",""coordinates"":[]}"
20190725T105031_20190725T105702_T31TCN_0000000000000000045c_0,5025,3444,1266,1892,2784,3291,3439,3678,3760,4139,5,2019-07-25,Calcaric Cambisols,46.97806314421428,1.6924498201961606,1085,RMQS1,"{""type"":""MultiPoint"",""coordinates"":[]}"
20190725T105031_20190725T105702_T31TCN_0000000000000000037b_0,4778,3000,1038,1478,2240,2706,2974,3329,3602,3909,5,2019-07-25,Eutric Cambisols,47.68680357363322,0.6181369317170614,843,RMQS1,"{""type"":""MultiPoint"",""coordinates"":[]}"
20190725T105031_20190725T105702_T31TCN_0000000000000000037d_0,5378,3167,1766,2540,3926,4646,4828,5221,5368,5861,5,2019-07-25,Eutric Cambisols,47.69231735110835,1.0443128583803534,845,RMQS1,"{""type"":""MultiPoint"",""coordinates"":[]}"
20190725T105031_20190725T105702_T31TCN_000000000000000003aa_0,4994,2873,1494,2130,3414,4009,4313,4708,4940,5407,5,2019-07-25,Eutric Cambisols,47.542927371413136,0.6227839914739651,895,RMQS1,"{""type"":""MultiPoint"",""coordinates"":[]}"
20190725T105031_20190725T105702_T31TCN_00000000000000000432_0,3909,2274,714,1116,1564,2119,2659,2978,3212,3557,5,2019-07-25,Eutric Cambisols,47.121995805732524,1.69072149454457,1041,RMQS1,"{""type"":""MultiPoint"",""coordinates"":[]}"
20190725T105031_20190725T105702_T31TCN_00000000000000000459_0,4195,2457,764,1120,1600,2270,2740,3177,3284,3728,5,2019-07-25,Eutric Cambisols,46.97278837529007,1.061600350806898,1082,RMQS1,"{""type"":""MultiPoint"",""coordinates"":[]}"
20190725T105031_20190725T105702_T31TCN_00000000000000000456_0,4646,3134,1806,2518,3652,3729,4113,4345,5096,4872,5,2019-07-25,Eutric Planosols,46.96405011215721,0.43091598807012294,1079,RMQS1,"{""type"":""MultiPoint"",""coordinates"":[]}"
20190725T105031_20190725T105702_T31TCN_0000000000000000042f_0,5313,3137,1734,2584,4012,4603,4805,5145,5391,5830,5,2019-07-25,Eutric Retisols,47.11670746180148,1.0581797222389806,1038,RMQS1,"{""type"":""MultiPoint"",""coordinates"":[]}"
20190725T105031_20190725T105702_T31TCN_00000000000000000431_0,4451,3407,1730,2288,3062,3113,3590,3876,4012,4257,5,2019-07-25,Eutric Retisols,47.120619712342474,1.4798610993880554,1040,RMQS1,"{""type"":""MultiPoint"",""coordinates"":[]}"
20190725T105031_20190725T105702_T31TCN_0000000000000000045a_0,3723,2864,1194,1706,1898,2435,3580,3950,3992,4134,5,2019-07-25,Eutric Retisols,46.97493184897627,1.2718698805445425,1083,RMQS1,"{""type"":""MultiPoint"",""coordinates"":[]}"
20190725T105031_20190725T105702_T31TCN_0000000000000000037c_0,5288,3134,1764,2598,3972,4551,4874,5236,5604,5930,5,2019-07-25,Haplic Luvisols,47.68975585042416,0.8312134254903143,844,RMQS1,"{""type"":""MultiPoint"",""coordinates"":[]}"
20190725T105031_20190725T105702_T31TCN_000000000000000003d7_0,3373,2035,554,861,1130,1626,2137,2439,2600,2903,5,2019-07-25,Haplic Luvisols,47.395718283839564,0.4155014966302985,945,RMQS1,"{""type"":""MultiPoint"",""coordinates"":[]}"
20190725T105031_20190725T105702_T31TCN_00000000000000000408_0,3277,2087,846,1282,1576,2026,2804,3215,3288,3516,5,2019-07-25,Haplic Vertisols,47.26454305466629,1.477555758886086,995,RMQS1,"{""type"":""MultiPoint"",""coordinates"":[]}"
20190725T105031_20190725T105702_T31TCN_0000000000000000034d_0,3702,2427,807,1078,1426,2088,2696,2793,2812,3445,5,2019-07-25,Luvic Cambisols,47.83837519938972,1.254497652282048,794,RMQS1,"{""type"":""MultiPoint"",""coordinates"":[]}"
20190725T105031_20190725T105702_T31TCN_000000000000000003d8_0,3132,2010,726,991,1142,2009,2965,3256,3552,3558,5,2019-07-25,Luvic Cambisols,47.39904256487784,0.6274057665303514,946,RMQS1,"{""type"":""MultiPoint"",""coordinates"":[]}"
20190725T105031_20190725T105702_T31TCN_000000000000000003d9_0,5050,3119,1736,2514,3814,4459,4678,4991,5180,5583,5,2019-07-25,Luvic Cambisols,47.4019787775616,0.8393340704118676,947,RMQS1,"{""type"":""MultiPoint"",""coordinates"":[]}"
20190725T105031_20190725T105702_T31TCN_000000000000000003da_0,4623,2684,1450,2094,3228,3714,3994,4405,4768,5113,5,2019-07-25,Luvic Cambisols,47.404526962741336,1.0512838631524177,948,RMQS1,"{""type"":""MultiPoint"",""coordinates"":[]}"
20190725T105031_20190725T105702_T31TCN_000000000000000003db_0,5497,3617,1800,2568,3754,4310,4633,4973,5176,5523,5,2019-07-25,Luvic Cambisols,47.40668735158221,1.2632529913235573,949,RMQS1,"{""type"":""MultiPoint"",""coordinates"":[]}"
20190725T105031_20190725T105702_T31TCN_0000000000000000034f_0,5375,3156,1782,2496,3760,4394,4654,5058,5292,5692,5,2019-07-25,Mollic Umbrisols,47.84155543400575,1.681939134662969,796,RMQS1,"{""type"":""MultiPoint"",""coordinates"":[]}"
20190725T105031_20190725T105702_T31TCN_0000000000000000037f_0,3941,2999,1466,1902,2586,2975,3023,3214,3172,3481,5,2019-07-25,Rendzic Leptosols,47.696269219574035,1.4705667746731201,847,RMQS1,"{""type"":""MultiPoint"",""coordinates"":[]}"
20190725T105031_20190725T105702_T31TCN_0000000000000000042d_0,4391,3138,1516,2046,2352,2963,3991,4380,4428,4707,5,2019-07-25,Rendzic Leptosols,47.111251889494554,0.6365738313282675,1036,RMQS1,"{""type"":""MultiPoint"",""coordinates"":[]}"
20190725T105031_20190725T105702_T31TCN_00000000000000000457_0,3584,2252,976,1290,1610,2134,2627,2898,2938,3344,5,2019-07-25,Stagnic Gleysols,46.96734759548669,0.6411210616326486,1080,RMQS1,"{""type"":""MultiPoint"",""coordinates"":[]}"
20190725T105031_20190725T105702_T31TDH_0000000000000000006a_0,3569,2480,849,1120,1564,1869,2138,2348,2372,2617,5,2019-07-25,Calcaric Cambisols,43.25643616146044,2.453036771590776,SIM23594,HWSDv2,"{""type"":""MultiPoint"",""coordinates"":[]}"
20190725T105031_20190725T105702_T31TDH_0000000000000000003d_0,3984,2317,978,1534,2386,2870,3112,3527,3864,4151,5,2019-07-25,Eutric Cambisols,43.08330529252448,1.8953747700466825,SIM11644,HWSDv2,"{""type"":""MultiPoint"",""coordinates"":[]}"
20190725T105031_20190725T105702_T31TDH_00000000000000000856_0,3377,2372,904,1246,1824,1787,2274,2624,2814,2886,5,2019-07-25,Calcaric Arenosols,43.23824536900353,2.1276596812268993,2194,RMQS1,"{""type"":""MultiPoint"",""coordinates"":[]}"
20190725T105031_20190725T105702_T31TDH_00000000000000000857_0,2883,1949,668,1086,1474,1945,2274,2550,2588,2810,5,2019-07-25,Calcaric Cambisols,43.238449309842004,2.324294647249126,2195,RMQS1,"{""type"":""MultiPoint"",""coordinates"":[]}"
20190725T105031_20190725T105702_T31TDH_00000000000000000858_0,2421,1516,385,601,655,1166,1747,1977,2226,2242,5,2019-07-25,Calcaric Cambisols,43.23829353328013,2.520928813086623,2196,RMQS1,"{""type"":""MultiPoint"",""coordinates"":[]}"
20190725T105031_20190725T105702_T31TDH_00000000000000000871_0,2959,1802,593,868,1078,1436,2131,2371,2532,2675,5,2019-07-25,Calcaric Cambisols,43.09469607384413,2.3243282873192377,2230,RMQS1,"{""type"":""MultiPoint"",""coordinates"":[]}"
20190725T105031_20190725T105702_T31TDH_00000000000000000872_0,2662,1540,442,717,838,1313,1784,2016,2146,2359,5,2019-07-25,Calcaric Cambisols,43.09454041537799,2.520470944219245,2231,RMQS1,"{""type"":""MultiPoint"",""coordinates"":[]}"
20190725T105031_20190725T105702_T31TDJ_00000000000000000760_0,3584,2371,584,1122,1544,1931,2704,2952,2942,3098,5,2019-07-25,Calcaric Cambisols,44.10054393938835,1.9248303898472057,1924,RMQS1,"{""type"":""MultiPoint"",""coordinates"":[]}"
20190725T105031_20190725T105702_T31TDJ_00000000000000000735_0,4333,2751,951,1344,1912,2266,2740,3020,3182,3466,5,2019-07-25,Eutric Cambisols,44.244978977774174,2.1239161405307447,1879,RMQS1,"{""type"":""MultiPoint"",""coordinates"":[]}"
20190725T105031_20190725T105702_T31TDJ_0000000000000000078b_0,3554,2465,1000,1394,1814,2080,2566,2775,2834,3076,5,2019-07-25,Eutric Cambisols,43.95669683331813,1.9258768685870264,1971,RMQS1,"{""type"":""MultiPoint"",""coordinates"":[]}"
20190725T105031_20190725T105702_T31TDJ_0000000000000000078f_0,3257,2089,623,985,1390,2076,2419,2593,2662,2996,5,2019-07-25,Eutric Cambisols,43.95679455630971,2.7223763371721823,1975,RMQS1,"{""type"":""MultiPoint"",""coordinates"":[]}"
20190725T105031_20190725T105702_T31TDJ_000000000000000007e4_0,3634,2510,941,1302,1726,2124,2507,2777,2896,3118,5,2019-07-25,Eutric Cambisols,43.66981672988419,2.3241939270868723,2065,RMQS1,"{""type"":""MultiPoint"",""coordinates"":[]}"
20190725T105031_20190725T105702_T31TDJ_00000000000000000736_0,3818,2926,1088,1528,2106,2334,2539,2737,2846,3029,5,2019-07-25,Haplic Luvisols,44.24518706868091,2.3240567532591774,1880,RMQS1,"{""type"":""MultiPoint"",""coordinates"":[]}"
20190725T105031_20190725T105702_T31TDJ_0000000000000000080c_0,3143,1840,519,745,1086,1523,1843,2116,2230,2503,5,2019-07-25,Haplic Luvisols,43.52580553458276,2.1266028762483478,2110,RMQS1,"{""type"":""MultiPoint"",""coordinates"":[]}"
20190725T105031_20190725T105702_T31TDJ_000000000000000007b9_0,4248,2758,1040,1536,2270,2503,2762,3101,3250,3448,5,2019-07-25,Luvic Cambisols,43.813637782487255,2.324160020455109,2019,RMQS1,"{""type"":""MultiPoint"",""coordinates"":[]}"
20190725T105031_20190725T105702_T31TDJ_00000000000000000834_0,3023,2206,1130,1684,1862,2155,3088,3398,3210,3469,5,2019-07-25,Regosols (Colluvic),43.38145144609924,1.9300054714673698,2154,RMQS1,"{""type"":""MultiPoint"",""coordinates"":[]}"
20190725T105031_20190725T105702_T31TDJ_000000000000000007b8_0,4048,2685,917,1380,2064,2434,2564,2877,3076,3317,5,2019-07-25,Rendzic Leptosols,43.81343217854103,2.1255375569197064,2018,RMQS1,"{""type"":""MultiPoint"",""coordinates"":[]}"
20190725T105031_20190725T105702_T31TDJ_00000000000000000761_0,4045,2642,875,1236,1802,1942,2214,2411,2876,2851,5,2019-07-25,Umbric Leptosols,44.10111660045673,2.1244594998986797,1925,RMQS1,"{""type"":""MultiPoint"",""coordinates"":[]}"
20190725T105031_20190725T105702_T31TDK_0000000000000000064e_0,4153,2571,791,1144,1638,2130,2441,2718,2905,3297,5,2019-07-25,Dystric Cambisols,45.10698726246538,2.933572992955146,1630,RMQS1,"{""type"":""MultiPoint"",""coordinates"":[]}"
20190725T105031_20190725T105702_T31TDK_000000000000000006c2_0,4556,2854,938,1350,2040,2565,2851,3187,3365,3721,5,2019-07-25,Dystric Cambisols,44.67615650531218,2.7273127243921524,1755,RMQS1,"{""type"":""MultiPoint"",""coordinates"":[]}"
20190725T105031_20190725T105702_T31TDK_00000000000000000735_0,4351,2755,943,1358,1952,2291,2757,3038,3206,3481,5,2019-07-25,Eutric Cambisols,44.244978977774174,2.1239161405307447,1879,RMQS1,"{""type"":""MultiPoint"",""coordinates"":[]}"
20190725T105031_20190725T105702_T31TDK_00000000000000000736_0,3828,2932,1090,1548,2148,2364,2545,2737,2849,3029,5,2019-07-25,Haplic Luvisols,44.24518706868091,2.3240567532591774,1880,RMQS1,"{""type"":""MultiPoint"",""coordinates"":[]}"
20190725T105031_20190725T105702_T31TDK_0000000000000000070d_0,3579,2209,521,836,1180,1548,2035,2392,2504,2782,5,2019-07-25,Lithic Leptosols,44.388904134938514,2.524673828874761,1838,RMQS1,"{""type"":""MultiPoint"",""coordinates"":[]}"
20190725T105031_20190725T105702_T31TDK_0000000000000000070a_0,3528,2064,591,901,1218,1780,2278,2553,2640,3004,5,2019-07-25,Rendzic Leptosols,44.38827791423929,1.9227214717370675,1835,RMQS1,"{""type"":""MultiPoint"",""coordinates"":[]}"
20190725T105031_20190725T105702_T31TDK_00000000000000000671_0,4508,2710,926,1330,2016,2296,2678,2984,3366,3519,5,2019-07-25,Umbric Leptosols,44.964454496326915,2.1211612828410127,1667,RMQS1,"{""type"":""MultiPoint"",""coordinates"":[]}"
20190725T105031_20190725T105702_T31TDK_0000000000000000069a_0,4534,2816,940,1366,2126,2611,2964,3280,3488,3909,5,2019-07-25,Umbric Leptosols,44.82059069646942,2.5261177106685717,1711,RMQS1,"{""type"":""MultiPoint"",""coordinates"":[]}"
20190725T105031_20190725T105702_T31TDK_0000000000000000070c_0,4083,2695,744,1084,1654,2185,2512,2811,2880,3250,5,2019-07-25,Umbric Leptosols,44.38906236160645,2.324022314234377,1837,RMQS1,"{""type"":""MultiPoint"",""coordinates"":[]}"
20190725T105031_20190725T105702_T31TDL_000000000000000005ae_0,4227,2528,695,1038,1578,2030,2368,2650,2901,3242,5,2019-07-25,Dystric Cambisols,45.68433522031902,2.3237039273097384,1461,RMQS1,"{""type"":""MultiPoint"",""coordinates"":[]}"
20190725T105031_20190725T105702_T31TDL_0000000000000000064e_0,4194,2594,766,1140,1658,2152,2457,2734,2933,3325,5,2019-07-25,Dystric Cambisols,45.10698726246538,2.933572992955146,1630,RMQS1,"{""type"":""MultiPoint"",""coordinates"":[]}"
20190725T105031_20190725T105702_T31TDL_0000000000000000058d_0,2525,1436,651,928,1334,1668,1997,2223,2382,2660,5,2019-07-25,Eutric Cambisols,45.82812019547945,2.5295761080382126,1422,RMQS1,"{""type"":""MultiPoint"",""coordinates"":[]}"
20190725T105031_20190725T105702_T31TDL_000000000000000005ac_0,4296,2821,786,1140,1586,2199,2648,2984,3041,3504,5,2019-07-25,Eutric Cambisols,45.68353226211669,1.9129680788225958,1459,RMQS1,"{""type"":""MultiPoint"",""coordinates"":[]}"
20190725T105031_20190725T105702_T31TDL_0000000000000000058c_0,4511,2938,886,1274,1992,2432,2648,3036,3251,3477,5,2019-07-25,Umbric Leptosols,45.828283039474336,2.3236681058516266,1421,RMQS1,"{""type"":""MultiPoint"",""coordinates"":[]}"
20190725T105031_20190725T105702_T31TDM_0000000000000000004b_0,3925,2431,698,1050,1426,1881,2569,2799,3214,3433,5,2019-07-25,Dystric Cambisols,46.535999349184486,2.820829749810402,SIM59057,HWSDv2,"{""type"":""MultiPoint"",""coordinates"":[]}"
20190725T105031_20190725T105702_T31TDM_000000000000000004af_0,4474,2868,874,1220,1732,2234,2507,2783,2944,3275,5,2019-07-25,Dolomitic Cambisols,46.69181816208216,2.532648079278483,1174,RMQS1,"{""type"":""MultiPoint"",""coordinates"":[]}"
20190725T105031_20190725T105702_T31TDM_00000000000000000483_0,2979,2419,783,1060,1134,1725,2423,2646,2590,2721,5,2019-07-25,Eutric Cambisols,46.834125907327305,1.6941691786867756,1129,RMQS1,"{""type"":""MultiPoint"",""coordinates"":[]}"
20190725T105031_20190725T105702_T31TDM_000000000000000004d0_0,3809,2373,721,1022,1394,1832,2411,2731,2973,3252,5,2019-07-25,Eutric Cambisols,46.546241796064976,1.697581007504501,1210,RMQS1,"{""type"":""MultiPoint"",""coordinates"":[]}"
20190725T105031_20190725T105702_T31TDM_000000000000000004d2_0,2800,1979,764,1212,1154,1571,2104,2383,2427,2496,5,2019-07-25,Eutric Cambisols,46.54782103342217,2.1148477902316745,1212,RMQS1,"{""type"":""MultiPoint"",""coordinates"":[]}"
20190725T105031_20190725T105702_T31TDM_0000000000000000051d_0,3759,2388,631,916,1286,1657,2059,2310,2597,2737,5,2019-07-25,Eutric Cambisols,46.26013607966591,2.3235593993881625,1297,RMQS1,"{""type"":""MultiPoint"",""coordinates"":[]}"
20190725T105031_20190725T105702_T31TDM_00000000000000000489_0,4019,2479,916,1334,1884,2149,2833,3159,3529,3760,5,2019-07-25,Eutric Planosols,46.83427557950005,2.952666633533814,1135,RMQS1,"{""type"":""MultiPoint"",""coordinates"":[]}"
20190725T105031_20190725T105702_T31TDM_000000000000000004d4_0,5241,3306,1460,2036,3040,3605,3871,4205,4339,4742,5,2019-07-25,Eutric Planosols,46.547870794473106,2.5321286170479222,1214,RMQS1,"{""type"":""MultiPoint"",""coordinates"":[]}"
20190725T105031_20190725T105702_T31TDM_00000000000000000488_0,5203,4200,1540,2132,2854,3415,3649,3947,3996,4302,5,2019-07-25,Eutric Retisols,46.835211482898934,2.7429212005666344,1134,RMQS1,"{""type"":""MultiPoint"",""coordinates"":[]}"
20190725T105031_20190725T105702_T31TDM_000000000000000004ae_0,4605,2891,907,1220,1804,2235,2543,2933,3156,3511,5,2019-07-25,Eutric Retisols,46.691985232644434,2.3234523208782796,1173,RMQS1,"{""type"":""MultiPoint"",""coordinates"":[]}"
20190725T105031_20190725T105702_T31TDM_000000000000000004ab_0,3521,2285,983,1282,1610,1835,2379,2574,2880,3038,5,2019-07-25,Haplic Luvisols,46.69018527607474,1.6958796349873388,1170,RMQS1,"{""type"":""MultiPoint"",""coordinates"":[]}"
20190725T105031_20190725T105702_T31TDM_000000000000000004ac_0,3779,2715,1304,1788,2362,2475,3029,3358,3704,3775,5,2019-07-25,Haplic Luvisols,46.69116882903263,1.9050655942545336,1171,RMQS1,"{""type"":""MultiPoint"",""coordinates"":[]}"
20190725T105031_20190725T105702_T31TDM_000000000000000004d6_0,4000,2532,882,1302,1992,2420,2802,3139,3308,3606,5,2019-07-25,Haplic Luvisols,46.546391687559506,2.9493976467387704,1216,RMQS1,"{""type"":""MultiPoint"",""coordinates"":[]}"
20190725T105031_20190725T105702_T31TDM_000000000000000004f7_0,3990,2444,974,1322,1886,2370,2606,3072,3016,3364,5,2019-07-25,Stagnic Luvisols,46.40392131704465,2.5316118780338015,1256,RMQS1,"{""type"":""MultiPoint"",""coordinates"":[]}"
20190725T105031_20190725T105702_T31TDM_000000000000000004f8_0,4684,3190,993,1332,1860,2561,2925,3234,3210,3719,5,2019-07-25,Umbric Leptosols,46.40337439332457,2.739697268260874,1257,RMQS1,"{""type"":""MultiPoint"",""coordinates"":[]}"
20190725T105031_20190725T105702_T31TDM_0000000000000000051b_0,4195,2631,1180,1710,2576,2955,3108,3406,3740,3872,5,2019-07-25,Umbric Leptosols,46.259324719888895,1.9084859373164629,1295,RMQS1,"{""type"":""MultiPoint"",""coordinates"":[]}"
20190725T105031_20190725T105702_T31TDM_0000000000000000051c_0,3580,2198,669,982,1328,1584,2115,2374,2479,2865,5,2019-07-25,Umbric Leptosols,46.25992056175498,2.1160209204130283,1296,RMQS1,"{""type"":""MultiPoint"",""coordinates"":[]}"
20190725T105031_20190725T105702_T31TDM_00000000000000000542_0,3421,2056,552,814,968,1523,1968,2236,2390,2638,5,2019-07-25,Umbric Leptosols,46.11455278426213,2.9445630186179126,1341,RMQS1,"{""type"":""MultiPoint"",""coordinates"":[]}"
20190725T105031_20190725T105702_T31TDM_00000000000000000009_0,4388,2666,817,1220,1860,2350,2635,2978,3072,3509,5,2019-07-25,Chromic Luvisols,46.3675,2.9111111099999993,66249,"{WD-eSOTER,WD-WISE}","{""type"":""MultiPoint"",""coordinates"":[]}"
20190725T105031_20190725T105702_T31TDN_0000000000000000006b_0,4296,2609,1044,1578,2460,2939,3192,3528,3893,4113,5,2019-07-25,Calcaric Fluvisols,47.51712916438218,2.9124227153317253,SIM92611,HWSDv2,"{""type"":""MultiPoint"",""coordinates"":[]}"
20190725T105031_20190725T105702_T31TDN_00000000000000000409_0,3174,1837,656,957,1276,1611,2089,2356,2657,2800,5,2019-07-25,Albic Podzols,47.26592270272634,1.6889836071572726,996,RMQS1,"{""type"":""MultiPoint"",""coordinates"":[]}"
20190725T105031_20190725T105702_T31TDN_00000000000000000436_0,3731,2754,1220,1788,2566,3027,3176,3333,3256,3542,5,2019-07-25,Calcaric Cambisols,47.123640607401704,2.5342243250597987,1045,RMQS1,"{""type"":""MultiPoint"",""coordinates"":[]}"
20190725T105031_20190725T105702_T31TDN_0000000000000000045c_0,5008,3441,1290,1898,2780,3279,3427,3670,3752,4132,5,2019-07-25,Calcaric Cambisols,46.97806314421428,1.6924498201961606,1085,RMQS1,"{""type"":""MultiPoint"",""coordinates"":[]}"
20190725T105031_20190725T105702_T31TDN_0000000000000000045e_0,4361,2898,1050,1554,2386,2772,2946,3204,3382,3688,5,2019-07-25,Calcaric Cambisols,46.979654960882996,2.113066139748655,1087,RMQS1,"{""type"":""MultiPoint"",""coordinates"":[]}"
20190725T105031_20190725T105702_T31TDN_00000000000000000460_0,4090,3382,943,1448,2132,2527,2677,2891,2744,3086,5,2019-07-25,Calcaric Cambisols,46.97970429233507,2.533695643621074,1089,RMQS1,"{""type"":""MultiPoint"",""coordinates"":[]}"
20190725T105031_20190725T105702_T31TDN_000000000000000008c9_0,3249,1938,714,1090,1450,1901,2558,2836,2997,3188,5,2019-07-25,Dystric Cambisols,47.84255830040598,1.8956764547247618,10797,RMQS1,"{""type"":""MultiPoint"",""coordinates"":[]}"
20190725T105031_20190725T105702_T31TDN_00000000000000000351_0,4764,2815,1478,2162,3188,4008,4289,4725,4885,5264,5,2019-07-25,Eutric Cambisols,47.843169868917435,2.1094201698833497,798,RMQS1,"{""type"":""MultiPoint"",""coordinates"":[]}"
20190725T105031_20190725T105702_T31TDN_00000000000000000383_0,4072,2390,693,1019,1642,2132,2414,2771,2943,3319,5,2019-07-25,Eutric Cambisols,47.69949039246022,2.323203433676275,851,RMQS1,"{""type"":""MultiPoint"",""coordinates"":[]}"
20190725T105031_20190725T105702_T31TDN_000000000000000003b5_0,3981,3030,1272,1898,2620,2958,3095,3281,3382,3535,5,2019-07-25,Eutric Cambisols,47.55390274742055,2.9610017841947456,906,RMQS1,"{""type"":""MultiPoint"",""coordinates"":[]}"
20190725T105031_20190725T105702_T31TDN_0000000000000000040a_0,3902,2494,1226,1422,1868,2076,2772,3097,3503,3650,5,2019-07-25,Eutric Cambisols,47.26691526786204,1.9004209607850338,997,RMQS1,"{""type"":""MultiPoint"",""coordinates"":[]}"
20190725T105031_20190725T105702_T31TDN_0000000000000000040f_0,2836,2179,804,1214,1518,1828,2350,2549,2563,2735,5,2019-07-25,Eutric Cambisols,47.26607029067076,2.957639518006341,1002,RMQS1,"{""type"":""MultiPoint"",""coordinates"":[]}"
20190725T105031_20190725T105702_T31TDN_00000000000000000432_0,3879,2260,741,1128,1562,2110,2644,2962,3194,3536,5,2019-07-25,Eutric Cambisols,47.121995805732524,1.69072149454457,1041,RMQS1,"{""type"":""MultiPoint"",""coordinates"":[]}"
20190725T105031_20190725T105702_T31TDN_0000000000000000045f_0,5340,3589,1430,2128,3184,3653,3846,4183,4364,4657,5,2019-07-25,Eutric Cambisols,46.979872395224476,2.3233806506173393,1088,RMQS1,"{""type"":""MultiPoint"",""coordinates"":[]}"
20190725T105031_20190725T105702_T31TDN_00000000000000000355_0,4103,2396,794,1302,1902,2219,3072,3557,3805,4130,5,2019-07-25,Eutric Planosols,47.84170205083067,2.964398308512684,802,RMQS1,"{""type"":""MultiPoint"",""coordinates"":[]}"
20190725T105031_20190725T105702_T31TDN_00000000000000000381_0,4956,3723,2048,2436,2978,3098,3316,3666,4171,4219,5,2019-07-25,Eutric Planosols,47.698660425916756,1.8968722804991947,849,RMQS1,"{""type"":""MultiPoint"",""coordinates"":[]}"
20190725T105031_20190725T105702_T31TDN_00000000000000000384_0,3508,2368,993,1414,1676,1999,2585,3109,3562,3393,5,2019-07-25,Eutric Planosols,47.69931950140868,2.536370775781721,852,RMQS1,"{""type"":""MultiPoint"",""coordinates"":[]}"
20190725T105031_20190725T105702_T31TDN_00000000000000000350_0,3249,1938,714,1090,1450,1901,2558,2836,2997,3188,5,2019-07-25,Haplic Luvisols,47.84255830040598,1.8956764547247618,797,RMQS1,"{""type"":""MultiPoint"",""coordinates"":[]}"
20190725T105031_20190725T105702_T31TDN_000000000000000003e1_0,4628,2669,1324,1982,3054,3633,3795,4182,4377,4782,5,2019-07-25,Luvic Cambisols,47.4114954439109,2.535292013761814,955,RMQS1,"{""type"":""MultiPoint"",""coordinates"":[]}"
20190725T105031_20190725T105702_T31TDN_0000000000000000034f_0,5362,3151,1794,2492,3748,4368,4629,5031,5272,5668,5,2019-07-25,Mollic Umbrisols,47.84155543400575,1.681939134662969,796,RMQS1,"{""type"":""MultiPoint"",""coordinates"":[]}"
20190725T105031_20190725T105702_T31TDN_00000000000000000433_0,5326,3575,1548,2226,3310,3985,4194,4469,4488,5007,5,2019-07-25,Regosols (Colluvic),47.122986100947585,1.9015909191264737,1042,RMQS1,"{""type"":""MultiPoint"",""coordinates"":[]}"
20190725T105031_20190725T105702_T31TDN_00000000000000000461_0,4843,2974,1266,1892,2934,3494,3750,4050,4144,4579,5,2019-07-25,Rendzic Leptosols,46.97915101430345,2.744008107875012,1090,RMQS1,"{""type"":""MultiPoint"",""coordinates"":[]}"
20190725T105031_20190725T105702_T31TEK_0000000000000000069d_0,3559,2089,728,1080,1626,1882,2503,2920,3040,3466,5,2019-07-25,Regosols (Colluvic),44.81788841447892,3.1326926119766956,1714,RMQS1,"{""type"":""MultiPoint"",""coordinates"":[]}"
20190725T105031_20190725T105702_T31TEK_0000000000000000069e_0,2354,1398,741,998,1224,1636,2201,2398,2576,2708,5,2019-07-25,Umbric Leptosols,44.81624720276049,3.334865958884358,1715,RMQS1,"{""type"":""MultiPoint"",""coordinates"":[]}"
20190725T105031_20190725T105702_T31TEL_0000000000000000056a_0,3772,2371,672,927,1286,1827,2130,2384,2454,2746,5,2019-07-25,Eutric Cambisols,45.969307702721736,3.14940195717346,1384,RMQS1,"{""type"":""MultiPoint"",""coordinates"":[]}"
20190725T105031_20190725T105702_T31TEL_00000000000000000590_0,2706,2385,728,966,1348,1948,2100,2305,2106,2573,5,2019-07-25,Eutric Cambisols,45.82536654174085,3.14727434954861,1425,RMQS1,"{""type"":""MultiPoint"",""coordinates"":[]}"
20190725T105031_20190725T105702_T31TEL_000000000000000005b4_0,4393,2585,779,1136,1698,2272,2816,3278,3518,3896,5,2019-07-25,Eutric Cambisols,45.67771547268617,3.5558301744653895,1467,RMQS1,"{""type"":""MultiPoint"",""coordinates"":[]}"
20190725T105031_20190725T105702_T31TEL_00000000000000000600_0,4259,2693,1096,1328,1586,2089,2805,3168,3254,3667,5,2019-07-25,Eutric Cambisols,45.39355813204673,3.1409573437407907,1548,RMQS1,"{""type"":""MultiPoint"",""coordinates"":[]}"
20190725T105031_20190725T105702_T31TEL_00000000000000000628_0,4151,2566,997,1354,1888,2267,2558,2862,2984,3308,5,2019-07-25,Eutric Cambisols,45.24963070756122,3.1388743946959705,1590,RMQS1,"{""type"":""MultiPoint"",""coordinates"":[]}"
20190725T105031_20190725T105702_T31TEL_000000000000000005d8_0,3478,2081,651,952,1124,2364,3102,3491,3306,3906,5,2019-07-25,Haplic Vertisols,45.53749059550481,3.1430513588344695,1506,RMQS1,"{""type"":""MultiPoint"",""coordinates"":[]}"
20190725T105031_20190725T105702_T31TEL_000000000000000005d9_0,3734,2192,716,978,1288,1873,2346,2713,2862,3192,5,2019-07-25,Mollic Umbrisols,45.53582735378092,3.3478597805752126,1507,RMQS1,"{""type"":""MultiPoint"",""coordinates"":[]}"
20190725T105031_20190725T105702_T31TEM_0000000000000000005d_0,4646,3074,1009,1402,2098,2448,2781,3037,3292,3609,5,2019-07-25,Dystric Cambisols,46.72236823472247,4.04957637442354,SIM25904,HWSDv2,"{""type"":""MultiPoint"",""coordinates"":[]}"
20190725T105031_20190725T105702_T31TEM_000000000000000004d7_0,4270,2768,1116,1556,2242,2586,2744,2999,3174,3406,5,2019-07-25,Calcaric Cambisols,46.5450787191567,3.1580218533469955,1217,RMQS1,"{""type"":""MultiPoint"",""coordinates"":[]}"
20190725T105031_20190725T105702_T31TEM_000000000000000004b6_0,4329,2774,964,1406,2014,2500,2801,3113,3232,3580,5,2019-07-25,Eutric Cambisols,46.67992314864527,3.9967805513984263,1181,RMQS1,"{""type"":""MultiPoint"",""coordinates"":[]}"
20190725T105031_20190725T105702_T31TEM_0000000000000000056a_0,3759,2354,675,929,1288,1815,2125,2381,2460,2738,5,2019-07-25,Eutric Cambisols,45.969307702721736,3.14940195717346,1384,RMQS1,"{""type"":""MultiPoint"",""coordinates"":[]}"
20190725T105031_20190725T105702_T31TEM_000000000000000004b5_0,4105,2683,1058,1416,2276,2366,2891,3102,3652,3668,5,2019-07-25,Eutric Planosols,46.68277144268723,3.787666472046673,1180,RMQS1,"{""type"":""MultiPoint"",""coordinates"":[]}"
20190725T105031_20190725T105702_T31TEM_00000000000000000523_0,4364,2646,881,1216,1720,2212,2506,2824,3086,3403,5,2019-07-25,Eutric Planosols,46.253442299898516,3.5686996575366936,1303,RMQS1,"{""type"":""MultiPoint"",""coordinates"":[]}"
20190725T105031_20190725T105702_T31TEM_000000000000000008d5_0,4173,2548,847,1188,1600,2249,2860,3300,3560,3917,5,2019-07-25,Eutric Planosols,46.832955360495376,3.162404385466637,11136,RMQS1,"{""type"":""MultiPoint"",""coordinates"":[]}"
20190725T105031_20190725T105702_T31TEM_000000000000000004da_0,4532,3138,1216,1686,2376,2801,2976,3239,3376,3672,5,2019-07-25,Eutric Stagnosols,46.53884808772313,3.7838164892692934,1220,RMQS1,"{""type"":""MultiPoint"",""coordinates"":[]}"
20190725T105031_20190725T105702_T31TEM_00000000000000000545_0,4187,2596,816,1186,1754,2197,2590,2953,3046,3436,5,2019-07-25,Eutric Stagnosols,46.109508719803586,3.565456671920217,1344,RMQS1,"{""type"":""MultiPoint"",""coordinates"":[]}"
20190725T105031_20190725T105702_T31TEM_000000000000000004fe_0,3929,2679,902,1212,1678,2015,2312,2527,2762,2964,5,2019-07-25,Fluvic Cambisols,46.39208995758754,3.987995703885363,1263,RMQS1,"{""type"":""MultiPoint"",""coordinates"":[]}"
20190725T105031_20190725T105702_T31TEM_000000000000000004b4_0,4314,2782,1208,1730,2566,2915,3260,3579,3830,4091,5,2019-07-25,Haplic Luvisols,46.6852369563891,3.578530612144559,1179,RMQS1,"{""type"":""MultiPoint"",""coordinates"":[]}"
20190725T105031_20190725T105702_T31TEM_000000000000000004fc_0,3919,2361,756,1068,1588,1983,2343,2684,2894,3225,5,2019-07-25,Haplic Luvisols,46.39737543877537,3.571959357479718,1261,RMQS1,"{""type"":""MultiPoint"",""coordinates"":[]}"
20190725T105031_20190725T105702_T31TEM_000000000000000004fd_0,4172,2854,777,1026,1450,1905,2177,2550,2568,2989,5,2019-07-25,Luvic Stagnosols (Ruptic),46.39492308751163,3.7799878647677483,1262,RMQS1,"{""type"":""MultiPoint"",""coordinates"":[]}"
20190725T105031_20190725T105702_T31TEM_000000000000000004d9_0,3800,2290,722,1058,1552,1942,2275,2619,2864,3124,5,2019-07-25,Mollic Umbrisols,46.541307234339925,3.575235904485403,1219,RMQS1,"{""type"":""MultiPoint"",""coordinates"":[]}"
20190725T105031_20190725T105702_T31TEM_00000000000000000521_0,3596,2509,1010,1404,1918,2310,2570,2797,2902,3055,5,2019-07-25,Mollic Umbrisols,46.25719372691628,3.15368891738102,1301,RMQS1,"{""type"":""MultiPoint"",""coordinates"":[]}"
20190725T105031_20190725T105702_T31TEM_00000000000000000524_0,3765,2245,744,1088,1538,1870,2476,3079,3138,3408,5,2019-07-25,Regosols (Colluvic),46.25099663252978,3.7761795109519727,1304,RMQS1,"{""type"":""MultiPoint"",""coordinates"":[]}"
20190725T105031_20190725T105702_T31TEM_0000000000000000048a_0,4173,2548,847,1188,1600,2249,2860,3300,3560,3917,5,2019-07-25,Stagnic Gleysols,46.832955360495376,3.162404385466637,1136,RMQS1,"{""type"":""MultiPoint"",""coordinates"":[]}"
20190725T105031_20190725T105702_T31TEM_00000000000000000543_0,3771,2401,668,949,1288,1730,2058,2332,2480,2759,5,2019-07-25,Umbric Leptosols,46.11325015735942,3.151539686394987,1342,RMQS1,"{""type"":""MultiPoint"",""coordinates"":[]}"
20190725T105031_20190725T105702_T31TEN_0000000000000000007c_0,4661,2665,1344,1988,3134,3796,4063,4428,4640,5075,5,2019-07-25,Calcaric Cambisols,47.676614112368384,4.047817177848944,SIM59109,HWSDv2,"{""type"":""MultiPoint"",""coordinates"":[]}"
20190725T105031_20190725T105702_T31TEN_00000000000000000084_0,3889,2445,778,1180,1638,2430,3238,3658,3728,4117,5,2019-07-25,Eutric Cambisols,47.11452367322506,3.6127323073983724,SIM87770,HWSDv2,"{""type"":""MultiPoint"",""coordinates"":[]}"
20190725T105031_20190725T105702_T31TEN_0000000000000000038b_0,2585,1746,618,900,1096,1605,2259,2747,2294,2919,5,2019-07-25,Calcaric Cambisols,47.68719866197225,4.028283809407994,859,RMQS1,"{""type"":""MultiPoint"",""coordinates"":[]}"
20190725T105031_20190725T105702_T31TEN_0000000000000000038c_0,4848,3072,1560,2268,3288,3841,4016,4344,4624,4844,5,2019-07-25,Calcaric Cambisols,47.683907057906545,4.241339670233422,860,RMQS1,"{""type"":""MultiPoint"",""coordinates"":[]}"
20190725T105031_20190725T105702_T31TEN_00000000000000000464_0,3098,1769,618,884,1296,1765,2403,2795,3110,3258,5,2019-07-25,Calcaric Cambisols,46.97517963642519,3.3749014626727494,1093,RMQS1,"{""type"":""MultiPoint"",""coordinates"":[]}"
20190725T105031_20190725T105702_T31TEN_00000000000000000413_0,4061,2570,744,1072,1492,1976,2406,2686,2900,3180,5,2019-07-25,Dystric Cambisols,47.25842706076886,3.8032742533259207,1006,RMQS1,"{""type"":""MultiPoint"",""coordinates"":[]}"
20190725T105031_20190725T105702_T31TEN_0000000000000000035c_0,4529,2856,1138,1716,2676,3083,3341,3627,3854,4116,5,2019-07-25,Eutric Cambisols,47.82407340617893,4.4601231189041926,809,RMQS1,"{""type"":""MultiPoint"",""coordinates"":[]}"
20190725T105031_20190725T105702_T31TEN_0000000000000000038a_0,2430,1647,566,923,1154,1510,2111,2351,2322,2524,5,2019-07-25,Eutric Cambisols,47.69010033133988,3.81520383273741,858,RMQS1,"{""type"":""MultiPoint"",""coordinates"":[]}"
20190725T105031_20190725T105702_T31TEN_000000000000000003e4_0,4226,2894,1162,1652,2398,2799,3035,3310,3480,3703,5,2019-07-25,Eutric Cambisols,47.40865578006737,3.171315212024671,958,RMQS1,"{""type"":""MultiPoint"",""coordinates"":[]}"
20190725T105031_20190725T105702_T31TEN_000000000000000003e5_0,4426,2553,1170,1780,2806,3221,3586,3870,4188,4517,5,2019-07-25,Eutric Cambisols,47.40693357261238,3.3833017951649333,959,RMQS1,"{""type"":""MultiPoint"",""coordinates"":[]}"
20190725T105031_20190725T105702_T31TEN_000000000000000003e6_0,3938,2938,1224,1864,2636,2837,2948,3154,3432,3372,5,2019-07-25,Eutric Cambisols,47.404823861309914,3.5952738799570167,960,RMQS1,"{""type"":""MultiPoint"",""coordinates"":[]}"
20190725T105031_20190725T105702_T31TEN_00000000000000000466_0,3992,2497,748,1130,1542,2074,2595,2960,3204,3410,5,2019-07-25,Eutric Cambisols,46.970609509695926,3.795429354009069,1095,RMQS1,"{""type"":""MultiPoint"",""coordinates"":[]}"
20190725T105031_20190725T105702_T31TEN_00000000000000000468_0,4635,2978,730,1126,1742,2201,2502,2837,3122,3426,5,2019-07-25,Eutric Cambisols,46.96449785073361,4.215869414732723,1097,RMQS1,"{""type"":""MultiPoint"",""coordinates"":[]}"
20190725T105031_20190725T105702_T31TEN_000000000000000008ce_0,4061,2570,744,1072,1492,1976,2406,2686,2900,3180,5,2019-07-25,Eutric Cambisols,47.25842706076886,3.8032742533259207,11006,RMQS1,"{""type"":""MultiPoint"",""coordinates"":[]}"
20190725T105031_20190725T105702_T31TEN_000000000000000003e9_0,3939,2409,711,1052,1528,1846,2284,2592,2876,3087,5,2019-07-25,Eutric Planosols,47.396165510804614,4.231068927241189,963,RMQS1,"{""type"":""MultiPoint"",""coordinates"":[]}"
20190725T105031_20190725T105702_T31TEN_000000000000000003bc_0,3488,2074,584,951,1238,1733,2322,2647,2872,3151,5,2019-07-25,Fluvic Cambisols,47.53636883635267,4.448643441343787,913,RMQS1,"{""type"":""MultiPoint"",""coordinates"":[]}"
20190725T105031_20190725T105702_T31TEN_00000000000000000463_0,3328,2318,926,1302,1782,2198,2599,2877,3198,3214,5,2019-07-25,Fluvic Cambisols,46.976888260905774,3.1646134293807,1092,RMQS1,"{""type"":""MultiPoint"",""coordinates"":[]}"
20190725T105031_20190725T105702_T31TEN_000000000000000003bb_0,4578,3191,1122,1654,2460,2906,3169,3464,3649,3888,5,2019-07-25,Luvic Stagnosols,47.54004028028161,4.236190387376669,912,RMQS1,"{""type"":""MultiPoint"",""coordinates"":[]}"
20190725T105031_20190725T105702_T31TEN_00000000000000000357_0,2604,1786,734,1196,1294,1747,2606,2881,2864,3016,5,2019-07-25,Regosols (Colluvic),47.83862082138957,3.39184320342842,804,RMQS1,"{""type"":""MultiPoint"",""coordinates"":[]}"
20190725T105031_20190725T105702_T31TEN_0000000000000000043b_0,3645,2217,635,965,1418,1951,2605,2881,3118,3531,5,2019-07-25,Regosols (Colluvic),47.11700533080649,3.5885237139543453,1050,RMQS1,"{""type"":""MultiPoint"",""coordinates"":[]}"
20190725T105031_20190725T105702_T31TEN_00000000000000000359_0,3687,2433,828,1186,1676,2227,2720,3016,3030,3402,5,2019-07-25,Rendzic Leptosols,47.83397449347843,3.819224578897194,806,RMQS1,"{""type"":""MultiPoint"",""coordinates"":[]}"
20190725T105031_20190725T105702_T31TEN_000000000000000003b8_0,3636,2406,863,1364,2096,2504,2912,3141,3242,3508,5,2019-07-25,Rendzic Leptosols,47.54872203789853,3.598677838598693,909,RMQS1,"{""type"":""MultiPoint"",""coordinates"":[]}"
20190725T105031_20190725T105702_T31TEN_00000000000000000465_0,4328,3636,1434,2026,2664,2995,3140,3348,3392,3599,5,2019-07-25,Stagnic Gleysols,46.97308682231077,3.585174830835298,1094,RMQS1,"{""type"":""MultiPoint"",""coordinates"":[]}"
20190725T105031_20190725T105702_T31TEN_0000000000000000043c_0,4425,2762,1204,1752,2540,2979,3351,3693,3980,4187,5,2019-07-25,Umbric Leptosols,47.114521329209076,3.79934138714766,1051,RMQS1,"{""type"":""MultiPoint"",""coordinates"":[]}"
20190725T105031_20190725T105702_T31TFN_0000000000000000035c_0,4531,2857,1148,1726,2692,3098,3348,3637,3858,4116,5,2019-07-25,Eutric Cambisols,47.82407340617893,4.4601231189041926,809,RMQS1,"{""type"":""MultiPoint"",""coordinates"":[]}"
20190725T105031_20190725T105702_T31TFN_000000000000000003bc_0,3488,2072,588,955,1238,1731,2322,2643,2878,3150,5,2019-07-25,Fluvic Cambisols,47.53636883635267,4.448643441343787,913,RMQS1,"{""type"":""MultiPoint"",""coordinates"":[]}"
20190725T105031_20190725T105702_T31UCP_0000000000000000031b_0,4602,3074,1770,2554,3572,3495,3854,4427,4932,4716,5,2019-07-25,Calcaric Cambisols,47.98404183296344,1.4658440887727766,740,RMQS1,"{""type"":""MultiPoint"",""coordinates"":[]}"
20190725T105031_20190725T105702_T31UCP_00000000000000000203_0,4298,3359,1356,1866,2612,3000,3100,3336,3356,3640,5,2019-07-25,Eutric Cambisols,48.701441663313894,1.2365494017005343,447,RMQS1,"{""type"":""MultiPoint"",""coordinates"":[]}"
20190725T105031_20190725T105702_T31UCP_0000000000000000023e_0,5029,3103,1316,2044,3134,3706,4057,4426,4688,5075,5,2019-07-25,Eutric Cambisols,48.56085542396343,1.6729155469005188,509,RMQS1,"{""type"":""MultiPoint"",""coordinates"":[]}"
20190725T105031_20190725T105702_T31UCP_00000000000000000274_0,3126,1921,813,1240,1918,2321,2658,3056,3188,3433,5,2019-07-25,Eutric Cambisols,48.41561194192563,1.458662749206642,566,RMQS1,"{""type"":""MultiPoint"",""coordinates"":[]}"
20190725T105031_20190725T105702_T31UCP_00000000000000000202_0,4726,3047,1020,1544,2382,2930,3177,3513,3664,4182,5,2019-07-25,Eutric Retisols,48.69922952521517,1.0193074302902678,446,RMQS1,"{""type"":""MultiPoint"",""coordinates"":[]}"
20190725T105031_20190725T105702_T31UCP_000000000000000002aa_0,4714,2914,1080,1654,2024,3082,3948,4108,4052,4919,5,2019-07-25,Eutric Retisols,48.267773070968104,1.0301448294912523,623,RMQS1,"{""type"":""MultiPoint"",""coordinates"":[]}"
20190725T105031_20190725T105702_T31UCP_000000000000000002e2_0,3834,2325,585,899,1220,1719,2360,2702,2850,3197,5,2019-07-25,Eutric Retisols,48.123926965867774,1.0337162685273735,681,RMQS1,"{""type"":""MultiPoint"",""coordinates"":[]}"
20190725T105031_20190725T105702_T31UCP_0000000000000000023d_0,4429,2921,1072,1648,2352,3280,3514,3765,3420,4224,5,2019-07-25,Haplic Luvisols,48.55944180120869,1.4562426837976599,508,RMQS1,"{""type"":""MultiPoint"",""coordinates"":[]}"
20190725T105031_20190725T105702_T31UCP_00000000000000000275_0,5041,2887,1628,2344,3624,4244,4497,4958,5428,5819,5,2019-07-25,Haplic Luvisols,48.41702172942115,1.6747395099090712,567,RMQS1,"{""type"":""MultiPoint"",""coordinates"":[]}"
20190725T105031_20190725T105702_T31UCP_00000000000000000273_0,3241,2157,579,912,1400,1738,1948,2200,2368,2696,5,2019-07-25,Luvic Cambisols,48.413806679517975,1.24259966485196,565,RMQS1,"{""type"":""MultiPoint"",""coordinates"":[]}"
20190725T105031_20190725T105702_T31UCP_000000000000000002ac_0,5288,3188,1594,2272,3458,4105,4335,4777,4876,5357,5,2019-07-25,Luvic Cambisols,48.271768171952196,1.4610694163442626,625,RMQS1,"{""type"":""MultiPoint"",""coordinates"":[]}"
20190725T105031_20190725T105702_T31UCP_000000000000000002ad_0,3768,2627,642,1042,1618,2148,2274,2538,2596,3045,5,2019-07-25,Luvic Cambisols,48.273173775874774,1.6765533442912048,626,RMQS1,"{""type"":""MultiPoint"",""coordinates"":[]}"
20190725T105031_20190725T105702_T31UCP_0000000000000000034d_0,3698,2421,837,1116,1474,2131,2707,2802,2828,3449,5,2019-07-25,Luvic Cambisols,47.83837519938972,1.254497652282048,794,RMQS1,"{""type"":""MultiPoint"",""coordinates"":[]}"
20190725T105031_20190725T105702_T31UCP_000000000000000002ab_0,3281,2185,700,1050,1610,1929,2378,2738,2814,3238,5,2019-07-25,Luvic Stagnosols,48.2699679529574,1.2455987878276893,624,RMQS1,"{""type"":""MultiPoint"",""coordinates"":[]}"
20190725T105031_20190725T105702_T31UCP_0000000000000000034a_0,4193,2795,1328,1948,2812,2754,3688,4251,4412,4672,5,2019-07-25,Luvic Stagnosols,47.83066980746326,0.6134648025979296,791,RMQS1,"{""type"":""MultiPoint"",""coordinates"":[]}"
20190725T105031_20190725T105702_T31UCP_0000000000000000034f_0,5380,3160,1770,2490,3750,4390,4653,5048,5296,5689,5,2019-07-25,Mollic Umbrisols,47.84155543400575,1.681939134662969,796,RMQS1,"{""type"":""MultiPoint"",""coordinates"":[]}"
20190725T105031_20190725T105702_T31UCQ_00000000000000000174_0,3912,2623,1142,1698,2530,2679,3141,3397,3506,3794,5,2019-07-25,Calcaric Cambisols,49.136032669120816,1.665509084487337,278,RMQS1,"{""type"":""MultiPoint"",""coordinates"":[]}"
20190725T105031_20190725T105702_T31UCQ_0000000000000000019b_0,5278,3165,1608,2182,3256,3887,4258,4681,4792,5552,5,2019-07-25,Eutric Cambisols,48.986789979658724,1.011980189683206,327,RMQS1,"{""type"":""MultiPoint"",""coordinates"":[]}"
20190725T105031_20190725T105702_T31UCQ_0000000000000000019c_0,3061,1779,881,1306,1874,2197,2352,2613,2792,3073,5,2019-07-25,Eutric Cambisols,48.9890140623296,1.2304298587690576,328,RMQS1,"{""type"":""MultiPoint"",""coordinates"":[]}"
20190725T105031_20190725T105702_T31UCQ_0000000000000000019e_0,3384,2234,759,1158,1570,1748,2255,2439,2734,2879,5,2019-07-25,Eutric Cambisols,48.99226395558002,1.667375833412688,330,RMQS1,"{""type"":""MultiPoint"",""coordinates"":[]}"
20190725T105031_20190725T105702_T31UCQ_000000000000000001cd_0,4441,3019,1396,1938,2696,3225,3403,3414,3440,4039,5,2019-07-25,Eutric Cambisols,48.843018131050385,1.0156540889892636,385,RMQS1,"{""type"":""MultiPoint"",""coordinates"":[]}"
20190725T105031_20190725T105702_T31UCQ_00000000000000000203_0,4314,3367,1344,1870,2626,3017,3112,3349,3374,3654,5,2019-07-25,Eutric Cambisols,48.701441663313894,1.2365494017005343,447,RMQS1,"{""type"":""MultiPoint"",""coordinates"":[]}"
20190725T105031_20190725T105702_T31UCQ_0000000000000000014c_0,2582,1795,866,1158,1294,1637,2411,2709,2366,2896,5,2019-07-25,Eutric Fluvisols,49.276515471368825,1.2242410066178666,233,RMQS1,"{""type"":""MultiPoint"",""coordinates"":[]}"
20190725T105031_20190725T105702_T31UCQ_00000000000000000202_0,4747,3054,1006,1544,2408,2949,3196,3537,3706,4209,5,2019-07-25,Eutric Retisols,48.69922952521517,1.0193074302902678,446,RMQS1,"{""type"":""MultiPoint"",""coordinates"":[]}"
20190725T105031_20190725T105702_T31UCQ_0000000000000000010a_0,4320,3021,1396,2106,3116,3318,3868,4332,4508,4753,5,2019-07-25,Luvic Cambisols,49.56393970113884,1.217982875699953,155,RMQS1,"{""type"":""MultiPoint"",""coordinates"":[]}"
20190725T105031_20190725T105702_T31UCQ_00000000000000000128_0,3133,2077,628,963,1514,1829,2055,2340,2474,2846,5,2019-07-25,Luvic Cambisols,49.42207764226659,1.4414246711124157,195,RMQS1,"{""type"":""MultiPoint"",""coordinates"":[]}"
20190725T105031_20190725T105702_T31UCQ_000000000000000001ce_0,4685,3132,1140,1666,2542,3036,3346,3627,3816,4192,5,2019-07-25,Luvic Cambisols,48.84523623220538,1.233498240194126,386,RMQS1,"{""type"":""MultiPoint"",""coordinates"":[]}"
20190725T105031_20190725T105702_T31UCR_000000000000000000da_0,4584,3426,965,1410,2142,3160,3279,3557,3254,4033,5,2019-07-25,Calcaric Cambisols,49.853132208716076,1.4338262144811627,99,RMQS1,"{""type"":""MultiPoint"",""coordinates"":[]}"
20190725T105031_20190725T105702_T31UCR_000000000000000000bc_0,4788,3287,1164,1716,2552,3092,3316,3698,3782,4197,5,2019-07-25,Eutric Cambisols,50.14184543087868,1.6521414189885952,60,RMQS1,"{""type"":""MultiPoint"",""coordinates"":[]}"
20190725T105031_20190725T105702_T31UCR_000000000000000000c9_0,2449,1496,542,826,1278,1554,1707,1926,2062,2424,5,2019-07-25,Luvic Cambisols,49.996771823054615,1.4312656624062745,76,RMQS1,"{""type"":""MultiPoint"",""coordinates"":[]}"
20190725T105031_20190725T105702_T31UCR_000000000000000000ca_0,4476,3088,1278,1906,2658,3120,3717,4232,4116,4782,5,2019-07-25,Luvic Cambisols,49.99822488625304,1.654081486582689,77,RMQS1,"{""type"":""MultiPoint"",""coordinates"":[]}"
20190725T105031_20190725T105702_T31UCR_0000000000000000010a_0,4347,3034,1402,2138,3178,3368,3913,4380,4572,4803,5,2019-07-25,Luvic Cambisols,49.56393970113884,1.217982875699953,155,RMQS1,"{""type"":""MultiPoint"",""coordinates"":[]}"
20190725T105031_20190725T105702_T31UCR_000000000000000000b0_0,4306,2754,1126,1642,2404,2901,3149,3442,3648,4045,5,2019-07-25,Tidalic Fluvisols,50.28543938910523,1.6501915864712242,47,RMQS1,"{""type"":""MultiPoint"",""coordinates"":[]}"
20190725T105031_20190725T105702_T31UCS_00000000000000000039_0,2985,1855,847,1210,1768,2091,2293,2514,2714,3007,5,2019-07-25,Calcaric Cambisols,50.65641267424932,1.6510873564702908,SIM4474,HWSDv2,"{""type"":""MultiPoint"",""coordinates"":[]}"
20190725T105031_20190725T105702_T31UCS_0000000000000000009f_0,3778,2804,2258,2780,2884,3045,3741,4071,4484,4358,5,2019-07-25,Rendzic Leptosols,50.57254339082955,1.6462577899891515,24,RMQS1,"{""type"":""MultiPoint"",""coordinates"":[]}"
20190725T105031_20190725T105702_T31UDP_00000000000000000071_0,4577,2849,1162,1708,2512,3065,3257,3562,3793,4166,5,2019-07-25,Eutric Cambisols,48.5995654995664,2.512561932350915,SIM42232,HWSDv2,"{""type"":""MultiPoint"",""coordinates"":[]}"
20190725T105031_20190725T105702_T31UDP_00000000000000000241_0,3724,2172,1318,1932,2786,2625,3704,4267,4708,4766,5,2019-07-25,Abruptic Luvisols,48.5627163244068,2.3229823884195913,512,RMQS1,"{""type"":""MultiPoint"",""coordinates"":[]}"
20190725T105031_20190725T105702_T31UDP_0000000000000000020b_0,4286,2526,1076,1588,2480,2995,3308,3664,3835,4405,5,2019-07-25,Calcaric Cambisols,48.704826134191606,2.974812554703716,455,RMQS1,"{""type"":""MultiPoint"",""coordinates"":[]}"
20190725T105031_20190725T105702_T31UDP_00000000000000000276_0,4943,2957,1626,2332,3588,4116,4393,4834,5217,5433,5,2019-07-25,Calcaric Cambisols,48.418035746824685,1.8908275052152994,568,RMQS1,"{""type"":""MultiPoint"",""coordinates"":[]}"
20190725T105031_20190725T105702_T31UDP_0000000000000000027b_0,4368,2707,1534,2374,3550,3721,4071,4391,5005,4846,5,2019-07-25,Calcaric Cambisols,48.41717099961288,2.9713017936535744,573,RMQS1,"{""type"":""MultiPoint"",""coordinates"":[]}"
20190725T105031_20190725T105702_T31UDP_000000000000000002af_0,2581,2175,807,1074,1234,1620,1957,2127,2540,2201,5,2019-07-25,Calcaric Cambisols,48.274802304958676,2.1075512406430126,628,RMQS1,"{""type"":""MultiPoint"",""coordinates"":[]}"
20190725T105031_20190725T105702_T31UDP_000000000000000002b0_0,5164,3184,1632,2378,3554,3963,4189,4527,4912,5139,5,2019-07-25,Calcaric Cambisols,48.27502436219857,2.323057007667784,629,RMQS1,"{""type"":""MultiPoint"",""coordinates"":[]}"
20190725T105031_20190725T105702_T31UDP_000000000000000002b1_0,5298,3162,1566,2318,3632,4282,4525,4942,5140,5592,5,2019-07-25,Calcaric Cambisols,48.27485100267507,2.5385623357130096,630,RMQS1,"{""type"":""MultiPoint"",""coordinates"":[]}"
20190725T105031_20190725T105702_T31UDP_000000000000000002e9_0,4883,3304,1462,2112,2968,3677,3879,4191,4216,4661,5,2019-07-25,Calcaric Cambisols,48.13098489367784,2.5380099326487655,688,RMQS1,"{""type"":""MultiPoint"",""coordinates"":[]}"
20190725T105031_20190725T105702_T31UDP_00000000000000000321_0,2798,1937,788,1158,1478,1795,2122,2279,2734,2528,5,2019-07-25,Calcaric Cambisols,47.9865426602432,2.7517886582102737,746,RMQS1,"{""type"":""MultiPoint"",""coordinates"":[]}"
20190725T105031_20190725T105702_T31UDP_000000000000000008c9_0,3247,1938,719,1094,1446,1895,2558,2833,2994,3190,5,2019-07-25,Dystric Cambisols,47.84255830040598,1.8956764547247618,10797,RMQS1,"{""type"":""MultiPoint"",""coordinates"":[]}"
20190725T105031_20190725T105702_T31UDP_00000000000000000208_0,3018,2017,704,973,1194,1684,2584,2956,2996,3285,5,2019-07-25,Eutric Cambisols,48.70654040780868,2.3229440563732178,452,RMQS1,"{""type"":""MultiPoint"",""coordinates"":[]}"
20190725T105031_20190725T105702_T31UDP_0000000000000000023e_0,5005,3094,1338,2042,3106,3674,4025,4386,4653,5044,5,2019-07-25,Eutric Cambisols,48.56085542396343,1.6729155469005188,509,RMQS1,"{""type"":""MultiPoint"",""coordinates"":[]}"
20190725T105031_20190725T105702_T31UDP_000000000000000002b3_0,4322,2597,1240,1908,2952,3300,3631,4005,4540,4620,5,2019-07-25,Eutric Cambisols,48.273322210503906,2.969561794251821,632,RMQS1,"{""type"":""MultiPoint"",""coordinates"":[]}"
20190725T105031_20190725T105702_T31UDP_000000000000000002eb_0,5095,3219,1454,2164,3354,4004,4312,4679,4760,5379,5,2019-07-25,Eutric Cambisols,48.12946045767385,2.967831265015268,690,RMQS1,"{""type"":""MultiPoint"",""coordinates"":[]}"
20190725T105031_20190725T105702_T31UDP_00000000000000000320_0,3047,1843,698,1054,1570,1908,2114,2403,2586,2796,5,2019-07-25,Eutric Cambisols,47.98710685394267,2.5374606452271022,745,RMQS1,"{""type"":""MultiPoint"",""coordinates"":[]}"
20190725T105031_20190725T105702_T31UDP_00000000000000000351_0,4753,2815,1472,2154,3174,3987,4269,4703,4868,5249,5,2019-07-25,Eutric Cambisols,47.843169868917435,2.1094201698833497,798,RMQS1,"{""type"":""MultiPoint"",""coordinates"":[]}"
20190725T105031_20190725T105702_T31UDP_00000000000000000355_0,4079,2385,802,1304,1896,2213,3052,3533,3775,4104,5,2019-07-25,Eutric Planosols,47.84170205083067,2.964398308512684,802,RMQS1,"{""type"":""MultiPoint"",""coordinates"":[]}"
20190725T105031_20190725T105702_T31UDP_0000000000000000020a_0,4440,2798,1354,1912,2592,3216,3760,4097,4313,4609,5,2019-07-25,Haplic Luvisols,48.70579528894485,2.7575282555298437,454,RMQS1,"{""type"":""MultiPoint"",""coordinates"":[]}"
20190725T105031_20190725T105702_T31UDP_0000000000000000023f_0,4887,2912,1188,1770,2810,3358,3658,4010,4420,4797,5,2019-07-25,Haplic Luvisols,48.56187240436339,1.8895991857404957,510,RMQS1,"{""type"":""MultiPoint"",""coordinates"":[]}"
20190725T105031_20190725T105702_T31UDP_00000000000000000240_0,3811,2235,742,1136,1456,1954,2472,2975,3195,3357,5,2019-07-25,Haplic Luvisols,48.56249270831224,2.1062892289302053,511,RMQS1,"{""type"":""MultiPoint"",""coordinates"":[]}"
20190725T105031_20190725T105702_T31UDP_00000000000000000275_0,5014,2881,1642,2342,3586,4201,4460,4919,5395,5785,5,2019-07-25,Haplic Luvisols,48.41702172942115,1.6747395099090712,567,RMQS1,"{""type"":""MultiPoint"",""coordinates"":[]}"
20190725T105031_20190725T105702_T31UDP_00000000000000000278_0,3466,2597,1188,1630,2182,2163,2517,2872,3465,3378,5,2019-07-25,Haplic Luvisols,48.418877511932216,2.3230202148648296,570,RMQS1,"{""type"":""MultiPoint"",""coordinates"":[]}"
20190725T105031_20190725T105702_T31UDP_00000000000000000350_0,3247,1938,719,1094,1446,1895,2558,2833,2994,3190,5,2019-07-25,Haplic Luvisols,47.84255830040598,1.8956764547247618,797,RMQS1,"{""type"":""MultiPoint"",""coordinates"":[]}"
20190725T105031_20190725T105702_T31UDP_00000000000000000209_0,2430,1721,819,1176,1322,1600,2357,2628,2480,2783,5,2019-07-25,Luvic Cambisols,48.70636671812621,2.5402378321558636,453,RMQS1,"{""type"":""MultiPoint"",""coordinates"":[]}"
20190725T105031_20190725T105702_T31UDP_00000000000000000277_0,5073,3055,1394,2086,3132,3714,3977,4343,4576,4955,5,2019-07-25,Luvic Cambisols,48.41865449696645,2.1069223823788863,569,RMQS1,"{""type"":""MultiPoint"",""coordinates"":[]}"
20190725T105031_20190725T105702_T31UDP_000000000000000002ad_0,3755,2622,688,1072,1636,2159,2290,2553,2610,3053,5,2019-07-25,Luvic Cambisols,48.273173775874774,1.6765533442912048,626,RMQS1,"{""type"":""MultiPoint"",""coordinates"":[]}"
20190725T105031_20190725T105702_T31UDP_0000000000000000034f_0,5347,3151,1778,2476,3710,4339,4600,4991,5260,5643,5,2019-07-25,Mollic Umbrisols,47.84155543400575,1.681939134662969,796,RMQS1,"{""type"":""MultiPoint"",""coordinates"":[]}"
20190725T105031_20190725T105702_T31UDQ_00000000000000000174_0,3870,2599,1162,1686,2482,2634,3102,3358,3470,3750,5,2019-07-25,Calcaric Cambisols,49.136032669120816,1.665509084487337,278,RMQS1,"{""type"":""MultiPoint"",""coordinates"":[]}"
20190725T105031_20190725T105702_T31UDQ_0000000000000000020b_0,4278,2519,1066,1580,2482,2997,3303,3659,3827,4399,5,2019-07-25,Calcaric Cambisols,48.704826134191606,2.974812554703716,455,RMQS1,"{""type"":""MultiPoint"",""coordinates"":[]}"
20190725T105031_20190725T105702_T31UDQ_0000000000000000019e_0,3361,2228,802,1180,1570,1751,2260,2444,2736,2876,5,2019-07-25,Eutric Cambisols,48.99226395558002,1.667375833412688,330,RMQS1,"{""type"":""MultiPoint"",""coordinates"":[]}"
20190725T105031_20190725T105702_T31UDQ_000000000000000001a2_0,3377,2073,688,1028,1328,1863,2336,2593,2769,3005,5,2019-07-25,Eutric Cambisols,48.993966246076276,2.541368882765616,334,RMQS1,"{""type"":""MultiPoint"",""coordinates"":[]}"
20190725T105031_20190725T105702_T31UDQ_000000000000000001a3_0,4822,2860,1246,1844,2822,3472,3774,4109,4364,4778,5,2019-07-25,Eutric Cambisols,48.99339209206418,2.7598678192779644,335,RMQS1,"{""type"":""MultiPoint"",""coordinates"":[]}"
20190725T105031_20190725T105702_T31UDQ_00000000000000000208_0,3016,2013,686,959,1186,1679,2581,2954,2996,3280,5,2019-07-25,Eutric Cambisols,48.70654040780868,2.3229440563732178,452,RMQS1,"{""type"":""MultiPoint"",""coordinates"":[]}"
20190725T105031_20190725T105702_T31UDQ_0000000000000000010e_0,3594,2198,1046,1448,2150,2493,2819,3279,3554,3904,5,2019-07-25,Eutric Stagnosols,49.56889381763422,2.101746362836863,159,RMQS1,"{""type"":""MultiPoint"",""coordinates"":[]}"
20190725T105031_20190725T105702_T31UDQ_0000000000000000012b_0,2039,1765,996,1190,1330,1482,1850,2072,1903,2217,5,2019-07-25,Fibric Histosols,49.42517865837183,2.1024074145428684,198,RMQS1,"{""type"":""MultiPoint"",""coordinates"":[]}"
20190725T105031_20190725T105702_T31UDQ_000000000000000001a0_0,2633,2306,824,1038,1262,1710,2007,2142,2129,2322,5,2019-07-25,Fluvic Cambisols,48.99391509715455,2.1043645797039217,332,RMQS1,"{""type"":""MultiPoint"",""coordinates"":[]}"
20190725T105031_20190725T105702_T31UDQ_000000000000000001d4_0,2719,2068,827,1194,1324,1717,2503,2846,2877,3035,5,2019-07-25,Fluvic Cambisols,48.85017478576778,2.5408021462983257,392,RMQS1,"{""type"":""MultiPoint"",""coordinates"":[]}"
20190725T105031_20190725T105702_T31UDQ_0000000000000000010f_0,4947,2874,1306,1836,2954,3557,3991,4402,4832,5282,5,2019-07-25,Haplic Luvisols,49.56912246415945,2.322706117305429,160,RMQS1,"{""type"":""MultiPoint"",""coordinates"":[]}"
20190725T105031_20190725T105702_T31UDQ_0000000000000000014f_0,5246,3476,1692,2334,3420,4038,4263,4638,4792,5275,5,2019-07-25,Haplic Luvisols,49.280814464529655,1.88334428108737,236,RMQS1,"{""type"":""MultiPoint"",""coordinates"":[]}"
20190725T105031_20190725T105702_T31UDQ_00000000000000000153_0,2978,1886,572,889,1378,1690,1966,2232,2437,2710,5,2019-07-25,Haplic Luvisols,49.28091769976065,2.7622320159826583,240,RMQS1,"{""type"":""MultiPoint"",""coordinates"":[]}"
20190725T105031_20190725T105702_T31UDQ_00000000000000000177_0,3646,2416,847,1136,1434,1804,2281,2561,2958,3000,5,2019-07-25,Haplic Luvisols,49.13791455267598,2.3228273594300304,281,RMQS1,"{""type"":""MultiPoint"",""coordinates"":[]}"
20190725T105031_20190725T105702_T31UDQ_0000000000000000020a_0,4456,2803,1358,1924,2612,3245,3783,4120,4328,4628,5,2019-07-25,Haplic Luvisols,48.70579528894485,2.7575282555298437,454,RMQS1,"{""type"":""MultiPoint"",""coordinates"":[]}"
20190725T105031_20190725T105702_T31UDQ_00000000000000000110_0,4064,3520,1206,1904,2656,2872,3025,3147,3350,3298,5,2019-07-25,Luvic Cambisols,49.56894583689343,2.5436666897699416,161,RMQS1,"{""type"":""MultiPoint"",""coordinates"":[]}"
20190725T105031_20190725T105702_T31UDQ_00000000000000000175_0,4082,2491,1408,2018,3168,3277,3532,3801,4632,4462,5,2019-07-25,Luvic Cambisols,49.13706124741972,1.8846092571838453,279,RMQS1,"{""type"":""MultiPoint"",""coordinates"":[]}"
20190725T105031_20190725T105702_T31UDQ_00000000000000000209_0,2424,1717,806,1168,1316,1590,2348,2622,2469,2772,5,2019-07-25,Luvic Cambisols,48.70636671812621,2.5402378321558636,453,RMQS1,"{""type"":""MultiPoint"",""coordinates"":[]}"
20190725T105031_20190725T105702_T31UDQ_0000000000000000010d_0,2837,1748,780,1090,1306,1895,2379,2648,2557,3173,5,2019-07-25,Luvic Stagnosols,49.56826098013314,1.8807904892721603,158,RMQS1,"{""type"":""MultiPoint"",""coordinates"":[]}"
20190725T105031_20190725T105702_T31UDQ_0000000000000000012c_0,3113,1952,619,931,1440,1834,2075,2349,2542,2878,5,2019-07-25,Luvic Stagnosols,49.42540614057504,2.3227471558419417,199,RMQS1,"{""type"":""MultiPoint"",""coordinates"":[]}"
20190725T105031_20190725T105702_T31UDQ_0000000000000000017a_0,4579,2700,1252,1908,2942,3435,3649,4065,4468,4842,5,2019-07-25,Luvic Stagnosols,49.13618741224519,2.9801472939415725,284,RMQS1,"{""type"":""MultiPoint"",""coordinates"":[]}"
20190725T105031_20190725T105702_T31UDQ_00000000000000000112_0,4841,2876,1338,1900,2984,3526,3876,4333,4641,5003,5,2019-07-25,Stagnic Gleysols,49.56738063657633,2.9855717242146427,163,RMQS1,"{""type"":""MultiPoint"",""coordinates"":[]}"
20190725T105031_20190725T105702_T31UDQ_000000000000000001d3_0,2478,2373,1636,1854,1924,2064,2153,2127,2315,2062,5,2019-07-25,Technosols,48.85034873690586,2.322905488238686,391,RMQS1,"{""type"":""MultiPoint"",""coordinates"":[]}"
20190725T105031_20190725T105702_T31UDR_000000000000000000de_0,4753,3013,1144,1700,2646,3137,3458,3833,4072,4494,5,2019-07-25,Calcaric Cambisols,49.85648964531181,2.3226256379824948,103,RMQS1,"{""type"":""MultiPoint"",""coordinates"":[]}"
20190725T105031_20190725T105702_T31UDR_000000000000000000a9_0,2706,1722,792,1098,1566,1890,2073,2311,2532,2727,5,2019-07-25,Eutric Cambisols,50.43070046559016,2.0977104657606827,36,RMQS1,"{""type"":""MultiPoint"",""coordinates"":[]}"
20190725T105031_20190725T105702_T31UDR_000000000000000000ac_0,2884,2174,1388,1500,1654,1932,2471,2735,2520,2914,5,2019-07-25,Eutric Cambisols,50.430165085295194,2.7719553311287974,39,RMQS1,"{""type"":""MultiPoint"",""coordinates"":[]}"
20190725T105031_20190725T105702_T31UDR_000000000000000000ad_0,941,643,646,692,863,935,1267,1371,1162,1450,5,2019-07-25,Eutric Cambisols,50.42916619393928,2.996695634941413,40,RMQS1,"{""type"":""MultiPoint"",""coordinates"":[]}"
20190725T105031_20190725T105702_T31UDR_000000000000000000b3_0,2624,1661,787,1110,1612,1988,2218,2485,2706,2997,5,2019-07-25,Eutric Cambisols,50.28736043598306,2.3225017207889516,50,RMQS1,"{""type"":""MultiPoint"",""coordinates"":[]}"
20190725T105031_20190725T105702_T31UDR_000000000000000000bc_0,4711,3257,1186,1692,2466,2990,3248,3632,3718,4122,5,2019-07-25,Eutric Cambisols,50.14184543087868,1.6521414189885952,60,RMQS1,"{""type"":""MultiPoint"",""coordinates"":[]}"
20190725T105031_20190725T105702_T31UDR_000000000000000000c2_0,3493,2224,1204,1592,2254,2669,2965,3273,3388,3854,5,2019-07-25,Eutric Cambisols,50.14200369750157,2.992946997301806,66,RMQS1,"{""type"":""MultiPoint"",""coordinates"":[]}"
20190725T105031_20190725T105702_T31UDR_000000000000000000cb_0,5113,3292,1552,2092,2916,3593,3913,4270,4444,5033,5,2019-07-25,Eutric Cambisols,49.99927003977352,1.8769088733350434,78,RMQS1,"{""type"":""MultiPoint"",""coordinates"":[]}"
20190725T105031_20190725T105702_T31UDR_000000000000000000cd_0,2859,1773,893,1206,1798,2154,2454,2802,3024,3373,5,2019-07-25,Eutric Cambisols,50.00013858967453,2.3225846734270483,80,RMQS1,"{""type"":""MultiPoint"",""coordinates"":[]}"
20190725T105031_20190725T105702_T31UDR_000000000000000000ce_0,5050,2987,1328,1940,3088,3817,4128,4606,4884,5482,5,2019-07-25,Eutric Cambisols,49.99996105481551,2.545424692034341,81,RMQS1,"{""type"":""MultiPoint"",""coordinates"":[]}"
20190725T105031_20190725T105702_T31UDR_000000000000000000d0_0,3398,2110,1086,1476,2112,2550,2918,3280,3462,3837,5,2019-07-25,Eutric Cambisols,49.99838355325251,2.991087849150008,83,RMQS1,"{""type"":""MultiPoint"",""coordinates"":[]}"
20190725T105031_20190725T105702_T31UDR_000000000000000000e0_0,3133,2286,254,788,1476,2197,3177,3663,1908,3971,5,2019-07-25,Eutric Cambisols,49.855728329122236,2.7670415190152466,105,RMQS1,"{""type"":""MultiPoint"",""coordinates"":[]}"
20190725T105031_20190725T105702_T31UDR_000000000000000000f4_0,3296,1973,798,1226,1930,2298,2524,2875,3144,3452,5,2019-07-25,Eutric Cambisols,49.71258809583164,2.101081697148307,130,RMQS1,"{""type"":""MultiPoint"",""coordinates"":[]}"
20190725T105031_20190725T105702_T31UDR_0000000000000000010e_0,3588,2199,1050,1454,2150,2489,2820,3279,3550,3901,5,2019-07-25,Eutric Stagnosols,49.56889381763422,2.101746362836863,159,RMQS1,"{""type"":""MultiPoint"",""coordinates"":[]}"
20190725T105031_20190725T105702_T31UDR_000000000000000000be_0,3458,2229,711,1084,1238,1904,2611,3123,3338,3536,5,2019-07-25,Haplic Luvisols,50.14353130686482,2.0990711043658408,62,RMQS1,"{""type"":""MultiPoint"",""coordinates"":[]}"
20190725T105031_20190725T105702_T31UDR_0000000000000000010f_0,4933,2868,1294,1820,2912,3520,3970,4383,4808,5257,5,2019-07-25,Haplic Luvisols,49.56912246415945,2.322706117305429,160,RMQS1,"{""type"":""MultiPoint"",""coordinates"":[]}"
20190725T105031_20190725T105702_T31UDR_000000000000000000ca_0,4407,3063,1316,1888,2578,3037,3651,4153,4062,4701,5,2019-07-25,Luvic Cambisols,49.99822488625304,1.654081486582689,77,RMQS1,"{""type"":""MultiPoint"",""coordinates"":[]}"
20190725T105031_20190725T105702_T31UDR_000000000000000000f5_0,4972,2914,1556,2168,3454,4190,4563,5075,5396,5837,5,2019-07-25,Luvic Cambisols,49.7128174628079,2.3226656536691292,131,RMQS1,"{""type"":""MultiPoint"",""coordinates"":[]}"
20190725T105031_20190725T105702_T31UDR_00000000000000000110_0,4054,3513,1200,1884,2626,2843,3025,3154,3354,3307,5,2019-07-25,Luvic Cambisols,49.56894583689343,2.5436666897699416,161,RMQS1,"{""type"":""MultiPoint"",""coordinates"":[]}"
20190725T105031_20190725T105702_T31UDR_0000000000000000010d_0,2820,1740,782,1092,1310,1890,2373,2642,2552,3162,5,2019-07-25,Luvic Stagnosols,49.56826098013314,1.8807904892721603,158,RMQS1,"{""type"":""MultiPoint"",""coordinates"":[]}"
20190725T105031_20190725T105702_T31UDR_000000000000000000c0_0,4447,3840,1180,1776,2454,2818,3123,3372,3498,3715,5,2019-07-25,Regosols (Colluvic),50.14358454537285,2.546016788788959,64,RMQS1,"{""type"":""MultiPoint"",""coordinates"":[]}"
20190725T105031_20190725T105702_T31UDR_000000000000000000cc_0,2961,2088,855,1146,1450,1743,2072,2358,2508,2701,5,2019-07-25,Rendzic Leptosols,49.999907534519636,2.099745350209818,79,RMQS1,"{""type"":""MultiPoint"",""coordinates"":[]}"
20190725T105031_20190725T105702_T31UDR_00000000000000000112_0,4816,2869,1310,1862,2924,3461,3825,4283,4588,4949,5,2019-07-25,Stagnic Gleysols,49.56738063657633,2.9855717242146427,163,RMQS1,"{""type"":""MultiPoint"",""coordinates"":[]}"
20190725T105031_20190725T105702_T31UDR_000000000000000000b0_0,4232,2728,1150,1616,2308,2803,3104,3398,3596,3981,5,2019-07-25,Tidalic Fluvisols,50.28543938910523,1.6501915864712242,47,RMQS1,"{""type"":""MultiPoint"",""coordinates"":[]}"
20190725T105031_20190725T105702_T31UDS_00000000000000000039_0,2992,1859,848,1216,1788,2108,2288,2505,2710,3006,5,2019-07-25,Calcaric Cambisols,50.65641267424932,1.6510873564702908,SIM4474,HWSDv2,"{""type"":""MultiPoint"",""coordinates"":[]}"
20190725T105031_20190725T105702_T31UDS_000000000000000000a1_0,2845,1704,796,1170,1682,2139,2441,2727,3064,3217,5,2019-07-25,Eutric Cambisols,50.57424420701826,2.0970248442935078,26,RMQS1,"{""type"":""MultiPoint"",""coordinates"":[]}"
20190725T105031_20190725T105702_T31UDS_00000000000000000095_0,2656,1721,688,1056,1526,1898,2266,2584,2752,3092,5,2019-07-25,Eutric Stagnosols,50.86124579589512,2.0956387227174256,10,RMQS1,"{""type"":""MultiPoint"",""coordinates"":[]}"
20190725T105031_20190725T105702_T31UDS_000000000000000000a3_0,2837,2143,764,1136,1372,1924,2562,2854,2902,3030,5,2019-07-25,Fluvic Cambisols,50.57429839044245,2.547810310053625,28,RMQS1,"{""type"":""MultiPoint"",""coordinates"":[]}"
20190725T105031_20190725T105702_T31UDS_0000000000000000009d_0,3853,2651,1102,1616,2336,2806,3139,3453,3488,3845,5,2019-07-25,Fluvic Stagnosols,50.71722409096727,2.7744536769440726,21,RMQS1,"{""type"":""MultiPoint"",""coordinates"":[]}"
20190725T105031_20190725T105702_T31UDS_0000000000000000009b_0,2979,2436,1254,1476,1662,1957,2270,2431,2438,2648,5,2019-07-25,Luvic Cambisols,50.71799364650035,2.3223741982983093,19,RMQS1,"{""type"":""MultiPoint"",""coordinates"":[]}"
20190725T105031_20190725T105702_T31UDS_000000000000000000a2_0,2673,1661,685,1015,1472,1871,2109,2350,2402,2782,5,2019-07-25,Luvic Cambisols,50.57447695337615,2.3224170220486497,27,RMQS1,"{""type"":""MultiPoint"",""coordinates"":[]}"
20190725T105031_20190725T105702_T31UDS_0000000000000000009f_0,3776,2799,2320,2850,2934,3069,3759,4086,4528,4372,5,2019-07-25,Rendzic Leptosols,50.57254339082955,1.6462577899891515,24,RMQS1,"{""type"":""MultiPoint"",""coordinates"":[]}"
20190725T105031_20190725T105702_T31UEP_0000000000000000007f_0,5217,3065,1480,2148,3320,3929,4208,4646,4932,5407,5,2019-07-25,Eutric Cambisols,48.71300587349915,3.430504638075634,SIM51527,HWSDv2,"{""type"":""MultiPoint"",""coordinates"":[]}"
20190725T105031_20190725T105702_T31UEP_0000000000000000020c_0,3366,2003,769,1210,1870,2349,2613,2986,3250,3609,5,2019-07-25,Calcaric Cambisols,48.703458736127025,3.1920859181167343,456,RMQS1,"{""type"":""MultiPoint"",""coordinates"":[]}"
20190725T105031_20190725T105702_T31UEP_00000000000000000249_0,3694,2238,1162,1952,1866,2959,4909,5489,5532,5852,5,2019-07-25,Calcaric Cambisols,48.54687807094027,4.272833882779359,521,RMQS1,"{""type"":""MultiPoint"",""coordinates"":[]}"
20190725T105031_20190725T105702_T31UEP_0000000000000000027d_0,4821,2745,1636,2364,3630,4235,4540,4931,5128,5592,5,2019-07-25,Calcaric Cambisols,48.41190469276996,3.6194976604195355,576,RMQS1,"{""type"":""MultiPoint"",""coordinates"":[]}"
20190725T105031_20190725T105702_T31UEP_0000000000000000027f_0,3580,2244,1106,1788,1722,2980,4598,5137,5252,5566,5,2019-07-25,Calcaric Cambisols,48.406418205516395,4.051533416952645,578,RMQS1,"{""type"":""MultiPoint"",""coordinates"":[]}"
20190725T105031_20190725T105702_T31UEP_000000000000000002b5_0,3472,2183,1009,1628,2150,2672,3341,3743,3839,4020,5,2019-07-25,Calcaric Cambisols,48.270214890027546,3.40052240924141,634,RMQS1,"{""type"":""MultiPoint"",""coordinates"":[]}"
20190725T105031_20190725T105702_T31UEP_00000000000000000327_0,3869,2284,734,1102,1512,2267,2836,3167,3343,3680,5,2019-07-25,Calcaric Cambisols,47.974921263139784,4.037508014400093,752,RMQS1,"{""type"":""MultiPoint"",""coordinates"":[]}"
20190725T105031_20190725T105702_T31UEP_00000000000000000329_0,4593,2976,1296,1836,2706,3098,3237,3549,3789,3990,5,2019-07-25,Calcaric Cambisols,47.967910801776064,4.465910681616188,754,RMQS1,"{""type"":""MultiPoint"",""coordinates"":[]}"
20190725T105031_20190725T105702_T31UEP_0000000000000000035c_0,4579,2874,1124,1732,2736,3147,3383,3671,3893,4156,5,2019-07-25,Eutric Cambisols,47.82407340617893,4.4601231189041926,809,RMQS1,"{""type"":""MultiPoint"",""coordinates"":[]}"
20190725T105031_20190725T105702_T31UEP_00000000000000000326_0,3260,2298,758,1272,1494,2047,2712,3050,3097,3256,5,2019-07-25,Haplic Luvisols,47.977838510183425,3.8232666387845935,751,RMQS1,"{""type"":""MultiPoint"",""coordinates"":[]}"
20190725T105031_20190725T105702_T31UEP_000000000000000002ba_0,4713,2804,1460,2056,3154,3555,3944,4269,4765,4959,5,2019-07-25,Luvic Stagnosols,48.2555502989698,4.477580917578768,639,RMQS1,"{""type"":""MultiPoint"",""coordinates"":[]}"
20190725T105031_20190725T105702_T31UEP_0000000000000000020d_0,4728,2688,1258,1914,3060,3694,3947,4344,4684,5112,5,2019-07-25,Regosols (Colluvic),48.70169366844977,3.4093457089391372,457,RMQS1,"{""type"":""MultiPoint"",""coordinates"":[]}"
20190725T105031_20190725T105702_T31UEP_0000000000000000027c_0,3682,1971,969,1514,2300,2364,3313,4137,4104,4436,5,2019-07-25,Regosols (Colluvic),48.41405496172534,3.4034476214968983,575,RMQS1,"{""type"":""MultiPoint"",""coordinates"":[]}"
20190725T105031_20190725T105702_T31UEP_00000000000000000328_0,3681,2767,1194,1754,2398,2699,2779,2961,2944,3208,5,2019-07-25,Regosols (Colluvic),47.971611944960706,4.251723526947866,753,RMQS1,"{""type"":""MultiPoint"",""coordinates"":[]}"
20190725T105031_20190725T105702_T31UEP_00000000000000000357_0,2615,1793,671,1164,1252,1720,2600,2875,2853,3003,5,2019-07-25,Regosols (Colluvic),47.83862082138957,3.39184320342842,804,RMQS1,"{""type"":""MultiPoint"",""coordinates"":[]}"
20190725T105031_20190725T105702_T31UEP_0000000000000000020f_0,4390,2805,1236,1792,2480,3071,3823,4401,4476,4963,5,2019-07-25,Rendzic Leptosols,48.69697151537463,3.84381025026381,459,RMQS1,"{""type"":""MultiPoint"",""coordinates"":[]}"
20190725T105031_20190725T105702_T31UEP_00000000000000000246_0,5063,3033,1372,2126,3356,3918,4225,4672,4936,5338,5,2019-07-25,Rendzic Leptosols,48.55572508899328,3.623033464744165,518,RMQS1,"{""type"":""MultiPoint"",""coordinates"":[]}"
20190725T105031_20190725T105702_T31UEP_0000000000000000027e_0,3746,2412,603,865,1288,1511,1919,2205,2320,2699,5,2019-07-25,Rendzic Leptosols,48.409359388280585,3.835527167897573,577,RMQS1,"{""type"":""MultiPoint"",""coordinates"":[]}"
20190725T105031_20190725T105702_T31UEP_00000000000000000280_0,5458,3298,1466,2238,3514,4133,4389,4827,4992,5515,5,2019-07-25,Rendzic Leptosols,48.40308202138188,4.267513168573883,579,RMQS1,"{""type"":""MultiPoint"",""coordinates"":[]}"
20190725T105031_20190725T105702_T31UEP_000000000000000002b7_0,3731,2071,1112,1752,2626,3499,3883,4299,4476,4896,5,2019-07-25,Rendzic Leptosols,48.265531928145386,3.8314183567168554,636,RMQS1,"{""type"":""MultiPoint"",""coordinates"":[]}"
20190725T105031_20190725T105702_T31UEP_000000000000000002b8_0,3237,2776,1160,1656,1752,2368,2555,2742,2559,2986,5,2019-07-25,Rendzic Leptosols,48.26259874368474,4.046833414678177,637,RMQS1,"{""type"":""MultiPoint"",""coordinates"":[]}"
20190725T105031_20190725T105702_T31UEP_00000000000000000324_0,2593,2317,527,680,884,1092,1259,1437,1410,1611,5,2019-07-25,Rendzic Leptosols,47.982497159296926,3.394720601458198,749,RMQS1,"{""type"":""MultiPoint"",""coordinates"":[]}"
20190725T105031_20190725T105702_T31UEP_00000000000000000359_0,3724,2448,791,1170,1688,2256,2742,3037,3044,3427,5,2019-07-25,Rendzic Leptosols,47.83397449347843,3.819224578897194,806,RMQS1,"{""type"":""MultiPoint"",""coordinates"":[]}"
20190725T105031_20190725T105702_T31UEP_000000000000000002ec_0,4771,2820,1192,1822,2908,3495,3770,4141,4340,4727,5,2019-07-25,Stagnic Gleysols,48.12810780180863,3.1827287684756462,691,RMQS1,"{""type"":""MultiPoint"",""coordinates"":[]}"
20190725T105031_20190725T105702_T31UEP_0000000000000000001b_0,3850,2585,800,1220,1634,2415,2922,3287,2823,3597,5,2019-07-25,Calcaric Cambisols,48.17555556,3.7499999999999996,66215,"{WD-eSOTER,WD-WISE}","{""type"":""MultiPoint"",""coordinates"":[]}"
20190725T105031_20190725T105702_T31UEQ_0000000000000000003e_0,4458,2960,1170,1748,2584,3029,3211,3556,3720,3977,5,2019-07-25,Calcaric Cambisols,49.57638025857395,4.196054229208747,SIM60664,HWSDv2,"{""type"":""MultiPoint"",""coordinates"":[]}"
20190725T105031_20190725T105702_T31UEQ_0000000000000000007f_0,5236,3066,1472,2174,3374,3990,4250,4688,4988,5461,5,2019-07-25,Eutric Cambisols,48.71300587349915,3.430504638075634,SIM51527,HWSDv2,"{""type"":""MultiPoint"",""coordinates"":[]}"
20190725T105031_20190725T105702_T31UEQ_00000000000000000113_0,3885,2335,710,1022,1484,1868,2317,2672,2874,3263,5,2019-07-25,Calcaric Cambisols,49.56599192818014,3.2065096326538,164,RMQS1,"{""type"":""MultiPoint"",""coordinates"":[]}"
20190725T105031_20190725T105702_T31UEQ_00000000000000000133_0,4370,2564,1032,1544,2490,3010,3240,3630,3753,4217,5,2019-07-25,Calcaric Cambisols,49.41570907871767,3.8649294377156487,206,RMQS1,"{""type"":""MultiPoint"",""coordinates"":[]}"
20190725T105031_20190725T105702_T31UEQ_00000000000000000134_0,4666,2793,1240,1798,2808,3189,3529,3772,4124,4421,5,2019-07-25,Calcaric Cambisols,49.412712015559535,4.085171344798594,207,RMQS1,"{""type"":""MultiPoint"",""coordinates"":[]}"
20190725T105031_20190725T105702_T31UEQ_00000000000000000135_0,2560,1809,868,1064,1104,1506,2265,2546,2776,2723,5,2019-07-25,Calcaric Cambisols,49.40931256011699,4.305386426131146,208,RMQS1,"{""type"":""MultiPoint"",""coordinates"":[]}"
20190725T105031_20190725T105702_T31UEQ_0000000000000000017b_0,4137,3053,1152,1722,2580,2963,3204,3472,3609,3869,5,2019-07-25,Calcaric Cambisols,49.13480900561818,3.1992372340169237,285,RMQS1,"{""type"":""MultiPoint"",""coordinates"":[]}"
20190725T105031_20190725T105702_T31UEQ_000000000000000001db_0,2945,1922,988,1476,1418,2089,4372,5090,5072,5298,5,2019-07-25,Calcaric Cambisols,48.83778942360765,4.065787310355802,399,RMQS1,"{""type"":""MultiPoint"",""coordinates"":[]}"
20190725T105031_20190725T105702_T31UEQ_0000000000000000020c_0,3383,2010,719,1186,1876,2364,2607,2980,3254,3623,5,2019-07-25,Calcaric Cambisols,48.703458736127025,3.1920859181167343,456,RMQS1,"{""type"":""MultiPoint"",""coordinates"":[]}"
20190725T105031_20190725T105702_T31UEQ_00000000000000000117_0,5136,4290,2226,2874,3580,3911,4081,4310,4327,4528,5,2019-07-25,Eutric Cambisols,49.556394634865434,4.090087245051258,168,RMQS1,"{""type"":""MultiPoint"",""coordinates"":[]}"
20190725T105031_20190725T105702_T31UEQ_00000000000000000157_0,4050,2860,1294,1914,2712,3162,3306,3510,3592,3845,5,2019-07-25,Eutric Cambisols,49.274585829064,3.6410073595306423,244,RMQS1,"{""type"":""MultiPoint"",""coordinates"":[]}"
20190725T105031_20190725T105702_T31UEQ_000000000000000001d9_0,4535,2705,1422,2142,3284,3680,4113,4458,4948,5155,5,2019-07-25,Eutric Cambisols,48.843321770698005,3.630162321173954,397,RMQS1,"{""type"":""MultiPoint"",""coordinates"":[]}"
20190725T105031_20190725T105702_T31UEQ_000000000000000001da_0,4495,2523,1114,1620,2600,3261,3609,4080,4140,4782,5,2019-07-25,Eutric Cambisols,48.84075502171976,3.8479859850554314,398,RMQS1,"{""type"":""MultiPoint"",""coordinates"":[]}"
20190725T105031_20190725T105702_T31UEQ_00000000000000000118_0,4312,2768,1132,1626,2338,2816,3096,3432,3574,3935,5,2019-07-25,Eutric Fluvisols,49.552985910691305,4.310920889162134,169,RMQS1,"{""type"":""MultiPoint"",""coordinates"":[]}"
20190725T105031_20190725T105702_T31UEQ_00000000000000000131_0,2899,1903,886,1310,1876,2261,2484,2818,2916,3251,5,2019-07-25,Haplic Luvisols,49.42049525316113,3.424376574569905,204,RMQS1,"{""type"":""MultiPoint"",""coordinates"":[]}"
20190725T105031_20190725T105702_T31UEQ_0000000000000000017c_0,2450,1882,447,700,957,1222,1386,1559,1671,1913,5,2019-07-25,Haplic Luvisols,49.13302940640497,3.4183131268373956,286,RMQS1,"{""type"":""MultiPoint"",""coordinates"":[]}"
20190725T105031_20190725T105702_T31UEQ_00000000000000000159_0,3450,2131,871,1300,2100,2470,2745,3055,3266,3555,5,2019-07-25,Regosols (Colluvic),49.26900917934291,4.080283111786636,246,RMQS1,"{""type"":""MultiPoint"",""coordinates"":[]}"
20190725T105031_20190725T105702_T31UEQ_0000000000000000015a_0,4808,3143,1264,1896,2900,3317,3555,3819,4028,4374,5,2019-07-25,Regosols (Colluvic),49.265619142621546,4.299883218473971,247,RMQS1,"{""type"":""MultiPoint"",""coordinates"":[]}"
20190725T105031_20190725T105702_T31UEQ_0000000000000000020d_0,4740,2687,1236,1932,3106,3741,3982,4377,4728,5160,5,2019-07-25,Regosols (Colluvic),48.70169366844977,3.4093457089391372,457,RMQS1,"{""type"":""MultiPoint"",""coordinates"":[]}"
20190725T105031_20190725T105702_T31UEQ_000000000000000001dc_0,4359,2741,1009,1528,2316,2651,3146,3479,3628,4007,5,2019-07-25,Rendzic Leptosols,48.83442503518052,4.283563095018126,400,RMQS1,"{""type"":""MultiPoint"",""coordinates"":[]}"
20190725T105031_20190725T105702_T31UEQ_0000000000000000020f_0,4414,2818,1214,1804,2504,3106,3863,4441,4528,5025,5,2019-07-25,Rendzic Leptosols,48.69697151537463,3.84381025026381,459,RMQS1,"{""type"":""MultiPoint"",""coordinates"":[]}"
20190725T105031_20190725T105702_T31UEQ_000000000000000001d8_0,2873,1724,871,1230,1858,2169,2439,2754,3099,3377,5,2019-07-25,Stagnic Gleysols,48.84548989394474,3.4123181623321734,396,RMQS1,"{""type"":""MultiPoint"",""coordinates"":[]}"
20190725T105031_20190725T105702_T31UER_0000000000000000003e_0,4507,2981,1140,1754,2640,3090,3247,3596,3760,4015,5,2019-07-25,Calcaric Cambisols,49.57638025857395,4.196054229208747,SIM60664,HWSDv2,"{""type"":""MultiPoint"",""coordinates"":[]}"
20190725T105031_20190725T105702_T31UER_00000000000000000113_0,3947,2355,685,1023,1538,1918,2311,2670,2878,3282,5,2019-07-25,Calcaric Cambisols,49.56599192818014,3.2065096326538,164,RMQS1,"{""type"":""MultiPoint"",""coordinates"":[]}"
20190725T105031_20190725T105702_T31UER_000000000000000000d1_0,3370,2154,1076,1754,2620,3248,3440,3692,3586,4086,5,2019-07-25,Eutric Cambisols,49.99698425992098,3.2139053697907163,84,RMQS1,"{""type"":""MultiPoint"",""coordinates"":[]}"
20190725T105031_20190725T105702_T31UER_000000000000000000e3_0,5048,2934,1358,2236,3106,3709,4165,4612,4792,5166,5,2019-07-25,Eutric Cambisols,49.85154127658212,3.433600324543512,108,RMQS1,"{""type"":""MultiPoint"",""coordinates"":[]}"
20190725T105031_20190725T105702_T31UER_000000000000000000c3_0,5812,3617,1774,2458,3704,4364,4706,5088,5352,5856,5,2019-07-25,Eutric Stagnosols,50.14060061368025,3.2163982072147808,67,RMQS1,"{""type"":""MultiPoint"",""coordinates"":[]}"
20190725T105031_20190725T105702_T31UER_000000000000000000e4_0,3031,1822,850,1214,1746,2098,2295,2569,2669,3063,5,2019-07-25,Haplic Luvisols,49.84933182571976,3.655756320004579,109,RMQS1,"{""type"":""MultiPoint"",""coordinates"":[]}"
20190725T105031_20190725T105702_T31UER_000000000000000000fd_0,4840,3171,1322,1910,2822,3379,3676,3957,4082,4554,5,2019-07-25,Haplic Luvisols,49.700056004656744,4.095030212917225,139,RMQS1,"{""type"":""MultiPoint"",""coordinates"":[]}"
20190725T105031_20190725T105702_T31UER_000000000000000000b7_0,2933,1673,1462,1556,1356,2021,3511,4467,4728,4827,5,2019-07-25,Luvic Cambisols,50.284191794055914,3.2189050612951036,54,RMQS1,"{""type"":""MultiPoint"",""coordinates"":[]}"
20190725T105031_20190725T105702_T31UER_000000000000000000b8_0,3484,1992,1086,1530,2288,2827,3132,3551,3580,4171,5,2019-07-25,Luvic Cambisols,50.28237565573063,3.4429805438389787,55,RMQS1,"{""type"":""MultiPoint"",""coordinates"":[]}"
20190725T105031_20190725T105702_T31UER_000000000000000000e2_0,3448,2032,1456,1852,2408,2874,3317,3652,4016,4149,5,2019-07-25,Luvic Cambisols,49.85334360089348,3.2114262910976588,107,RMQS1,"{""type"":""MultiPoint"",""coordinates"":[]}"
20190725T105031_20190725T105702_T31UER_000000000000000000e7_0,2968,1866,514,867,1274,1663,1999,2298,2310,2727,5,2019-07-25,Mollic Umbrisols,49.840267006570215,4.322083069370896,112,RMQS1,"{""type"":""MultiPoint"",""coordinates"":[]}"
20190725T105031_20190725T105702_T31UFP_0000000000000000024a_0,4764,3024,1344,1940,2974,3536,3726,4077,4252,4652,5,2019-07-25,Calcaric Cambisols,48.54313673632617,4.4893801670582985,522,RMQS1,"{""type"":""MultiPoint"",""coordinates"":[]}"
20190725T105031_20190725T105702_T31UFP_000000000000000002bb_0,4683,2872,1244,1804,2824,3382,3662,4006,4132,4549,5,2019-07-25,Calcaric Cambisols,48.25143516324276,4.692909482923313,640,RMQS1,"{""type"":""MultiPoint"",""coordinates"":[]}"
20190725T105031_20190725T105702_T31UFP_00000000000000000329_0,4606,2985,1312,1846,2720,3112,3255,3562,3802,4005,5,2019-07-25,Calcaric Cambisols,47.967910801776064,4.465910681616188,754,RMQS1,"{""type"":""MultiPoint"",""coordinates"":[]}"
20190725T105031_20190725T105702_T31UFP_00000000000000000213_0,4478,3516,2258,2868,3274,3469,3736,3907,3942,4200,5,2019-07-25,Eutric Cambisols,48.6827591856006,4.712439211085572,463,RMQS1,"{""type"":""MultiPoint"",""coordinates"":[]}"
20190725T105031_20190725T105702_T31UFP_00000000000000000281_0,4453,2834,1466,2070,2996,3515,3789,3955,4164,4479,5,2019-07-25,Eutric Cambisols,48.399350716545385,4.483464387234075,580,RMQS1,"{""type"":""MultiPoint"",""coordinates"":[]}"
20190725T105031_20190725T105702_T31UFP_0000000000000000035c_0,4568,2870,1142,1738,2732,3143,3381,3665,3884,4142,5,2019-07-25,Eutric Cambisols,47.82407340617893,4.4601231189041926,809,RMQS1,"{""type"":""MultiPoint"",""coordinates"":[]}"
20190725T105031_20190725T105702_T31UFP_0000000000000000024c_0,5243,3231,1426,2126,3206,3854,4158,4564,4856,5273,5,2019-07-25,Eutric Fluvisols,48.53446674757317,4.9223703768506635,524,RMQS1,"{""type"":""MultiPoint"",""coordinates"":[]}"
20190725T105031_20190725T105702_T31UFP_0000000000000000024b_0,4173,2690,1130,1598,2400,2722,3049,3359,3488,3812,5,2019-07-25,Fluvic Cambisols,48.53899941731076,4.705893459810416,523,RMQS1,"{""type"":""MultiPoint"",""coordinates"":[]}"
20190725T105031_20190725T105702_T31UFP_000000000000000002ba_0,4706,2801,1478,2064,3168,3567,3927,4244,4740,4934,5,2019-07-25,Luvic Stagnosols,48.2555502989698,4.477580917578768,639,RMQS1,"{""type"":""MultiPoint"",""coordinates"":[]}"
20190725T105031_20190725T105702_T31UFP_00000000000000000212_0,4109,3038,1600,2234,2358,3056,4288,4711,4660,5024,5,2019-07-25,Rendzic Leptosols,48.68690742446665,4.495328388213507,462,RMQS1,"{""type"":""MultiPoint"",""coordinates"":[]}"
20190725T105031_20190725T105702_T31UFQ_00000000000000000136_0,4971,3217,1312,1972,2950,3503,3897,4328,4492,4961,5,2019-07-25,Calcaric Cambisols,49.40551025571671,4.525570398787132,209,RMQS1,"{""type"":""MultiPoint"",""coordinates"":[]}"
20190725T105031_20190725T105702_T31UFQ_00000000000000000139_0,3603,2303,894,1268,1844,2542,2760,3168,3028,3506,5,2019-07-25,Calcaric Cambisols,49.39168859178703,5.185901022876382,212,RMQS1,"{""type"":""MultiPoint"",""coordinates"":[]}"
20190725T105031_20190725T105702_T31UFQ_0000000000000000015b_0,5192,3245,1302,2036,3134,3740,4041,4418,4632,5108,5,2019-07-25,Calcaric Cambisols,49.261827045241304,4.519452882190931,248,RMQS1,"{""type"":""MultiPoint"",""coordinates"":[]}"
20190725T105031_20190725T105702_T31UFQ_0000000000000000015c_0,4023,2477,807,1166,1488,2048,2702,3077,3154,3558,5,2019-07-25,Calcaric Cambisols,49.257633159731164,4.738988003066428,249,RMQS1,"{""type"":""MultiPoint"",""coordinates"":[]}"
20190725T105031_20190725T105702_T31UFQ_000000000000000001ab_0,4524,2961,1832,2626,3728,3535,4298,4786,5260,5255,5,2019-07-25,Calcaric Cambisols,48.97440230177886,4.507322370591027,343,RMQS1,"{""type"":""MultiPoint"",""coordinates"":[]}"
20190725T105031_20190725T105702_T31UFQ_000000000000000001df_0,4317,2586,902,1352,2182,2655,2907,3314,3526,3918,5,2019-07-25,Calcaric Cambisols,48.821946019086994,4.93669536884499,403,RMQS1,"{""type"":""MultiPoint"",""coordinates"":[]}"
20190725T105031_20190725T105702_T31UFQ_00000000000000000138_0,3731,2909,1152,1714,2236,2602,2753,2878,2754,3043,5,2019-07-25,Eutric Cambisols,49.39669771864854,4.965831391660081,211,RMQS1,"{""type"":""MultiPoint"",""coordinates"":[]}"
20190725T105031_20190725T105702_T31UFQ_00000000000000000213_0,4502,3522,2330,2956,3364,3539,3781,3935,3974,4232,5,2019-07-25,Eutric Cambisols,48.6827591856006,4.712439211085572,463,RMQS1,"{""type"":""MultiPoint"",""coordinates"":[]}"
20190725T105031_20190725T105702_T31UFQ_00000000000000000183_0,4364,2932,939,1426,2200,2628,2862,3141,3316,3618,5,2019-07-25,Mollic Umbrisols,49.104376378414244,5.170026231041101,294,RMQS1,"{""type"":""MultiPoint"",""coordinates"":[]}"
20190725T105031_20190725T105702_T31UFQ_000000000000000001de_0,5192,3149,1426,2060,3078,3609,4005,4365,4692,5075,5,2019-07-25,Rendzic Leptosols,48.82650319106196,4.71902098610247,402,RMQS1,"{""type"":""MultiPoint"",""coordinates"":[]}"
20190725T105031_20190725T105702_T31UFQ_00000000000000000212_0,4127,3046,1604,2258,2362,3069,4337,4765,4720,5078,5,2019-07-25,Rendzic Leptosols,48.68690742446665,4.495328388213507,462,RMQS1,"{""type"":""MultiPoint"",""coordinates"":[]}"
20190725T105031_20190725T105702_T31UFQ_00000000000000000119_0,3655,2264,1248,1722,2320,2553,2922,3121,3488,3653,5,2019-07-25,Vertic Cambisols,49.54917309265782,4.5317230180671295,170,RMQS1,"{""type"":""MultiPoint"",""coordinates"":[]}"
20190725T105031_20190725T105702_T31UFR_00000000000000000101_0,2462,1697,581,864,922,1438,2006,2227,2464,2593,5,2019-07-25,Eutric Cambisols,49.68395472524528,4.980648981852431,143,RMQS1,"{""type"":""MultiPoint"",""coordinates"":[]}"
