system:index,B11,B12,B2,B3,B4,B5,B6,B7,B8,B8A,SCL,date,h_wrb4,latitude,longitude,profile_id,source_db,.geo
20190225T105021_20190225T105315_T30TXN_0000000000000000006c_0,3132,2220,741,1130,1368,1880,2650,2873,3090,3035,5,2019-02-25,Calcaric Fluvisols,43.24731944408375,-0.6918296171328728,SIM91024,HWSDv2,"{""type"":""MultiPoint"",""coordinates"":[]}"
20190225T105021_20190225T105315_T30TXN_00000000000000000847_0,2610,1570,389,579,808,1240,1699,1813,2070,2339,5,2019-02-25,Lithic Leptosols,43.19204566013182,-0.8202030257132917,2179,RMQS1,"{""type"":""MultiPoint"",""coordinates"":[]}"
20190225T105021_20190225T105315_T30TXP_0000000000000000006c_0,3122,2218,742,1132,1366,1872,2643,2865,3082,3030,5,2019-02-25,Calcaric Fluvisols,43.24731944408375,-0.6918296171328728,SIM91024,HWSDv2,"{""type"":""MultiPoint"",""coordinates"":[]}"
20190225T105021_20190225T105315_T30TXP_00000000000000000728_0,1916,1172,307,514,788,843,1224,1392,1514,1597,5,2019-02-25,Albic Podzols,44.20895708933435,-0.47672453345402854,1866,RMQS1,"{""type"":""MultiPoint"",""coordinates"":[]}"
20190225T105021_20190225T105315_T30TXP_00000000000000000755_0,3094,2247,915,1282,1488,1850,2465,2583,2890,2993,5,2019-02-25,Luvic Stagnosols,44.0651892036956,-0.46958380015658663,1912,RMQS1,"{""type"":""MultiPoint"",""coordinates"":[]}"
20190225T105021_20190225T105315_T30TXP_00000000000000000727_0,3011,1816,395,574,838,1135,1647,1908,2072,2247,5,2019-02-25,Umbric Podzols,44.20362461326447,-0.6765912163004678,1865,RMQS1,"{""type"":""MultiPoint"",""coordinates"":[]}"
20190225T105021_20190225T105315_T30TXQ_00000000000000000728_0,1909,1169,289,505,781,839,1219,1386,1508,1588,5,2019-02-25,Albic Podzols,44.20895708933435,-0.47672453345402854,1866,RMQS1,"{""type"":""MultiPoint"",""coordinates"":[]}"
20190225T105021_20190225T105315_T30TXQ_0000000000000000068b_0,2984,2765,3432,3876,3632,2707,3048,2792,3898,2954,5,2019-02-25,Eutric Cambisols,44.78413733927169,-0.5056548387951271,1696,RMQS1,"{""type"":""MultiPoint"",""coordinates"":[]}"
20190225T105021_20190225T105315_T30TXQ_000000000000000006fe_0,2955,2439,626,835,969,1321,1732,1862,2114,2077,5,2019-02-25,Umbric Podzols,44.35273678130907,-0.4839019913906256,1823,RMQS1,"{""type"":""MultiPoint"",""coordinates"":[]}"
20190225T105021_20190225T105315_T30TXQ_00000000000000000727_0,3035,1833,383,572,844,1142,1661,1922,2090,2262,5,2019-02-25,Umbric Podzols,44.20362461326447,-0.6765912163004678,1865,RMQS1,"{""type"":""MultiPoint"",""coordinates"":[]}"
20190225T105021_20190225T105315_T30TYN_0000000000000000084c_0,3196,2142,554,861,1120,1578,1931,2158,2418,2415,5,2019-02-25,Eutric Cambisols,43.21642624564816,0.16184093803944713,2184,RMQS1,"{""type"":""MultiPoint"",""coordinates"":[]}"
20190225T105021_20190225T105315_T30TYN_00000000000000000864_0,1853,1214,332,489,588,921,1217,1361,1563,1612,5,2019-02-25,Eutric Cambisols,43.06407524912889,-0.2246718114461816,2217,RMQS1,"{""type"":""MultiPoint"",""coordinates"":[]}"
20190225T105021_20190225T105315_T30TYN_00000000000000000866_0,2909,2158,929,1526,1810,2164,2643,2799,2944,2891,5,2019-02-25,Eutric Cambisols,43.07272840959402,0.16726720986265578,2219,RMQS1,"{""type"":""MultiPoint"",""coordinates"":[]}"
20190225T105021_20190225T105315_T30TYN_0000000000000000087c_0,1654,1028,389,583,778,821,1166,1376,2185,1674,5,2019-02-25,Eutric Cambisols,42.93282862092441,0.3681914995850775,2248,RMQS1,"{""type"":""MultiPoint"",""coordinates"":[]}"
20190225T105021_20190225T105315_T30TYN_0000000000000000087d_0,3366,2206,773,1174,1704,1730,2004,2267,3308,3014,5,2019-02-25,Fibric Histosols,42.93625055232636,0.5637405651906553,2249,RMQS1,"{""type"":""MultiPoint"",""coordinates"":[]}"
20190225T105021_20190225T105315_T30TYP_00000000000000000030_0,2368,1798,572,866,1118,1370,1582,1678,2079,1804,5,2019-02-25,Calcaric Cambisols,44.033238784443746,0.32947762226575067,SIM783,HWSDv2,"{""type"":""MultiPoint"",""coordinates"":[]}"
20190225T105021_20190225T105315_T30TYP_00000000000000000728_0,1918,1175,331,527,789,848,1229,1393,1507,1601,5,2019-02-25,Albic Podzols,44.20895708933435,-0.47672453345402854,1866,RMQS1,"{""type"":""MultiPoint"",""coordinates"":[]}"
20190225T105021_20190225T105315_T30TYP_00000000000000000757_0,2664,1651,479,675,995,1264,1656,1882,2041,2234,5,2019-02-25,Albic Podzols,44.074732152290785,-0.07075846884607669,1914,RMQS1,"{""type"":""MultiPoint"",""coordinates"":[]}"
20190225T105021_20190225T105315_T30TYP_0000000000000000075a_0,2478,1738,549,987,1110,1512,2097,2234,2442,2319,5,2019-02-25,Calcaric Cambisols,44.08630866803374,0.5277088899999789,1917,RMQS1,"{""type"":""MultiPoint"",""coordinates"":[]}"
20190225T105021_20190225T105315_T30TYP_000000000000000007b2_0,3146,2387,746,1352,1442,1951,2458,2617,2724,2699,5,2019-02-25,Calcaric Cambisols,43.801814078706926,0.7353863730644742,2011,RMQS1,"{""type"":""MultiPoint"",""coordinates"":[]}"
20190225T105021_20190225T105315_T30TYP_000000000000000007dd_0,2747,2185,608,1098,1412,1627,1764,1836,1935,1893,5,2019-02-25,Calcaric Cambisols,43.65802295237102,0.7394234284125767,2057,RMQS1,"{""type"":""MultiPoint"",""coordinates"":[]}"
20190225T105021_20190225T105315_T30TYP_00000000000000000806_0,3045,2538,807,1418,1770,1958,2069,2209,2304,2223,5,2019-02-25,Calcaric Cambisols,43.51424709370381,0.7434401003762473,2103,RMQS1,"{""type"":""MultiPoint"",""coordinates"":[]}"
20190225T105021_20190225T105315_T30TYP_00000000000000000785_0,2640,1937,595,938,1266,1474,1760,1861,1929,2098,5,2019-02-25,Eutric Cambisols,43.94249816918925,0.532293379126103,1964,RMQS1,"{""type"":""MultiPoint"",""coordinates"":[]}"
20190225T105021_20190225T105315_T30TYP_000000000000000007b1_0,2253,1435,400,832,799,1326,2103,2343,2351,2358,5,2019-02-25,Eutric Cambisols,43.79870099823677,0.5368540129522552,2010,RMQS1,"{""type"":""MultiPoint"",""coordinates"":[]}"
20190225T105021_20190225T105315_T30TYP_00000000000000000759_0,2209,1842,630,1050,1318,1502,1533,1644,1687,1673,5,2019-02-25,Haplic Luvisols,44.08281502778731,0.32819314039789665,1916,RMQS1,"{""type"":""MultiPoint"",""coordinates"":[]}"
20190225T105021_20190225T105315_T30TYP_0000000000000000082b_0,3377,2210,717,1106,1308,1829,2651,2940,3187,3197,5,2019-02-25,Haplic Luvisols,43.36014192458075,0.15638714441469706,2145,RMQS1,"{""type"":""MultiPoint"",""coordinates"":[]}"
20190225T105021_20190225T105315_T30TYP_00000000000000000755_0,3081,2237,946,1302,1504,1847,2460,2576,2905,2983,5,2019-02-25,Luvic Stagnosols,44.0651892036956,-0.46958380015658663,1912,RMQS1,"{""type"":""MultiPoint"",""coordinates"":[]}"
20190225T105021_20190225T105315_T30TYP_00000000000000000829_0,3453,2929,1114,1278,1554,1856,2256,2410,2531,2653,5,2019-02-25,Umbrisols (Vermic),43.351443741376464,-0.23751301804574487,2143,RMQS1,"{""type"":""MultiPoint"",""coordinates"":[]}"
20190225T105021_20190225T105315_T30TYP_0000000000000000082a_0,2683,2443,655,948,1230,1436,1546,1684,1798,1839,5,2019-02-25,Umbrisols (Vermic),43.35597330765503,-0.0405779924292423,2144,RMQS1,"{""type"":""MultiPoint"",""coordinates"":[]}"
20190225T105021_20190225T105315_T30TYQ_00000000000000000728_0,1925,1182,315,520,795,850,1230,1400,1522,1603,5,2019-02-25,Albic Podzols,44.20895708933435,-0.47672453345402854,1866,RMQS1,"{""type"":""MultiPoint"",""coordinates"":[]}"
20190225T105021_20190225T105315_T30TYQ_000000000000000006db_0,2850,2727,1104,1606,2110,2308,2380,2498,2492,2508,5,2019-02-25,Eutric Fluvisols,44.51040280255146,0.11175365966486718,1784,RMQS1,"{""type"":""MultiPoint"",""coordinates"":[]}"
20190225T105021_20190225T105315_T30TYQ_00000000000000000702_0,2534,2362,825,1282,1788,1980,2049,2085,2183,2138,5,2019-02-25,Eutric Fluvisols,44.37045570221343,0.31793828823070713,1827,RMQS1,"{""type"":""MultiPoint"",""coordinates"":[]}"
20190225T105021_20190225T105315_T30TYQ_000000000000000006b7_0,1858,1471,631,886,1044,996,1110,1193,1367,1177,5,2019-02-25,Haplic Luvisols,44.66167066056686,0.5091410357468154,1744,RMQS1,"{""type"":""MultiPoint"",""coordinates"":[]}"
20190225T105021_20190225T105315_T30TYQ_000000000000000006b8_0,2913,2265,761,1178,1520,1650,1820,1931,2073,2046,5,2019-02-25,Haplic Luvisols,44.664832562379004,0.7107266218471442,1745,RMQS1,"{""type"":""MultiPoint"",""coordinates"":[]}"
20190225T105021_20190225T105315_T30TYQ_000000000000000006dd_0,2963,2374,778,1236,1556,1799,1895,2019,2291,2178,5,2019-02-25,Haplic Luvisols,44.51781425187794,0.5138181479053451,1786,RMQS1,"{""type"":""MultiPoint"",""coordinates"":[]}"
20190225T105021_20190225T105315_T30TYQ_00000000000000000691_0,2191,1293,351,473,665,987,1366,1628,1700,1947,5,2019-02-25,Luvic Cambisols,44.808706456853045,0.7065437283644227,1702,RMQS1,"{""type"":""MultiPoint"",""coordinates"":[]}"
20190225T105021_20190225T105315_T30TYQ_00000000000000000668_0,1897,1122,289,365,553,718,1096,1231,1531,1638,5,2019-02-25,Mollic Umbrisols,44.94585947668485,0.2971163753139567,1658,RMQS1,"{""type"":""MultiPoint"",""coordinates"":[]}"
20190225T105021_20190225T105315_T30TYQ_00000000000000000669_0,2499,1512,253,444,765,1008,1310,1538,1800,1999,5,2019-02-25,Mollic Umbrisols,44.94941033435976,0.49971586144971286,1659,RMQS1,"{""type"":""MultiPoint"",""coordinates"":[]}"
20190225T105021_20190225T105315_T30TYQ_00000000000000000692_0,2298,1427,276,397,620,875,1163,1321,1548,1688,5,2019-02-25,Rendzic Leptosols,44.811507211882365,0.9086684261965275,1703,RMQS1,"{""type"":""MultiPoint"",""coordinates"":[]}"
20190225T105021_20190225T105315_T30TYQ_0000000000000000072a_0,2800,1893,448,658,977,1189,1366,1551,1779,1842,5,2019-02-25,Rustic Podzols,44.218525062282644,-0.0768860659739211,1868,RMQS1,"{""type"":""MultiPoint"",""coordinates"":[]}"
20190225T105021_20190225T105315_T30TYQ_000000000000000006fe_0,2986,2462,655,854,983,1334,1747,1878,2132,2095,5,2019-02-25,Umbric Podzols,44.35273678130907,-0.4839019913906256,1823,RMQS1,"{""type"":""MultiPoint"",""coordinates"":[]}"
20190225T105021_20190225T105315_T30TYR_00000000000000000062_0,3996,3334,1058,1654,2072,2555,3057,3237,3392,3426,5,2019-02-25,Calcaric Cambisols,45.9412014057957,0.065289686897003,SIM30965,HWSDv2,"{""type"":""MultiPoint"",""coordinates"":[]}"
20190225T105021_20190225T105315_T30TYR_00000000000000000580_0,2635,2127,636,973,1360,1572,1655,1913,1926,1905,5,2019-02-25,Calcaric Cambisols,45.80083722296923,-0.1464050002597506,1409,RMQS1,"{""type"":""MultiPoint"",""coordinates"":[]}"
20190225T105021_20190225T105315_T30TYR_00000000000000000581_0,3105,2480,566,760,941,1576,1685,1682,1412,2135,5,2019-02-25,Calcaric Cambisols,45.80519683137868,0.059315101682322416,1410,RMQS1,"{""type"":""MultiPoint"",""coordinates"":[]}"
20190225T105021_20190225T105315_T30TYR_000000000000000005a4_0,3242,2272,783,1288,1300,2162,3087,3343,3550,3551,5,2019-02-25,Calcaric Cambisols,45.66131000624331,0.0652636300268976,1450,RMQS1,"{""type"":""MultiPoint"",""coordinates"":[]}"
20190225T105021_20190225T105315_T30TYR_000000000000000005a5_0,3980,3240,1040,1556,2160,2536,2623,2715,2866,2898,5,2019-02-25,Calcaric Cambisols,45.66528210595559,0.2704780405947115,1451,RMQS1,"{""type"":""MultiPoint"",""coordinates"":[]}"
20190225T105021_20190225T105315_T30TYR_000000000000000005c8_0,2556,1630,786,1120,1074,1598,2412,2549,2722,2769,5,2019-02-25,Calcaric Cambisols,45.513089622659,-0.13346799206529747,1490,RMQS1,"{""type"":""MultiPoint"",""coordinates"":[]}"
20190225T105021_20190225T105315_T30TYR_000000000000000005cd_0,2441,1453,323,498,686,1072,1377,1600,1804,1954,5,2019-02-25,Dystric Cambisols,45.53102549248425,0.8900595391276002,1495,RMQS1,"{""type"":""MultiPoint"",""coordinates"":[]}"
20190225T105021_20190225T105315_T30TYR_0000000000000000055d_0,3231,2516,698,1122,1438,1742,2062,2182,2338,2337,5,2019-02-25,Eutric Cambisols,45.95669494331757,0.4659446369728208,1371,RMQS1,"{""type"":""MultiPoint"",""coordinates"":[]}"
20190225T105021_20190225T105315_T30TYR_000000000000000005ca_0,2078,1765,546,700,883,980,1048,1176,1286,1246,5,2019-02-25,Eutric Cambisols,45.52138752930262,0.2758619491347459,1492,RMQS1,"{""type"":""MultiPoint"",""coordinates"":[]}"
20190225T105021_20190225T105315_T30TYR_000000000000000005f1_0,3562,3159,1212,1676,2098,2441,2549,2684,2798,2884,5,2019-02-25,Eutric Cambisols,45.373545582811104,0.07706807018069811,1533,RMQS1,"{""type"":""MultiPoint"",""coordinates"":[]}"
20190225T105021_20190225T105315_T30TYR_000000000000000005f4_0,1565,1004,198,291,349,623,925,1102,807,1239,5,2019-02-25,Eutric Cambisols,45.3842787106273,0.6895959745915257,1536,RMQS1,"{""type"":""MultiPoint"",""coordinates"":[]}"
20190225T105021_20190225T105315_T30TYR_00000000000000000619_0,2512,1813,587,749,1006,1292,1863,1989,1962,2294,5,2019-02-25,Luvic Cambisols,45.22967037836249,0.0829237907257251,1575,RMQS1,"{""type"":""MultiPoint"",""coordinates"":[]}"
20190225T105021_20190225T105315_T30TYR_00000000000000000644_0,2007,1225,322,476,637,838,1236,1443,1760,1723,5,2019-02-25,Luvic Stagnosols,45.09929510727043,0.9012833888857089,1620,RMQS1,"{""type"":""MultiPoint"",""coordinates"":[]}"
20190225T105021_20190225T105315_T30TYR_0000000000000000055b_0,2505,2073,425,744,1132,1322,1427,1508,1540,1545,5,2019-02-25,Rendzic Leptosols,45.94908569567597,0.0533355420428352,1369,RMQS1,"{""type"":""MultiPoint"",""coordinates"":[]}"
20190225T105021_20190225T105315_T30TYR_00000000000000000582_0,3906,3409,744,1236,1970,2250,2398,2496,2640,2673,5,2019-02-25,Rendzic Leptosols,45.809179554957446,0.2650661302913653,1411,RMQS1,"{""type"":""MultiPoint"",""coordinates"":[]}"
20190225T105021_20190225T105315_T30TYR_000000000000000005f3_0,2332,1908,460,802,1044,1184,1236,1348,1390,1410,5,2019-02-25,Rendzic Leptosols,45.38107425208028,0.4853942395465012,1535,RMQS1,"{""type"":""MultiPoint"",""coordinates"":[]}"
20190225T105021_20190225T105315_T30TYR_00000000000000000028_0,2807,2288,639,963,1078,1451,1877,1864,1958,2287,5,2019-02-25,Eutric Fluvisols,45.89861111,0.00277778,68782,{WD-WISE},"{""type"":""MultiPoint"",""coordinates"":[]}"
20190225T105021_20190225T105315_T30TYS_00000000000000000062_0,3998,3338,1044,1660,2086,2554,3058,3238,3426,3427,5,2019-02-25,Calcaric Cambisols,45.9412014057957,0.065289686897003,SIM30965,HWSDv2,"{""type"":""MultiPoint"",""coordinates"":[]}"
20190225T105021_20190225T105315_T30TYS_0000000000000000047c_0,3080,2331,553,860,1050,1416,1759,1927,2182,2212,5,2019-02-25,Calcaric Cambisols,46.81647502906954,0.2263821490651051,1122,RMQS1,"{""type"":""MultiPoint"",""coordinates"":[]}"
20190225T105021_20190225T105315_T30TYS_000000000000000004a4_0,3488,2438,766,1256,1440,2119,3011,3257,3510,3380,5,2019-02-25,Calcaric Cambisols,46.67258035875013,0.23199594562391013,1163,RMQS1,"{""type"":""MultiPoint"",""coordinates"":[]}"
20190225T105021_20190225T105315_T30TYS_00000000000000000512_0,2469,1610,483,750,783,1138,1561,1751,2158,2067,5,2019-02-25,Calcaric Stagnosols,46.23686758524333,0.0412826508080623,1286,RMQS1,"{""type"":""MultiPoint"",""coordinates"":[]}"
20190225T105021_20190225T105315_T30TYS_000000000000000004a6_0,1759,1111,310,436,487,670,1030,1136,1336,1369,5,2019-02-25,Eutric Cambisols,46.67952531374118,0.6501434335032911,1165,RMQS1,"{""type"":""MultiPoint"",""coordinates"":[]}"
20190225T105021_20190225T105315_T30TYS_000000000000000004a7_0,3007,2626,792,1252,1764,1999,2160,2245,2442,2379,5,2019-02-25,Eutric Cambisols,46.68242330115931,0.8592545683175709,1166,RMQS1,"{""type"":""MultiPoint"",""coordinates"":[]}"
20190225T105021_20190225T105315_T30TYS_00000000000000000535_0,2475,1859,607,999,1160,1690,2230,2445,2546,2564,5,2019-02-25,Eutric Cambisols,46.09297615641257,0.04732481199581941,1327,RMQS1,"{""type"":""MultiPoint"",""coordinates"":[]}"
20190225T105021_20190225T105315_T30TYS_00000000000000000537_0,2315,1551,433,619,708,1035,1370,1572,1788,1799,5,2019-02-25,Eutric Cambisols,46.10060579064003,0.46101915479149014,1329,RMQS1,"{""type"":""MultiPoint"",""coordinates"":[]}"
20190225T105021_20190225T105315_T30TYS_0000000000000000055d_0,3234,2517,684,1122,1448,1739,2059,2180,2352,2336,5,2019-02-25,Eutric Cambisols,45.95669494331757,0.4659446369728208,1371,RMQS1,"{""type"":""MultiPoint"",""coordinates"":[]}"
20190225T105021_20190225T105315_T30TYS_00000000000000000513_0,3270,3147,912,1390,1872,2146,2249,2345,2432,2463,5,2019-02-25,Luvic Cambisols,46.240882187673726,0.2486608574550119,1287,RMQS1,"{""type"":""MultiPoint"",""coordinates"":[]}"
20190225T105021_20190225T105315_T30TYS_00000000000000000536_0,2798,2593,698,1120,1616,1705,1880,1954,2128,2066,5,2019-02-25,Luvic Cambisols,46.09698040593662,0.2541578951208035,1328,RMQS1,"{""type"":""MultiPoint"",""coordinates"":[]}"
20190225T105021_20190225T105315_T30TYS_0000000000000000055b_0,2504,2074,410,741,1138,1319,1423,1505,1552,1542,5,2019-02-25,Rendzic Leptosols,45.94908569567597,0.0533355420428352,1369,RMQS1,"{""type"":""MultiPoint"",""coordinates"":[]}"
20190225T105021_20190225T105315_T30TYT_0000000000000000037d_0,2965,2245,577,981,1328,1687,2054,2183,2330,2310,5,2019-02-25,Eutric Cambisols,47.69231735110835,1.0443128583803534,845,RMQS1,"{""type"":""MultiPoint"",""coordinates"":[]}"
20190225T105021_20190225T105315_T30TYT_000000000000000003aa_0,3654,2712,964,1472,1682,2370,3116,3286,3516,3489,5,2019-02-25,Eutric Cambisols,47.542927371413136,0.6227839914739651,895,RMQS1,"{""type"":""MultiPoint"",""coordinates"":[]}"
20190225T105021_20190225T105315_T30TYT_0000000000000000042f_0,2837,2079,882,1412,1466,2130,2810,2953,3066,3022,5,2019-02-25,Eutric Retisols,47.11670746180148,1.0581797222389806,1038,RMQS1,"{""type"":""MultiPoint"",""coordinates"":[]}"
20190225T105021_20190225T105315_T30TYT_0000000000000000037c_0,2902,2124,785,1318,1482,2078,2747,2929,3144,3078,5,2019-02-25,Haplic Luvisols,47.68975585042416,0.8312134254903143,844,RMQS1,"{""type"":""MultiPoint"",""coordinates"":[]}"
20190225T105021_20190225T105315_T30TYT_000000000000000003ac_0,2431,1560,344,494,684,969,1250,1437,1674,1732,5,2019-02-25,Haplic Luvisols,47.54842634489564,1.0478077768911012,897,RMQS1,"{""type"":""MultiPoint"",""coordinates"":[]}"
20190225T105021_20190225T105315_T30TYT_00000000000000000404_0,2694,1846,639,1015,1120,1415,2003,2271,2740,2411,5,2019-02-25,Haplic Luvisols,47.25515043152472,0.6320023123013093,991,RMQS1,"{""type"":""MultiPoint"",""coordinates"":[]}"
20190225T105021_20190225T105315_T30TYT_000000000000000003d9_0,2763,2319,696,993,1232,1588,1883,2057,2114,2290,5,2019-02-25,Luvic Cambisols,47.4019787775616,0.8393340704118676,947,RMQS1,"{""type"":""MultiPoint"",""coordinates"":[]}"
20190225T105021_20190225T105315_T30TYT_000000000000000003da_0,3028,2183,805,1270,1592,2071,2515,2644,2776,2788,5,2019-02-25,Luvic Cambisols,47.404526962741336,1.0512838631524177,948,RMQS1,"{""type"":""MultiPoint"",""coordinates"":[]}"
20190225T105021_20190225T105315_T30TYT_0000000000000000042d_0,3076,2229,704,937,1180,1485,1837,1997,2164,2203,5,2019-02-25,Rendzic Leptosols,47.111251889494554,0.6365738313282675,1036,RMQS1,"{""type"":""MultiPoint"",""coordinates"":[]}"
20190225T105021_20190225T105315_T30UYU_00000000000000000272_0,3279,2432,686,1048,1298,1774,2147,2380,2586,2601,5,2019-02-25,Eutric Retisols,48.411606154539754,1.0265529667530489,564,RMQS1,"{""type"":""MultiPoint"",""coordinates"":[]}"
20190225T105021_20190225T105315_T30UYV_0000000000000000019b_0,3598,2998,1012,1582,2026,2497,3019,3192,3388,3292,5,2019-02-25,Eutric Cambisols,48.986789979658724,1.011980189683206,327,RMQS1,"{""type"":""MultiPoint"",""coordinates"":[]}"
20190225T105021_20190225T105315_T30UYV_0000000000000000014c_0,1992,1561,671,886,1017,1209,1340,1377,1388,1489,5,2019-02-25,Eutric Fluvisols,49.276515471368825,1.2242410066178666,233,RMQS1,"{""type"":""MultiPoint"",""coordinates"":[]}"
20190225T105021_20190225T105315_T30UYV_0000000000000000010a_0,3254,2727,1094,1624,2050,2362,2553,2563,2888,2723,5,2019-02-25,Luvic Cambisols,49.56393970113884,1.217982875699953,155,RMQS1,"{""type"":""MultiPoint"",""coordinates"":[]}"
20190225T105021_20190225T105315_T31TCH_00000000000000000852_0,2300,1673,645,1142,1428,1280,1479,1761,1928,1827,5,2019-02-25,Calcaric Cambisols,43.233830788422544,1.3411659095380064,2190,RMQS1,"{""type"":""MultiPoint"",""coordinates"":[]}"
20190225T105021_20190225T105315_T31TCH_0000000000000000088e_0,3292,2068,488,852,1254,1339,1913,2084,2510,2505,5,2019-02-25,Cambic Umbrisols,42.80429186699147,1.5437373172803144,2277,RMQS1,"{""type"":""MultiPoint"",""coordinates"":[]}"
20190225T105021_20190225T105315_T31TCH_0000000000000000087d_0,3655,2365,877,1253,1746,1859,2205,2556,3638,3220,5,2019-02-25,Fibric Histosols,42.93625055232636,0.5637405651906553,2249,RMQS1,"{""type"":""MultiPoint"",""coordinates"":[]}"
20190225T105021_20190225T105315_T31TCH_00000000000000000854_0,3166,2416,916,1590,1532,2274,3228,3402,3767,3518,5,2019-02-25,Mollic Umbrisols,43.23675734912461,1.7343973183347328,2192,RMQS1,"{""type"":""MultiPoint"",""coordinates"":[]}"
20190225T105021_20190225T105315_T31TCJ_00000000000000000083_0,2395,1925,1074,1626,1848,1379,2139,1950,2802,2343,5,2019-02-25,Calcaric Cambisols,43.78608327784773,1.3843490695106873,SIM27892,HWSDv2,"{""type"":""MultiPoint"",""coordinates"":[]}"
20190225T105021_20190225T105315_T31TCJ_00000000000000000731_0,3159,2337,886,1274,1604,1977,2417,2617,2721,2761,5,2019-02-25,Calcaric Cambisols,44.2404851063561,1.3234055011692607,1875,RMQS1,"{""type"":""MultiPoint"",""coordinates"":[]}"
20190225T105021_20190225T105315_T31TCJ_0000000000000000075a_0,2490,1761,569,1006,1124,1529,2143,2273,2342,2368,5,2019-02-25,Calcaric Cambisols,44.08630866803374,0.5277088899999789,1917,RMQS1,"{""type"":""MultiPoint"",""coordinates"":[]}"
20190225T105021_20190225T105315_T31TCJ_000000000000000007b2_0,3058,2267,783,1404,1514,1875,2494,2648,2770,2695,5,2019-02-25,Calcaric Cambisols,43.801814078706926,0.7353863730644742,2011,RMQS1,"{""type"":""MultiPoint"",""coordinates"":[]}"
20190225T105021_20190225T105315_T31TCJ_000000000000000007b3_0,3258,2555,875,1298,1666,1936,2016,2148,2289,2313,5,2019-02-25,Calcaric Cambisols,43.804563518724855,0.9339386706927577,2012,RMQS1,"{""type"":""MultiPoint"",""coordinates"":[]}"
20190225T105021_20190225T105315_T31TCJ_000000000000000007dd_0,2740,2180,648,1096,1392,1623,1754,1819,1918,1869,5,2019-02-25,Calcaric Cambisols,43.65802295237102,0.7394234284125767,2057,RMQS1,"{""type"":""MultiPoint"",""coordinates"":[]}"
20190225T105021_20190225T105315_T31TCJ_000000000000000007de_0,2442,2017,628,1090,1334,1500,1548,1614,1745,1676,5,2019-02-25,Calcaric Cambisols,43.6607654692577,0.9374759088034046,2058,RMQS1,"{""type"":""MultiPoint"",""coordinates"":[]}"
20190225T105021_20190225T105315_T31TCJ_000000000000000007e1_0,2826,2180,772,1338,1692,1986,2169,2199,2108,2333,5,2019-02-25,Calcaric Cambisols,43.66811185509377,1.7298359782939583,2062,RMQS1,"{""type"":""MultiPoint"",""coordinates"":[]}"
20190225T105021_20190225T105315_T31TCJ_00000000000000000806_0,3022,2492,806,1434,1772,1921,2056,2187,2316,2228,5,2019-02-25,Calcaric Cambisols,43.51424709370381,0.7434401003762473,2103,RMQS1,"{""type"":""MultiPoint"",""coordinates"":[]}"
20190225T105021_20190225T105315_T31TCJ_00000000000000000832_0,2237,1747,578,951,1198,1349,1518,1604,1590,1659,5,2019-02-25,Calcaric Cambisols,43.379238151330306,1.5357705717025496,2152,RMQS1,"{""type"":""MultiPoint"",""coordinates"":[]}"
20190225T105021_20190225T105315_T31TCJ_00000000000000000785_0,2763,1985,586,802,1078,1549,1897,2220,1931,2422,5,2019-02-25,Eutric Cambisols,43.94249816918925,0.532293379126103,1964,RMQS1,"{""type"":""MultiPoint"",""coordinates"":[]}"
20190225T105021_20190225T105315_T31TCJ_000000000000000007b1_0,2269,1444,427,852,855,1324,2102,2325,2376,2308,5,2019-02-25,Eutric Cambisols,43.79870099823677,0.5368540129522552,2010,RMQS1,"{""type"":""MultiPoint"",""coordinates"":[]}"
20190225T105021_20190225T105315_T31TCJ_000000000000000007dc_0,2400,1535,534,1013,957,1446,2228,2440,2602,2498,5,2019-02-25,Eutric Cambisols,43.654918009678816,0.5413905996353507,2056,RMQS1,"{""type"":""MultiPoint"",""coordinates"":[]}"
20190225T105021_20190225T105315_T31TCJ_0000000000000000075c_0,2887,2589,1228,1716,2140,2437,2532,2625,2785,2695,5,2019-02-25,Eutric Fluvisols,44.09220210607855,0.9268088875590461,1919,RMQS1,"{""type"":""MultiPoint"",""coordinates"":[]}"
20190225T105021_20190225T105315_T31TCJ_00000000000000000831_0,1728,1167,297,590,616,1119,1742,1943,1794,2016,5,2019-02-25,Eutric Stagnosols,43.377591309564,1.3386668701530315,2151,RMQS1,"{""type"":""MultiPoint"",""coordinates"":[]}"
20190225T105021_20190225T105315_T31TCJ_00000000000000000789_0,2467,2034,626,1007,1264,1650,2142,2320,2338,2527,5,2019-02-25,Haplic Luvisols,43.9527966974489,1.3285439563076873,1968,RMQS1,"{""type"":""MultiPoint"",""coordinates"":[]}"
20190225T105021_20190225T105315_T31TCJ_000000000000000007b6_0,2541,1995,678,988,1254,1670,1994,2123,2500,2300,5,2019-02-25,Luvic Stagnosols,43.8106328718726,1.529691911310527,2015,RMQS1,"{""type"":""MultiPoint"",""coordinates"":[]}"
20190225T105021_20190225T105315_T31TCJ_000000000000000007e0_0,2394,1706,438,792,735,1521,2166,2415,3160,2626,5,2019-02-25,Mollic Umbrisols,43.66516340856269,1.3336310198705403,2060,RMQS1,"{""type"":""MultiPoint"",""coordinates"":[]}"
20190225T105021_20190225T105315_T31TCJ_000000000000000007df_0,2313,1764,567,1046,1108,1592,2093,2210,2250,2266,5,2019-02-25,Regosols (Colluvic),43.663145610161905,1.1355461494338939,2059,RMQS1,"{""type"":""MultiPoint"",""coordinates"":[]}"
20190225T105021_20190225T105315_T31TCJ_00000000000000000833_0,3217,2535,803,1226,1458,1896,2224,2397,2702,2604,5,2019-02-25,Regosols (Colluvic),43.3805251082789,1.7328839686620165,2153,RMQS1,"{""type"":""MultiPoint"",""coordinates"":[]}"
20190225T105021_20190225T105315_T31TCJ_00000000000000000809_0,1892,1496,689,804,862,1065,1743,2037,1542,2147,5,2019-02-25,Technosols,43.521369132715655,1.336155148233926,2106,RMQS1,"{""type"":""MultiPoint"",""coordinates"":[]}"
20190225T105021_20190225T105315_T31TCK_000000000000000006e2_0,2857,2077,610,960,1058,1549,2171,2361,2741,2621,5,2019-02-25,Calcaric Cambisols,44.529903166558434,1.5193539537680492,1791,RMQS1,"{""type"":""MultiPoint"",""coordinates"":[]}"
20190225T105021_20190225T105315_T31TCK_00000000000000000707_0,2628,1748,364,555,696,1171,1590,1832,1954,2126,5,2019-02-25,Calcaric Cambisols,44.384347996292206,1.3208166726054913,1832,RMQS1,"{""type"":""MultiPoint"",""coordinates"":[]}"
20190225T105021_20190225T105315_T31TCK_00000000000000000731_0,3144,2331,871,1268,1596,1971,2406,2598,2703,2746,5,2019-02-25,Calcaric Cambisols,44.2404851063561,1.3234055011692607,1875,RMQS1,"{""type"":""MultiPoint"",""coordinates"":[]}"
20190225T105021_20190225T105315_T31TCK_00000000000000000695_0,1852,1161,319,508,578,906,1342,1505,1624,1770,5,2019-02-25,Eutric Cambisols,44.81768950681203,1.5151456106996801,1706,RMQS1,"{""type"":""MultiPoint"",""coordinates"":[]}"
20190225T105021_20190225T105315_T31TCK_000000000000000006ba_0,2269,1357,416,516,683,1016,1391,1632,1899,1982,5,2019-02-25,Eutric Cambisols,44.67005024672908,1.1139592342056037,1747,RMQS1,"{""type"":""MultiPoint"",""coordinates"":[]}"
20190225T105021_20190225T105315_T31TCK_000000000000000006b7_0,2110,1661,680,939,1106,1262,1338,1414,1467,1449,5,2019-02-25,Haplic Luvisols,44.66167066056686,0.5091410357468154,1744,RMQS1,"{""type"":""MultiPoint"",""coordinates"":[]}"
20190225T105021_20190225T105315_T31TCK_000000000000000006b8_0,2955,2225,811,1228,1556,1668,1977,2082,2191,2208,5,2019-02-25,Haplic Luvisols,44.664832562379004,0.7107266218471442,1745,RMQS1,"{""type"":""MultiPoint"",""coordinates"":[]}"
20190225T105021_20190225T105315_T31TCK_000000000000000006dd_0,3152,2539,896,1386,1692,1927,2044,2212,2482,2381,5,2019-02-25,Haplic Luvisols,44.51781425187794,0.5138181479053451,1786,RMQS1,"{""type"":""MultiPoint"",""coordinates"":[]}"
20190225T105021_20190225T105315_T31TCK_00000000000000000691_0,2067,1243,349,463,640,969,1256,1425,1619,1731,5,2019-02-25,Luvic Cambisols,44.808706456853045,0.7065437283644227,1702,RMQS1,"{""type"":""MultiPoint"",""coordinates"":[]}"
20190225T105021_20190225T105315_T31TCK_00000000000000000644_0,1943,1125,338,444,621,803,1226,1364,1616,1686,5,2019-02-25,Luvic Stagnosols,45.09929510727043,0.9012833888857089,1620,RMQS1,"{""type"":""MultiPoint"",""coordinates"":[]}"
20190225T105021_20190225T105315_T31TCK_00000000000000000669_0,2504,1519,326,517,827,1048,1310,1600,1942,1999,5,2019-02-25,Mollic Umbrisols,44.94941033435976,0.49971586144971286,1659,RMQS1,"{""type"":""MultiPoint"",""coordinates"":[]}"
20190225T105021_20190225T105315_T31TCK_000000000000000006df_0,2113,1306,344,488,621,906,1263,1445,1689,1650,5,2019-02-25,Mollic Umbrisols,44.523753347356845,0.9159798666139246,1788,RMQS1,"{""type"":""MultiPoint"",""coordinates"":[]}"
20190225T105021_20190225T105315_T31TCK_00000000000000000692_0,2741,1667,393,521,767,1072,1410,1669,1807,2130,5,2019-02-25,Rendzic Leptosols,44.811507211882365,0.9086684261965275,1703,RMQS1,"{""type"":""MultiPoint"",""coordinates"":[]}"
20190225T105021_20190225T105315_T31TCK_000000000000000006bc_0,1837,1130,241,376,439,871,1207,1399,1476,1650,5,2019-02-25,Rendzic Leptosols,44.673791614703994,1.517255178519555,1749,RMQS1,"{""type"":""MultiPoint"",""coordinates"":[]}"
20190225T105021_20190225T105315_T31TCK_000000000000000006bd_0,2267,1368,306,435,653,918,1289,1641,1873,1857,5,2019-02-25,Rendzic Leptosols,44.675108652254636,1.7189202827054855,1750,RMQS1,"{""type"":""MultiPoint"",""coordinates"":[]}"
20190225T105021_20190225T105315_T31TCK_000000000000000006e3_0,2282,1443,342,479,651,923,1158,1346,1568,1649,5,2019-02-25,Rendzic Leptosols,44.53121665338119,1.720502862514033,1792,RMQS1,"{""type"":""MultiPoint"",""coordinates"":[]}"
20190225T105021_20190225T105315_T31TCK_00000000000000000001_0,2704,2197,476,843,997,1444,2032,2092,2381,2437,5,2019-02-25,Dystric Gleysols,44.98055556,1.7166666699999997,66214,"{WD-eSOTER,WD-WISE}","{""type"":""MultiPoint"",""coordinates"":[]}"
20190225T105021_20190225T105315_T31TCL_000000000000000005cd_0,2419,1442,345,521,701,1067,1364,1589,1825,1942,5,2019-02-25,Dystric Cambisols,45.53102549248425,0.8900595391276002,1495,RMQS1,"{""type"":""MultiPoint"",""coordinates"":[]}"
20190225T105021_20190225T105315_T31TCL_0000000000000000055d_0,3336,2630,733,1144,1448,1791,2148,2231,2360,2438,5,2019-02-25,Eutric Cambisols,45.95669494331757,0.4659446369728208,1371,RMQS1,"{""type"":""MultiPoint"",""coordinates"":[]}"
20190225T105021_20190225T105315_T31TCL_000000000000000005f4_0,1698,1017,210,284,306,699,1027,1216,697,1362,5,2019-02-25,Eutric Cambisols,45.3842787106273,0.6895959745915257,1536,RMQS1,"{""type"":""MultiPoint"",""coordinates"":[]}"
20190225T105021_20190225T105315_T31TCL_00000000000000000621_0,2757,2150,703,960,1280,1524,1703,1875,2380,2204,5,2019-02-25,Eutric Cambisols,45.25076202798201,1.712506248180715,1583,RMQS1,"{""type"":""MultiPoint"",""coordinates"":[]}"
20190225T105021_20190225T105315_T31TCL_00000000000000000644_0,1946,1127,343,451,625,806,1231,1364,1626,1690,5,2019-02-25,Luvic Stagnosols,45.09929510727043,0.9012833888857089,1620,RMQS1,"{""type"":""MultiPoint"",""coordinates"":[]}"
20190225T105021_20190225T105315_T31TCL_000000000000000005f3_0,2401,1973,477,791,1042,1234,1326,1390,1408,1466,5,2019-02-25,Rendzic Leptosols,45.38107425208028,0.4853942395465012,1535,RMQS1,"{""type"":""MultiPoint"",""coordinates"":[]}"
20190225T105021_20190225T105315_T31TCL_000000000000000005f8_0,3062,1886,428,617,858,1243,1656,1893,1951,2159,5,2019-02-25,Umbric Leptosols,45.39335793747217,1.506596968002484,1540,RMQS1,"{""type"":""MultiPoint"",""coordinates"":[]}"
20190225T105021_20190225T105315_T31TCL_00000000000000000000_0,3927,2645,683,988,1438,1766,2108,2415,2657,2958,5,2019-02-25,Calcaric Cambisols,45.16944444,1.7138888900000002,68784,"{WD-eSOTER,WD-WISE}","{""type"":""MultiPoint"",""coordinates"":[]}"
20190225T105021_20190225T105315_T31TCM_00000000000000000480_0,2750,1851,485,724,788,1250,1667,2034,2426,2188,5,2019-02-25,Calcaric Cambisols,46.82886512189024,1.0650028550237045,1126,RMQS1,"{""type"":""MultiPoint"",""coordinates"":[]}"
20190225T105021_20190225T105315_T31TCM_000000000000000004cd_0,1784,1097,351,486,527,808,1145,1324,1510,1588,5,2019-02-25,Calcaric Cambisols,46.5410081279246,1.0717536022518126,1207,RMQS1,"{""type"":""MultiPoint"",""coordinates"":[]}"
20190225T105021_20190225T105315_T31TCM_00000000000000000482_0,2979,2084,573,987,1078,1625,2561,2785,2902,2919,5,2019-02-25,Eutric Cambisols,46.83275616712597,1.484434384575593,1128,RMQS1,"{""type"":""MultiPoint"",""coordinates"":[]}"
20190225T105021_20190225T105315_T31TCM_00000000000000000483_0,2230,1793,623,760,811,1267,1797,1902,2052,2011,5,2019-02-25,Eutric Cambisols,46.834125907327305,1.6941691786867756,1129,RMQS1,"{""type"":""MultiPoint"",""coordinates"":[]}"
20190225T105021_20190225T105315_T31TCM_000000000000000004a6_0,1744,1103,326,444,488,710,1072,1197,1316,1437,5,2019-02-25,Eutric Cambisols,46.67952531374118,0.6501434335032911,1165,RMQS1,"{""type"":""MultiPoint"",""coordinates"":[]}"
20190225T105021_20190225T105315_T31TCM_000000000000000004a7_0,2958,2594,738,1166,1696,1922,2099,2168,2294,2328,5,2019-02-25,Eutric Cambisols,46.68242330115931,0.8592545683175709,1166,RMQS1,"{""type"":""MultiPoint"",""coordinates"":[]}"
20190225T105021_20190225T105315_T31TCM_0000000000000000055d_0,3336,2628,708,1134,1446,1788,2143,2226,2359,2435,5,2019-02-25,Eutric Cambisols,45.95669494331757,0.4659446369728208,1371,RMQS1,"{""type"":""MultiPoint"",""coordinates"":[]}"
20190225T105021_20190225T105315_T31TCM_000000000000000004a9_0,2058,1240,699,899,1056,1388,1522,1667,1854,1890,5,2019-02-25,Stagnic Gleysols,46.68707009390723,1.2775377748891805,1168,RMQS1,"{""type"":""MultiPoint"",""coordinates"":[]}"
20190225T105021_20190225T105315_T31TCM_0000000000000000053a_0,2780,1839,415,552,688,1209,1718,1949,1948,2277,5,2019-02-25,Umbric Leptosols,46.10920831106491,1.0817463974468902,1332,RMQS1,"{""type"":""MultiPoint"",""coordinates"":[]}"
20190225T105021_20190225T105315_T31TCN_000000000000000003ae_0,2302,1953,370,619,666,1163,1687,1789,1576,2098,5,2019-02-25,Calcaric Cambisols,47.552368234556766,1.4729089085002178,899,RMQS1,"{""type"":""MultiPoint"",""coordinates"":[]}"
20190225T105021_20190225T105315_T31TCN_0000000000000000045c_0,2995,2415,622,993,1390,1721,2080,2231,2340,2300,5,2019-02-25,Calcaric Cambisols,46.97806314421428,1.6924498201961606,1085,RMQS1,"{""type"":""MultiPoint"",""coordinates"":[]}"
20190225T105021_20190225T105315_T31TCN_0000000000000000037d_0,3046,2323,658,1018,1384,1750,2103,2230,2400,2367,5,2019-02-25,Eutric Cambisols,47.69231735110835,1.0443128583803534,845,RMQS1,"{""type"":""MultiPoint"",""coordinates"":[]}"
20190225T105021_20190225T105315_T31TCN_000000000000000003aa_0,3685,2755,985,1480,1700,2420,3129,3356,3562,3508,5,2019-02-25,Eutric Cambisols,47.542927371413136,0.6227839914739651,895,RMQS1,"{""type"":""MultiPoint"",""coordinates"":[]}"
20190225T105021_20190225T105315_T31TCN_0000000000000000042f_0,2860,2111,917,1448,1538,2167,2850,2986,2958,3061,5,2019-02-25,Eutric Retisols,47.11670746180148,1.0581797222389806,1038,RMQS1,"{""type"":""MultiPoint"",""coordinates"":[]}"
20190225T105021_20190225T105315_T31TCN_00000000000000000431_0,2937,2101,722,1162,1184,1853,2626,2812,3028,3004,5,2019-02-25,Eutric Retisols,47.120619712342474,1.4798610993880554,1040,RMQS1,"{""type"":""MultiPoint"",""coordinates"":[]}"
20190225T105021_20190225T105315_T31TCN_0000000000000000045a_0,2232,1745,695,981,1238,1546,1718,1802,1948,1893,5,2019-02-25,Eutric Retisols,46.97493184897627,1.2718698805445425,1083,RMQS1,"{""type"":""MultiPoint"",""coordinates"":[]}"
20190225T105021_20190225T105315_T31TCN_0000000000000000037c_0,2933,2123,825,1312,1456,2072,2834,3006,3190,3187,5,2019-02-25,Haplic Luvisols,47.68975585042416,0.8312134254903143,844,RMQS1,"{""type"":""MultiPoint"",""coordinates"":[]}"
20190225T105021_20190225T105315_T31TCN_000000000000000003ac_0,2432,1552,376,509,674,971,1265,1438,1652,1735,5,2019-02-25,Haplic Luvisols,47.54842634489564,1.0478077768911012,897,RMQS1,"{""type"":""MultiPoint"",""coordinates"":[]}"
20190225T105021_20190225T105315_T31TCN_000000000000000003dc_0,3189,2127,441,709,883,1332,1933,2164,2542,2418,5,2019-02-25,Haplic Luvisols,47.40845935457051,1.4752383994775677,950,RMQS1,"{""type"":""MultiPoint"",""coordinates"":[]}"
20190225T105021_20190225T105315_T31TCN_00000000000000000404_0,2706,1858,666,1028,1132,1424,2011,2279,2720,2419,5,2019-02-25,Haplic Luvisols,47.25515043152472,0.6320023123013093,991,RMQS1,"{""type"":""MultiPoint"",""coordinates"":[]}"
20190225T105021_20190225T105315_T31TCN_00000000000000000430_0,2128,1271,352,470,568,855,1273,1437,1644,1739,5,2019-02-25,Haplic Luvisols,47.11885658828794,1.2690127975174943,1039,RMQS1,"{""type"":""MultiPoint"",""coordinates"":[]}"
20190225T105021_20190225T105315_T31TCN_00000000000000000408_0,3167,2451,809,1174,1504,1960,2163,2356,2524,2530,5,2019-02-25,Haplic Vertisols,47.26454305466629,1.477555758886086,995,RMQS1,"{""type"":""MultiPoint"",""coordinates"":[]}"
20190225T105021_20190225T105315_T31TCN_000000000000000003d9_0,2791,2312,750,1013,1244,1613,1869,2046,2144,2269,5,2019-02-25,Luvic Cambisols,47.4019787775616,0.8393340704118676,947,RMQS1,"{""type"":""MultiPoint"",""coordinates"":[]}"
20190225T105021_20190225T105315_T31TCN_000000000000000003da_0,3030,2202,810,1312,1632,2086,2527,2653,2768,2800,5,2019-02-25,Luvic Cambisols,47.404526962741336,1.0512838631524177,948,RMQS1,"{""type"":""MultiPoint"",""coordinates"":[]}"
20190225T105021_20190225T105315_T31TCN_000000000000000003db_0,4460,3887,1498,2174,2642,3178,3409,3562,3814,3732,5,2019-02-25,Luvic Cambisols,47.40668735158221,1.2632529913235573,949,RMQS1,"{""type"":""MultiPoint"",""coordinates"":[]}"
20190225T105021_20190225T105315_T31TCN_0000000000000000034e_0,2589,1674,429,558,863,1081,1351,1609,1998,1989,5,2019-02-25,Luvic Stagnosols,47.84016084763797,1.4682119105928768,795,RMQS1,"{""type"":""MultiPoint"",""coordinates"":[]}"
20190225T105021_20190225T105315_T31TCN_000000000000000003ad_0,2696,1781,414,630,815,1143,1485,1715,2014,2087,5,2019-02-25,Luvic Stagnosols,47.55059190446798,1.2603501431723405,898,RMQS1,"{""type"":""MultiPoint"",""coordinates"":[]}"
20190225T105021_20190225T105315_T31TCN_000000000000000003af_0,2139,1419,328,495,619,856,1268,1328,1670,1697,5,2019-02-25,Luvic Stagnosols,47.55375537462604,1.685480171523393,900,RMQS1,"{""type"":""MultiPoint"",""coordinates"":[]}"
20190225T105021_20190225T105315_T31TCN_0000000000000000034f_0,3457,2605,825,1188,1488,1912,2389,2584,2868,2854,5,2019-02-25,Mollic Umbrisols,47.84155543400575,1.681939134662969,796,RMQS1,"{""type"":""MultiPoint"",""coordinates"":[]}"
20190225T105021_20190225T105315_T31TCN_0000000000000000037e_0,2068,1310,277,429,531,805,1137,1263,1428,1550,5,2019-02-25,Mollic Umbrisols,47.69448819042784,1.2574316936219125,846,RMQS1,"{""type"":""MultiPoint"",""coordinates"":[]}"
20190225T105021_20190225T105315_T31TCN_0000000000000000037f_0,2888,2109,749,1074,1186,1639,2361,2527,2674,2680,5,2019-02-25,Rendzic Leptosols,47.696269219574035,1.4705667746731201,847,RMQS1,"{""type"":""MultiPoint"",""coordinates"":[]}"
20190225T105021_20190225T105315_T31TCN_0000000000000000042d_0,3251,2425,755,974,1208,1716,2018,2167,2198,2452,5,2019-02-25,Rendzic Leptosols,47.111251889494554,0.6365738313282675,1036,RMQS1,"{""type"":""MultiPoint"",""coordinates"":[]}"
20190225T105021_20190225T105315_T31TDH_0000000000000000003d_0,2778,2081,811,1442,1480,2003,2970,3152,3266,3170,5,2019-02-25,Eutric Cambisols,43.08330529252448,1.8953747700466825,SIM11644,HWSDv2,"{""type"":""MultiPoint"",""coordinates"":[]}"
20190225T105021_20190225T105315_T31TDH_0000000000000000086f_0,1625,982,318,517,598,845,1260,1341,1576,1572,5,2019-02-25,Calcaric Cambisols,43.09392951863373,1.9320413187199543,2228,RMQS1,"{""type"":""MultiPoint"",""coordinates"":[]}"
20190225T105021_20190225T105315_T31TDH_0000000000000000089a_0,2260,1480,283,466,706,944,1189,1361,1520,1660,5,2019-02-25,Mollic Umbrisols,42.66334998625166,2.1297418230729743,2300,RMQS1,"{""type"":""MultiPoint"",""coordinates"":[]}"
20190225T105021_20190225T105315_T31TDH_000000000000000008a6_0,3464,2279,751,1090,1452,1825,2260,2494,2842,2869,5,2019-02-25,Regosols (Colluvic),42.51967799126664,2.1302565886024913,2314,RMQS1,"{""type"":""MultiPoint"",""coordinates"":[]}"
20190225T105021_20190225T105315_T31TDH_00000000000000000855_0,3268,2748,1001,1534,1868,2102,2198,2319,2424,2401,5,2019-02-25,Rendzic Leptosols,43.237681525941696,1.9310260055678181,2193,RMQS1,"{""type"":""MultiPoint"",""coordinates"":[]}"
20190225T105021_20190225T105315_T31TDJ_00000000000000000760_0,2981,2122,484,819,1184,1560,2019,2233,2294,2366,5,2019-02-25,Calcaric Cambisols,44.10054393938835,1.9248303898472057,1924,RMQS1,"{""type"":""MultiPoint"",""coordinates"":[]}"
20190225T105021_20190225T105315_T31TDJ_000000000000000007e3_0,2516,2178,961,1324,1548,1828,1827,1943,1934,1993,5,2019-02-25,Calcaric Cambisols,43.66961104280001,2.1260713188749483,2064,RMQS1,"{""type"":""MultiPoint"",""coordinates"":[]}"
20190225T105021_20190225T105315_T31TDJ_000000000000000007e2_0,3042,2194,717,1048,1218,1623,2177,2430,2598,2697,5,2019-02-25,Luvic Cambisols,43.669042809087784,1.9279512878727754,2063,RMQS1,"{""type"":""MultiPoint"",""coordinates"":[]}"
20190225T105021_20190225T105315_T31TDJ_00000000000000000834_0,3382,2850,1182,1732,2042,2369,2473,2589,2702,2684,5,2019-02-25,Regosols (Colluvic),43.38145144609924,1.9300054714673698,2154,RMQS1,"{""type"":""MultiPoint"",""coordinates"":[]}"
20190225T105021_20190225T105315_T31TDJ_00000000000000000765_0,2186,1369,520,778,903,1080,1586,1690,2184,2008,5,2019-02-25,Umbric Leptosols,44.09975448158712,2.9229781145275946,1929,RMQS1,"{""type"":""MultiPoint"",""coordinates"":[]}"
20190225T105021_20190225T105315_T31TDK_0000000000000000069c_0,1708,1045,340,463,610,823,1195,1371,1631,1695,5,2019-02-25,Albic Podzols,44.819159463001164,2.930508278624638,1713,RMQS1,"{""type"":""MultiPoint"",""coordinates"":[]}"
20190225T105021_20190225T105315_T31TDK_000000000000000006be_0,2703,2041,1044,1200,1366,1520,2023,2076,2271,2469,5,2019-02-25,Calcaric Cambisols,44.67605628734128,1.9205934098289061,1751,RMQS1,"{""type"":""MultiPoint"",""coordinates"":[]}"
20190225T105021_20190225T105315_T31TDK_00000000000000000698_0,2075,1400,417,644,755,932,1411,1529,1898,1824,5,2019-02-25,Eutric Cambisols,44.82053997861645,2.1217179082375526,1709,RMQS1,"{""type"":""MultiPoint"",""coordinates"":[]}"
20190225T105021_20190225T105315_T31TDK_0000000000000000064c_0,2708,1667,481,624,1023,1283,1617,1755,2179,2193,5,2019-02-25,Regosols (Colluvic),45.1084273146216,2.5270939178683403,1628,RMQS1,"{""type"":""MultiPoint"",""coordinates"":[]}"
20190225T105021_20190225T105315_T31TDK_00000000000000000675_0,1763,1116,296,437,503,747,951,1061,1369,1365,5,2019-02-25,Regosols (Colluvic),44.96306933301204,2.9320368934532275,1671,RMQS1,"{""type"":""MultiPoint"",""coordinates"":[]}"
20190225T105021_20190225T105315_T31TDK_000000000000000006c1_0,2429,1573,584,762,888,1175,1683,1931,1877,2146,5,2019-02-25,Umbric Leptosols,44.67668487875769,2.5256338930123405,1754,RMQS1,"{""type"":""MultiPoint"",""coordinates"":[]}"
20190225T105021_20190225T105315_T31TDK_0000000000000000001e_0,2726,2404,428,564,855,1027,1291,1438,1604,1643,5,2019-02-25,Dystric Gleysols,45.09722222,2.1222222199999994,68781,"{WD-eSOTER,WD-WISE}","{""type"":""MultiPoint"",""coordinates"":[]}"
20190225T105021_20190225T105315_T31TDL_0000000000000000058a_0,3219,2060,594,854,1190,1642,2134,2448,2770,2745,5,2019-02-25,Eutric Cambisols,45.82747766716257,1.9118555553383103,1419,RMQS1,"{""type"":""MultiPoint"",""coordinates"":[]}"
20190225T105021_20190225T105315_T31TDL_00000000000000000625_0,2684,1857,659,957,1268,1355,1726,1868,2585,2210,5,2019-02-25,Eutric Cambisols,45.252355629318394,2.527585083080404,1587,RMQS1,"{""type"":""MultiPoint"",""coordinates"":[]}"
20190225T105021_20190225T105315_T31TDL_00000000000000000627_0,3133,2067,547,786,1064,1454,1944,2127,2343,2467,5,2019-02-25,Eutric Cambisols,45.250912370554616,2.9351172726186774,1589,RMQS1,"{""type"":""MultiPoint"",""coordinates"":[]}"
20190225T105021_20190225T105315_T31TDL_000000000000000005d7_0,2743,2033,531,769,1090,1326,1651,1791,2074,2093,5,2019-02-25,Regosols (Colluvic),45.538779056202344,2.9382322952196582,1505,RMQS1,"{""type"":""MultiPoint"",""coordinates"":[]}"
20190225T105021_20190225T105315_T31TDL_0000000000000000064c_0,2664,1641,464,610,1007,1261,1587,1722,2151,2155,5,2019-02-25,Regosols (Colluvic),45.1084273146216,2.5270939178683403,1628,RMQS1,"{""type"":""MultiPoint"",""coordinates"":[]}"
20190225T105021_20190225T105315_T31TDL_00000000000000000566_0,2054,1351,362,528,645,1030,1392,1601,1750,1978,5,2019-02-25,Stagnic Gleysols,45.97223315865334,2.3236322063133965,1380,RMQS1,"{""type"":""MultiPoint"",""coordinates"":[]}"
20190225T105021_20190225T105315_T31TDL_00000000000000000623_0,1749,1072,256,368,460,716,1014,1190,1420,1474,5,2019-02-25,Umbric Leptosols,45.252305065181154,2.1200401088709957,1585,RMQS1,"{""type"":""MultiPoint"",""coordinates"":[]}"
20190225T105021_20190225T105315_T31TDL_00000000000000000626_0,2405,1508,496,693,917,1273,1807,2032,2230,2390,5,2019-02-25,Umbric Leptosols,45.25182065229492,2.731353427250904,1588,RMQS1,"{""type"":""MultiPoint"",""coordinates"":[]}"
20190225T105021_20190225T105315_T31TDL_0000000000000000001e_0,2722,2402,411,558,850,1021,1286,1436,1603,1640,5,2019-02-25,Dystric Gleysols,45.09722222,2.1222222199999994,68781,"{WD-eSOTER,WD-WISE}","{""type"":""MultiPoint"",""coordinates"":[]}"
20190225T105021_20190225T105315_T31TDM_000000000000000004b1_0,2542,1518,445,554,755,1086,1413,1610,1992,2104,5,2019-02-25,Albic Podzols,46.69033501204828,2.951027483892543,1176,RMQS1,"{""type"":""MultiPoint"",""coordinates"":[]}"
20190225T105021_20190225T105315_T31TDM_00000000000000000483_0,2234,1793,645,774,823,1273,1797,1909,2056,2014,5,2019-02-25,Eutric Cambisols,46.834125907327305,1.6941691786867756,1129,RMQS1,"{""type"":""MultiPoint"",""coordinates"":[]}"
20190225T105021_20190225T105315_T31TDM_00000000000000000485_0,2982,2144,514,759,880,1262,1698,1863,2093,2079,5,2019-02-25,Eutric Cambisols,46.83571406015219,2.1136631169214275,1131,RMQS1,"{""type"":""MultiPoint"",""coordinates"":[]}"
20190225T105021_20190225T105315_T31TDM_0000000000000000051e_0,2145,1277,372,539,647,919,1346,1534,1866,1743,5,2019-02-25,Eutric Cambisols,46.25997072554773,2.5310982294093853,1298,RMQS1,"{""type"":""MultiPoint"",""coordinates"":[]}"
20190225T105021_20190225T105315_T31TDM_00000000000000000489_0,2688,1899,388,623,782,1174,1628,1852,2114,2160,5,2019-02-25,Eutric Planosols,46.83427557950005,2.952666633533814,1135,RMQS1,"{""type"":""MultiPoint"",""coordinates"":[]}"
20190225T105021_20190225T105315_T31TDM_00000000000000000488_0,2635,1772,653,1112,1204,1793,2469,2631,2873,2843,5,2019-02-25,Eutric Retisols,46.835211482898934,2.7429212005666344,1134,RMQS1,"{""type"":""MultiPoint"",""coordinates"":[]}"
20190225T105021_20190225T105315_T31TDM_000000000000000004d5_0,1944,1221,282,446,542,815,1132,1283,1494,1592,5,2019-02-25,Haplic Luvisols,46.54732226533228,2.7407660252405748,1215,RMQS1,"{""type"":""MultiPoint"",""coordinates"":[]}"
20190225T105021_20190225T105315_T31TDM_000000000000000004ad_0,3631,2423,723,994,1426,1748,2358,2664,2986,3114,5,2019-02-25,Luvic Cambisols,46.691768875047984,2.11425703973228,1172,RMQS1,"{""type"":""MultiPoint"",""coordinates"":[]}"
20190225T105021_20190225T105315_T31TDM_00000000000000000484_0,2293,1254,273,344,565,820,1069,1352,1576,1794,5,2019-02-25,Luvic Stagnosols,46.83511215025718,1.903913250940825,1130,RMQS1,"{""type"":""MultiPoint"",""coordinates"":[]}"
20190225T105021_20190225T105315_T31TDM_00000000000000000540_0,2977,2074,800,1182,1322,1695,2620,2876,3011,3035,5,2019-02-25,Luvic Stagnosols,46.11602001349392,2.5305880344950036,1339,RMQS1,"{""type"":""MultiPoint"",""coordinates"":[]}"
20190225T105021_20190225T105315_T31TDM_00000000000000000487_0,2109,1357,362,461,579,900,1146,1307,1539,1605,5,2019-02-25,Stagnic Gleysols,46.835763053751045,2.533170281821699,1133,RMQS1,"{""type"":""MultiPoint"",""coordinates"":[]}"
20190225T105021_20190225T105315_T31TDM_00000000000000000566_0,2050,1346,324,507,634,1023,1381,1594,1742,1968,5,2019-02-25,Stagnic Gleysols,45.97223315865334,2.3236322063133965,1380,RMQS1,"{""type"":""MultiPoint"",""coordinates"":[]}"
20190225T105021_20190225T105315_T31TDM_00000000000000000013_0,2039,1282,316,444,628,838,1089,1265,1514,1636,5,2019-02-25,Eutric Planosols,46.45416667,2.90416667,66250,"{WD-eSOTER,WD-WISE}","{""type"":""MultiPoint"",""coordinates"":[]}"
20190225T105021_20190225T105315_T31TDN_0000000000000000006b_0,3924,3379,1224,1786,2218,2706,3241,3353,3650,3565,5,2019-02-25,Calcaric Fluvisols,47.51712916438218,2.9124227153317253,SIM92611,HWSDv2,"{""type"":""MultiPoint"",""coordinates"":[]}"
20190225T105021_20190225T105315_T31TDN_00000000000000000352_0,2429,1746,326,449,611,1113,1449,1630,1572,1800,5,2019-02-25,Calcaric Arenosols,47.84338994552523,2.3231668611929046,799,RMQS1,"{""type"":""MultiPoint"",""coordinates"":[]}"
20190225T105021_20190225T105315_T31TDN_00000000000000000436_0,1866,1261,325,708,755,1247,1948,2129,2136,2163,5,2019-02-25,Calcaric Cambisols,47.123640607401704,2.5342243250597987,1045,RMQS1,"{""type"":""MultiPoint"",""coordinates"":[]}"
20190225T105021_20190225T105315_T31TDN_0000000000000000045c_0,3011,2427,662,1017,1404,1732,2092,2245,2352,2315,5,2019-02-25,Calcaric Cambisols,46.97806314421428,1.6924498201961606,1085,RMQS1,"{""type"":""MultiPoint"",""coordinates"":[]}"
20190225T105021_20190225T105315_T31TDN_00000000000000000460_0,3498,2834,702,1138,1572,2056,2398,2532,2652,2747,5,2019-02-25,Calcaric Cambisols,46.97970429233507,2.533695643621074,1089,RMQS1,"{""type"":""MultiPoint"",""coordinates"":[]}"
20190225T105021_20190225T105315_T31TDN_000000000000000008c9_0,2422,1654,402,625,666,1101,1822,1926,1907,2089,5,2019-02-25,Dystric Cambisols,47.84255830040598,1.8956764547247618,10797,RMQS1,"{""type"":""MultiPoint"",""coordinates"":[]}"
20190225T105021_20190225T105315_T31TDN_00000000000000000351_0,2983,2495,858,1240,1620,1917,2332,2501,2565,2625,5,2019-02-25,Eutric Cambisols,47.843169868917435,2.1094201698833497,798,RMQS1,"{""type"":""MultiPoint"",""coordinates"":[]}"
20190225T105021_20190225T105315_T31TDN_0000000000000000040f_0,2579,2185,733,1136,1540,1706,1797,1850,2045,1986,5,2019-02-25,Eutric Cambisols,47.26607029067076,2.957639518006341,1002,RMQS1,"{""type"":""MultiPoint"",""coordinates"":[]}"
20190225T105021_20190225T105315_T31TDN_0000000000000000045d_0,1647,1059,302,464,510,777,1184,1355,1532,1535,5,2019-02-25,Eutric Cambisols,46.979051454062336,1.902754999581808,1086,RMQS1,"{""type"":""MultiPoint"",""coordinates"":[]}"
20190225T105021_20190225T105315_T31TDN_0000000000000000045f_0,2993,2537,736,1108,1502,1809,2258,2429,2580,2537,5,2019-02-25,Eutric Cambisols,46.979872395224476,2.3233806506173393,1088,RMQS1,"{""type"":""MultiPoint"",""coordinates"":[]}"
20190225T105021_20190225T105315_T31TDN_00000000000000000350_0,2422,1654,402,625,666,1101,1822,1926,1907,2089,5,2019-02-25,Haplic Luvisols,47.84255830040598,1.8956764547247618,797,RMQS1,"{""type"":""MultiPoint"",""coordinates"":[]}"
20190225T105021_20190225T105315_T31TDN_000000000000000003b1_0,1948,1316,352,503,620,851,1246,1419,1450,1662,5,2019-02-25,Haplic Luvisols,47.55536198956178,2.110649378619429,902,RMQS1,"{""type"":""MultiPoint"",""coordinates"":[]}"
20190225T105021_20190225T105315_T31TDN_000000000000000003de_0,2597,1616,414,545,728,1055,1415,1597,1882,1961,5,2019-02-25,Haplic Luvisols,47.41083785321567,1.8992444177900463,952,RMQS1,"{""type"":""MultiPoint"",""coordinates"":[]}"
20190225T105021_20190225T105315_T31TDN_0000000000000000040b_0,2406,1458,331,476,747,963,1154,1348,1670,1728,5,2019-02-25,Haplic Luvisols,47.267521264322355,2.111864230118998,998,RMQS1,"{""type"":""MultiPoint"",""coordinates"":[]}"
20190225T105021_20190225T105315_T31TDN_000000000000000003e1_0,3409,2297,1028,1470,1748,2322,2944,3141,3296,3268,5,2019-02-25,Luvic Cambisols,47.4114954439109,2.535292013761814,955,RMQS1,"{""type"":""MultiPoint"",""coordinates"":[]}"
20190225T105021_20190225T105315_T31TDN_000000000000000003af_0,2237,1485,371,530,652,901,1331,1395,1735,1779,5,2019-02-25,Luvic Stagnosols,47.55375537462604,1.685480171523393,900,RMQS1,"{""type"":""MultiPoint"",""coordinates"":[]}"
20190225T105021_20190225T105315_T31TDN_000000000000000003b0_0,3412,2209,541,734,1058,1424,1697,1973,2429,2413,5,2019-02-25,Luvic Stagnosols,47.55475321205493,1.8980614971854999,901,RMQS1,"{""type"":""MultiPoint"",""coordinates"":[]}"
20190225T105021_20190225T105315_T31TDN_0000000000000000040d_0,2469,1578,373,562,766,1080,1403,1689,2031,2140,5,2019-02-25,Luvic Stagnosols,47.26757126704432,2.534756615805063,1000,RMQS1,"{""type"":""MultiPoint"",""coordinates"":[]}"
20190225T105021_20190225T105315_T31TDN_00000000000000000438_0,1874,1153,285,373,458,740,959,1136,1368,1465,5,2019-02-25,Luvic Stagnosols,47.12214399573959,2.955972510572236,1047,RMQS1,"{""type"":""MultiPoint"",""coordinates"":[]}"
20190225T105021_20190225T105315_T31TDN_00000000000000000462_0,2483,1585,400,586,755,1097,1444,1679,2026,1991,5,2019-02-25,Luvic Stagnosols,46.978212301094295,2.9543150388494333,1091,RMQS1,"{""type"":""MultiPoint"",""coordinates"":[]}"
20190225T105021_20190225T105315_T31TDN_0000000000000000034f_0,3451,2602,845,1194,1488,1914,2392,2583,2867,2848,5,2019-02-25,Mollic Umbrisols,47.84155543400575,1.681939134662969,796,RMQS1,"{""type"":""MultiPoint"",""coordinates"":[]}"
20190225T105021_20190225T105315_T31TDN_0000000000000000040c_0,1795,1092,215,304,380,689,995,1190,1248,1427,5,2019-02-25,Mollic Umbrisols,47.26774013973242,2.3233101114925017,999,RMQS1,"{""type"":""MultiPoint"",""coordinates"":[]}"
20190225T105021_20190225T105315_T31TDN_00000000000000000433_0,2561,2100,490,769,1076,1312,1459,1543,1652,1674,5,2019-02-25,Regosols (Colluvic),47.122986100947585,1.9015909191264737,1042,RMQS1,"{""type"":""MultiPoint"",""coordinates"":[]}"
20190225T105021_20190225T105315_T31TDN_0000000000000000040e_0,1752,1094,209,348,439,677,1000,1154,1338,1405,5,2019-02-25,Rendzic Leptosols,47.26701446803521,2.746200948427763,1001,RMQS1,"{""type"":""MultiPoint"",""coordinates"":[]}"
20190225T105021_20190225T105315_T31TDN_00000000000000000461_0,3335,2304,671,1084,1156,1823,2548,2698,2944,2990,5,2019-02-25,Rendzic Leptosols,46.97915101430345,2.744008107875012,1090,RMQS1,"{""type"":""MultiPoint"",""coordinates"":[]}"
20190225T105021_20190225T105315_T31TDN_000000000000000003b4_0,2045,1279,232,340,515,812,1103,1279,1600,1654,5,2019-02-25,Stagnic Gleysols,47.554851880662206,2.7484189630750824,905,RMQS1,"{""type"":""MultiPoint"",""coordinates"":[]}"
20190225T105021_20190225T105315_T31TEK_000000000000000006c4_0,3316,2165,573,884,1154,1604,2004,2300,2564,2583,5,2019-02-25,Regosols (Colluvic),44.67399079291431,3.1306526990206116,1757,RMQS1,"{""type"":""MultiPoint"",""coordinates"":[]}"
20190225T105021_20190225T105315_T31TEL_00000000000000000590_0,2208,2013,564,753,964,1506,1709,1670,1604,1853,5,2019-02-25,Eutric Cambisols,45.82536654174085,3.14727434954861,1425,RMQS1,"{""type"":""MultiPoint"",""coordinates"":[]}"
20190225T105021_20190225T105315_T31TEL_00000000000000000600_0,2764,1852,468,664,891,1178,1609,1816,1930,2076,5,2019-02-25,Eutric Cambisols,45.39355813204673,3.1409573437407907,1548,RMQS1,"{""type"":""MultiPoint"",""coordinates"":[]}"
20190225T105021_20190225T105315_T31TEL_000000000000000005d8_0,2322,1694,468,697,830,1250,1822,1977,1922,2136,5,2019-02-25,Haplic Vertisols,45.53749059550481,3.1430513588344695,1506,RMQS1,"{""type"":""MultiPoint"",""coordinates"":[]}"
20190225T105021_20190225T105315_T31TEL_0000000000000000056b_0,1523,1247,481,635,763,862,928,985,1094,1041,5,2019-02-25,Regosols (Colluvic),45.96763063983362,3.355823049470566,1385,RMQS1,"{""type"":""MultiPoint"",""coordinates"":[]}"
20190225T105021_20190225T105315_T31TEL_00000000000000000591_0,1410,1056,355,432,541,615,709,778,830,908,5,2019-02-25,Regosols (Colluvic),45.82369394842808,3.353154862632251,1426,RMQS1,"{""type"":""MultiPoint"",""coordinates"":[]}"
20190225T105021_20190225T105315_T31TEL_000000000000000005b2_0,2673,2117,630,824,1144,1401,1531,1699,1798,1900,5,2019-02-25,Regosols (Colluvic),45.681427208986456,3.1451570403686984,1465,RMQS1,"{""type"":""MultiPoint"",""coordinates"":[]}"
20190225T105021_20190225T105315_T31TEM_00000000000000000544_0,1875,1134,346,476,569,873,1206,1416,1722,1674,5,2019-02-25,Calcaric Cambisols,46.111568791030955,3.3585052335869405,1343,RMQS1,"{""type"":""MultiPoint"",""coordinates"":[]}"
20190225T105021_20190225T105315_T31TEM_000000000000000004fb_0,1769,1134,402,491,540,807,1137,1410,1540,1657,5,2019-02-25,Eutric Cambisols,46.399446422034956,3.3639116503269424,1260,RMQS1,"{""type"":""MultiPoint"",""coordinates"":[]}"
20190225T105021_20190225T105315_T31TEM_000000000000000004b3_0,2572,1807,534,739,832,1235,1762,1995,2124,2324,5,2019-02-25,Eutric Retisols,46.68731917934669,3.3693764419326433,1178,RMQS1,"{""type"":""MultiPoint"",""coordinates"":[]}"
20190225T105021_20190225T105315_T31TEM_000000000000000004b4_0,2747,2000,660,1014,1128,1581,2257,2493,2622,2668,5,2019-02-25,Haplic Luvisols,46.6852369563891,3.578530612144559,1179,RMQS1,"{""type"":""MultiPoint"",""coordinates"":[]}"
20190225T105021_20190225T105315_T31TEM_000000000000000004d9_0,2883,1932,546,771,918,1309,1891,2153,2564,2477,5,2019-02-25,Mollic Umbrisols,46.541307234339925,3.575235904485403,1219,RMQS1,"{""type"":""MultiPoint"",""coordinates"":[]}"
20190225T105021_20190225T105315_T31TEM_0000000000000000056b_0,1524,1255,470,628,758,863,928,984,1092,1036,5,2019-02-25,Regosols (Colluvic),45.96763063983362,3.355823049470566,1385,RMQS1,"{""type"":""MultiPoint"",""coordinates"":[]}"
20190225T105021_20190225T105315_T31TEM_000000000000000004d8_0,1880,1199,350,467,531,847,1267,1419,1610,1717,5,2019-02-25,Stagnic Gleysols,46.54338382863926,3.3666364953405252,1218,RMQS1,"{""type"":""MultiPoint"",""coordinates"":[]}"
20190225T105021_20190225T105315_T31TEM_0000000000000000000d_0,2759,1704,418,526,806,1175,1534,1727,2076,2294,5,2019-02-25,Chromic Luvisols,46.594444440000004,3.41805556,66248,"{WD-eSOTER,WD-WISE}","{""type"":""MultiPoint"",""coordinates"":[]}"
20190225T105021_20190225T105315_T31TEM_0000000000000000000c_0,1805,1332,535,649,825,930,981,1062,1204,1198,5,2019-02-25,Haplic Vertisols,46.32222222,3.46388889,68777,"{WD-eSOTER,WD-WISE}","{""type"":""MultiPoint"",""coordinates"":[]}"
20190225T105021_20190225T105315_T31TEN_00000000000000000084_0,3084,2259,648,950,1288,1685,2198,2420,2790,2765,5,2019-02-25,Eutric Cambisols,47.11452367322506,3.6127323073983724,SIM87770,HWSDv2,"{""type"":""MultiPoint"",""coordinates"":[]}"
20190225T105021_20190225T105315_T31TEN_0000000000000000038b_0,1556,1021,218,368,470,628,831,938,933,1039,5,2019-02-25,Calcaric Cambisols,47.68719866197225,4.028283809407994,859,RMQS1,"{""type"":""MultiPoint"",""coordinates"":[]}"
20190225T105021_20190225T105315_T31TEN_000000000000000003b7_0,1850,1174,266,407,496,740,1105,1184,1322,1415,5,2019-02-25,Calcaric Cambisols,47.550837746461816,3.386133454800718,908,RMQS1,"{""type"":""MultiPoint"",""coordinates"":[]}"
20190225T105021_20190225T105315_T31TEN_000000000000000003b9_0,1985,1253,260,427,506,841,1116,1321,1336,1615,5,2019-02-25,Calcaric Cambisols,47.546217215423475,3.8112046307032252,910,RMQS1,"{""type"":""MultiPoint"",""coordinates"":[]}"
20190225T105021_20190225T105315_T31TEN_00000000000000000415_0,1854,1187,195,377,452,781,968,1174,1204,1383,5,2019-02-25,Cambic Umbrisols,47.252283039828995,4.225975051446358,1008,RMQS1,"{""type"":""MultiPoint"",""coordinates"":[]}"
20190225T105021_20190225T105315_T31TEN_0000000000000000035c_0,2906,2300,521,822,1178,1514,1838,1991,2140,2177,5,2019-02-25,Eutric Cambisols,47.82407340617893,4.4601231189041926,809,RMQS1,"{""type"":""MultiPoint"",""coordinates"":[]}"
20190225T105021_20190225T105315_T31TEN_0000000000000000038a_0,1822,1546,302,609,954,1060,1156,1208,1288,1258,5,2019-02-25,Eutric Cambisols,47.69010033133988,3.81520383273741,858,RMQS1,"{""type"":""MultiPoint"",""coordinates"":[]}"
20190225T105021_20190225T105315_T31TEN_000000000000000003e4_0,2355,2136,353,699,1092,1227,1335,1429,1544,1526,5,2019-02-25,Eutric Cambisols,47.40865578006737,3.171315212024671,958,RMQS1,"{""type"":""MultiPoint"",""coordinates"":[]}"
20190225T105021_20190225T105315_T31TEN_000000000000000003e5_0,2715,1819,515,929,1138,1583,2261,2459,2584,2589,5,2019-02-25,Eutric Cambisols,47.40693357261238,3.3833017951649333,959,RMQS1,"{""type"":""MultiPoint"",""coordinates"":[]}"
20190225T105021_20190225T105315_T31TEN_000000000000000003ea_0,1634,1098,374,634,439,807,1352,1281,987,1610,5,2019-02-25,Eutric Cambisols,47.392503703143014,4.4429497576418155,964,RMQS1,"{""type"":""MultiPoint"",""coordinates"":[]}"
20190225T105021_20190225T105315_T31TEN_00000000000000000388_0,1800,1122,288,421,494,784,1095,1283,1544,1579,5,2019-02-25,Eutric Planosols,47.69473383253753,3.388980815854437,856,RMQS1,"{""type"":""MultiPoint"",""coordinates"":[]}"
20190225T105021_20190225T105315_T31TEN_00000000000000000356_0,1636,989,211,261,373,673,936,1004,1174,1366,5,2019-02-25,Eutric Retisols,47.840357554988195,3.178127221780755,803,RMQS1,"{""type"":""MultiPoint"",""coordinates"":[]}"
20190225T105021_20190225T105315_T31TEN_00000000000000000439_0,2138,1363,351,499,692,935,1203,1449,1802,1784,5,2019-02-25,Haplic Luvisols,47.12081648332485,3.166834936155968,1048,RMQS1,"{""type"":""MultiPoint"",""coordinates"":[]}"
20190225T105021_20190225T105315_T31TEN_00000000000000000358_0,2013,1268,301,456,554,781,1131,1284,1538,1585,5,2019-02-25,Luvic Stagnosols,47.83649278861352,3.6055433677437523,805,RMQS1,"{""type"":""MultiPoint"",""coordinates"":[]}"
20190225T105021_20190225T105315_T31TEN_000000000000000003bb_0,2485,1752,432,786,880,1508,2068,2185,2486,2323,5,2019-02-25,Luvic Stagnosols,47.54004028028161,4.236190387376669,912,RMQS1,"{""type"":""MultiPoint"",""coordinates"":[]}"
20190225T105021_20190225T105315_T31TEN_00000000000000000357_0,3235,2764,814,1186,1566,1862,2091,2221,2326,2402,5,2019-02-25,Regosols (Colluvic),47.83862082138957,3.39184320342842,804,RMQS1,"{""type"":""MultiPoint"",""coordinates"":[]}"
20190225T105021_20190225T105315_T31TEN_000000000000000003b8_0,2860,2224,479,791,1005,1543,2032,2160,2216,2320,5,2019-02-25,Rendzic Leptosols,47.54872203789853,3.598677838598693,909,RMQS1,"{""type"":""MultiPoint"",""coordinates"":[]}"
20190225T105021_20190225T105315_T31TEN_00000000000000000465_0,2395,1643,654,996,1194,1690,2225,2382,2476,2558,5,2019-02-25,Stagnic Gleysols,46.97308682231077,3.585174830835298,1094,RMQS1,"{""type"":""MultiPoint"",""coordinates"":[]}"
20190225T105021_20190225T105315_T31TFN_0000000000000000035c_0,2903,2300,532,828,1180,1516,1839,1989,2136,2176,5,2019-02-25,Eutric Cambisols,47.82407340617893,4.4601231189041926,809,RMQS1,"{""type"":""MultiPoint"",""coordinates"":[]}"
20190225T105021_20190225T105315_T31TFN_000000000000000003ea_0,1621,1092,390,639,443,805,1342,1267,987,1595,5,2019-02-25,Eutric Cambisols,47.392503703143014,4.4429497576418155,964,RMQS1,"{""type"":""MultiPoint"",""coordinates"":[]}"
20190225T105021_20190225T105315_T31UCP_0000000000000000031b_0,2475,1980,308,634,946,1184,1599,1760,1472,1783,5,2019-02-25,Calcaric Cambisols,47.98404183296344,1.4658440887727766,740,RMQS1,"{""type"":""MultiPoint"",""coordinates"":[]}"
20190225T105021_20190225T105315_T31UCP_00000000000000000204_0,2062,1333,305,440,589,846,1156,1363,1674,1685,5,2019-02-25,Dystric Cambisols,48.70325680260776,1.453808158227529,448,RMQS1,"{""type"":""MultiPoint"",""coordinates"":[]}"
20190225T105021_20190225T105315_T31UCP_0000000000000000023e_0,2538,1906,423,784,985,1450,2105,2303,2314,2445,5,2019-02-25,Eutric Cambisols,48.56085542396343,1.6729155469005188,509,RMQS1,"{""type"":""MultiPoint"",""coordinates"":[]}"
20190225T105021_20190225T105315_T31UCP_00000000000000000272_0,3312,2484,674,1054,1308,1802,2199,2406,2586,2627,5,2019-02-25,Eutric Retisols,48.411606154539754,1.0265529667530489,564,RMQS1,"{""type"":""MultiPoint"",""coordinates"":[]}"
20190225T105021_20190225T105315_T31UCP_00000000000000000275_0,3891,3408,1100,1726,2100,2727,3231,3388,3608,3556,5,2019-02-25,Haplic Luvisols,48.41702172942115,1.6747395099090712,567,RMQS1,"{""type"":""MultiPoint"",""coordinates"":[]}"
20190225T105021_20190225T105315_T31UCP_000000000000000002ac_0,3318,2572,658,1096,1492,1879,2319,2479,2646,2684,5,2019-02-25,Luvic Cambisols,48.271768171952196,1.4610694163442626,625,RMQS1,"{""type"":""MultiPoint"",""coordinates"":[]}"
20190225T105021_20190225T105315_T31UCP_000000000000000002ad_0,3895,3611,1194,1822,2448,2730,2925,3048,3282,3193,5,2019-02-25,Luvic Cambisols,48.273173775874774,1.6765533442912048,626,RMQS1,"{""type"":""MultiPoint"",""coordinates"":[]}"
20190225T105021_20190225T105315_T31UCP_0000000000000000034e_0,2512,1622,364,505,819,1040,1301,1557,1932,1926,5,2019-02-25,Luvic Stagnosols,47.84016084763797,1.4682119105928768,795,RMQS1,"{""type"":""MultiPoint"",""coordinates"":[]}"
20190225T105021_20190225T105315_T31UCP_0000000000000000031c_0,2140,1843,581,882,1250,1245,1326,1405,1684,1465,5,2019-02-25,Mollic Umbrisols,47.98543984274541,1.6801538816928248,741,RMQS1,"{""type"":""MultiPoint"",""coordinates"":[]}"
20190225T105021_20190225T105315_T31UCP_0000000000000000034f_0,3380,2544,750,1124,1432,1861,2331,2520,2798,2785,5,2019-02-25,Mollic Umbrisols,47.84155543400575,1.681939134662969,796,RMQS1,"{""type"":""MultiPoint"",""coordinates"":[]}"
20190225T105021_20190225T105315_T31UCP_000000000000000002e5_0,2337,1991,400,621,909,1084,1201,1305,1448,1507,5,2019-02-25,Rendzic Leptosols,48.129312960797584,1.6783584655939348,684,RMQS1,"{""type"":""MultiPoint"",""coordinates"":[]}"
20190225T105021_20190225T105315_T31UCP_000000000000000002e1_0,2547,1889,611,896,1094,1412,1834,2101,2216,2253,5,2019-02-25,Vertic Cambisols,48.12134464439584,0.8188699264753865,680,RMQS1,"{""type"":""MultiPoint"",""coordinates"":[]}"
20190225T105021_20190225T105315_T31UCQ_00000000000000000174_0,3180,2433,678,1026,1340,1795,2153,2291,2684,2572,5,2019-02-25,Calcaric Cambisols,49.136032669120816,1.665509084487337,278,RMQS1,"{""type"":""MultiPoint"",""coordinates"":[]}"
20190225T105021_20190225T105315_T31UCQ_000000000000000001cf_0,2441,1592,353,536,719,1032,1345,1565,1956,1966,5,2019-02-25,Dystric Cambisols,48.847056007321356,1.4513589163107052,387,RMQS1,"{""type"":""MultiPoint"",""coordinates"":[]}"
20190225T105021_20190225T105315_T31UCQ_00000000000000000204_0,2010,1301,286,425,576,830,1134,1335,1634,1641,5,2019-02-25,Dystric Cambisols,48.70325680260776,1.453808158227529,448,RMQS1,"{""type"":""MultiPoint"",""coordinates"":[]}"
20190225T105021_20190225T105315_T31UCQ_0000000000000000019b_0,3646,3051,984,1556,1974,2521,3041,3219,3388,3302,5,2019-02-25,Eutric Cambisols,48.986789979658724,1.011980189683206,327,RMQS1,"{""type"":""MultiPoint"",""coordinates"":[]}"
20190225T105021_20190225T105315_T31UCQ_0000000000000000019e_0,2879,2010,482,793,958,1275,1776,1868,2248,2190,5,2019-02-25,Eutric Cambisols,48.99226395558002,1.667375833412688,330,RMQS1,"{""type"":""MultiPoint"",""coordinates"":[]}"
20190225T105021_20190225T105315_T31UCQ_0000000000000000014c_0,2089,1603,608,805,912,1168,1355,1479,1456,1694,5,2019-02-25,Eutric Fluvisols,49.276515471368825,1.2242410066178666,233,RMQS1,"{""type"":""MultiPoint"",""coordinates"":[]}"
20190225T105021_20190225T105315_T31UCQ_0000000000000000010a_0,3534,3003,1280,1844,2264,2623,2707,2899,3160,3080,5,2019-02-25,Luvic Cambisols,49.56393970113884,1.217982875699953,155,RMQS1,"{""type"":""MultiPoint"",""coordinates"":[]}"
20190225T105021_20190225T105315_T31UCQ_0000000000000000014e_0,2826,2525,868,1290,1688,1913,2022,2098,2236,2228,5,2019-02-25,Luvic Cambisols,49.279783234787686,1.6636314749754055,235,RMQS1,"{""type"":""MultiPoint"",""coordinates"":[]}"
20190225T105021_20190225T105315_T31UCQ_0000000000000000019d_0,1714,1074,167,280,345,673,955,1110,1294,1386,5,2019-02-25,Umbric Leptosols,48.99083867013206,1.4488959231839007,329,RMQS1,"{""type"":""MultiPoint"",""coordinates"":[]}"
20190225T105021_20190225T105315_T31UCR_000000000000000000da_0,4489,3474,1108,1868,2056,3294,4164,4370,4544,4562,5,2019-02-25,Calcaric Cambisols,49.853132208716076,1.4338262144811627,99,RMQS1,"{""type"":""MultiPoint"",""coordinates"":[]}"
20190225T105021_20190225T105315_T31UCR_0000000000000000010a_0,3444,2928,1214,1770,2188,2553,2638,2825,3060,2991,5,2019-02-25,Luvic Cambisols,49.56393970113884,1.217982875699953,155,RMQS1,"{""type"":""MultiPoint"",""coordinates"":[]}"
20190225T105021_20190225T105315_T31UCR_000000000000000000a7_0,2330,2079,561,796,1036,1218,1334,1444,1726,1680,5,2019-02-25,Regosols (Colluvic),50.42900525285804,1.64823093644194,34,RMQS1,"{""type"":""MultiPoint"",""coordinates"":[]}"
20190225T105021_20190225T105315_T31UDP_00000000000000000071_0,2973,2380,727,1166,1322,1731,2327,2473,2620,2596,5,2019-02-25,Eutric Cambisols,48.5995654995664,2.512561932350915,SIM42232,HWSDv2,"{""type"":""MultiPoint"",""coordinates"":[]}"
20190225T105021_20190225T105315_T31UDP_00000000000000000241_0,2709,2173,1040,1602,1860,1773,2684,3041,3488,3200,5,2019-02-25,Abruptic Luvisols,48.5627163244068,2.3229823884195913,512,RMQS1,"{""type"":""MultiPoint"",""coordinates"":[]}"
20190225T105021_20190225T105315_T31UDP_00000000000000000352_0,2468,1771,317,451,616,1124,1472,1652,1596,1821,5,2019-02-25,Calcaric Arenosols,47.84338994552523,2.3231668611929046,799,RMQS1,"{""type"":""MultiPoint"",""coordinates"":[]}"
20190225T105021_20190225T105315_T31UDP_00000000000000000242_0,3869,2748,637,941,1240,1592,1947,2085,2470,2407,5,2019-02-25,Calcaric Cambisols,48.56197268484537,2.756366804047027,514,RMQS1,"{""type"":""MultiPoint"",""coordinates"":[]}"
20190225T105021_20190225T105315_T31UDP_00000000000000000276_0,3048,2578,761,1148,1550,1790,2025,2202,2358,2294,5,2019-02-25,Calcaric Cambisols,48.418035746824685,1.8908275052152994,568,RMQS1,"{""type"":""MultiPoint"",""coordinates"":[]}"
20190225T105021_20190225T105315_T31UDP_0000000000000000027b_0,2669,2185,590,1032,1218,1613,2094,2198,2440,2320,5,2019-02-25,Calcaric Cambisols,48.41717099961288,2.9713017936535744,573,RMQS1,"{""type"":""MultiPoint"",""coordinates"":[]}"
20190225T105021_20190225T105315_T31UDP_000000000000000002ae_0,2579,2333,535,889,1378,1538,1620,1691,1828,1811,5,2019-02-25,Calcaric Cambisols,48.27418519339707,1.8920484065068364,627,RMQS1,"{""type"":""MultiPoint"",""coordinates"":[]}"
20190225T105021_20190225T105315_T31UDP_000000000000000002b0_0,2651,2386,598,989,1426,1618,1739,1831,1932,1987,5,2019-02-25,Calcaric Cambisols,48.27502436219857,2.323057007667784,629,RMQS1,"{""type"":""MultiPoint"",""coordinates"":[]}"
20190225T105021_20190225T105315_T31UDP_000000000000000002b1_0,2445,2197,509,832,1228,1436,1545,1656,1758,1751,5,2019-02-25,Calcaric Cambisols,48.27485100267507,2.5385623357130096,630,RMQS1,"{""type"":""MultiPoint"",""coordinates"":[]}"
20190225T105021_20190225T105315_T31UDP_000000000000000002e8_0,2660,2431,662,1032,1472,1588,1717,1839,2028,1911,5,2019-02-25,Calcaric Cambisols,48.13115799145747,2.3230934450304686,687,RMQS1,"{""type"":""MultiPoint"",""coordinates"":[]}"
20190225T105021_20190225T105315_T31UDP_000000000000000002e9_0,3229,2312,582,988,1176,1733,2380,2647,2830,2812,5,2019-02-25,Calcaric Cambisols,48.13098489367784,2.5380099326487655,688,RMQS1,"{""type"":""MultiPoint"",""coordinates"":[]}"
20190225T105021_20190225T105315_T31UDP_00000000000000000321_0,2250,1768,480,818,937,1278,1681,1806,2312,1958,5,2019-02-25,Calcaric Cambisols,47.9865426602432,2.7517886582102737,746,RMQS1,"{""type"":""MultiPoint"",""coordinates"":[]}"
20190225T105021_20190225T105315_T31UDP_00000000000000000206_0,2664,1825,428,524,676,1010,1387,1517,1576,1952,5,2019-02-25,Dystric Cambisols,48.70569412739061,1.8883618939285025,450,RMQS1,"{""type"":""MultiPoint"",""coordinates"":[]}"
20190225T105021_20190225T105315_T31UDP_000000000000000008c9_0,2406,1645,391,618,661,1089,1806,1911,1888,2073,5,2019-02-25,Dystric Cambisols,47.84255830040598,1.8956764547247618,10797,RMQS1,"{""type"":""MultiPoint"",""coordinates"":[]}"
20190225T105021_20190225T105315_T31UDP_0000000000000000023e_0,2556,1921,507,838,1021,1474,2128,2327,2338,2461,5,2019-02-25,Eutric Cambisols,48.56085542396343,1.6729155469005188,509,RMQS1,"{""type"":""MultiPoint"",""coordinates"":[]}"
20190225T105021_20190225T105315_T31UDP_000000000000000002e7_0,3073,2741,706,1132,1616,1908,2017,2125,2238,2265,5,2019-02-25,Eutric Cambisols,48.13093680610043,2.108177321905969,686,RMQS1,"{""type"":""MultiPoint"",""coordinates"":[]}"
20190225T105021_20190225T105315_T31UDP_00000000000000000351_0,3008,2518,850,1244,1630,1930,2350,2520,2580,2642,5,2019-02-25,Eutric Cambisols,47.843169868917435,2.1094201698833497,798,RMQS1,"{""type"":""MultiPoint"",""coordinates"":[]}"
20190225T105021_20190225T105315_T31UDP_0000000000000000031d_0,3226,2079,589,805,1034,1466,1963,2170,2376,2382,5,2019-02-25,Eutric Planosols,47.98644564029198,1.8944738375183001,742,RMQS1,"{""type"":""MultiPoint"",""coordinates"":[]}"
20190225T105021_20190225T105315_T31UDP_0000000000000000023f_0,3837,3173,893,1346,1714,2200,2464,2599,2755,2807,5,2019-02-25,Haplic Luvisols,48.56187240436339,1.8895991857404957,510,RMQS1,"{""type"":""MultiPoint"",""coordinates"":[]}"
20190225T105021_20190225T105315_T31UDP_00000000000000000240_0,2755,1852,410,552,735,1125,1473,1656,1760,1942,5,2019-02-25,Haplic Luvisols,48.56249270831224,2.1062892289302053,511,RMQS1,"{""type"":""MultiPoint"",""coordinates"":[]}"
20190225T105021_20190225T105315_T31UDP_00000000000000000275_0,3916,3434,1158,1760,2120,2740,3244,3398,3618,3558,5,2019-02-25,Haplic Luvisols,48.41702172942115,1.6747395099090712,567,RMQS1,"{""type"":""MultiPoint"",""coordinates"":[]}"
20190225T105021_20190225T105315_T31UDP_00000000000000000278_0,2617,2018,549,849,1160,1478,1662,1825,2088,2229,5,2019-02-25,Haplic Luvisols,48.418877511932216,2.3230202148648296,570,RMQS1,"{""type"":""MultiPoint"",""coordinates"":[]}"
20190225T105021_20190225T105315_T31UDP_00000000000000000350_0,2406,1645,391,618,661,1089,1806,1911,1888,2073,5,2019-02-25,Haplic Luvisols,47.84255830040598,1.8956764547247618,797,RMQS1,"{""type"":""MultiPoint"",""coordinates"":[]}"
20190225T105021_20190225T105315_T31UDP_00000000000000000209_0,1804,1377,590,893,1050,1046,1712,1669,2087,1812,5,2019-02-25,Luvic Cambisols,48.70636671812621,2.5402378321558636,453,RMQS1,"{""type"":""MultiPoint"",""coordinates"":[]}"
20190225T105021_20190225T105315_T31UDP_00000000000000000277_0,3572,3049,986,1566,1836,2481,3054,3172,3376,3259,5,2019-02-25,Luvic Cambisols,48.41865449696645,2.1069223823788863,569,RMQS1,"{""type"":""MultiPoint"",""coordinates"":[]}"
20190225T105021_20190225T105315_T31UDP_000000000000000002ad_0,3919,3638,1250,1852,2462,2744,2940,3064,3296,3199,5,2019-02-25,Luvic Cambisols,48.273173775874774,1.6765533442912048,626,RMQS1,"{""type"":""MultiPoint"",""coordinates"":[]}"
20190225T105021_20190225T105315_T31UDP_0000000000000000031f_0,2210,1432,303,434,588,864,1129,1337,1614,1673,5,2019-02-25,Luvic Stagnosols,47.987279423923,2.323130198940761,744,RMQS1,"{""type"":""MultiPoint"",""coordinates"":[]}"
20190225T105021_20190225T105315_T31UDP_00000000000000000322_0,1671,1079,204,377,462,716,1039,1148,1476,1481,5,2019-02-25,Luvic Stagnosols,47.985586941629826,2.966110128475534,747,RMQS1,"{""type"":""MultiPoint"",""coordinates"":[]}"
20190225T105021_20190225T105315_T31UDP_00000000000000000279_0,2075,1239,280,404,554,853,1162,1428,1649,1727,5,2019-02-25,Mollic Umbrisols,48.41870398002866,2.539117747277582,571,RMQS1,"{""type"":""MultiPoint"",""coordinates"":[]}"
20190225T105021_20190225T105315_T31UDP_0000000000000000031c_0,2157,1858,653,931,1276,1269,1355,1432,1710,1493,5,2019-02-25,Mollic Umbrisols,47.98543984274541,1.6801538816928248,741,RMQS1,"{""type"":""MultiPoint"",""coordinates"":[]}"
20190225T105021_20190225T105315_T31UDP_0000000000000000034f_0,3401,2563,818,1166,1458,1878,2350,2538,2806,2795,5,2019-02-25,Mollic Umbrisols,47.84155543400575,1.681939134662969,796,RMQS1,"{""type"":""MultiPoint"",""coordinates"":[]}"
20190225T105021_20190225T105315_T31UDP_000000000000000002e5_0,2354,2007,478,677,947,1110,1230,1334,1478,1533,5,2019-02-25,Rendzic Leptosols,48.129312960797584,1.6783584655939348,684,RMQS1,"{""type"":""MultiPoint"",""coordinates"":[]}"
20190225T105021_20190225T105315_T31UDP_00000000000000000243_0,2661,2375,614,1096,1454,1727,1846,1938,1948,2014,5,2019-02-25,Stagnic Gleysols,48.56100580256318,2.9730521545318473,515,RMQS1,"{""type"":""MultiPoint"",""coordinates"":[]}"
20190225T105021_20190225T105315_T31UDQ_00000000000000000176_0,1584,1036,201,339,367,637,905,1080,1192,1301,5,2019-02-25,Albic Podzols,49.13768839574472,2.1037163490425295,280,RMQS1,"{""type"":""MultiPoint"",""coordinates"":[]}"
20190225T105021_20190225T105315_T31UDQ_00000000000000000152_0,2182,1428,286,479,622,844,1202,1331,1668,1709,5,2019-02-25,Calcaric Cambisols,49.28149486599512,2.542511496476948,239,RMQS1,"{""type"":""MultiPoint"",""coordinates"":[]}"
20190225T105021_20190225T105315_T31UDQ_00000000000000000174_0,3207,2453,719,1058,1362,1819,2178,2314,2714,2603,5,2019-02-25,Calcaric Cambisols,49.136032669120816,1.665509084487337,278,RMQS1,"{""type"":""MultiPoint"",""coordinates"":[]}"
20190225T105021_20190225T105315_T31UDQ_00000000000000000206_0,2602,1781,363,474,639,979,1346,1467,1523,1899,5,2019-02-25,Dystric Cambisols,48.70569412739061,1.8883618939285025,450,RMQS1,"{""type"":""MultiPoint"",""coordinates"":[]}"
20190225T105021_20190225T105315_T31UDQ_0000000000000000012d_0,3574,3294,1052,1720,2282,2495,2544,2708,2864,2774,5,2019-02-25,Eutric Cambisols,49.425230407063104,2.5430874224563476,200,RMQS1,"{""type"":""MultiPoint"",""coordinates"":[]}"
20190225T105021_20190225T105315_T31UDQ_0000000000000000012f_0,2177,1441,220,391,585,855,1047,1236,1546,1602,5,2019-02-25,Eutric Cambisols,49.423669310575036,2.9837540423979068,202,RMQS1,"{""type"":""MultiPoint"",""coordinates"":[]}"
20190225T105021_20190225T105315_T31UDQ_0000000000000000019e_0,2902,2027,520,817,973,1293,1795,1888,2278,2216,5,2019-02-25,Eutric Cambisols,48.99226395558002,1.667375833412688,330,RMQS1,"{""type"":""MultiPoint"",""coordinates"":[]}"
20190225T105021_20190225T105315_T31UDQ_000000000000000001a2_0,3205,2128,489,769,943,1425,1934,2165,2454,2480,5,2019-02-25,Eutric Cambisols,48.993966246076276,2.541368882765616,334,RMQS1,"{""type"":""MultiPoint"",""coordinates"":[]}"
20190225T105021_20190225T105315_T31UDQ_000000000000000001a3_0,2804,2110,583,1134,1156,1867,2746,2926,3062,3064,5,2019-02-25,Eutric Cambisols,48.99339209206418,2.7598678192779644,335,RMQS1,"{""type"":""MultiPoint"",""coordinates"":[]}"
20190225T105021_20190225T105315_T31UDQ_000000000000000001d5_0,1802,1424,157,306,515,621,749,913,1060,1110,5,2019-02-25,Eutric Cambisols,48.849602131036924,2.7586952903870707,393,RMQS1,"{""type"":""MultiPoint"",""coordinates"":[]}"
20190225T105021_20190225T105315_T31UDQ_0000000000000000012b_0,1977,1818,1042,1202,1344,1384,1450,1495,1620,1653,5,2019-02-25,Fibric Histosols,49.42517865837183,2.1024074145428684,198,RMQS1,"{""type"":""MultiPoint"",""coordinates"":[]}"
20190225T105021_20190225T105315_T31UDQ_000000000000000001a0_0,1971,1824,691,810,1078,1204,1248,1342,1562,1508,5,2019-02-25,Fluvic Cambisols,48.99391509715455,2.1043645797039217,332,RMQS1,"{""type"":""MultiPoint"",""coordinates"":[]}"
20190225T105021_20190225T105315_T31UDQ_000000000000000001d4_0,2169,1808,483,680,874,1111,1523,1696,1772,1877,5,2019-02-25,Fluvic Cambisols,48.85017478576778,2.5408021462983257,392,RMQS1,"{""type"":""MultiPoint"",""coordinates"":[]}"
20190225T105021_20190225T105315_T31UDQ_0000000000000000010f_0,2729,2204,788,1272,1566,1943,2267,2372,2558,2471,5,2019-02-25,Haplic Luvisols,49.56912246415945,2.322706117305429,160,RMQS1,"{""type"":""MultiPoint"",""coordinates"":[]}"
20190225T105021_20190225T105315_T31UDQ_00000000000000000111_0,1798,1254,275,495,536,833,1091,1360,1738,1533,5,2019-02-25,Haplic Luvisols,49.56836528159111,2.764623053140729,162,RMQS1,"{""type"":""MultiPoint"",""coordinates"":[]}"
20190225T105021_20190225T105315_T31UDQ_0000000000000000012e_0,3556,2922,987,1546,1742,2557,3332,3552,3496,3673,5,2019-02-25,Haplic Luvisols,49.424651548880426,2.763424203799449,201,RMQS1,"{""type"":""MultiPoint"",""coordinates"":[]}"
20190225T105021_20190225T105315_T31UDQ_00000000000000000179_0,2916,1939,333,541,832,1187,1645,1930,2136,2302,5,2019-02-25,Haplic Luvisols,49.137164232696826,2.7610467102065748,283,RMQS1,"{""type"":""MultiPoint"",""coordinates"":[]}"
20190225T105021_20190225T105315_T31UDQ_000000000000000001d2_0,2211,1425,289,414,537,922,1261,1457,1718,1742,5,2019-02-25,Haplic Luvisols,48.85012398363996,2.105009339674595,390,RMQS1,"{""type"":""MultiPoint"",""coordinates"":[]}"
20190225T105021_20190225T105315_T31UDQ_00000000000000000110_0,3242,2968,948,1554,2048,2337,2431,2516,2635,2594,5,2019-02-25,Luvic Cambisols,49.56894583689343,2.5436666897699416,161,RMQS1,"{""type"":""MultiPoint"",""coordinates"":[]}"
20190225T105021_20190225T105315_T31UDQ_0000000000000000014e_0,2848,2546,910,1322,1714,1935,2043,2120,2260,2253,5,2019-02-25,Luvic Cambisols,49.279783234787686,1.6636314749754055,235,RMQS1,"{""type"":""MultiPoint"",""coordinates"":[]}"
20190225T105021_20190225T105315_T31UDQ_00000000000000000175_0,2916,2408,794,1338,1622,1920,2415,2496,2762,2618,5,2019-02-25,Luvic Cambisols,49.13706124741972,1.8846092571838453,279,RMQS1,"{""type"":""MultiPoint"",""coordinates"":[]}"
20190225T105021_20190225T105315_T31UDQ_000000000000000001a1_0,1679,1388,233,304,447,981,1317,1368,1118,1576,5,2019-02-25,Luvic Cambisols,48.99414055184198,2.3228665430640922,333,RMQS1,"{""type"":""MultiPoint"",""coordinates"":[]}"
20190225T105021_20190225T105315_T31UDQ_000000000000000001d1_0,1507,1223,382,514,645,734,1158,1468,1415,1451,5,2019-02-25,Luvic Cambisols,48.84950017407993,1.8871171866162197,389,RMQS1,"{""type"":""MultiPoint"",""coordinates"":[]}"
20190225T105021_20190225T105315_T31UDQ_00000000000000000209_0,1760,1344,525,843,1009,1014,1670,1626,2030,1764,5,2019-02-25,Luvic Cambisols,48.70636671812621,2.5402378321558636,453,RMQS1,"{""type"":""MultiPoint"",""coordinates"":[]}"
20190225T105021_20190225T105315_T31UDQ_0000000000000000010d_0,2708,2120,805,1094,1246,1640,2206,2408,2274,2507,5,2019-02-25,Luvic Stagnosols,49.56826098013314,1.8807904892721603,158,RMQS1,"{""type"":""MultiPoint"",""coordinates"":[]}"
20190225T105021_20190225T105315_T31UDQ_00000000000000000150_0,2164,1640,1140,1430,1572,1277,1942,2144,2183,2265,5,2019-02-25,Luvic Stagnosols,49.28144329184339,2.103064062809696,237,RMQS1,"{""type"":""MultiPoint"",""coordinates"":[]}"
20190225T105021_20190225T105315_T31UDQ_00000000000000000154_0,3105,2911,795,1328,1778,2155,2321,2374,2242,2480,5,2019-02-25,Luvic Stagnosols,49.27993803977774,2.9819456507417623,241,RMQS1,"{""type"":""MultiPoint"",""coordinates"":[]}"
20190225T105021_20190225T105315_T31UDQ_0000000000000000017a_0,3330,3137,1005,1544,2084,2320,2415,2513,2668,2629,5,2019-02-25,Luvic Stagnosols,49.13618741224519,2.9801472939415725,284,RMQS1,"{""type"":""MultiPoint"",""coordinates"":[]}"
20190225T105021_20190225T105315_T31UDQ_000000000000000001d6_0,3136,2580,616,991,1404,1654,1808,1923,2164,2176,5,2019-02-25,Stagnic Gleysols,48.84863060747811,2.976581578756068,394,RMQS1,"{""type"":""MultiPoint"",""coordinates"":[]}"
20190225T105021_20190225T105315_T31UDQ_000000000000000001d3_0,1495,1316,1066,1132,1206,1003,886,958,1395,1173,5,2019-02-25,Technosols,48.85034873690586,2.322905488238686,391,RMQS1,"{""type"":""MultiPoint"",""coordinates"":[]}"
20190225T105021_20190225T105315_T31UDR_00000000000000000056_0,2838,2632,795,1266,1654,1890,1950,2012,2146,2097,5,2019-02-25,Eutric Cambisols,50.15828941114408,2.86617988322367,SIM63940,HWSDv2,"{""type"":""MultiPoint"",""coordinates"":[]}"
20190225T105021_20190225T105315_T31UDR_000000000000000000de_0,2736,2067,479,879,988,1576,2243,2384,2554,2584,5,2019-02-25,Calcaric Cambisols,49.85648964531181,2.3226256379824948,103,RMQS1,"{""type"":""MultiPoint"",""coordinates"":[]}"
20190225T105021_20190225T105315_T31UDR_000000000000000000f6_0,1723,1286,406,559,524,937,1310,1615,1412,1796,5,2019-02-25,Calcaric Cambisols,49.71264020753129,2.5442497423135224,132,RMQS1,"{""type"":""MultiPoint"",""coordinates"":[]}"
20190225T105021_20190225T105315_T31UDR_000000000000000000ab_0,2331,1981,588,918,1166,1521,1526,1716,1630,1797,5,2019-02-25,Eutric Cambisols,50.430753767792595,2.5472090849698255,38,RMQS1,"{""type"":""MultiPoint"",""coordinates"":[]}"
20190225T105021_20190225T105315_T31UDR_000000000000000000b4_0,2435,2235,519,903,1254,1472,1579,1715,1720,1835,5,2019-02-25,Eutric Cambisols,50.28718216659681,2.546611534452438,51,RMQS1,"{""type"":""MultiPoint"",""coordinates"":[]}"
20190225T105021_20190225T105315_T31UDR_000000000000000000c2_0,3228,2642,871,1488,1718,2279,2781,2901,3106,3049,5,2019-02-25,Eutric Cambisols,50.14200369750157,2.992946997301806,66,RMQS1,"{""type"":""MultiPoint"",""coordinates"":[]}"
20190225T105021_20190225T105315_T31UDR_000000000000000000cd_0,2193,1545,469,802,908,1436,2222,2353,2416,2493,5,2019-02-25,Eutric Cambisols,50.00013858967453,2.3225846734270483,80,RMQS1,"{""type"":""MultiPoint"",""coordinates"":[]}"
20190225T105021_20190225T105315_T31UDR_000000000000000000cf_0,3163,2861,773,1278,1720,2041,2121,2231,2310,2308,5,2019-02-25,Eutric Cambisols,49.999375467717336,2.768260418213498,82,RMQS1,"{""type"":""MultiPoint"",""coordinates"":[]}"
20190225T105021_20190225T105315_T31UDR_000000000000000000df_0,2274,1809,750,810,1005,1250,1505,1609,1236,1717,5,2019-02-25,Eutric Cambisols,49.85631247393191,2.5448356402447683,104,RMQS1,"{""type"":""MultiPoint"",""coordinates"":[]}"
20190225T105021_20190225T105315_T31UDR_000000000000000000f7_0,3072,2880,812,1358,1820,2110,2137,2221,2292,2294,5,2019-02-25,Eutric Cambisols,49.7120578590372,2.7658288977798313,133,RMQS1,"{""type"":""MultiPoint"",""coordinates"":[]}"
20190225T105021_20190225T105315_T31UDR_0000000000000000010f_0,2661,2153,724,1214,1512,1890,2210,2309,2482,2403,5,2019-02-25,Haplic Luvisols,49.56912246415945,2.322706117305429,160,RMQS1,"{""type"":""MultiPoint"",""coordinates"":[]}"
20190225T105021_20190225T105315_T31UDR_00000000000000000111_0,1755,1222,225,457,507,802,1062,1324,1694,1490,5,2019-02-25,Haplic Luvisols,49.56836528159111,2.764623053140729,162,RMQS1,"{""type"":""MultiPoint"",""coordinates"":[]}"
20190225T105021_20190225T105315_T31UDR_000000000000000000f5_0,2937,2421,636,1154,1526,1913,2398,2534,2630,2668,5,2019-02-25,Luvic Cambisols,49.7128174628079,2.3226656536691292,131,RMQS1,"{""type"":""MultiPoint"",""coordinates"":[]}"
20190225T105021_20190225T105315_T31UDR_00000000000000000110_0,3163,2894,882,1490,1984,2275,2367,2450,2556,2520,5,2019-02-25,Luvic Cambisols,49.56894583689343,2.5436666897699416,161,RMQS1,"{""type"":""MultiPoint"",""coordinates"":[]}"
20190225T105021_20190225T105315_T31UDR_0000000000000000010d_0,2640,2068,745,1046,1204,1598,2152,2345,2204,2437,5,2019-02-25,Luvic Stagnosols,49.56826098013314,1.8807904892721603,158,RMQS1,"{""type"":""MultiPoint"",""coordinates"":[]}"
20190225T105021_20190225T105315_T31UDR_000000000000000000a7_0,2349,2095,585,812,1050,1234,1342,1451,1742,1693,5,2019-02-25,Regosols (Colluvic),50.42900525285804,1.64823093644194,34,RMQS1,"{""type"":""MultiPoint"",""coordinates"":[]}"
20190225T105021_20190225T105315_T31UDR_000000000000000000f8_0,2891,2400,816,1238,1498,1884,2411,2555,2722,2665,5,2019-02-25,Stagnic Gleysols,49.71107115810657,2.9873998831233357,134,RMQS1,"{""type"":""MultiPoint"",""coordinates"":[]}"
20190225T105021_20190225T105315_T31UDR_000000000000000000b2_0,3521,3190,909,1384,1902,2109,2285,2414,2568,2564,5,2019-02-25,Umbric Leptosols,50.28712929849958,2.098392586975514,49,RMQS1,"{""type"":""MultiPoint"",""coordinates"":[]}"
20190225T105021_20190225T105315_T31UDS_00000000000000000094_0,3169,2524,1004,1542,1714,2380,2794,2854,2940,2992,5,2019-02-25,Eutric Cambisols,50.860597017905235,1.868950662715976,9,RMQS1,"{""type"":""MultiPoint"",""coordinates"":[]}"
20190225T105021_20190225T105315_T31UDS_00000000000000000096_0,4007,3587,1382,2022,2364,2897,3297,3386,3606,3498,5,2019-02-25,Eutric Stagnosols,50.86148089192363,2.3223306827555734,11,RMQS1,"{""type"":""MultiPoint"",""coordinates"":[]}"
20190225T105021_20190225T105315_T31UDS_000000000000000000a3_0,2220,1830,552,922,1070,1372,1727,1972,2156,2033,5,2019-02-25,Fluvic Cambisols,50.57429839044245,2.547810310053625,28,RMQS1,"{""type"":""MultiPoint"",""coordinates"":[]}"
20190225T105021_20190225T105315_T31UDS_0000000000000000009c_0,2094,1516,530,794,910,1226,1778,1888,1946,2174,5,2019-02-25,Fluvic Stagnosols,50.71781507092251,2.5484152413342684,20,RMQS1,"{""type"":""MultiPoint"",""coordinates"":[]}"
20190225T105021_20190225T105315_T31UDS_0000000000000000009d_0,2028,1671,558,891,1016,1346,1642,1784,1980,1804,5,2019-02-25,Fluvic Stagnosols,50.71722409096727,2.7744536769440726,21,RMQS1,"{""type"":""MultiPoint"",""coordinates"":[]}"
20190225T105021_20190225T105315_T31UDS_0000000000000000009b_0,2298,1911,1134,1322,1508,1751,2127,2258,2208,2400,5,2019-02-25,Luvic Cambisols,50.71799364650035,2.3223741982983093,19,RMQS1,"{""type"":""MultiPoint"",""coordinates"":[]}"
20190225T105021_20190225T105315_T31UDS_0000000000000000009f_0,4903,3673,2950,3618,3680,3349,3487,4096,5488,4491,5,2019-02-25,Rendzic Leptosols,50.57254339082955,1.6462577899891515,24,RMQS1,"{""type"":""MultiPoint"",""coordinates"":[]}"
20190225T105021_20190225T105315_T31UEP_0000000000000000007f_0,3181,2442,695,1124,1462,1805,2281,2471,2696,2639,5,2019-02-25,Eutric Cambisols,48.71300587349915,3.430504638075634,SIM51527,HWSDv2,"{""type"":""MultiPoint"",""coordinates"":[]}"
20190225T105021_20190225T105315_T31UEP_00000000000000000249_0,3744,3143,958,1390,1810,2211,2413,2542,2712,2768,5,2019-02-25,Calcaric Cambisols,48.54687807094027,4.272833882779359,521,RMQS1,"{""type"":""MultiPoint"",""coordinates"":[]}"
20190225T105021_20190225T105315_T31UEP_0000000000000000027d_0,2596,2027,633,990,1166,1621,2182,2362,2464,2470,5,2019-02-25,Calcaric Cambisols,48.41190469276996,3.6194976604195355,576,RMQS1,"{""type"":""MultiPoint"",""coordinates"":[]}"
20190225T105021_20190225T105315_T31UEP_0000000000000000027f_0,3546,2905,1184,1598,2104,2376,2471,2613,2796,2762,5,2019-02-25,Calcaric Cambisols,48.406418205516395,4.051533416952645,578,RMQS1,"{""type"":""MultiPoint"",""coordinates"":[]}"
20190225T105021_20190225T105315_T31UEP_000000000000000002b5_0,2522,1886,599,1026,1130,1438,2118,2219,2832,2485,5,2019-02-25,Calcaric Cambisols,48.270214890027546,3.40052240924141,634,RMQS1,"{""type"":""MultiPoint"",""coordinates"":[]}"
20190225T105021_20190225T105315_T31UEP_00000000000000000244_0,2942,2764,865,1384,1860,2057,2155,2239,2360,2286,5,2019-02-25,Eutric Cambisols,48.55964181413934,3.1897273282320016,516,RMQS1,"{""type"":""MultiPoint"",""coordinates"":[]}"
20190225T105021_20190225T105315_T31UEP_00000000000000000245_0,4037,3619,1174,1742,2268,2593,2735,2838,3066,3055,5,2019-02-25,Eutric Cambisols,48.55788147307679,3.4063886320425496,517,RMQS1,"{""type"":""MultiPoint"",""coordinates"":[]}"
20190225T105021_20190225T105315_T31UEP_0000000000000000035c_0,2901,2297,500,811,1170,1510,1832,1985,2134,2171,5,2019-02-25,Eutric Cambisols,47.82407340617893,4.4601231189041926,809,RMQS1,"{""type"":""MultiPoint"",""coordinates"":[]}"
20190225T105021_20190225T105315_T31UEP_00000000000000000356_0,1646,994,189,249,367,673,938,1007,1170,1373,5,2019-02-25,Eutric Retisols,47.840357554988195,3.178127221780755,803,RMQS1,"{""type"":""MultiPoint"",""coordinates"":[]}"
20190225T105021_20190225T105315_T31UEP_00000000000000000247_0,3146,2885,893,1374,1876,2084,2176,2263,2432,2411,5,2019-02-25,Fluvic Cambisols,48.55317262682796,3.8396575992660655,519,RMQS1,"{""type"":""MultiPoint"",""coordinates"":[]}"
20190225T105021_20190225T105315_T31UEP_00000000000000000326_0,2829,2428,680,1162,1500,1741,1841,1990,2072,2072,5,2019-02-25,Haplic Luvisols,47.977838510183425,3.8232666387845935,751,RMQS1,"{""type"":""MultiPoint"",""coordinates"":[]}"
20190225T105021_20190225T105315_T31UEP_000000000000000002ed_0,2153,1399,320,472,605,853,1182,1456,1716,1780,5,2019-02-25,Luvic Cambisols,48.1263620086628,3.397613536599305,692,RMQS1,"{""type"":""MultiPoint"",""coordinates"":[]}"
20190225T105021_20190225T105315_T31UEP_000000000000000002ba_0,2666,1960,693,1176,1390,1643,2279,2483,3042,2719,5,2019-02-25,Luvic Stagnosols,48.2555502989698,4.477580917578768,639,RMQS1,"{""type"":""MultiPoint"",""coordinates"":[]}"
20190225T105021_20190225T105315_T31UEP_000000000000000002f1_0,1709,1041,189,320,385,686,1033,1300,1266,1443,5,2019-02-25,Luvic Stagnosols,48.115447846982754,4.256958154252773,696,RMQS1,"{""type"":""MultiPoint"",""coordinates"":[]}"
20190225T105021_20190225T105315_T31UEP_00000000000000000358_0,2035,1282,275,444,547,783,1139,1296,1534,1599,5,2019-02-25,Luvic Stagnosols,47.83649278861352,3.6055433677437523,805,RMQS1,"{""type"":""MultiPoint"",""coordinates"":[]}"
20190225T105021_20190225T105315_T31UEP_0000000000000000020d_0,2816,2676,778,1204,1612,1817,1900,1952,2110,2062,5,2019-02-25,Regosols (Colluvic),48.70169366844977,3.4093457089391372,457,RMQS1,"{""type"":""MultiPoint"",""coordinates"":[]}"
20190225T105021_20190225T105315_T31UEP_00000000000000000328_0,2423,2044,441,778,1132,1335,1402,1537,1570,1641,5,2019-02-25,Regosols (Colluvic),47.971611944960706,4.251723526947866,753,RMQS1,"{""type"":""MultiPoint"",""coordinates"":[]}"
20190225T105021_20190225T105315_T31UEP_00000000000000000357_0,3269,2795,799,1186,1578,1878,2106,2241,2350,2426,5,2019-02-25,Regosols (Colluvic),47.83862082138957,3.39184320342842,804,RMQS1,"{""type"":""MultiPoint"",""coordinates"":[]}"
20190225T105021_20190225T105315_T31UEP_00000000000000000210_0,4217,3789,1396,1948,2436,2849,2880,3021,3234,3231,5,2019-02-25,Rendzic Leptosols,48.694014170702346,4.061009738712103,460,RMQS1,"{""type"":""MultiPoint"",""coordinates"":[]}"
20190225T105021_20190225T105315_T31UEP_00000000000000000246_0,3822,3575,1426,1782,2250,2460,2590,2631,2934,2894,5,2019-02-25,Rendzic Leptosols,48.55572508899328,3.623033464744165,518,RMQS1,"{""type"":""MultiPoint"",""coordinates"":[]}"
20190225T105021_20190225T105315_T31UEP_0000000000000000027e_0,3848,3065,749,1030,1440,1751,1915,2064,2338,2403,5,2019-02-25,Rendzic Leptosols,48.409359388280585,3.835527167897573,577,RMQS1,"{""type"":""MultiPoint"",""coordinates"":[]}"
20190225T105021_20190225T105315_T31UEP_00000000000000000280_0,3342,3014,995,1356,1852,2018,2099,2220,2416,2393,5,2019-02-25,Rendzic Leptosols,48.40308202138188,4.267513168573883,579,RMQS1,"{""type"":""MultiPoint"",""coordinates"":[]}"
20190225T105021_20190225T105315_T31UEP_000000000000000002b7_0,3460,2916,1184,1702,2144,2424,2640,2779,3020,2940,5,2019-02-25,Rendzic Leptosols,48.265531928145386,3.8314183567168554,636,RMQS1,"{""type"":""MultiPoint"",""coordinates"":[]}"
20190225T105021_20190225T105315_T31UEP_000000000000000002b8_0,2764,2440,1002,1220,1446,2161,2168,2404,2130,2413,5,2019-02-25,Rendzic Leptosols,48.26259874368474,4.046833414678177,637,RMQS1,"{""type"":""MultiPoint"",""coordinates"":[]}"
20190225T105021_20190225T105315_T31UEP_00000000000000000324_0,1752,1597,258,383,464,778,875,815,916,924,5,2019-02-25,Rendzic Leptosols,47.982497159296926,3.394720601458198,749,RMQS1,"{""type"":""MultiPoint"",""coordinates"":[]}"
20190225T105021_20190225T105315_T31UEP_00000000000000000248_0,2224,1460,353,503,612,954,1300,1458,1594,1766,5,2019-02-25,Stagnic Gleysols,48.55022351049886,4.056258695022438,520,RMQS1,"{""type"":""MultiPoint"",""coordinates"":[]}"
20190225T105021_20190225T105315_T31UEP_000000000000000002ec_0,2718,1880,544,955,1046,1579,2314,2523,2684,2693,5,2019-02-25,Stagnic Gleysols,48.12810780180863,3.1827287684756462,691,RMQS1,"{""type"":""MultiPoint"",""coordinates"":[]}"
20190225T105021_20190225T105315_T31UEP_00000000000000000325_0,2622,1879,524,701,835,1154,1555,1772,2182,2060,5,2019-02-25,Stagnic Gleysols,47.98036361649351,3.6090032422419602,750,RMQS1,"{""type"":""MultiPoint"",""coordinates"":[]}"
20190225T105021_20190225T105315_T31UEP_0000000000000000000f_0,2058,1311,326,407,528,835,1136,1358,1482,1676,5,2019-02-25,Eutric Planosols,47.88888889,3.61111111,68786,"{WD-eSOTER,WD-WISE}","{""type"":""MultiPoint"",""coordinates"":[]}"
20190225T105021_20190225T105315_T31UEQ_0000000000000000007f_0,3163,2425,636,1082,1428,1785,2258,2449,2656,2613,5,2019-02-25,Eutric Cambisols,48.71300587349915,3.430504638075634,SIM51527,HWSDv2,"{""type"":""MultiPoint"",""coordinates"":[]}"
20190225T105021_20190225T105315_T31UEQ_00000000000000000115_0,3618,3445,1194,1664,2070,2329,2392,2450,2592,2623,5,2019-02-25,Calcaric Cambisols,49.562001469354996,3.6483405966440827,166,RMQS1,"{""type"":""MultiPoint"",""coordinates"":[]}"
20190225T105021_20190225T105315_T31UEQ_00000000000000000133_0,2539,1904,484,854,915,1471,2151,2290,2474,2392,5,2019-02-25,Calcaric Cambisols,49.41570907871767,3.8649294377156487,206,RMQS1,"{""type"":""MultiPoint"",""coordinates"":[]}"
20190225T105021_20190225T105315_T31UEQ_00000000000000000134_0,3670,3392,1048,1456,1998,2218,2350,2482,2636,2657,5,2019-02-25,Calcaric Cambisols,49.412712015559535,4.085171344798594,207,RMQS1,"{""type"":""MultiPoint"",""coordinates"":[]}"
20190225T105021_20190225T105315_T31UEQ_00000000000000000135_0,1759,1341,316,497,484,982,1399,1517,1570,1666,5,2019-02-25,Calcaric Cambisols,49.40931256011699,4.305386426131146,208,RMQS1,"{""type"":""MultiPoint"",""coordinates"":[]}"
20190225T105021_20190225T105315_T31UEQ_00000000000000000156_0,1326,875,142,269,288,497,702,810,807,939,5,2019-02-25,Calcaric Cambisols,49.2767717956399,3.421336611943159,243,RMQS1,"{""type"":""MultiPoint"",""coordinates"":[]}"
20190225T105021_20190225T105315_T31UEQ_0000000000000000017b_0,2617,2024,600,1013,1212,1751,2403,2562,2792,2756,5,2019-02-25,Calcaric Cambisols,49.13480900561818,3.1992372340169237,285,RMQS1,"{""type"":""MultiPoint"",""coordinates"":[]}"
20190225T105021_20190225T105315_T31UEQ_0000000000000000017e_0,2382,1877,568,860,895,1191,1595,1803,2140,1895,5,2019-02-25,Calcaric Cambisols,49.128268431433405,3.856408785568261,288,RMQS1,"{""type"":""MultiPoint"",""coordinates"":[]}"
20190225T105021_20190225T105315_T31UEQ_000000000000000001a7_0,4075,3183,895,1294,1690,2163,2456,2656,2930,3022,5,2019-02-25,Calcaric Cambisols,48.98709446808667,3.633756216630653,339,RMQS1,"{""type"":""MultiPoint"",""coordinates"":[]}"
20190225T105021_20190225T105315_T31UEQ_000000000000000001db_0,4271,3804,1556,2042,2634,2900,3034,3119,3430,3304,5,2019-02-25,Calcaric Cambisols,48.83778942360765,4.065787310355802,399,RMQS1,"{""type"":""MultiPoint"",""coordinates"":[]}"
20190225T105021_20190225T105315_T31UEQ_000000000000000001da_0,2645,1977,495,929,1034,1588,2436,2630,2754,2707,5,2019-02-25,Eutric Cambisols,48.84075502171976,3.8479859850554314,398,RMQS1,"{""type"":""MultiPoint"",""coordinates"":[]}"
20190225T105021_20190225T105315_T31UEQ_000000000000000008c1_0,2146,1404,247,412,650,945,1161,1402,1538,1712,5,2019-02-25,Eutric Cambisols,49.12528769510129,4.075423287142203,10289,RMQS1,"{""type"":""MultiPoint"",""coordinates"":[]}"
20190225T105021_20190225T105315_T31UEQ_00000000000000000131_0,2717,2417,634,1152,1530,1799,2053,2207,2326,2246,5,2019-02-25,Haplic Luvisols,49.42049525316113,3.424376574569905,204,RMQS1,"{""type"":""MultiPoint"",""coordinates"":[]}"
20190225T105021_20190225T105315_T31UEQ_00000000000000000114_0,2256,1541,373,537,802,1015,1360,1554,1864,1921,5,2019-02-25,Luvic Stagnosols,49.564198739367406,3.42743370535925,165,RMQS1,"{""type"":""MultiPoint"",""coordinates"":[]}"
20190225T105021_20190225T105315_T31UEQ_00000000000000000159_0,2390,2124,690,933,1222,1344,1516,1617,1700,1742,5,2019-02-25,Regosols (Colluvic),49.26900917934291,4.080283111786636,246,RMQS1,"{""type"":""MultiPoint"",""coordinates"":[]}"
20190225T105021_20190225T105315_T31UEQ_0000000000000000015a_0,2911,2546,999,1400,1806,2013,2196,2276,2322,2392,5,2019-02-25,Regosols (Colluvic),49.265619142621546,4.299883218473971,247,RMQS1,"{""type"":""MultiPoint"",""coordinates"":[]}"
20190225T105021_20190225T105315_T31UEQ_000000000000000001a9_0,3365,2859,1118,1516,2034,1997,2245,2458,2754,2615,5,2019-02-25,Regosols (Colluvic),48.9815477887394,4.070591756163375,341,RMQS1,"{""type"":""MultiPoint"",""coordinates"":[]}"
20190225T105021_20190225T105315_T31UEQ_000000000000000001aa_0,2728,2017,584,888,951,1604,2135,2385,2696,2604,5,2019-02-25,Regosols (Colluvic),48.97817461332397,4.2889719565531434,342,RMQS1,"{""type"":""MultiPoint"",""coordinates"":[]}"
20190225T105021_20190225T105315_T31UEQ_0000000000000000020d_0,2858,2719,749,1208,1640,1837,1926,1979,2156,2088,5,2019-02-25,Regosols (Colluvic),48.70169366844977,3.4093457089391372,457,RMQS1,"{""type"":""MultiPoint"",""coordinates"":[]}"
20190225T105021_20190225T105315_T31UEQ_000000000000000001dc_0,3222,2591,871,1158,1602,1617,1940,2119,2422,2430,5,2019-02-25,Rendzic Leptosols,48.83442503518052,4.283563095018126,400,RMQS1,"{""type"":""MultiPoint"",""coordinates"":[]}"
20190225T105021_20190225T105315_T31UEQ_00000000000000000210_0,4413,3962,1404,2004,2520,2975,3009,3155,3360,3376,5,2019-02-25,Rendzic Leptosols,48.694014170702346,4.061009738712103,460,RMQS1,"{""type"":""MultiPoint"",""coordinates"":[]}"
20190225T105021_20190225T105315_T31UEQ_000000000000000001d8_0,2337,1733,469,836,1024,1288,1669,1760,2194,1962,5,2019-02-25,Stagnic Gleysols,48.84548989394474,3.4123181623321734,396,RMQS1,"{""type"":""MultiPoint"",""coordinates"":[]}"
20190225T105021_20190225T105315_T31UER_000000000000000000f9_0,2742,2660,988,1416,1754,1986,2021,2080,2230,2181,5,2019-02-25,Calcaric Cambisols,49.70967905310882,3.2089608528497604,135,RMQS1,"{""type"":""MultiPoint"",""coordinates"":[]}"
20190225T105021_20190225T105315_T31UER_000000000000000000af_0,1716,1088,208,283,441,683,943,1161,1338,1448,5,2019-02-25,Dystric Cambisols,50.425936428801435,3.446142209310146,42,RMQS1,"{""type"":""MultiPoint"",""coordinates"":[]}"
20190225T105021_20190225T105315_T31UER_000000000000000000b9_0,2758,2247,668,1144,1292,1830,2371,2539,2656,2660,5,2019-02-25,Eutric Cambisols,50.280149853725916,3.667038667407024,56,RMQS1,"{""type"":""MultiPoint"",""coordinates"":[]}"
20190225T105021_20190225T105315_T31UER_000000000000000000d1_0,2562,2312,698,1120,1504,1772,1935,1961,2042,2028,5,2019-02-25,Eutric Cambisols,49.99698425992098,3.2139053697907163,84,RMQS1,"{""type"":""MultiPoint"",""coordinates"":[]}"
20190225T105021_20190225T105315_T31UER_000000000000000000d5_0,1965,1360,336,623,677,1139,1684,1852,2308,2016,5,2019-02-25,Eutric Cambisols,49.98731026923445,4.1050002007211415,88,RMQS1,"{""type"":""MultiPoint"",""coordinates"":[]}"
20190225T105021_20190225T105315_T31UER_000000000000000000e3_0,2668,2152,542,969,1216,1591,2079,2156,2349,2308,5,2019-02-25,Eutric Cambisols,49.85154127658212,3.433600324543512,108,RMQS1,"{""type"":""MultiPoint"",""coordinates"":[]}"
20190225T105021_20190225T105315_T31UER_000000000000000000c3_0,2890,2434,804,1300,1444,1915,2523,2674,2839,2797,5,2019-02-25,Eutric Stagnosols,50.14060061368025,3.2163982072147808,67,RMQS1,"{""type"":""MultiPoint"",""coordinates"":[]}"
20190225T105021_20190225T105315_T31UER_000000000000000000d2_0,1900,1471,351,533,608,1096,1607,1758,1658,1900,5,2019-02-25,Haplic Luvisols,49.99517743582678,3.4367095433582815,85,RMQS1,"{""type"":""MultiPoint"",""coordinates"":[]}"
20190225T105021_20190225T105315_T31UER_000000000000000000e5_0,2981,2733,861,1372,1848,2095,2188,2298,2463,2361,5,2019-02-25,Haplic Luvisols,49.846716377679186,3.877890881957365,110,RMQS1,"{""type"":""MultiPoint"",""coordinates"":[]}"
20190225T105021_20190225T105315_T31UER_000000000000000000fa_0,2796,2497,571,995,1466,1629,1736,1929,2040,2047,5,2019-02-25,Haplic Luvisols,49.70788130389365,3.430508287788286,136,RMQS1,"{""type"":""MultiPoint"",""coordinates"":[]}"
20190225T105021_20190225T105315_T31UER_000000000000000000fb_0,3145,2990,873,1468,1932,2228,2326,2386,2498,2479,5,2019-02-25,Haplic Luvisols,49.70567786204237,3.652038113507865,137,RMQS1,"{""type"":""MultiPoint"",""coordinates"":[]}"
20190225T105021_20190225T105315_T31UER_000000000000000000b8_0,2837,2241,699,1300,1416,1960,2677,2801,3078,2900,5,2019-02-25,Luvic Cambisols,50.28237565573063,3.4429805438389787,55,RMQS1,"{""type"":""MultiPoint"",""coordinates"":[]}"
20190225T105021_20190225T105315_T31UER_000000000000000000ba_0,1934,1732,461,780,1036,1353,1422,1492,1416,1587,5,2019-02-25,Luvic Cambisols,50.277513811755476,3.891075085094819,57,RMQS1,"{""type"":""MultiPoint"",""coordinates"":[]}"
20190225T105021_20190225T105315_T31UER_000000000000000000e2_0,2524,1877,565,1038,1112,1724,2446,2550,2706,2653,5,2019-02-25,Luvic Cambisols,49.85334360089348,3.2114262910976588,107,RMQS1,"{""type"":""MultiPoint"",""coordinates"":[]}"
20190225T105021_20190225T105315_T31UER_00000000000000000114_0,2322,1583,349,534,814,1040,1400,1598,1910,1980,5,2019-02-25,Luvic Stagnosols,49.564198739367406,3.42743370535925,165,RMQS1,"{""type"":""MultiPoint"",""coordinates"":[]}"
20190225T105021_20190225T105315_T31UER_000000000000000000ae_0,2155,1375,234,400,505,903,1225,1441,1504,1702,5,2019-02-25,Stagnic Gleysols,50.427756931585094,3.2214257713267767,41,RMQS1,"{""type"":""MultiPoint"",""coordinates"":[]}"
20190225T105021_20190225T105315_T31UFP_0000000000000000024a_0,2985,2314,684,1028,1222,1708,2232,2429,2514,2611,5,2019-02-25,Calcaric Cambisols,48.54313673632617,4.4893801670582985,522,RMQS1,"{""type"":""MultiPoint"",""coordinates"":[]}"
20190225T105021_20190225T105315_T31UFP_000000000000000002bb_0,2805,1950,587,1015,1084,1582,2409,2595,2886,2718,5,2019-02-25,Calcaric Cambisols,48.25143516324276,4.692909482923313,640,RMQS1,"{""type"":""MultiPoint"",""coordinates"":[]}"
20190225T105021_20190225T105315_T31UFP_0000000000000000032a_0,1367,891,141,292,342,557,814,945,1212,1200,5,2019-02-25,Calcaric Cambisols,47.96381762949975,4.6800672423932355,755,RMQS1,"{""type"":""MultiPoint"",""coordinates"":[]}"
20190225T105021_20190225T105315_T31UFP_00000000000000000213_0,3696,3093,1692,2072,2368,2413,2697,2691,2888,2655,5,2019-02-25,Eutric Cambisols,48.6827591856006,4.712439211085572,463,RMQS1,"{""type"":""MultiPoint"",""coordinates"":[]}"
20190225T105021_20190225T105315_T31UFP_0000000000000000035c_0,2908,2304,508,816,1174,1513,1838,1990,2142,2176,5,2019-02-25,Eutric Cambisols,47.82407340617893,4.4601231189041926,809,RMQS1,"{""type"":""MultiPoint"",""coordinates"":[]}"
20190225T105021_20190225T105315_T31UFP_0000000000000000024c_0,2121,1863,440,777,1072,1217,1281,1335,1454,1422,5,2019-02-25,Eutric Fluvisols,48.53446674757317,4.9223703768506635,524,RMQS1,"{""type"":""MultiPoint"",""coordinates"":[]}"
20190225T105021_20190225T105315_T31UFP_00000000000000000214_0,2324,1509,378,527,748,980,1253,1501,1930,1859,5,2019-02-25,Haplic Luvisols,48.67821437273791,4.929513217351333,464,RMQS1,"{""type"":""MultiPoint"",""coordinates"":[]}"
20190225T105021_20190225T105315_T31UFP_000000000000000002ba_0,2816,2071,755,1260,1484,1743,2414,2629,3218,2873,5,2019-02-25,Luvic Stagnosols,48.2555502989698,4.477580917578768,639,RMQS1,"{""type"":""MultiPoint"",""coordinates"":[]}"
20190225T105021_20190225T105315_T31UFP_00000000000000000212_0,4712,4196,2022,2654,3116,3468,3570,3661,3816,3836,5,2019-02-25,Rendzic Leptosols,48.68690742446665,4.495328388213507,462,RMQS1,"{""type"":""MultiPoint"",""coordinates"":[]}"
20190225T105021_20190225T105315_T31UFQ_00000000000000000136_0,3339,3006,1013,1416,1986,2223,2261,2376,2596,2580,5,2019-02-25,Calcaric Cambisols,49.40551025571671,4.525570398787132,209,RMQS1,"{""type"":""MultiPoint"",""coordinates"":[]}"
20190225T105021_20190225T105315_T31UFQ_00000000000000000139_0,2145,1647,311,599,595,1070,1666,1863,2558,1972,5,2019-02-25,Calcaric Cambisols,49.39168859178703,5.185901022876382,212,RMQS1,"{""type"":""MultiPoint"",""coordinates"":[]}"
20190225T105021_20190225T105315_T31UFQ_0000000000000000015b_0,3320,3006,915,1354,1876,2072,2153,2254,2420,2428,5,2019-02-25,Calcaric Cambisols,49.261827045241304,4.519452882190931,248,RMQS1,"{""type"":""MultiPoint"",""coordinates"":[]}"
20190225T105021_20190225T105315_T31UFQ_000000000000000001ab_0,3453,2911,794,1298,1448,2429,2990,3166,3366,3338,5,2019-02-25,Calcaric Cambisols,48.97440230177886,4.507322370591027,343,RMQS1,"{""type"":""MultiPoint"",""coordinates"":[]}"
20190225T105021_20190225T105315_T31UFQ_00000000000000000213_0,3547,2972,1596,1982,2260,2317,2592,2577,2776,2552,5,2019-02-25,Eutric Cambisols,48.6827591856006,4.712439211085572,463,RMQS1,"{""type"":""MultiPoint"",""coordinates"":[]}"
20190225T105021_20190225T105315_T31UFQ_000000000000000001dd_0,2701,2258,724,1008,1316,1507,1648,1774,1836,1933,5,2019-02-25,Eutric Fluvisols,48.83066283755028,4.501308939409007,401,RMQS1,"{""type"":""MultiPoint"",""coordinates"":[]}"
20190225T105021_20190225T105315_T31UFQ_0000000000000000015d_0,1897,1286,282,402,567,784,1099,1247,1606,1621,5,2019-02-25,Haplic Luvisols,49.253038026442226,4.9584854591189,250,RMQS1,"{""type"":""MultiPoint"",""coordinates"":[]}"
20190225T105021_20190225T105315_T31UFQ_00000000000000000214_0,2248,1459,332,488,712,943,1209,1451,1864,1796,5,2019-02-25,Haplic Luvisols,48.67821437273791,4.929513217351333,464,RMQS1,"{""type"":""MultiPoint"",""coordinates"":[]}"
20190225T105021_20190225T105315_T31UFQ_0000000000000000011b_0,2146,1399,298,437,605,892,1184,1360,1606,1670,5,2019-02-25,Luvic Stagnosols,49.54033696897824,4.973218886224339,172,RMQS1,"{""type"":""MultiPoint"",""coordinates"":[]}"
20190225T105021_20190225T105315_T31UFQ_000000000000000001ae_0,2173,1688,565,865,1070,1302,1523,1563,1726,1732,5,2019-02-25,Regosols (Ruptic),48.960692224642926,5.162155814989382,346,RMQS1,"{""type"":""MultiPoint"",""coordinates"":[]}"
20190225T105021_20190225T105315_T31UFQ_00000000000000000181_0,3847,3281,1138,1596,2028,2333,2495,2627,2846,2841,5,2019-02-25,Rendzic Leptosols,49.11394157902409,4.732294541267736,292,RMQS1,"{""type"":""MultiPoint"",""coordinates"":[]}"
20190225T105021_20190225T105315_T31UFQ_00000000000000000212_0,4424,3943,1874,2482,2920,3258,3349,3432,3586,3601,5,2019-02-25,Rendzic Leptosols,48.68690742446665,4.495328388213507,462,RMQS1,"{""type"":""MultiPoint"",""coordinates"":[]}"
20190225T105021_20190225T105315_T31UFQ_00000000000000000119_0,2472,1818,496,833,1011,1489,1863,1999,2140,2199,5,2019-02-25,Vertic Cambisols,49.54917309265782,4.5317230180671295,170,RMQS1,"{""type"":""MultiPoint"",""coordinates"":[]}"
20190225T105021_20190225T105315_T31UFR_000000000000000000c8_0,1914,1636,631,933,1158,1197,1280,1307,1552,1349,5,2019-02-25,Eutric Cambisols,50.119337054502985,4.77995940105834,73,RMQS1,"{""type"":""MultiPoint"",""coordinates"":[]}"
