system:index,B11,B12,B2,B3,B4,B5,B6,B7,B8,B8A,SCL,date,h_wrb4,latitude,longitude,profile_id,source_db,.geo
20231216T105349_20231216T105350_T30TXN_0000000000000000006c_0,2261,1463,619,936,1094,1596,2393,2683,2856,2837,5,2023-12-16,Calcaric Fluvisols,43.24731944408375,-0.6918296171328728,SIM91024,HWSDv2,"{""type"":""MultiPoint"",""coordinates"":[]}"
20231216T105349_20231216T105350_T30TXN_00000000000000000847_0,1344,772,183,178,181,504,1090,1118,1396,1672,5,2023-12-16,Lithic Leptosols,43.19204566013182,-0.8202030257132917,2179,RMQS1,"{""type"":""MultiPoint"",""coordinates"":[]}"
20231216T105349_20231216T105350_T30TXP_0000000000000000006c_0,2249,1455,610,929,1086,1578,2377,2669,2828,2809,5,2023-12-16,Calcaric Fluvisols,43.24731944408375,-0.6918296171328728,SIM91024,HWSDv2,"{""type"":""MultiPoint"",""coordinates"":[]}"
20231216T105349_20231216T105350_T30TXP_000000000000000007aa_0,1523,932,323,298,351,1008,1214,1511,1262,2143,5,2023-12-16,Haplic Luvisols,43.76674822496812,-0.8520842317047338,2003,RMQS1,"{""type"":""MultiPoint"",""coordinates"":[]}"
20231216T105349_20231216T105350_T30TXP_00000000000000000755_0,2120,1280,630,770,1036,1228,1562,1822,2332,2185,5,2023-12-16,Luvic Stagnosols,44.0651892036956,-0.46958380015658663,1912,RMQS1,"{""type"":""MultiPoint"",""coordinates"":[]}"
20231216T105349_20231216T105350_T30TXQ_000000000000000006d8_0,1510,1007,246,342,422,645,934,1116,1264,1270,5,2023-12-16,Albic Podzols,44.496527322829905,-0.4911163235972143,1781,RMQS1,"{""type"":""MultiPoint"",""coordinates"":[]}"
20231216T105349_20231216T105350_T30TXQ_0000000000000000068b_0,2010,1865,2388,2270,2542,1729,1795,1972,3038,2094,5,2023-12-16,Eutric Cambisols,44.78413733927169,-0.5056548387951271,1696,RMQS1,"{""type"":""MultiPoint"",""coordinates"":[]}"
20231216T105349_20231216T105350_T30TXQ_000000000000000006fe_0,2388,1915,596,774,1036,1246,1394,1515,1678,1689,5,2023-12-16,Umbric Podzols,44.35273678130907,-0.4839019913906256,1823,RMQS1,"{""type"":""MultiPoint"",""coordinates"":[]}"
20231216T105349_20231216T105350_T30TYN_0000000000000000084c_0,1912,1371,428,720,1028,1305,1522,1626,1805,1725,5,2023-12-16,Eutric Cambisols,43.21642624564816,0.16184093803944713,2184,RMQS1,"{""type"":""MultiPoint"",""coordinates"":[]}"
20231216T105349_20231216T105350_T30TYN_00000000000000000866_0,1343,874,390,677,816,1083,1327,1449,1544,1504,5,2023-12-16,Eutric Cambisols,43.07272840959402,0.16726720986265578,2219,RMQS1,"{""type"":""MultiPoint"",""coordinates"":[]}"
20231216T105349_20231216T105350_T30TYN_0000000000000000084a_0,1581,1298,607,606,810,853,1181,1212,1360,1546,5,2023-12-16,Skeletic Leptosols,43.20775050994949,-0.23107639245802053,2182,RMQS1,"{""type"":""MultiPoint"",""coordinates"":[]}"
20231216T105349_20231216T105350_T30TYP_00000000000000000030_0,2230,1298,564,832,1298,1448,1751,1998,3912,2742,5,2023-12-16,Calcaric Cambisols,44.033238784443746,0.32947762226575067,SIM783,HWSDv2,"{""type"":""MultiPoint"",""coordinates"":[]}"
20231216T105349_20231216T105350_T30TYP_00000000000000000046_0,1851,1298,494,894,1084,1265,1408,1526,1667,1547,5,2023-12-16,Gleyic Cambisols,43.74950007383431,0.1370914792787227,SIM91955,HWSDv2,"{""type"":""MultiPoint"",""coordinates"":[]}"
20231216T105349_20231216T105350_T30TYP_0000000000000000075a_0,1907,1355,466,654,906,1211,1331,1483,1597,1611,5,2023-12-16,Calcaric Cambisols,44.08630866803374,0.5277088899999789,1917,RMQS1,"{""type"":""MultiPoint"",""coordinates"":[]}"
20231216T105349_20231216T105350_T30TYP_00000000000000000784_0,1980,1339,490,632,891,950,1140,1340,1511,1473,5,2023-12-16,Calcaric Cambisols,43.939013384960546,0.3332815597688434,1963,RMQS1,"{""type"":""MultiPoint"",""coordinates"":[]}"
20231216T105349_20231216T105350_T30TYP_000000000000000007b2_0,1779,1191,495,840,982,1232,1390,1643,1892,1579,5,2023-12-16,Calcaric Cambisols,43.801814078706926,0.7353863730644742,2011,RMQS1,"{""type"":""MultiPoint"",""coordinates"":[]}"
20231216T105349_20231216T105350_T30TYP_00000000000000000806_0,2298,1603,474,728,1100,1275,1417,1597,1826,1766,5,2023-12-16,Calcaric Cambisols,43.51424709370381,0.7434401003762473,2103,RMQS1,"{""type"":""MultiPoint"",""coordinates"":[]}"
20231216T105349_20231216T105350_T30TYP_00000000000000000785_0,976,582,200,226,335,505,605,659,689,812,5,2023-12-16,Eutric Cambisols,43.94249816918925,0.532293379126103,1964,RMQS1,"{""type"":""MultiPoint"",""coordinates"":[]}"
20231216T105349_20231216T105350_T30TYP_000000000000000007b1_0,1802,1226,456,742,956,1107,1174,1254,1388,1301,5,2023-12-16,Eutric Cambisols,43.79870099823677,0.5368540129522552,2010,RMQS1,"{""type"":""MultiPoint"",""coordinates"":[]}"
20231216T105349_20231216T105350_T30TYP_00000000000000000759_0,1979,1457,602,701,1024,1136,1240,1396,1706,1565,5,2023-12-16,Haplic Luvisols,44.08281502778731,0.32819314039789665,1916,RMQS1,"{""type"":""MultiPoint"",""coordinates"":[]}"
20231216T105349_20231216T105350_T30TYP_000000000000000007d8_0,2250,1481,518,773,918,1355,2093,2330,2564,2532,5,2023-12-16,Haplic Luvisols,43.6388794297606,-0.2504836687876054,2052,RMQS1,"{""type"":""MultiPoint"",""coordinates"":[]}"
20231216T105349_20231216T105350_T30TYP_0000000000000000082b_0,2355,1650,527,720,995,1254,1489,1612,1807,1881,5,2023-12-16,Haplic Luvisols,43.36014192458075,0.15638714441469706,2145,RMQS1,"{""type"":""MultiPoint"",""coordinates"":[]}"
20231216T105349_20231216T105350_T30TYP_0000000000000000082c_0,2294,1576,488,752,1094,1404,1707,1927,2239,2266,5,2023-12-16,Haplic Luvisols,43.36394987150499,0.353380028656478,2146,RMQS1,"{""type"":""MultiPoint"",""coordinates"":[]}"
20231216T105349_20231216T105350_T30TYP_00000000000000000755_0,2124,1279,659,786,1042,1237,1569,1823,2342,2194,5,2023-12-16,Luvic Stagnosols,44.0651892036956,-0.46958380015658663,1912,RMQS1,"{""type"":""MultiPoint"",""coordinates"":[]}"
20231216T105349_20231216T105350_T30TYP_0000000000000000075b_0,2124,1567,780,1042,1350,1797,2098,2264,2432,2389,5,2023-12-16,Mollic Umbrisols,44.08943792205592,0.7272481499870546,1918,RMQS1,"{""type"":""MultiPoint"",""coordinates"":[]}"
20231216T105349_20231216T105350_T30TYP_00000000000000000804_0,1237,758,186,354,491,641,1081,1254,1926,1527,5,2023-12-16,Mollic Umbrisols,43.50769242014797,0.34839232651253077,2101,RMQS1,"{""type"":""MultiPoint"",""coordinates"":[]}"
20231216T105349_20231216T105350_T30TYP_0000000000000000082a_0,1946,1312,436,631,744,1138,1759,1887,2064,2041,5,2023-12-16,Umbrisols (Vermic),43.35597330765503,-0.0405779924292423,2144,RMQS1,"{""type"":""MultiPoint"",""coordinates"":[]}"
20231216T105349_20231216T105350_T30TYQ_0000000000000000072b_0,2383,1823,795,819,1078,1142,1326,1509,1815,1720,5,2023-12-16,Albic Podzols,44.2227601300758,0.12308158813210761,1869,RMQS1,"{""type"":""MultiPoint"",""coordinates"":[]}"
20231216T105349_20231216T105350_T30TYQ_00000000000000000701_0,2012,1334,553,776,902,1274,1640,1805,2044,1983,5,2023-12-16,Calcaric Cambisols,44.36657602891278,0.11743191867862429,1826,RMQS1,"{""type"":""MultiPoint"",""coordinates"":[]}"
20231216T105349_20231216T105350_T30TYQ_00000000000000000704_0,976,476,120,136,51,452,899,1218,877,1288,5,2023-12-16,Calcaric Cambisols,44.37711316305588,0.7190289797582805,1829,RMQS1,"{""type"":""MultiPoint"",""coordinates"":[]}"
20231216T105349_20231216T105350_T30TYQ_0000000000000000072e_0,1232,809,356,539,806,922,986,1061,1140,1092,5,2023-12-16,Calcaric Cambisols,44.23326949240233,0.7231486374623786,1872,RMQS1,"{""type"":""MultiPoint"",""coordinates"":[]}"
20231216T105349_20231216T105350_T30TYQ_0000000000000000068d_0,6185,5918,4532,4584,4852,6011,6241,6456,6016,6739,5,2023-12-16,Eutric Cambisols,44.79380496667556,-0.10171105088467221,1698,RMQS1,"{""type"":""MultiPoint"",""coordinates"":[]}"
20231216T105349_20231216T105350_T30TYQ_0000000000000000063f_0,1019,731,413,536,527,667,996,1180,1560,1243,5,2023-12-16,Eutric Fluvisols,45.0814990173007,-0.11431486606865782,1615,RMQS1,"{""type"":""MultiPoint"",""coordinates"":[]}"
20231216T105349_20231216T105350_T30TYQ_000000000000000006db_0,2275,1685,680,830,1194,1352,1514,1622,1813,1833,5,2023-12-16,Eutric Fluvisols,44.51040280255146,0.11175365966486718,1784,RMQS1,"{""type"":""MultiPoint"",""coordinates"":[]}"
20231216T105349_20231216T105350_T30TYQ_00000000000000000702_0,2537,2227,1384,1598,1810,1983,2294,2388,2692,2615,5,2023-12-16,Eutric Fluvisols,44.37045570221343,0.31793828823070713,1827,RMQS1,"{""type"":""MultiPoint"",""coordinates"":[]}"
20231216T105349_20231216T105350_T30TYQ_000000000000000006b8_0,1679,1087,438,674,954,1075,1311,1440,1614,1563,5,2023-12-16,Haplic Luvisols,44.664832562379004,0.7107266218471442,1745,RMQS1,"{""type"":""MultiPoint"",""coordinates"":[]}"
20231216T105349_20231216T105350_T30TYQ_000000000000000006dd_0,1918,1348,654,988,1236,1444,1562,1670,2015,1825,5,2023-12-16,Haplic Luvisols,44.51781425187794,0.5138181479053451,1786,RMQS1,"{""type"":""MultiPoint"",""coordinates"":[]}"
20231216T105349_20231216T105350_T30TYQ_00000000000000000691_0,1253,705,174,218,357,653,823,1054,1096,1501,5,2023-12-16,Luvic Cambisols,44.808706456853045,0.7065437283644227,1702,RMQS1,"{""type"":""MultiPoint"",""coordinates"":[]}"
20231216T105349_20231216T105350_T30TYQ_0000000000000000072d_0,452,339,264,302,384,465,478,533,552,586,5,2023-12-16,Luvic Cambisols,44.230132383061516,0.5231018340485758,1871,RMQS1,"{""type"":""MultiPoint"",""coordinates"":[]}"
20231216T105349_20231216T105350_T30TYQ_000000000000000006b6_0,1227,712,319,333,458,480,795,930,1535,1271,5,2023-12-16,Luvic Stagnosols,44.65813919932204,0.30758050277036,1743,RMQS1,"{""type"":""MultiPoint"",""coordinates"":[]}"
20231216T105349_20231216T105350_T30TYQ_00000000000000000668_0,1172,708,236,287,463,521,842,950,1470,1313,5,2023-12-16,Mollic Umbrisols,44.94585947668485,0.2971163753139567,1658,RMQS1,"{""type"":""MultiPoint"",""coordinates"":[]}"
20231216T105349_20231216T105350_T30TYQ_00000000000000000669_0,1643,955,243,272,508,792,1048,1335,1789,1771,5,2023-12-16,Mollic Umbrisols,44.94941033435976,0.49971586144971286,1659,RMQS1,"{""type"":""MultiPoint"",""coordinates"":[]}"
20231216T105349_20231216T105350_T30TYQ_00000000000000000692_0,1953,1096,167,236,482,978,1323,1441,1612,1979,5,2023-12-16,Rendzic Leptosols,44.811507211882365,0.9086684261965275,1703,RMQS1,"{""type"":""MultiPoint"",""coordinates"":[]}"
20231216T105349_20231216T105350_T30TYQ_0000000000000000072a_0,1825,1044,228,324,619,800,1070,1330,1649,1624,5,2023-12-16,Rustic Podzols,44.218525062282644,-0.0768860659739211,1868,RMQS1,"{""type"":""MultiPoint"",""coordinates"":[]}"
20231216T105349_20231216T105350_T30TYQ_000000000000000006fe_0,2388,1914,606,778,1038,1251,1402,1517,1682,1689,5,2023-12-16,Umbric Podzols,44.35273678130907,-0.4839019913906256,1823,RMQS1,"{""type"":""MultiPoint"",""coordinates"":[]}"
20231216T105349_20231216T105350_T30TYR_00000000000000000617_0,449,355,265,187,186,346,579,716,720,790,5,2023-12-16,Albic Podzols,45.22067148341456,-0.32422303395980007,1573,RMQS1,"{""type"":""MultiPoint"",""coordinates"":[]}"
20231216T105349_20231216T105350_T30TYR_000000000000000005a5_0,6984,6547,5640,5948,5980,6646,7495,7663,8096,7833,5,2023-12-16,Calcaric Cambisols,45.66528210595559,0.2704780405947115,1451,RMQS1,"{""type"":""MultiPoint"",""coordinates"":[]}"
20231216T105349_20231216T105350_T30TYR_000000000000000005c8_0,2618,2265,2168,2172,2120,2242,2491,2577,3112,2745,5,2023-12-16,Calcaric Cambisols,45.513089622659,-0.13346799206529747,1490,RMQS1,"{""type"":""MultiPoint"",""coordinates"":[]}"
20231216T105349_20231216T105350_T30TYR_000000000000000005cd_0,1493,952,210,274,372,768,1079,1291,1436,1658,5,2023-12-16,Dystric Cambisols,45.53102549248425,0.8900595391276002,1495,RMQS1,"{""type"":""MultiPoint"",""coordinates"":[]}"
20231216T105349_20231216T105350_T30TYR_0000000000000000055d_0,1678,1140,514,650,806,1103,1150,1272,1354,1415,5,2023-12-16,Eutric Cambisols,45.95669494331757,0.4659446369728208,1371,RMQS1,"{""type"":""MultiPoint"",""coordinates"":[]}"
20231216T105349_20231216T105350_T30TYR_000000000000000005f1_0,2001,1369,630,852,1094,1429,1592,1734,1902,1900,5,2023-12-16,Eutric Cambisols,45.373545582811104,0.07706807018069811,1533,RMQS1,"{""type"":""MultiPoint"",""coordinates"":[]}"
20231216T105349_20231216T105350_T30TYR_000000000000000005f4_0,904,543,111,221,256,388,603,660,1010,890,5,2023-12-16,Eutric Cambisols,45.3842787106273,0.6895959745915257,1536,RMQS1,"{""type"":""MultiPoint"",""coordinates"":[]}"
20231216T105349_20231216T105350_T30TYR_000000000000000005f5_0,2476,1635,526,794,1180,1584,1917,2098,2554,2469,5,2023-12-16,Eutric Fluvisols,45.3871095636113,0.8938200468652606,1537,RMQS1,"{""type"":""MultiPoint"",""coordinates"":[]}"
20231216T105349_20231216T105350_T30TYR_0000000000000000063f_0,1015,731,354,497,502,655,983,1169,1542,1239,5,2023-12-16,Eutric Fluvisols,45.0814990173007,-0.11431486606865782,1615,RMQS1,"{""type"":""MultiPoint"",""coordinates"":[]}"
20231216T105349_20231216T105350_T30TYR_00000000000000000618_0,264,132,137,44,103,144,430,528,465,680,5,2023-12-16,Haplic Luvisols,45.22535704550756,-0.1206661379787615,1574,RMQS1,"{""type"":""MultiPoint"",""coordinates"":[]}"
20231216T105349_20231216T105350_T30TYR_00000000000000000644_0,947,584,157,162,200,399,688,784,1126,1151,5,2023-12-16,Luvic Stagnosols,45.09929510727043,0.9012833888857089,1620,RMQS1,"{""type"":""MultiPoint"",""coordinates"":[]}"
20231216T105349_20231216T105350_T30TYR_0000000000000000055e_0,1272,700,350,327,323,635,1115,1421,1748,1755,5,2023-12-16,Mollic Umbrisols,45.95993251764598,0.6722888016780184,1372,RMQS1,"{""type"":""MultiPoint"",""coordinates"":[]}"
20231216T105349_20231216T105350_T30TYR_00000000000000000582_0,345,205,228,282,204,380,671,730,764,717,5,2023-12-16,Rendzic Leptosols,45.809179554957446,0.2650661302913653,1411,RMQS1,"{""type"":""MultiPoint"",""coordinates"":[]}"
20231216T105349_20231216T105350_T30TYR_000000000000000005f3_0,1943,1210,466,742,946,1348,1901,2071,2380,2280,5,2023-12-16,Rendzic Leptosols,45.38107425208028,0.4853942395465012,1535,RMQS1,"{""type"":""MultiPoint"",""coordinates"":[]}"
20231216T105349_20231216T105350_T30TYR_00000000000000000015_0,3456,3027,2138,2244,2432,2360,3176,3352,4112,3666,5,2023-12-16,Lithic Leptosols,45.76527778,0.24722222,68783,"{WD-eSOTER,WD-WISE}","{""type"":""MultiPoint"",""coordinates"":[]}"
20231216T105349_20231216T105350_T30TYS_0000000000000000005e_0,7852,7693,5440,5916,6060,7058,8219,8583,8880,9050,5,2023-12-16,Calcaric Cambisols,46.50806450849034,0.9910526900588258,SIM48183,HWSDv2,"{""type"":""MultiPoint"",""coordinates"":[]}"
20231216T105349_20231216T105350_T30TYS_00000000000000000088_0,917,568,179,137,136,499,721,947,647,1152,5,2023-12-16,Gleyic Luvisols,46.03398133587703,0.3718930327644526,SIM82014,HWSDv2,"{""type"":""MultiPoint"",""coordinates"":[]}"
20231216T105349_20231216T105350_T30TYS_00000000000000000535_0,4296,3345,1688,1946,2390,2987,3468,3714,4112,4044,5,2023-12-16,Eutric Cambisols,46.09297615641257,0.04732481199581941,1327,RMQS1,"{""type"":""MultiPoint"",""coordinates"":[]}"
20231216T105349_20231216T105350_T30TYS_0000000000000000055d_0,1641,1114,430,586,756,1055,1100,1221,1300,1368,5,2023-12-16,Eutric Cambisols,45.95669494331757,0.4659446369728208,1371,RMQS1,"{""type"":""MultiPoint"",""coordinates"":[]}"
20231216T105349_20231216T105350_T30TYS_000000000000000004ee_0,4003,3913,3364,3420,3420,3778,4226,4340,4628,4483,5,2023-12-16,Luvic Cambisols,46.39169124444395,0.65907171951279,1247,RMQS1,"{""type"":""MultiPoint"",""coordinates"":[]}"
20231216T105349_20231216T105350_T30TYS_00000000000000000513_0,2344,1629,657,961,1224,1609,1962,2117,2314,2237,5,2023-12-16,Luvic Cambisols,46.240882187673726,0.2486608574550119,1287,RMQS1,"{""type"":""MultiPoint"",""coordinates"":[]}"
20231216T105349_20231216T105350_T30TYS_00000000000000000536_0,1001,722,416,576,818,776,796,907,1040,911,5,2023-12-16,Luvic Cambisols,46.09698040593662,0.2541578951208035,1328,RMQS1,"{""type"":""MultiPoint"",""coordinates"":[]}"
20231216T105349_20231216T105350_T30TYS_0000000000000000055e_0,1239,682,229,236,262,576,1049,1352,1666,1690,5,2023-12-16,Mollic Umbrisols,45.95993251764598,0.6722888016780184,1372,RMQS1,"{""type"":""MultiPoint"",""coordinates"":[]}"
20231216T105349_20231216T105350_T30TYT_000000000000000003aa_0,1737,1141,550,844,992,1293,1433,1563,1672,1642,5,2023-12-16,Eutric Cambisols,47.542927371413136,0.6227839914739651,895,RMQS1,"{""type"":""MultiPoint"",""coordinates"":[]}"
20231216T105349_20231216T105350_T30TYT_00000000000000000406_0,2671,1811,1122,1266,1208,1841,2937,3195,3380,3549,5,2023-12-16,Eutric Cambisols,47.26062057241956,1.0547411202821768,993,RMQS1,"{""type"":""MultiPoint"",""coordinates"":[]}"
20231216T105349_20231216T105350_T30TYT_0000000000000000037c_0,2061,1254,588,1046,1034,1839,3101,3358,3528,3512,5,2023-12-16,Haplic Luvisols,47.68975585042416,0.8312134254903143,844,RMQS1,"{""type"":""MultiPoint"",""coordinates"":[]}"
20231216T105349_20231216T105350_T30TYT_000000000000000003ac_0,1256,769,175,256,348,581,763,965,1192,1245,5,2023-12-16,Haplic Luvisols,47.54842634489564,1.0478077768911012,897,RMQS1,"{""type"":""MultiPoint"",""coordinates"":[]}"
20231216T105349_20231216T105350_T30TYT_00000000000000000403_0,1961,1480,1078,1008,1074,1328,1657,1862,2228,2210,5,2023-12-16,Haplic Luvisols,47.25183515832772,0.4206669900667218,990,RMQS1,"{""type"":""MultiPoint"",""coordinates"":[]}"
20231216T105349_20231216T105350_T30TYT_000000000000000003d9_0,1771,1086,588,732,634,1210,2208,2505,2658,2655,5,2023-12-16,Luvic Cambisols,47.4019787775616,0.8393340704118676,947,RMQS1,"{""type"":""MultiPoint"",""coordinates"":[]}"
20231216T105349_20231216T105350_T30TYT_000000000000000003da_0,1734,1009,409,568,692,1040,1530,1736,1998,1914,5,2023-12-16,Luvic Cambisols,47.404526962741336,1.0512838631524177,948,RMQS1,"{""type"":""MultiPoint"",""coordinates"":[]}"
20231216T105349_20231216T105350_T30UYU_00000000000000000317_0,2147,1576,700,1052,1516,1767,1827,1989,2170,2138,5,2023-12-16,Eutric Cambisols,47.97452533653467,0.608767793538443,736,RMQS1,"{""type"":""MultiPoint"",""coordinates"":[]}"
20231216T105349_20231216T105350_T30UYU_00000000000000000272_0,2210,1662,790,1136,1534,1779,1912,2053,2056,2165,5,2023-12-16,Eutric Retisols,48.411606154539754,1.0265529667530489,564,RMQS1,"{""type"":""MultiPoint"",""coordinates"":[]}"
20231216T105349_20231216T105350_T30UYU_0000000000000000034a_0,2162,1414,638,1048,1018,1776,2729,3046,3120,3113,5,2023-12-16,Luvic Stagnosols,47.83066980746326,0.6134648025979296,791,RMQS1,"{""type"":""MultiPoint"",""coordinates"":[]}"
20231216T105349_20231216T105350_T30UYU_0000000000000000034b_0,1395,845,140,295,359,801,1317,1542,1662,1935,5,2023-12-16,Luvic Stagnosols,47.83363007450884,0.8271207944704805,792,RMQS1,"{""type"":""MultiPoint"",""coordinates"":[]}"
20231216T105349_20231216T105350_T30UYV_000000000000000001cd_0,1455,988,436,456,590,966,991,1139,962,1225,5,2023-12-16,Eutric Cambisols,48.843018131050385,1.0156540889892636,385,RMQS1,"{""type"":""MultiPoint"",""coordinates"":[]}"
20231216T105349_20231216T105350_T30UYV_0000000000000000014c_0,1898,1406,738,880,1002,1232,1485,1661,1864,1786,5,2023-12-16,Eutric Fluvisols,49.276515471368825,1.2242410066178666,233,RMQS1,"{""type"":""MultiPoint"",""coordinates"":[]}"
20231216T105349_20231216T105350_T30UYV_00000000000000000127_0,1616,1037,446,410,495,802,1118,1267,1518,1661,5,2023-12-16,Haplic Luvisols,49.420237706725004,1.2211206392384968,194,RMQS1,"{""type"":""MultiPoint"",""coordinates"":[]}"
20231216T105349_20231216T105350_T31TCH_00000000000000000854_0,1608,1195,552,869,1272,1232,1307,1393,1644,1461,5,2023-12-16,Mollic Umbrisols,43.23675734912461,1.7343973183347328,2192,RMQS1,"{""type"":""MultiPoint"",""coordinates"":[]}"
20231216T105349_20231216T105350_T31TCJ_00000000000000000083_0,1919,1359,886,1106,1414,1155,1679,1927,2352,2044,5,2023-12-16,Calcaric Cambisols,43.78608327784773,1.3843490695106873,SIM27892,HWSDv2,"{""type"":""MultiPoint"",""coordinates"":[]}"
20231216T105349_20231216T105350_T31TCJ_00000000000000000731_0,1928,1229,475,792,1100,1311,1472,1600,1582,1581,5,2023-12-16,Calcaric Cambisols,44.2404851063561,1.3234055011692607,1875,RMQS1,"{""type"":""MultiPoint"",""coordinates"":[]}"
20231216T105349_20231216T105350_T31TCJ_00000000000000000733_0,1591,893,234,321,473,877,1178,1298,1240,1588,5,2023-12-16,Calcaric Cambisols,44.24346390133643,1.7236456068660195,1877,RMQS1,"{""type"":""MultiPoint"",""coordinates"":[]}"
20231216T105349_20231216T105350_T31TCJ_0000000000000000075a_0,1914,1361,458,623,848,1190,1323,1460,1721,1556,5,2023-12-16,Calcaric Cambisols,44.08630866803374,0.5277088899999789,1917,RMQS1,"{""type"":""MultiPoint"",""coordinates"":[]}"
20231216T105349_20231216T105350_T31TCJ_000000000000000007b2_0,1857,1236,450,812,906,1251,1417,1602,1921,1652,5,2023-12-16,Calcaric Cambisols,43.801814078706926,0.7353863730644742,2011,RMQS1,"{""type"":""MultiPoint"",""coordinates"":[]}"
20231216T105349_20231216T105350_T31TCJ_000000000000000007b3_0,2695,1862,1268,1584,1730,1924,2402,2572,3002,2665,5,2023-12-16,Calcaric Cambisols,43.804563518724855,0.9339386706927577,2012,RMQS1,"{""type"":""MultiPoint"",""coordinates"":[]}"
20231216T105349_20231216T105350_T31TCJ_000000000000000007de_0,2172,1457,426,672,1036,1261,1362,1558,1740,1684,5,2023-12-16,Calcaric Cambisols,43.6607654692577,0.9374759088034046,2058,RMQS1,"{""type"":""MultiPoint"",""coordinates"":[]}"
20231216T105349_20231216T105350_T31TCJ_000000000000000007e1_0,1765,1142,620,930,1074,1311,1461,1577,1602,1647,5,2023-12-16,Calcaric Cambisols,43.66811185509377,1.7298359782939583,2062,RMQS1,"{""type"":""MultiPoint"",""coordinates"":[]}"
20231216T105349_20231216T105350_T31TCJ_00000000000000000806_0,2164,1523,444,722,1072,1207,1335,1466,1696,1585,5,2023-12-16,Calcaric Cambisols,43.51424709370381,0.7434401003762473,2103,RMQS1,"{""type"":""MultiPoint"",""coordinates"":[]}"
20231216T105349_20231216T105350_T31TCJ_0000000000000000080b_0,1451,927,421,700,710,953,1269,1462,1842,1493,5,2023-12-16,Calcaric Cambisols,43.524309926758626,1.7313633815716516,2108,RMQS1,"{""type"":""MultiPoint"",""coordinates"":[]}"
20231216T105349_20231216T105350_T31TCJ_00000000000000000832_0,1567,1103,341,607,822,886,996,1115,1186,1149,5,2023-12-16,Calcaric Cambisols,43.379238151330306,1.5357705717025496,2152,RMQS1,"{""type"":""MultiPoint"",""coordinates"":[]}"
20231216T105349_20231216T105350_T31TCJ_00000000000000000785_0,1481,826,184,319,434,760,1306,1388,733,1669,5,2023-12-16,Eutric Cambisols,43.94249816918925,0.532293379126103,1964,RMQS1,"{""type"":""MultiPoint"",""coordinates"":[]}"
20231216T105349_20231216T105350_T31TCJ_00000000000000000788_0,1678,803,221,511,867,994,1600,2054,3061,2238,5,2023-12-16,Eutric Cambisols,43.95076828011666,1.1294558284005887,1967,RMQS1,"{""type"":""MultiPoint"",""coordinates"":[]}"
20231216T105349_20231216T105350_T31TCJ_000000000000000007b1_0,1783,1219,475,726,921,1073,1158,1257,1344,1295,5,2023-12-16,Eutric Cambisols,43.79870099823677,0.5368540129522552,2010,RMQS1,"{""type"":""MultiPoint"",""coordinates"":[]}"
20231216T105349_20231216T105350_T31TCJ_000000000000000007dc_0,1631,1051,333,658,818,1008,1255,1342,1390,1502,5,2023-12-16,Eutric Cambisols,43.654918009678816,0.5413905996353507,2056,RMQS1,"{""type"":""MultiPoint"",""coordinates"":[]}"
20231216T105349_20231216T105350_T31TCJ_0000000000000000080a_0,1454,977,287,468,596,864,1131,1188,1285,1335,5,2023-12-16,Eutric Cambisols,43.52302003271735,1.5337542549797725,2107,RMQS1,"{""type"":""MultiPoint"",""coordinates"":[]}"
20231216T105349_20231216T105350_T31TCJ_000000000000000008e4_0,2803,2653,1772,1838,1900,2390,2824,2949,2907,3085,5,2023-12-16,Eutric Cambisols,44.09960596497614,1.725205486155821,11923,RMQS1,"{""type"":""MultiPoint"",""coordinates"":[]}"
20231216T105349_20231216T105350_T31TCJ_0000000000000000075c_0,1347,1121,590,819,1178,1337,1328,1391,1527,1408,5,2023-12-16,Eutric Fluvisols,44.09220210607855,0.9268088875590461,1919,RMQS1,"{""type"":""MultiPoint"",""coordinates"":[]}"
20231216T105349_20231216T105350_T31TCJ_00000000000000000831_0,1078,689,139,267,406,497,634,751,1046,797,5,2023-12-16,Eutric Stagnosols,43.377591309564,1.3386668701530315,2151,RMQS1,"{""type"":""MultiPoint"",""coordinates"":[]}"
20231216T105349_20231216T105350_T31TCJ_0000000000000000075f_0,2932,2556,2452,2444,2578,2794,3084,3200,3431,3160,5,2023-12-16,Haplic Luvisols,44.098302699886354,1.5255881066600492,1922,RMQS1,"{""type"":""MultiPoint"",""coordinates"":[]}"
20231216T105349_20231216T105350_T31TCJ_00000000000000000787_0,1827,1283,484,723,979,1256,1584,1745,1826,1901,5,2023-12-16,Haplic Luvisols,43.94837598617865,0.9303829200773381,1966,RMQS1,"{""type"":""MultiPoint"",""coordinates"":[]}"
20231216T105349_20231216T105350_T31TCJ_000000000000000007b5_0,1983,1379,667,1030,1178,1047,1756,2032,2622,2281,5,2023-12-16,Haplic Luvisols,43.80897291409622,1.331094029024924,2014,RMQS1,"{""type"":""MultiPoint"",""coordinates"":[]}"
20231216T105349_20231216T105350_T31TCJ_000000000000000007b6_0,1749,1206,587,787,821,1183,1629,1675,2269,2007,5,2023-12-16,Luvic Stagnosols,43.8106328718726,1.529691911310527,2015,RMQS1,"{""type"":""MultiPoint"",""coordinates"":[]}"
20231216T105349_20231216T105350_T31TCJ_00000000000000000808_0,2014,1511,586,842,1174,1446,1622,1732,1878,1905,5,2023-12-16,Luvic Stagnosols,43.51935670825821,1.1385679467238081,2105,RMQS1,"{""type"":""MultiPoint"",""coordinates"":[]}"
20231216T105349_20231216T105350_T31TCJ_0000000000000000075b_0,2072,1479,769,1040,1346,1794,2032,2207,2381,2342,5,2023-12-16,Mollic Umbrisols,44.08943792205592,0.7272481499870546,1918,RMQS1,"{""type"":""MultiPoint"",""coordinates"":[]}"
20231216T105349_20231216T105350_T31TCJ_000000000000000007df_0,1853,1449,507,835,914,1394,1814,1979,1729,1974,5,2023-12-16,Regosols (Colluvic),43.663145610161905,1.1355461494338939,2059,RMQS1,"{""type"":""MultiPoint"",""coordinates"":[]}"
20231216T105349_20231216T105350_T31TCJ_00000000000000000833_0,2090,1305,451,767,938,1336,1536,1755,2807,2136,5,2023-12-16,Regosols (Colluvic),43.3805251082789,1.7328839686620165,2153,RMQS1,"{""type"":""MultiPoint"",""coordinates"":[]}"
20231216T105349_20231216T105350_T31TCJ_00000000000000000809_0,1346,1053,274,365,456,673,1015,893,822,1278,5,2023-12-16,Technosols,43.521369132715655,1.336155148233926,2106,RMQS1,"{""type"":""MultiPoint"",""coordinates"":[]}"
20231216T105349_20231216T105350_T31TCK_00000000000000000645_0,707,381,52,22,25,349,780,949,691,1246,5,2023-12-16,Calcaric Cambisols,45.101739054899994,1.1044708956738623,1621,RMQS1,"{""type"":""MultiPoint"",""coordinates"":[]}"
20231216T105349_20231216T105350_T31TCK_00000000000000000704_0,1035,563,82,111,21,473,935,1146,857,1297,5,2023-12-16,Calcaric Cambisols,44.37711316305588,0.7190289797582805,1829,RMQS1,"{""type"":""MultiPoint"",""coordinates"":[]}"
20231216T105349_20231216T105350_T31TCK_00000000000000000707_0,1858,1134,262,277,411,951,1370,1606,1764,2056,5,2023-12-16,Calcaric Cambisols,44.384347996292206,1.3208166726054913,1832,RMQS1,"{""type"":""MultiPoint"",""coordinates"":[]}"
20231216T105349_20231216T105350_T31TCK_0000000000000000072e_0,1233,816,368,547,819,935,1008,1058,1128,1090,5,2023-12-16,Calcaric Cambisols,44.23326949240233,0.7231486374623786,1872,RMQS1,"{""type"":""MultiPoint"",""coordinates"":[]}"
20231216T105349_20231216T105350_T31TCK_00000000000000000730_0,1387,959,347,598,666,841,1144,1276,1638,1414,5,2023-12-16,Calcaric Cambisols,44.23844644905489,1.123303160675493,1874,RMQS1,"{""type"":""MultiPoint"",""coordinates"":[]}"
20231216T105349_20231216T105350_T31TCK_00000000000000000731_0,1899,1214,449,772,1076,1285,1445,1571,1556,1555,5,2023-12-16,Calcaric Cambisols,44.2404851063561,1.3234055011692607,1875,RMQS1,"{""type"":""MultiPoint"",""coordinates"":[]}"
20231216T105349_20231216T105350_T31TCK_00000000000000000733_0,1590,892,206,306,461,871,1175,1294,1234,1587,5,2023-12-16,Calcaric Cambisols,44.24346390133643,1.7236456068660195,1877,RMQS1,"{""type"":""MultiPoint"",""coordinates"":[]}"
20231216T105349_20231216T105350_T31TCK_000000000000000006e0_0,336,169,28,59,41,98,406,508,962,676,5,2023-12-16,Chromic Cambisols,44.52617160980866,1.1170896354942033,1789,RMQS1,"{""type"":""MultiPoint"",""coordinates"":[]}"
20231216T105349_20231216T105350_T31TCK_00000000000000000694_0,1752,1096,251,506,853,1050,1366,1512,1838,1876,5,2023-12-16,Eutric Cambisols,44.81599910342824,1.312972402777045,1705,RMQS1,"{""type"":""MultiPoint"",""coordinates"":[]}"
20231216T105349_20231216T105350_T31TCK_00000000000000000695_0,1449,833,256,422,478,739,1163,1288,1932,1684,5,2023-12-16,Eutric Cambisols,44.81768950681203,1.5151456106996801,1706,RMQS1,"{""type"":""MultiPoint"",""coordinates"":[]}"
20231216T105349_20231216T105350_T31TCK_000000000000000006ba_0,1137,709,202,241,338,540,804,941,1232,1188,5,2023-12-16,Eutric Cambisols,44.67005024672908,1.1139592342056037,1747,RMQS1,"{""type"":""MultiPoint"",""coordinates"":[]}"
20231216T105349_20231216T105350_T31TCK_00000000000000000705_0,1888,1220,912,1158,1206,1439,1866,2032,2699,2258,5,2023-12-16,Eutric Cambisols,44.37989169422893,0.9196071815825417,1830,RMQS1,"{""type"":""MultiPoint"",""coordinates"":[]}"
20231216T105349_20231216T105350_T31TCK_000000000000000006b8_0,1622,1041,406,650,866,1031,1319,1491,1707,1661,5,2023-12-16,Haplic Luvisols,44.664832562379004,0.7107266218471442,1745,RMQS1,"{""type"":""MultiPoint"",""coordinates"":[]}"
20231216T105349_20231216T105350_T31TCK_000000000000000006dd_0,1967,1375,656,978,1262,1479,1588,1727,2040,1883,5,2023-12-16,Haplic Luvisols,44.51781425187794,0.5138181479053451,1786,RMQS1,"{""type"":""MultiPoint"",""coordinates"":[]}"
20231216T105349_20231216T105350_T31TCK_00000000000000000691_0,1333,765,166,172,282,629,917,1062,1023,1452,5,2023-12-16,Luvic Cambisols,44.808706456853045,0.7065437283644227,1702,RMQS1,"{""type"":""MultiPoint"",""coordinates"":[]}"
20231216T105349_20231216T105350_T31TCK_0000000000000000072d_0,436,341,254,282,382,476,503,537,551,576,5,2023-12-16,Luvic Cambisols,44.230132383061516,0.5231018340485758,1871,RMQS1,"{""type"":""MultiPoint"",""coordinates"":[]}"
20231216T105349_20231216T105350_T31TCK_00000000000000000644_0,994,557,158,190,162,415,737,865,935,1140,5,2023-12-16,Luvic Stagnosols,45.09929510727043,0.9012833888857089,1620,RMQS1,"{""type"":""MultiPoint"",""coordinates"":[]}"
20231216T105349_20231216T105350_T31TCK_00000000000000000647_0,1567,1029,258,403,480,873,1172,1276,1917,1686,5,2023-12-16,Mollic Umbrisols,45.105510375764,1.510893120472391,1623,RMQS1,"{""type"":""MultiPoint"",""coordinates"":[]}"
20231216T105349_20231216T105350_T31TCK_00000000000000000669_0,1601,915,241,280,514,733,985,1297,1819,1710,5,2023-12-16,Mollic Umbrisols,44.94941033435976,0.49971586144971286,1659,RMQS1,"{""type"":""MultiPoint"",""coordinates"":[]}"
20231216T105349_20231216T105350_T31TCK_0000000000000000072f_0,1643,919,336,660,768,918,1265,1351,2637,1729,5,2023-12-16,Regosols (Colluvic),44.236041110552094,0.9232168060497443,1873,RMQS1,"{""type"":""MultiPoint"",""coordinates"":[]}"
20231216T105349_20231216T105350_T31TCK_00000000000000000692_0,1919,1109,176,250,498,934,1263,1423,1672,1938,5,2023-12-16,Rendzic Leptosols,44.811507211882365,0.9086684261965275,1703,RMQS1,"{""type"":""MultiPoint"",""coordinates"":[]}"
20231216T105349_20231216T105350_T31TCK_00000000000000000693_0,2124,1335,514,810,1190,1587,1938,2059,2386,2333,5,2023-12-16,Rendzic Leptosols,44.81393847153426,1.110812235605975,1704,RMQS1,"{""type"":""MultiPoint"",""coordinates"":[]}"
20231216T105349_20231216T105350_T31TCK_000000000000000006bc_0,979,563,74,243,234,536,874,1010,1247,1314,5,2023-12-16,Rendzic Leptosols,44.673791614703994,1.517255178519555,1749,RMQS1,"{""type"":""MultiPoint"",""coordinates"":[]}"
20231216T105349_20231216T105350_T31TCK_000000000000000006bd_0,1086,648,87,200,247,537,762,896,1102,1311,5,2023-12-16,Rendzic Leptosols,44.675108652254636,1.7189202827054855,1750,RMQS1,"{""type"":""MultiPoint"",""coordinates"":[]}"
20231216T105349_20231216T105350_T31TCL_00000000000000000645_0,722,392,17,6,18,338,781,949,719,1255,5,2023-12-16,Calcaric Cambisols,45.101739054899994,1.1044708956738623,1621,RMQS1,"{""type"":""MultiPoint"",""coordinates"":[]}"
20231216T105349_20231216T105350_T31TCL_000000000000000005cd_0,1451,922,239,282,384,745,1045,1253,1410,1617,5,2023-12-16,Dystric Cambisols,45.53102549248425,0.8900595391276002,1495,RMQS1,"{""type"":""MultiPoint"",""coordinates"":[]}"
20231216T105349_20231216T105350_T31TCL_0000000000000000055d_0,1698,1169,556,666,814,1110,1150,1295,1363,1434,5,2023-12-16,Eutric Cambisols,45.95669494331757,0.4659446369728208,1371,RMQS1,"{""type"":""MultiPoint"",""coordinates"":[]}"
20231216T105349_20231216T105350_T31TCL_000000000000000005f4_0,1216,748,146,256,274,583,974,1093,959,1424,5,2023-12-16,Eutric Cambisols,45.3842787106273,0.6895959745915257,1536,RMQS1,"{""type"":""MultiPoint"",""coordinates"":[]}"
20231216T105349_20231216T105350_T31TCL_0000000000000000061f_0,734,418,115,169,233,299,575,842,1160,1035,5,2023-12-16,Eutric Cambisols,45.24772709474529,1.3050058536707383,1581,RMQS1,"{""type"":""MultiPoint"",""coordinates"":[]}"
20231216T105349_20231216T105350_T31TCL_00000000000000000621_0,1950,1378,377,636,835,959,1405,1688,2181,2032,5,2023-12-16,Eutric Cambisols,45.25076202798201,1.712506248180715,1583,RMQS1,"{""type"":""MultiPoint"",""coordinates"":[]}"
20231216T105349_20231216T105350_T31TCL_00000000000000000644_0,1002,566,135,180,158,404,737,875,939,1152,5,2023-12-16,Luvic Stagnosols,45.09929510727043,0.9012833888857089,1620,RMQS1,"{""type"":""MultiPoint"",""coordinates"":[]}"
20231216T105349_20231216T105350_T31TCL_0000000000000000055e_0,1262,716,312,307,278,667,1165,1431,1461,1699,5,2023-12-16,Mollic Umbrisols,45.95993251764598,0.6722888016780184,1372,RMQS1,"{""type"":""MultiPoint"",""coordinates"":[]}"
20231216T105349_20231216T105350_T31TCL_00000000000000000560_0,554,335,108,109,152,288,696,934,1224,1052,5,2023-12-16,Mollic Umbrisols,45.96527488162746,1.0850432884665053,1374,RMQS1,"{""type"":""MultiPoint"",""coordinates"":[]}"
20231216T105349_20231216T105350_T31TCL_00000000000000000647_0,1584,1040,230,400,485,859,1165,1269,1964,1698,5,2023-12-16,Mollic Umbrisols,45.105510375764,1.510893120472391,1623,RMQS1,"{""type"":""MultiPoint"",""coordinates"":[]}"
20231216T105349_20231216T105350_T31TCL_000000000000000005f3_0,2053,1286,534,768,942,1374,1927,2100,2476,2259,5,2023-12-16,Rendzic Leptosols,45.38107425208028,0.4853942395465012,1535,RMQS1,"{""type"":""MultiPoint"",""coordinates"":[]}"
20231216T105349_20231216T105350_T31TCM_0000000000000000005e_0,7377,7171,5124,5664,5780,6381,7757,8150,8614,8517,5,2023-12-16,Calcaric Cambisols,46.50806450849034,0.9910526900588258,SIM48183,HWSDv2,"{""type"":""MultiPoint"",""coordinates"":[]}"
20231216T105349_20231216T105350_T31TCM_000000000000000004ce_0,4835,4475,2418,2842,2938,3544,4764,5182,5797,5734,5,2023-12-16,Eutric Cambisols,46.54313454001028,1.2803489731979116,1208,RMQS1,"{""type"":""MultiPoint"",""coordinates"":[]}"
20231216T105349_20231216T105350_T31TCM_000000000000000004d0_0,2161,1561,778,894,820,1604,2524,2746,2749,2967,5,2023-12-16,Eutric Cambisols,46.546241796064976,1.697581007504501,1210,RMQS1,"{""type"":""MultiPoint"",""coordinates"":[]}"
20231216T105349_20231216T105350_T31TCM_000000000000000004ed_0,783,407,510,443,325,647,996,1207,1050,1237,5,2023-12-16,Eutric Cambisols,46.38842793796657,0.4510903816713883,1246,RMQS1,"{""type"":""MultiPoint"",""coordinates"":[]}"
20231216T105349_20231216T105350_T31TCM_0000000000000000055d_0,1670,1155,484,616,778,1081,1120,1265,1323,1407,5,2023-12-16,Eutric Cambisols,45.95669494331757,0.4659446369728208,1371,RMQS1,"{""type"":""MultiPoint"",""coordinates"":[]}"
20231216T105349_20231216T105350_T31TCM_000000000000000004ab_0,3389,3298,2788,2732,2790,2915,3354,3514,3848,3578,5,2023-12-16,Haplic Luvisols,46.69018527607474,1.6958796349873388,1170,RMQS1,"{""type"":""MultiPoint"",""coordinates"":[]}"
20231216T105349_20231216T105350_T31TCM_000000000000000004f2_0,1963,1133,562,804,1148,1501,1918,2145,2281,2454,5,2023-12-16,Luvic Cambisols,46.400937060966974,1.4912034758531834,1251,RMQS1,"{""type"":""MultiPoint"",""coordinates"":[]}"
20231216T105349_20231216T105350_T31TCM_0000000000000000055e_0,1219,694,205,231,228,629,1113,1374,1387,1632,5,2023-12-16,Mollic Umbrisols,45.95993251764598,0.6722888016780184,1372,RMQS1,"{""type"":""MultiPoint"",""coordinates"":[]}"
20231216T105349_20231216T105350_T31TCM_00000000000000000560_0,547,330,15,47,113,265,668,905,1186,1023,5,2023-12-16,Mollic Umbrisols,45.96527488162746,1.0850432884665053,1374,RMQS1,"{""type"":""MultiPoint"",""coordinates"":[]}"
20231216T105349_20231216T105350_T31TCM_000000000000000004f3_0,392,213,107,179,117,286,581,697,892,780,5,2023-12-16,Regosols (Colluvic),46.402296192186384,1.6992732423683934,1252,RMQS1,"{""type"":""MultiPoint"",""coordinates"":[]}"
20231216T105349_20231216T105350_T31TCN_000000000000000003ae_0,2261,1629,950,1162,1342,1484,1653,2035,2774,2242,5,2023-12-16,Calcaric Cambisols,47.552368234556766,1.4729089085002178,899,RMQS1,"{""type"":""MultiPoint"",""coordinates"":[]}"
20231216T105349_20231216T105350_T31TCN_000000000000000003aa_0,1775,1182,518,812,971,1308,1484,1591,1616,1658,5,2023-12-16,Eutric Cambisols,47.542927371413136,0.6227839914739651,895,RMQS1,"{""type"":""MultiPoint"",""coordinates"":[]}"
20231216T105349_20231216T105350_T31TCN_00000000000000000406_0,2890,1993,1262,1374,1378,2229,3118,3447,3508,3665,5,2023-12-16,Eutric Cambisols,47.26062057241956,1.0547411202821768,993,RMQS1,"{""type"":""MultiPoint"",""coordinates"":[]}"
20231216T105349_20231216T105350_T31TCN_0000000000000000037c_0,2088,1267,594,1078,1036,1805,3038,3231,3376,3399,5,2023-12-16,Haplic Luvisols,47.68975585042416,0.8312134254903143,844,RMQS1,"{""type"":""MultiPoint"",""coordinates"":[]}"
20231216T105349_20231216T105350_T31TCN_000000000000000003ac_0,1241,762,184,245,335,561,759,949,1182,1227,5,2023-12-16,Haplic Luvisols,47.54842634489564,1.0478077768911012,897,RMQS1,"{""type"":""MultiPoint"",""coordinates"":[]}"
20231216T105349_20231216T105350_T31TCN_00000000000000000403_0,2148,1585,1096,1032,1088,1455,1807,2071,2258,2416,5,2023-12-16,Haplic Luvisols,47.25183515832772,0.4206669900667218,990,RMQS1,"{""type"":""MultiPoint"",""coordinates"":[]}"
20231216T105349_20231216T105350_T31TCN_00000000000000000407_0,2212,1847,1648,1544,1498,1740,2102,2249,2280,2492,5,2023-12-16,Haplic Luvisols,47.262775453643,1.266140495915644,994,RMQS1,"{""type"":""MultiPoint"",""coordinates"":[]}"
20231216T105349_20231216T105350_T31TCN_00000000000000000408_0,3198,2826,3716,3444,3496,3658,3591,3579,3652,3586,5,2023-12-16,Haplic Vertisols,47.26454305466629,1.477555758886086,995,RMQS1,"{""type"":""MultiPoint"",""coordinates"":[]}"
20231216T105349_20231216T105350_T31TCN_0000000000000000034d_0,1957,1374,279,344,375,958,1303,1671,1332,2006,5,2023-12-16,Luvic Cambisols,47.83837519938972,1.254497652282048,794,RMQS1,"{""type"":""MultiPoint"",""coordinates"":[]}"
20231216T105349_20231216T105350_T31TCN_000000000000000003d8_0,1524,998,469,525,428,1037,2003,2130,2462,2359,5,2023-12-16,Luvic Cambisols,47.39904256487784,0.6274057665303514,946,RMQS1,"{""type"":""MultiPoint"",""coordinates"":[]}"
20231216T105349_20231216T105350_T31TCN_000000000000000003d9_0,1745,1097,582,722,648,1232,2225,2580,2666,2719,5,2023-12-16,Luvic Cambisols,47.4019787775616,0.8393340704118676,947,RMQS1,"{""type"":""MultiPoint"",""coordinates"":[]}"
20231216T105349_20231216T105350_T31TCN_000000000000000003da_0,1804,1069,357,568,657,1070,1506,1710,2134,1903,5,2023-12-16,Luvic Cambisols,47.404526962741336,1.0512838631524177,948,RMQS1,"{""type"":""MultiPoint"",""coordinates"":[]}"
20231216T105349_20231216T105350_T31TCN_000000000000000003db_0,2137,1540,766,970,1252,1607,1795,1851,1980,2009,5,2023-12-16,Luvic Cambisols,47.40668735158221,1.2632529913235573,949,RMQS1,"{""type"":""MultiPoint"",""coordinates"":[]}"
20231216T105349_20231216T105350_T31TCN_0000000000000000034e_0,1301,834,250,280,354,568,801,1040,1234,1365,5,2023-12-16,Luvic Stagnosols,47.84016084763797,1.4682119105928768,795,RMQS1,"{""type"":""MultiPoint"",""coordinates"":[]}"
20231216T105349_20231216T105350_T31TCN_000000000000000003ad_0,1452,895,279,330,398,673,919,1093,1380,1463,5,2023-12-16,Luvic Stagnosols,47.55059190446798,1.2603501431723405,898,RMQS1,"{""type"":""MultiPoint"",""coordinates"":[]}"
20231216T105349_20231216T105350_T31TCN_0000000000000000037e_0,1141,695,160,161,177,397,642,782,902,1099,5,2023-12-16,Mollic Umbrisols,47.69448819042784,1.2574316936219125,846,RMQS1,"{""type"":""MultiPoint"",""coordinates"":[]}"
20231216T105349_20231216T105350_T31TCN_000000000000000003dd_0,3147,3035,3188,3078,3100,3181,3233,3277,3616,3376,5,2023-12-16,Stagnic Gleysols,47.409842654337886,1.687236485239167,951,RMQS1,"{""type"":""MultiPoint"",""coordinates"":[]}"
20231216T105349_20231216T105350_T31TDH_0000000000000000003d_0,1809,1392,526,853,1042,1238,1577,1714,1994,1805,5,2023-12-16,Eutric Cambisols,43.08330529252448,1.8953747700466825,SIM11644,HWSDv2,"{""type"":""MultiPoint"",""coordinates"":[]}"
20231216T105349_20231216T105350_T31TDH_00000000000000000856_0,1312,969,308,543,507,855,1221,1429,1316,1535,5,2023-12-16,Calcaric Arenosols,43.23824536900353,2.1276596812268993,2194,RMQS1,"{""type"":""MultiPoint"",""coordinates"":[]}"
20231216T105349_20231216T105350_T31TDH_00000000000000000858_0,2214,1476,270,387,536,857,1153,1344,1480,1550,5,2023-12-16,Calcaric Cambisols,43.23829353328013,2.520928813086623,2196,RMQS1,"{""type"":""MultiPoint"",""coordinates"":[]}"
20231216T105349_20231216T105350_T31TDH_0000000000000000086f_0,1000,605,101,233,283,491,1038,1200,1356,1425,5,2023-12-16,Calcaric Cambisols,43.09392951863373,1.9320413187199543,2228,RMQS1,"{""type"":""MultiPoint"",""coordinates"":[]}"
20231216T105349_20231216T105350_T31TDH_00000000000000000870_0,1745,1261,329,470,662,751,1081,1075,1468,1447,5,2023-12-16,Calcaric Cambisols,43.094492232872064,2.1281842266731097,2229,RMQS1,"{""type"":""MultiPoint"",""coordinates"":[]}"
20231216T105349_20231216T105350_T31TDH_00000000000000000872_0,2513,1530,508,662,916,1229,1568,1762,2028,2022,5,2023-12-16,Calcaric Cambisols,43.09454041537799,2.520470944219245,2231,RMQS1,"{""type"":""MultiPoint"",""coordinates"":[]}"
20231216T105349_20231216T105350_T31TDH_0000000000000000089a_0,1488,980,205,325,492,623,832,969,1282,1259,5,2023-12-16,Mollic Umbrisols,42.66334998625166,2.1297418230729743,2300,RMQS1,"{""type"":""MultiPoint"",""coordinates"":[]}"
20231216T105349_20231216T105350_T31TDH_000000000000000008a6_0,2655,1715,1510,1776,2102,1709,2180,2537,2976,2792,5,2023-12-16,Regosols (Colluvic),42.51967799126664,2.1302565886024913,2314,RMQS1,"{""type"":""MultiPoint"",""coordinates"":[]}"
20231216T105349_20231216T105350_T31TDH_00000000000000000855_0,1657,1138,400,756,732,1166,1733,1884,2018,1961,5,2023-12-16,Rendzic Leptosols,43.237681525941696,1.9310260055678181,2193,RMQS1,"{""type"":""MultiPoint"",""coordinates"":[]}"
20231216T105349_20231216T105350_T31TDH_000000000000000008a5_0,1064,711,1938,1970,1940,2166,3277,3569,3660,3521,5,2023-12-16,Umbric Leptosols,42.519119760672595,1.9360532817480374,2313,RMQS1,"{""type"":""MultiPoint"",""coordinates"":[]}"
20231216T105349_20231216T105350_T31TDJ_000000000000000007e3_0,3666,3212,1966,2108,2340,2574,2820,3037,3372,3216,5,2023-12-16,Calcaric Cambisols,43.66961104280001,2.1260713188749483,2064,RMQS1,"{""type"":""MultiPoint"",""coordinates"":[]}"
20231216T105349_20231216T105350_T31TDJ_000000000000000007e6_0,1368,824,274,310,414,655,988,1147,1382,1513,5,2023-12-16,Dystric Cambisols,43.66914036548718,2.7204360828487646,2067,RMQS1,"{""type"":""MultiPoint"",""coordinates"":[]}"
20231216T105349_20231216T105350_T31TDJ_00000000000000000835_0,1826,1218,299,456,654,988,1271,1383,1502,1675,5,2023-12-16,Eutric Cambisols,43.382016692062045,2.1271323662078934,2155,RMQS1,"{""type"":""MultiPoint"",""coordinates"":[]}"
20231216T105349_20231216T105350_T31TDJ_0000000000000000080c_0,2255,1541,360,538,744,999,1314,1500,1874,1833,5,2023-12-16,Haplic Luvisols,43.52580553458276,2.1266028762483478,2110,RMQS1,"{""type"":""MultiPoint"",""coordinates"":[]}"
20231216T105349_20231216T105350_T31TDJ_000000000000000007bb_0,1407,810,233,273,323,572,935,1039,1116,1337,5,2023-12-16,Mollic Umbrisols,43.812960036126384,2.7214039607994196,2021,RMQS1,"{""type"":""MultiPoint"",""coordinates"":[]}"
20231216T105349_20231216T105350_T31TDJ_00000000000000000834_0,1732,1342,530,794,1008,1234,1271,1388,1438,1436,5,2023-12-16,Regosols (Colluvic),43.38145144609924,1.9300054714673698,2154,RMQS1,"{""type"":""MultiPoint"",""coordinates"":[]}"
20231216T105349_20231216T105350_T31TDJ_00000000000000000763_0,2772,2521,1516,1708,1574,2483,3788,4158,4244,4303,5,2023-12-16,Umbric Leptosols,44.10116589260761,2.523723311353843,1927,RMQS1,"{""type"":""MultiPoint"",""coordinates"":[]}"
20231216T105349_20231216T105350_T31TDK_00000000000000000060_0,1762,1195,378,615,843,1116,1469,1611,1810,1792,5,2023-12-16,Dystric Cambisols,44.45520625129903,2.263277884416782,SIM44470,HWSDv2,"{""type"":""MultiPoint"",""coordinates"":[]}"
20231216T105349_20231216T105350_T31TDK_000000000000000006be_0,1826,1442,435,498,566,923,1179,1306,1500,1545,5,2023-12-16,Calcaric Cambisols,44.67605628734128,1.9205934098289061,1751,RMQS1,"{""type"":""MultiPoint"",""coordinates"":[]}"
20231216T105349_20231216T105350_T31TDK_00000000000000000698_0,363,226,18,64,47,146,273,379,500,500,5,2023-12-16,Eutric Cambisols,44.82053997861645,2.1217179082375526,1709,RMQS1,"{""type"":""MultiPoint"",""coordinates"":[]}"
20231216T105349_20231216T105350_T31TDK_000000000000000006e6_0,539,310,139,260,370,559,601,838,754,878,5,2023-12-16,Eutric Fluvisols,44.532947876679415,2.323987691118169,1795,RMQS1,"{""type"":""MultiPoint"",""coordinates"":[]}"
20231216T105349_20231216T105350_T31TDK_00000000000000000003_0,434,217,45,47,59,177,430,525,758,596,5,2023-12-16,Dystric Gleysols,44.88750000000001,1.98888889,68780,"{WD-eSOTER,WD-WISE}","{""type"":""MultiPoint"",""coordinates"":[]}"
20231216T105349_20231216T105350_T31TDL_0000000000000000058f_0,555,349,50,47,72,229,620,828,982,945,5,2023-12-16,Mollic Umbrisols,45.826662023108426,2.9413825046590283,1424,RMQS1,"{""type"":""MultiPoint"",""coordinates"":[]}"
20231216T105349_20231216T105350_T31TDL_00000000000000000566_0,842,425,96,188,284,532,809,988,977,1173,5,2023-12-16,Stagnic Gleysols,45.97223315865334,2.3236322063133965,1380,RMQS1,"{""type"":""MultiPoint"",""coordinates"":[]}"
20231216T105349_20231216T105350_T31TDL_00000000000000000623_0,1293,795,123,224,290,492,722,927,1295,1293,5,2023-12-16,Umbric Leptosols,45.252305065181154,2.1200401088709957,1585,RMQS1,"{""type"":""MultiPoint"",""coordinates"":[]}"
20231216T105349_20231216T105350_T31TDM_0000000000000000004b_0,2198,1948,1220,1360,1336,1833,2376,2540,2610,2791,5,2023-12-16,Dystric Cambisols,46.535999349184486,2.820829749810402,SIM59057,HWSDv2,"{""type"":""MultiPoint"",""coordinates"":[]}"
20231216T105349_20231216T105350_T31TDM_000000000000000004b1_0,2339,1969,1284,1360,1532,1729,1898,2130,2526,2450,5,2023-12-16,Albic Podzols,46.69033501204828,2.951027483892543,1176,RMQS1,"{""type"":""MultiPoint"",""coordinates"":[]}"
20231216T105349_20231216T105350_T31TDM_000000000000000004d0_0,2130,1538,764,874,806,1577,2485,2697,2696,2922,5,2023-12-16,Eutric Cambisols,46.546241796064976,1.697581007504501,1210,RMQS1,"{""type"":""MultiPoint"",""coordinates"":[]}"
20231216T105349_20231216T105350_T31TDM_000000000000000004d2_0,2513,2244,1408,1488,1532,1913,2617,2785,2642,2965,5,2023-12-16,Eutric Cambisols,46.54782103342217,2.1148477902316745,1212,RMQS1,"{""type"":""MultiPoint"",""coordinates"":[]}"
20231216T105349_20231216T105350_T31TDM_0000000000000000051e_0,2708,2261,1394,1538,1698,1989,2502,2713,3208,3034,5,2023-12-16,Eutric Cambisols,46.25997072554773,2.5310982294093853,1298,RMQS1,"{""type"":""MultiPoint"",""coordinates"":[]}"
20231216T105349_20231216T105350_T31TDM_0000000000000000053f_0,2000,1614,794,941,958,1585,2526,2763,2674,2837,5,2023-12-16,Eutric Cambisols,46.11618441035518,2.3235958429672405,1338,RMQS1,"{""type"":""MultiPoint"",""coordinates"":[]}"
20231216T105349_20231216T105350_T31TDM_00000000000000000489_0,5417,5059,3516,3672,3876,4545,5310,5551,6048,5923,5,2023-12-16,Eutric Planosols,46.83427557950005,2.952666633533814,1135,RMQS1,"{""type"":""MultiPoint"",""coordinates"":[]}"
20231216T105349_20231216T105350_T31TDM_00000000000000000488_0,2543,1993,1448,1576,1570,2163,2915,3185,3400,3324,5,2023-12-16,Eutric Retisols,46.835211482898934,2.7429212005666344,1134,RMQS1,"{""type"":""MultiPoint"",""coordinates"":[]}"
20231216T105349_20231216T105350_T31TDM_000000000000000004ab_0,3441,3342,2858,2776,2822,2974,3412,3568,3860,3639,5,2023-12-16,Haplic Luvisols,46.69018527607474,1.6958796349873388,1170,RMQS1,"{""type"":""MultiPoint"",""coordinates"":[]}"
20231216T105349_20231216T105350_T31TDM_000000000000000004ac_0,1335,816,453,578,737,803,1050,1186,1522,1442,5,2023-12-16,Haplic Luvisols,46.69116882903263,1.9050655942545336,1171,RMQS1,"{""type"":""MultiPoint"",""coordinates"":[]}"
20231216T105349_20231216T105350_T31TDM_000000000000000004d5_0,678,387,323,290,284,423,579,723,893,895,5,2023-12-16,Haplic Luvisols,46.54732226533228,2.7407660252405748,1215,RMQS1,"{""type"":""MultiPoint"",""coordinates"":[]}"
20231216T105349_20231216T105350_T31TDM_000000000000000004d6_0,2002,1368,1056,1142,1044,1601,2779,3098,3408,3316,5,2023-12-16,Haplic Luvisols,46.546391687559506,2.9493976467387704,1216,RMQS1,"{""type"":""MultiPoint"",""coordinates"":[]}"
20231216T105349_20231216T105350_T31TDM_00000000000000000520_0,1313,914,237,322,400,742,1165,1388,1679,1666,5,2023-12-16,Haplic Luvisols,46.258499760772665,2.946165745928714,1300,RMQS1,"{""type"":""MultiPoint"",""coordinates"":[]}"
20231216T105349_20231216T105350_T31TDM_000000000000000004ad_0,1967,1683,1130,1220,1120,1661,2294,2540,2856,2782,5,2023-12-16,Luvic Cambisols,46.691768875047984,2.11425703973228,1172,RMQS1,"{""type"":""MultiPoint"",""coordinates"":[]}"
20231216T105349_20231216T105350_T31TDM_000000000000000004b0_0,2565,2437,2024,2010,2034,2255,2746,2848,3296,3055,5,2023-12-16,Mollic Umbrisols,46.691268203764984,2.741840566757077,1175,RMQS1,"{""type"":""MultiPoint"",""coordinates"":[]}"
20231216T105349_20231216T105350_T31TDM_000000000000000004f3_0,394,212,94,169,104,277,583,695,892,780,5,2023-12-16,Regosols (Colluvic),46.402296192186384,1.6992732423683934,1252,RMQS1,"{""type"":""MultiPoint"",""coordinates"":[]}"
20231216T105349_20231216T105350_T31TDM_00000000000000000487_0,822,713,609,522,446,598,654,764,852,850,5,2023-12-16,Stagnic Gleysols,46.835763053751045,2.533170281821699,1133,RMQS1,"{""type"":""MultiPoint"",""coordinates"":[]}"
20231216T105349_20231216T105350_T31TDM_00000000000000000566_0,819,414,16,132,247,498,774,949,937,1131,5,2023-12-16,Stagnic Gleysols,45.97223315865334,2.3236322063133965,1380,RMQS1,"{""type"":""MultiPoint"",""coordinates"":[]}"
20231216T105349_20231216T105350_T31TDM_000000000000000004f8_0,2471,1752,938,1124,1162,1717,2742,3054,3460,3446,5,2023-12-16,Umbric Leptosols,46.40337439332457,2.739697268260874,1257,RMQS1,"{""type"":""MultiPoint"",""coordinates"":[]}"
20231216T105349_20231216T105350_T31TDM_0000000000000000051c_0,344,180,44,114,98,248,527,553,616,632,5,2023-12-16,Umbric Leptosols,46.25992056175498,2.1160209204130283,1296,RMQS1,"{""type"":""MultiPoint"",""coordinates"":[]}"
20231216T105349_20231216T105350_T31TDM_00000000000000000542_0,2240,2275,1640,1752,1856,1949,2261,2400,2656,2548,5,2023-12-16,Umbric Leptosols,46.11455278426213,2.9445630186179126,1341,RMQS1,"{""type"":""MultiPoint"",""coordinates"":[]}"
20231216T105349_20231216T105350_T31TDM_00000000000000000013_0,1460,1255,892,869,946,1078,1191,1283,1540,1495,5,2023-12-16,Eutric Planosols,46.45416667,2.90416667,66250,"{WD-eSOTER,WD-WISE}","{""type"":""MultiPoint"",""coordinates"":[]}"
20231216T105349_20231216T105350_T31TDN_0000000000000000006b_0,2146,1558,1640,1698,1498,2172,3293,3535,3572,3647,5,2023-12-16,Calcaric Fluvisols,47.51712916438218,2.9124227153317253,SIM92611,HWSDv2,"{""type"":""MultiPoint"",""coordinates"":[]}"
20231216T105349_20231216T105350_T31TDN_000000000000000003b2_0,2738,2575,2500,2406,2500,2810,2880,2996,3016,3053,5,2023-12-16,Albic Podzols,47.55558159718506,2.3232396523293857,903,RMQS1,"{""type"":""MultiPoint"",""coordinates"":[]}"
20231216T105349_20231216T105350_T31TDN_000000000000000003df_0,4518,4266,4492,4432,4536,4687,5016,4949,5312,5132,5,2023-12-16,Albic Podzols,47.41144528381795,2.111258584346836,953,RMQS1,"{""type"":""MultiPoint"",""coordinates"":[]}"
20231216T105349_20231216T105350_T31TDN_00000000000000000352_0,2811,2570,2330,2302,2378,2619,2787,2838,2946,2950,5,2023-12-16,Calcaric Arenosols,47.84338994552523,2.3231668611929046,799,RMQS1,"{""type"":""MultiPoint"",""coordinates"":[]}"
20231216T105349_20231216T105350_T31TDN_00000000000000000460_0,2640,2148,1906,2026,2180,2391,2669,2773,2962,2838,5,2023-12-16,Calcaric Cambisols,46.97970429233507,2.533695643621074,1089,RMQS1,"{""type"":""MultiPoint"",""coordinates"":[]}"
20231216T105349_20231216T105350_T31TDN_000000000000000008c9_0,3810,3452,3008,3128,3120,3416,3776,3851,4152,4016,5,2023-12-16,Dystric Cambisols,47.84255830040598,1.8956764547247618,10797,RMQS1,"{""type"":""MultiPoint"",""coordinates"":[]}"
20231216T105349_20231216T105350_T31TDN_00000000000000000351_0,3763,3622,3688,3520,3692,3934,3918,4002,4084,4007,5,2023-12-16,Eutric Cambisols,47.843169868917435,2.1094201698833497,798,RMQS1,"{""type"":""MultiPoint"",""coordinates"":[]}"
20231216T105349_20231216T105350_T31TDN_00000000000000000383_0,2099,1859,1702,1656,1656,1996,2380,2584,2736,2676,5,2023-12-16,Eutric Cambisols,47.69949039246022,2.323203433676275,851,RMQS1,"{""type"":""MultiPoint"",""coordinates"":[]}"
20231216T105349_20231216T105350_T31TDN_000000000000000003b5_0,412,244,236,294,272,394,587,633,662,668,5,2023-12-16,Eutric Cambisols,47.55390274742055,2.9610017841947456,906,RMQS1,"{""type"":""MultiPoint"",""coordinates"":[]}"
20231216T105349_20231216T105350_T31TDN_000000000000000003e3_0,4856,4410,4864,4724,4884,4855,5020,5097,5708,5148,5,2023-12-16,Eutric Cambisols,47.40999027051308,2.9593161381485094,957,RMQS1,"{""type"":""MultiPoint"",""coordinates"":[]}"
20231216T105349_20231216T105350_T31TDN_0000000000000000040a_0,4136,3587,4508,4300,4308,4698,4545,4690,4632,4687,5,2023-12-16,Eutric Cambisols,47.26691526786204,1.9004209607850338,997,RMQS1,"{""type"":""MultiPoint"",""coordinates"":[]}"
20231216T105349_20231216T105350_T31TDN_0000000000000000040f_0,3485,3360,3476,3408,3372,3625,3470,3425,3552,3455,5,2023-12-16,Eutric Cambisols,47.26607029067076,2.957639518006341,1002,RMQS1,"{""type"":""MultiPoint"",""coordinates"":[]}"
20231216T105349_20231216T105350_T31TDN_0000000000000000045d_0,3904,3505,3640,3692,3752,3885,4083,4169,4516,4265,5,2023-12-16,Eutric Cambisols,46.979051454062336,1.902754999581808,1086,RMQS1,"{""type"":""MultiPoint"",""coordinates"":[]}"
20231216T105349_20231216T105350_T31TDN_00000000000000000353_0,5211,4577,6080,5864,5900,6102,6016,6012,6320,5956,5,2023-12-16,Eutric Planosols,47.84321808127921,2.5369143120452917,800,RMQS1,"{""type"":""MultiPoint"",""coordinates"":[]}"
20231216T105349_20231216T105350_T31TDN_00000000000000000355_0,4507,4110,3672,3768,3828,3763,4878,5167,6080,5441,5,2023-12-16,Eutric Planosols,47.84170205083067,2.964398308512684,802,RMQS1,"{""type"":""MultiPoint"",""coordinates"":[]}"
20231216T105349_20231216T105350_T31TDN_00000000000000000381_0,2134,1897,1766,1790,1810,2014,2377,2529,2740,2642,5,2023-12-16,Eutric Planosols,47.698660425916756,1.8968722804991947,849,RMQS1,"{""type"":""MultiPoint"",""coordinates"":[]}"
20231216T105349_20231216T105350_T31TDN_000000000000000003b3_0,3279,2775,3184,3120,3168,3412,3546,3665,3852,3750,5,2023-12-16,Eutric Retisols,47.55541176836644,2.535830016121976,904,RMQS1,"{""type"":""MultiPoint"",""coordinates"":[]}"
20231216T105349_20231216T105350_T31TDN_00000000000000000350_0,3810,3452,3008,3128,3120,3416,3776,3851,4152,4016,5,2023-12-16,Haplic Luvisols,47.84255830040598,1.8956764547247618,797,RMQS1,"{""type"":""MultiPoint"",""coordinates"":[]}"
20231216T105349_20231216T105350_T31TDN_000000000000000003b1_0,3727,3482,3392,3276,3388,3613,3800,3869,4188,3934,5,2023-12-16,Haplic Luvisols,47.55536198956178,2.110649378619429,902,RMQS1,"{""type"":""MultiPoint"",""coordinates"":[]}"
20231216T105349_20231216T105350_T31TDN_000000000000000003de_0,2927,2671,2840,2718,2764,2930,2965,2971,3156,3119,5,2023-12-16,Haplic Luvisols,47.41083785321567,1.8992444177900463,952,RMQS1,"{""type"":""MultiPoint"",""coordinates"":[]}"
20231216T105349_20231216T105350_T31TDN_0000000000000000040b_0,4419,4113,4140,3964,4064,4483,4438,4523,4564,4626,5,2023-12-16,Haplic Luvisols,47.267521264322355,2.111864230118998,998,RMQS1,"{""type"":""MultiPoint"",""coordinates"":[]}"
20231216T105349_20231216T105350_T31TDN_00000000000000000437_0,4679,4696,5020,4892,4948,4972,4944,4962,5464,5020,5,2023-12-16,Haplic Luvisols,47.123085526991936,2.7451013407598692,1046,RMQS1,"{""type"":""MultiPoint"",""coordinates"":[]}"
20231216T105349_20231216T105350_T31TDN_000000000000000003e2_0,2159,1714,1194,1256,1294,1607,2269,2466,2878,2718,5,2023-12-16,Luvic Cambisols,47.410937102180945,2.747306981493266,956,RMQS1,"{""type"":""MultiPoint"",""coordinates"":[]}"
20231216T105349_20231216T105350_T31TDN_00000000000000000382_0,3336,3238,3086,2968,3042,3304,3383,3375,3576,3438,5,2023-12-16,Luvic Stagnosols,47.69927055188357,2.110036582535589,850,RMQS1,"{""type"":""MultiPoint"",""coordinates"":[]}"
20231216T105349_20231216T105350_T31TDN_000000000000000003b0_0,2699,2490,2226,2126,2160,2640,2728,2812,2688,2922,5,2023-12-16,Luvic Stagnosols,47.55475321205493,1.8980614971854999,901,RMQS1,"{""type"":""MultiPoint"",""coordinates"":[]}"
20231216T105349_20231216T105350_T31TDN_0000000000000000040d_0,1452,1102,822,761,836,1005,1244,1433,1660,1746,5,2023-12-16,Luvic Stagnosols,47.26757126704432,2.534756615805063,1000,RMQS1,"{""type"":""MultiPoint"",""coordinates"":[]}"
20231216T105349_20231216T105350_T31TDN_00000000000000000438_0,1342,1123,852,778,791,1056,1107,1161,1268,1402,5,2023-12-16,Luvic Stagnosols,47.12214399573959,2.955972510572236,1047,RMQS1,"{""type"":""MultiPoint"",""coordinates"":[]}"
20231216T105349_20231216T105350_T31TDN_00000000000000000462_0,2770,2633,2372,2300,2352,2628,2668,2738,2958,2823,5,2023-12-16,Luvic Stagnosols,46.978212301094295,2.9543150388494333,1091,RMQS1,"{""type"":""MultiPoint"",""coordinates"":[]}"
20231216T105349_20231216T105350_T31TDN_000000000000000003e0_0,1192,707,453,360,376,761,1123,1289,1036,1521,5,2023-12-16,Mollic Umbrisols,47.41166456921813,2.3232751210454485,954,RMQS1,"{""type"":""MultiPoint"",""coordinates"":[]}"
20231216T105349_20231216T105350_T31TDN_0000000000000000040c_0,3481,3262,2822,2866,3042,3193,3296,3428,3688,3581,5,2023-12-16,Mollic Umbrisols,47.26774013973242,2.3233101114925017,999,RMQS1,"{""type"":""MultiPoint"",""coordinates"":[]}"
20231216T105349_20231216T105350_T31TDN_0000000000000000040e_0,1523,1322,1398,1266,1218,1214,1320,1460,1888,1557,5,2023-12-16,Rendzic Leptosols,47.26701446803521,2.746200948427763,1001,RMQS1,"{""type"":""MultiPoint"",""coordinates"":[]}"
20231216T105349_20231216T105350_T31TDN_00000000000000000461_0,2581,2043,2386,2314,2362,2656,2792,2803,2856,2882,5,2023-12-16,Rendzic Leptosols,46.97915101430345,2.744008107875012,1090,RMQS1,"{""type"":""MultiPoint"",""coordinates"":[]}"
20231216T105349_20231216T105350_T31TDN_000000000000000003b4_0,3525,2928,4108,3808,3876,4119,4131,4224,4220,4201,5,2023-12-16,Stagnic Gleysols,47.554851880662206,2.7484189630750824,905,RMQS1,"{""type"":""MultiPoint"",""coordinates"":[]}"
20231216T105349_20231216T105350_T31TDN_000000000000000003dd_0,3139,3031,3188,3072,3088,3165,3216,3264,3600,3364,5,2023-12-16,Stagnic Gleysols,47.409842654337886,1.687236485239167,951,RMQS1,"{""type"":""MultiPoint"",""coordinates"":[]}"
20231216T105349_20231216T105350_T31TEK_00000000000000000677_0,105,73,742,667,490,618,1268,1430,1524,1357,5,2023-12-16,Mollic Umbrisols,44.96014865717854,3.3374361362547313,1673,RMQS1,"{""type"":""MultiPoint"",""coordinates"":[]}"
20231216T105349_20231216T105350_T31TEK_0000000000000000069d_0,2544,2495,2482,2426,2396,2292,2624,2726,3296,2786,5,2023-12-16,Regosols (Colluvic),44.81788841447892,3.1326926119766956,1714,RMQS1,"{""type"":""MultiPoint"",""coordinates"":[]}"
20231216T105349_20231216T105350_T31TEK_000000000000000006c4_0,2136,1272,481,723,922,1315,1805,2020,2198,2315,5,2023-12-16,Regosols (Colluvic),44.67399079291431,3.1306526990206116,1757,RMQS1,"{""type"":""MultiPoint"",""coordinates"":[]}"
20231216T105349_20231216T105350_T31TEL_0000000000000000056c_0,2798,2483,2280,2288,2408,2756,2948,3082,3132,3129,5,2023-12-16,Eutric Cambisols,45.96557568388395,3.5622311740909893,1386,RMQS1,"{""type"":""MultiPoint"",""coordinates"":[]}"
20231216T105349_20231216T105350_T31TEL_000000000000000005d8_0,1936,1400,594,697,774,1137,1491,1639,1900,1840,5,2023-12-16,Haplic Vertisols,45.53749059550481,3.1430513588344695,1506,RMQS1,"{""type"":""MultiPoint"",""coordinates"":[]}"
20231216T105349_20231216T105350_T31TEL_0000000000000000056b_0,3176,2818,3200,3038,3088,3370,3465,3453,3664,3515,5,2023-12-16,Regosols (Colluvic),45.96763063983362,3.355823049470566,1385,RMQS1,"{""type"":""MultiPoint"",""coordinates"":[]}"
20231216T105349_20231216T105350_T31TEL_000000000000000005b2_0,1446,1288,1158,1144,1220,1197,1299,1325,1584,1426,5,2023-12-16,Regosols (Colluvic),45.681427208986456,3.1451570403686984,1465,RMQS1,"{""type"":""MultiPoint"",""coordinates"":[]}"
20231216T105349_20231216T105350_T31TEM_0000000000000000005d_0,2142,1355,702,950,1028,1663,2639,2861,3044,2991,5,2023-12-16,Dystric Cambisols,46.72236823472247,4.04957637442354,SIM25904,HWSDv2,"{""type"":""MultiPoint"",""coordinates"":[]}"
20231216T105349_20231216T105350_T31TEM_000000000000000004d7_0,2925,2737,2370,2418,2562,2736,2905,2968,3284,3020,5,2023-12-16,Calcaric Cambisols,46.5450787191567,3.1580218533469955,1217,RMQS1,"{""type"":""MultiPoint"",""coordinates"":[]}"
20231216T105349_20231216T105350_T31TEM_00000000000000000544_0,2602,1998,3728,3360,3324,3165,3288,3358,3636,3347,5,2023-12-16,Calcaric Cambisols,46.111568791030955,3.3585052335869405,1343,RMQS1,"{""type"":""MultiPoint"",""coordinates"":[]}"
20231216T105349_20231216T105350_T31TEM_000000000000000004b2_0,2959,2812,3046,3000,2958,3145,3524,3573,3784,3614,5,2023-12-16,Eutric Cambisols,46.689018603764175,3.160207181481361,1177,RMQS1,"{""type"":""MultiPoint"",""coordinates"":[]}"
20231216T105349_20231216T105350_T31TEM_0000000000000000056a_0,6717,6399,6220,6260,6452,7073,7058,6997,7172,6974,5,2023-12-16,Eutric Cambisols,45.969307702721736,3.14940195717346,1384,RMQS1,"{""type"":""MultiPoint"",""coordinates"":[]}"
20231216T105349_20231216T105350_T31TEM_0000000000000000056c_0,2715,2416,2148,2172,2302,2632,2820,2950,3018,3017,5,2023-12-16,Eutric Cambisols,45.96557568388395,3.5622311740909893,1386,RMQS1,"{""type"":""MultiPoint"",""coordinates"":[]}"
20231216T105349_20231216T105350_T31TEM_00000000000000000523_0,2502,2132,2866,2734,2584,2817,3247,3394,3608,3403,5,2023-12-16,Eutric Planosols,46.253442299898516,3.5686996575366936,1303,RMQS1,"{""type"":""MultiPoint"",""coordinates"":[]}"
20231216T105349_20231216T105350_T31TEM_000000000000000008d5_0,2806,2460,2392,2484,2292,2716,3571,3756,3940,3898,5,2023-12-16,Eutric Planosols,46.832955360495376,3.162404385466637,11136,RMQS1,"{""type"":""MultiPoint"",""coordinates"":[]}"
20231216T105349_20231216T105350_T31TEM_000000000000000004b3_0,2054,2001,1630,1662,1606,1956,2419,2564,2578,2679,5,2023-12-16,Eutric Retisols,46.68731917934669,3.3693764419326433,1178,RMQS1,"{""type"":""MultiPoint"",""coordinates"":[]}"
20231216T105349_20231216T105350_T31TEM_000000000000000004da_0,4649,4353,4604,4496,4536,4710,5094,5202,5624,5254,5,2023-12-16,Eutric Stagnosols,46.53884808772313,3.7838164892692934,1220,RMQS1,"{""type"":""MultiPoint"",""coordinates"":[]}"
20231216T105349_20231216T105350_T31TEM_00000000000000000545_0,2897,2519,3022,3020,2928,3183,3407,3484,3588,3528,5,2023-12-16,Eutric Stagnosols,46.109508719803586,3.565456671920217,1344,RMQS1,"{""type"":""MultiPoint"",""coordinates"":[]}"
20231216T105349_20231216T105350_T31TEM_0000000000000000048b_0,3828,3776,3564,3620,3608,3884,4014,4056,4384,4142,5,2023-12-16,Fluvic Cambisols,46.831251387488024,3.3721316094561504,1137,RMQS1,"{""type"":""MultiPoint"",""coordinates"":[]}"
20231216T105349_20231216T105350_T31TEM_000000000000000004fe_0,6017,5202,6844,6708,6656,6854,7113,7080,7680,7068,5,2023-12-16,Fluvic Cambisols,46.39208995758754,3.987995703885363,1263,RMQS1,"{""type"":""MultiPoint"",""coordinates"":[]}"
20231216T105349_20231216T105350_T31TEM_0000000000000000048c_0,3527,3375,3108,3042,3112,3502,3580,3673,3880,3849,5,2023-12-16,Haplic Luvisols,46.8291636975537,3.58184375664266,1138,RMQS1,"{""type"":""MultiPoint"",""coordinates"":[]}"
20231216T105349_20231216T105350_T31TEM_000000000000000004db_0,4878,4898,4676,4652,4748,4693,4851,4915,5484,4986,5,2023-12-16,Haplic Luvisols,46.53600734247997,3.992375983647432,1221,RMQS1,"{""type"":""MultiPoint"",""coordinates"":[]}"
20231216T105349_20231216T105350_T31TEM_000000000000000004fd_0,4645,4534,3832,3876,3952,4375,4938,5152,5556,5343,5,2023-12-16,Luvic Stagnosols (Ruptic),46.39492308751163,3.7799878647677483,1262,RMQS1,"{""type"":""MultiPoint"",""coordinates"":[]}"
20231216T105349_20231216T105350_T31TEM_000000000000000004d9_0,3102,2826,3620,3440,3364,3530,3699,3767,3996,3736,5,2023-12-16,Mollic Umbrisols,46.541307234339925,3.575235904485403,1219,RMQS1,"{""type"":""MultiPoint"",""coordinates"":[]}"
20231216T105349_20231216T105350_T31TEM_00000000000000000521_0,2229,1965,1452,1554,1574,1698,2394,2610,3120,2809,5,2023-12-16,Mollic Umbrisols,46.25719372691628,3.15368891738102,1301,RMQS1,"{""type"":""MultiPoint"",""coordinates"":[]}"
20231216T105349_20231216T105350_T31TEM_0000000000000000056b_0,3108,2758,3132,2980,3034,3294,3389,3377,3604,3453,5,2023-12-16,Regosols (Colluvic),45.96763063983362,3.355823049470566,1385,RMQS1,"{""type"":""MultiPoint"",""coordinates"":[]}"
20231216T105349_20231216T105350_T31TEM_0000000000000000048a_0,2806,2460,2392,2484,2292,2716,3571,3756,3940,3898,5,2023-12-16,Stagnic Gleysols,46.832955360495376,3.162404385466637,1136,RMQS1,"{""type"":""MultiPoint"",""coordinates"":[]}"
20231216T105349_20231216T105350_T31TEM_0000000000000000048d_0,4187,3983,3564,3752,3792,4087,4546,4696,5168,4879,5,2023-12-16,Stagnic Gleysols,46.82669251741433,3.7915377253001425,1139,RMQS1,"{""type"":""MultiPoint"",""coordinates"":[]}"
20231216T105349_20231216T105350_T31TEM_0000000000000000000d_0,2754,2703,2558,2414,2514,2597,2676,2745,3038,2834,5,2023-12-16,Chromic Luvisols,46.594444440000004,3.41805556,66248,"{WD-eSOTER,WD-WISE}","{""type"":""MultiPoint"",""coordinates"":[]}"
20231216T105349_20231216T105350_T31TEN_0000000000000000007c_0,2300,1636,893,1106,1402,1665,1921,1989,2182,2111,5,2023-12-16,Calcaric Cambisols,47.676614112368384,4.047817177848944,SIM59109,HWSDv2,"{""type"":""MultiPoint"",""coordinates"":[]}"
20231216T105349_20231216T105350_T31TEN_00000000000000000084_0,1800,1177,432,580,912,1255,1508,1789,2156,2117,5,2023-12-16,Eutric Cambisols,47.11452367322506,3.6127323073983724,SIM87770,HWSDv2,"{""type"":""MultiPoint"",""coordinates"":[]}"
20231216T105349_20231216T105350_T31TEN_00000000000000000389_0,5241,4834,4712,4852,5024,5621,5906,6218,6308,6336,5,2023-12-16,Calcaric Cambisols,47.69261192476675,3.6021015262283993,857,RMQS1,"{""type"":""MultiPoint"",""coordinates"":[]}"
20231216T105349_20231216T105350_T31TEN_0000000000000000038b_0,1748,1438,1200,1176,1256,1577,1837,2026,1982,2148,5,2023-12-16,Calcaric Cambisols,47.68719866197225,4.028283809407994,859,RMQS1,"{""type"":""MultiPoint"",""coordinates"":[]}"
20231216T105349_20231216T105350_T31TEN_0000000000000000038c_0,2515,2165,2078,2156,2244,2394,2549,2634,2840,2640,5,2023-12-16,Calcaric Cambisols,47.683907057906545,4.241339670233422,860,RMQS1,"{""type"":""MultiPoint"",""coordinates"":[]}"
20231216T105349_20231216T105350_T31TEN_000000000000000003b7_0,1999,1885,1566,1508,1556,1718,1914,1951,2242,2171,5,2023-12-16,Calcaric Cambisols,47.550837746461816,3.386133454800718,908,RMQS1,"{""type"":""MultiPoint"",""coordinates"":[]}"
20231216T105349_20231216T105350_T31TEN_000000000000000003b9_0,4433,3789,4188,4296,4348,4585,4702,4774,5244,4950,5,2023-12-16,Calcaric Cambisols,47.546217215423475,3.8112046307032252,910,RMQS1,"{""type"":""MultiPoint"",""coordinates"":[]}"
20231216T105349_20231216T105350_T31TEN_00000000000000000410_0,1378,1140,865,872,828,1062,1278,1386,1560,1551,5,2023-12-16,Calcaric Cambisols,47.264739385203924,3.1690686102287096,1003,RMQS1,"{""type"":""MultiPoint"",""coordinates"":[]}"
20231216T105349_20231216T105350_T31TEN_0000000000000000043a_0,1077,724,307,311,375,573,821,989,1302,1295,5,2023-12-16,Calcaric Cambisols,47.1191034640165,3.3776865183055333,1049,RMQS1,"{""type"":""MultiPoint"",""coordinates"":[]}"
20231216T105349_20231216T105350_T31TEN_00000000000000000464_0,1506,1293,930,996,1080,1280,1551,1705,1760,1841,5,2023-12-16,Calcaric Cambisols,46.97517963642519,3.3749014626727494,1093,RMQS1,"{""type"":""MultiPoint"",""coordinates"":[]}"
20231216T105349_20231216T105350_T31TEN_0000000000000000035b_0,943,559,404,402,396,654,986,1238,1522,1506,5,2023-12-16,Eutric Cambisols,47.82776473819446,4.246517265301541,808,RMQS1,"{""type"":""MultiPoint"",""coordinates"":[]}"
20231216T105349_20231216T105350_T31TEN_0000000000000000035c_0,2049,1783,1402,1430,1364,1738,2373,2506,2814,2692,5,2023-12-16,Eutric Cambisols,47.82407340617893,4.4601231189041926,809,RMQS1,"{""type"":""MultiPoint"",""coordinates"":[]}"
20231216T105349_20231216T105350_T31TEN_0000000000000000038a_0,1927,1868,1478,1432,1662,1805,1862,1929,1946,1924,5,2023-12-16,Eutric Cambisols,47.69010033133988,3.81520383273741,858,RMQS1,"{""type"":""MultiPoint"",""coordinates"":[]}"
20231216T105349_20231216T105350_T31TEN_000000000000000003b6_0,911,585,498,564,479,719,1255,1509,1696,1617,5,2023-12-16,Eutric Cambisols,47.552564751070484,3.173574314332056,907,RMQS1,"{""type"":""MultiPoint"",""coordinates"":[]}"
20231216T105349_20231216T105350_T31TEN_000000000000000003e4_0,1935,1798,1000,1062,1100,1372,1721,1827,1874,1871,5,2023-12-16,Eutric Cambisols,47.40865578006737,3.171315212024671,958,RMQS1,"{""type"":""MultiPoint"",""coordinates"":[]}"
20231216T105349_20231216T105350_T31TEN_000000000000000003e5_0,1867,1541,1586,1676,1706,1780,1963,2018,2298,1994,5,2023-12-16,Eutric Cambisols,47.40693357261238,3.3833017951649333,959,RMQS1,"{""type"":""MultiPoint"",""coordinates"":[]}"
20231216T105349_20231216T105350_T31TEN_000000000000000003e6_0,3286,3184,2932,2994,3012,3620,4351,4606,4648,4599,5,2023-12-16,Eutric Cambisols,47.404823861309914,3.5952738799570167,960,RMQS1,"{""type"":""MultiPoint"",""coordinates"":[]}"
20231216T105349_20231216T105350_T31TEN_00000000000000000468_0,1983,1255,498,792,940,1368,1924,2115,2378,2296,5,2023-12-16,Eutric Cambisols,46.96449785073361,4.215869414732723,1097,RMQS1,"{""type"":""MultiPoint"",""coordinates"":[]}"
20231216T105349_20231216T105350_T31TEN_000000000000000003ba_0,2603,2490,2128,2204,2270,2395,2730,2816,3086,2932,5,2023-12-16,Eutric Fluvisols,47.5433231594685,4.023709400434391,911,RMQS1,"{""type"":""MultiPoint"",""coordinates"":[]}"
20231216T105349_20231216T105350_T31TEN_00000000000000000388_0,1338,819,500,443,490,793,1221,1431,1676,1773,5,2023-12-16,Eutric Planosols,47.69473383253753,3.388980815854437,856,RMQS1,"{""type"":""MultiPoint"",""coordinates"":[]}"
20231216T105349_20231216T105350_T31TEN_00000000000000000356_0,532,293,248,219,152,310,450,605,567,718,5,2023-12-16,Eutric Retisols,47.840357554988195,3.178127221780755,803,RMQS1,"{""type"":""MultiPoint"",""coordinates"":[]}"
20231216T105349_20231216T105350_T31TEN_000000000000000003bc_0,2679,2543,2128,2222,2242,2481,2971,3148,3456,3278,5,2023-12-16,Fluvic Cambisols,47.53636883635267,4.448643441343787,913,RMQS1,"{""type"":""MultiPoint"",""coordinates"":[]}"
20231216T105349_20231216T105350_T31TEN_00000000000000000463_0,4946,4898,4300,4264,4512,4716,4777,4794,5192,4891,5,2023-12-16,Fluvic Cambisols,46.976888260905774,3.1646134293807,1092,RMQS1,"{""type"":""MultiPoint"",""coordinates"":[]}"
20231216T105349_20231216T105350_T31TEN_00000000000000000412_0,3081,2895,2654,2792,2736,2915,3690,3932,4424,4146,5,2023-12-16,Fluvic Stagnosols,47.26091804366116,3.591889752988152,1005,RMQS1,"{""type"":""MultiPoint"",""coordinates"":[]}"
20231216T105349_20231216T105350_T31TEN_00000000000000000439_0,939,557,407,309,334,518,726,905,1124,1196,5,2023-12-16,Haplic Luvisols,47.12081648332485,3.166834936155968,1048,RMQS1,"{""type"":""MultiPoint"",""coordinates"":[]}"
20231216T105349_20231216T105350_T31TEN_0000000000000000035a_0,1808,1637,1658,1606,1564,1674,1829,1866,2124,2091,5,2023-12-16,Luvic Cambisols,47.831065184730285,4.032883282733883,807,RMQS1,"{""type"":""MultiPoint"",""coordinates"":[]}"
20231216T105349_20231216T105350_T31TEN_00000000000000000358_0,2816,2641,2588,2530,2534,2764,2850,2948,3236,3217,5,2023-12-16,Luvic Stagnosols,47.83649278861352,3.6055433677437523,805,RMQS1,"{""type"":""MultiPoint"",""coordinates"":[]}"
20231216T105349_20231216T105350_T31TEN_000000000000000003bb_0,4630,4334,3460,3696,3928,4409,4776,4875,4992,4979,5,2023-12-16,Luvic Stagnosols,47.54004028028161,4.236190387376669,912,RMQS1,"{""type"":""MultiPoint"",""coordinates"":[]}"
20231216T105349_20231216T105350_T31TEN_000000000000000003e7_0,2131,1925,1432,1432,1598,1800,1969,2115,2264,2279,5,2023-12-16,Mollic Umbrisols,47.40232587881322,3.807228121947431,961,RMQS1,"{""type"":""MultiPoint"",""coordinates"":[]}"
20231216T105349_20231216T105350_T31TEN_00000000000000000357_0,3201,2591,3540,3408,3312,3589,3687,3840,3972,3841,5,2023-12-16,Regosols (Colluvic),47.83862082138957,3.39184320342842,804,RMQS1,"{""type"":""MultiPoint"",""coordinates"":[]}"
20231216T105349_20231216T105350_T31TEN_000000000000000003b8_0,3981,3835,3652,3788,4044,4155,4115,4170,4452,4206,5,2023-12-16,Rendzic Leptosols,47.54872203789853,3.598677838598693,909,RMQS1,"{""type"":""MultiPoint"",""coordinates"":[]}"
20231216T105349_20231216T105350_T31TEN_00000000000000000465_0,2744,2127,1262,1622,1746,2222,2827,2959,3480,3167,5,2023-12-16,Stagnic Gleysols,46.97308682231077,3.585174830835298,1094,RMQS1,"{""type"":""MultiPoint"",""coordinates"":[]}"
20231216T105349_20231216T105350_T31TEN_00000000000000000007_0,1998,1937,1522,1526,1590,1809,2056,2132,2278,2278,5,2023-12-16,Eutric Planosols,47.83972222,3.6305555600000003,68785,"{WD-eSOTER,WD-WISE}","{""type"":""MultiPoint"",""coordinates"":[]}"
20231216T105349_20231216T105350_T31TFN_0000000000000000035c_0,2052,1785,1384,1408,1342,1733,2378,2510,2790,2699,5,2023-12-16,Eutric Cambisols,47.82407340617893,4.4601231189041926,809,RMQS1,"{""type"":""MultiPoint"",""coordinates"":[]}"
20231216T105349_20231216T105350_T31TFN_000000000000000003bc_0,2683,2546,2116,2214,2230,2476,2970,3148,3456,3282,5,2023-12-16,Fluvic Cambisols,47.53636883635267,4.448643441343787,913,RMQS1,"{""type"":""MultiPoint"",""coordinates"":[]}"
20231216T105349_20231216T105350_T31UCP_00000000000000000204_0,1484,959,219,322,400,659,981,1216,1458,1579,5,2023-12-16,Dystric Cambisols,48.70325680260776,1.453808158227529,448,RMQS1,"{""type"":""MultiPoint"",""coordinates"":[]}"
20231216T105349_20231216T105350_T31UCP_00000000000000000203_0,2009,1316,478,720,796,1252,1837,2050,2150,2162,5,2023-12-16,Eutric Cambisols,48.701441663313894,1.2365494017005343,447,RMQS1,"{""type"":""MultiPoint"",""coordinates"":[]}"
20231216T105349_20231216T105350_T31UCP_0000000000000000023e_0,1703,1173,540,694,932,1245,1635,1690,1578,1816,5,2023-12-16,Eutric Cambisols,48.56085542396343,1.6729155469005188,509,RMQS1,"{""type"":""MultiPoint"",""coordinates"":[]}"
20231216T105349_20231216T105350_T31UCP_00000000000000000274_0,1897,1245,490,912,932,1454,2225,2525,2518,2529,5,2023-12-16,Eutric Cambisols,48.41561194192563,1.458662749206642,566,RMQS1,"{""type"":""MultiPoint"",""coordinates"":[]}"
20231216T105349_20231216T105350_T31UCP_00000000000000000272_0,2229,1676,808,1108,1542,1843,1954,2107,2026,2231,5,2023-12-16,Eutric Retisols,48.411606154539754,1.0265529667530489,564,RMQS1,"{""type"":""MultiPoint"",""coordinates"":[]}"
20231216T105349_20231216T105350_T31UCP_000000000000000002e3_0,1147,741,178,288,301,478,745,981,1462,1166,5,2023-12-16,Haplic Luvisols,48.12611605795335,1.2485816656647932,682,RMQS1,"{""type"":""MultiPoint"",""coordinates"":[]}"
20231216T105349_20231216T105350_T31UCP_000000000000000002ac_0,1700,1130,451,723,884,1270,1756,1942,1920,1895,5,2023-12-16,Luvic Cambisols,48.271768171952196,1.4610694163442626,625,RMQS1,"{""type"":""MultiPoint"",""coordinates"":[]}"
20231216T105349_20231216T105350_T31UCP_000000000000000002ad_0,2072,1579,652,964,1258,1613,1792,1859,2036,1966,5,2023-12-16,Luvic Cambisols,48.273173775874774,1.6765533442912048,626,RMQS1,"{""type"":""MultiPoint"",""coordinates"":[]}"
20231216T105349_20231216T105350_T31UCP_0000000000000000034d_0,1951,1370,308,369,397,975,1320,1683,1344,2008,5,2023-12-16,Luvic Cambisols,47.83837519938972,1.254497652282048,794,RMQS1,"{""type"":""MultiPoint"",""coordinates"":[]}"
20231216T105349_20231216T105350_T31UCP_000000000000000002ab_0,2488,1949,922,1326,1716,2055,2264,2405,2428,2517,5,2023-12-16,Luvic Stagnosols,48.2699679529574,1.2455987878276893,624,RMQS1,"{""type"":""MultiPoint"",""coordinates"":[]}"
20231216T105349_20231216T105350_T31UCP_0000000000000000034a_0,2132,1446,642,1078,1084,1853,2498,2692,3076,2806,5,2023-12-16,Luvic Stagnosols,47.83066980746326,0.6134648025979296,791,RMQS1,"{""type"":""MultiPoint"",""coordinates"":[]}"
20231216T105349_20231216T105350_T31UCP_0000000000000000034b_0,1346,821,121,259,294,745,1103,1463,1582,1812,5,2023-12-16,Luvic Stagnosols,47.83363007450884,0.8271207944704805,792,RMQS1,"{""type"":""MultiPoint"",""coordinates"":[]}"
20231216T105349_20231216T105350_T31UCP_0000000000000000034e_0,1298,830,269,298,369,583,811,1049,1242,1369,5,2023-12-16,Luvic Stagnosols,47.84016084763797,1.4682119105928768,795,RMQS1,"{""type"":""MultiPoint"",""coordinates"":[]}"
20231216T105349_20231216T105350_T31UCP_0000000000000000031c_0,1078,718,338,464,579,696,703,760,877,894,5,2023-12-16,Mollic Umbrisols,47.98543984274541,1.6801538816928248,741,RMQS1,"{""type"":""MultiPoint"",""coordinates"":[]}"
20231216T105349_20231216T105350_T31UCP_000000000000000002e5_0,1527,967,430,548,700,936,1168,1248,1304,1408,5,2023-12-16,Rendzic Leptosols,48.129312960797584,1.6783584655939348,684,RMQS1,"{""type"":""MultiPoint"",""coordinates"":[]}"
20231216T105349_20231216T105350_T31UCP_00000000000000000318_0,731,386,152,199,118,378,699,865,522,1267,5,2023-12-16,Stagnic Gleysols,47.97749316883225,0.8230065836699338,737,RMQS1,"{""type"":""MultiPoint"",""coordinates"":[]}"
20231216T105349_20231216T105350_T31UCP_000000000000000002e1_0,1380,866,498,668,708,1060,1888,2134,2008,2408,5,2023-12-16,Vertic Cambisols,48.12134464439584,0.8188699264753865,680,RMQS1,"{""type"":""MultiPoint"",""coordinates"":[]}"
20231216T105349_20231216T105350_T31UCQ_00000000000000000174_0,1298,834,481,608,816,980,1379,1508,1222,1460,5,2023-12-16,Calcaric Cambisols,49.136032669120816,1.665509084487337,278,RMQS1,"{""type"":""MultiPoint"",""coordinates"":[]}"
20231216T105349_20231216T105350_T31UCQ_000000000000000001cf_0,1452,926,316,400,460,716,982,1187,1498,1570,5,2023-12-16,Dystric Cambisols,48.847056007321356,1.4513589163107052,387,RMQS1,"{""type"":""MultiPoint"",""coordinates"":[]}"
20231216T105349_20231216T105350_T31UCQ_00000000000000000204_0,1483,958,233,337,414,672,993,1226,1482,1583,5,2023-12-16,Dystric Cambisols,48.70325680260776,1.453808158227529,448,RMQS1,"{""type"":""MultiPoint"",""coordinates"":[]}"
20231216T105349_20231216T105350_T31UCQ_000000000000000001cd_0,1327,895,399,417,468,855,893,1040,739,1092,5,2023-12-16,Eutric Cambisols,48.843018131050385,1.0156540889892636,385,RMQS1,"{""type"":""MultiPoint"",""coordinates"":[]}"
20231216T105349_20231216T105350_T31UCQ_00000000000000000203_0,2028,1329,484,726,800,1270,1861,2077,2156,2189,5,2023-12-16,Eutric Cambisols,48.701441663313894,1.2365494017005343,447,RMQS1,"{""type"":""MultiPoint"",""coordinates"":[]}"
20231216T105349_20231216T105350_T31UCQ_0000000000000000014c_0,1848,1282,660,762,766,1210,1822,1994,2140,2214,5,2023-12-16,Eutric Fluvisols,49.276515471368825,1.2242410066178666,233,RMQS1,"{""type"":""MultiPoint"",""coordinates"":[]}"
20231216T105349_20231216T105350_T31UCQ_00000000000000000127_0,1636,1039,516,462,500,804,1128,1360,1554,1671,5,2023-12-16,Haplic Luvisols,49.420237706725004,1.2211206392384968,194,RMQS1,"{""type"":""MultiPoint"",""coordinates"":[]}"
20231216T105349_20231216T105350_T31UCQ_000000000000000001d0_0,1263,746,314,246,358,712,1130,1434,1672,1743,5,2023-12-16,Haplic Luvisols,48.84847768850128,1.6692327748255307,388,RMQS1,"{""type"":""MultiPoint"",""coordinates"":[]}"
20231216T105349_20231216T105350_T31UCQ_00000000000000000128_0,2237,1595,706,925,1120,1570,1923,2142,2142,2252,5,2023-12-16,Luvic Cambisols,49.42207764226659,1.4414246711124157,195,RMQS1,"{""type"":""MultiPoint"",""coordinates"":[]}"
20231216T105349_20231216T105350_T31UCQ_0000000000000000014e_0,1815,1251,652,897,946,1340,1860,2032,2088,2130,5,2023-12-16,Luvic Cambisols,49.279783234787686,1.6636314749754055,235,RMQS1,"{""type"":""MultiPoint"",""coordinates"":[]}"
20231216T105349_20231216T105350_T31UCQ_0000000000000000010c_0,1946,1171,550,737,772,1325,1916,2364,2666,2609,5,2023-12-16,Regosols (Colluvic),49.56722487127622,1.6598425124284655,157,RMQS1,"{""type"":""MultiPoint"",""coordinates"":[]}"
20231216T105349_20231216T105350_T31UCQ_0000000000000000019d_0,1142,781,161,152,215,485,769,909,943,1100,5,2023-12-16,Umbric Leptosols,48.99083867013206,1.4488959231839007,329,RMQS1,"{""type"":""MultiPoint"",""coordinates"":[]}"
20231216T105349_20231216T105350_T31UDP_00000000000000000071_0,1788,1272,600,739,1070,1169,1233,1337,1430,1549,5,2023-12-16,Eutric Cambisols,48.5995654995664,2.512561932350915,SIM42232,HWSDv2,"{""type"":""MultiPoint"",""coordinates"":[]}"
20231216T105349_20231216T105350_T31UDP_00000000000000000352_0,2807,2551,2310,2288,2374,2613,2790,2839,2950,2954,5,2023-12-16,Calcaric Arenosols,47.84338994552523,2.3231668611929046,799,RMQS1,"{""type"":""MultiPoint"",""coordinates"":[]}"
20231216T105349_20231216T105350_T31UDP_0000000000000000020b_0,1793,1254,582,804,1018,1209,1833,2086,1631,2216,5,2023-12-16,Calcaric Cambisols,48.704826134191606,2.974812554703716,455,RMQS1,"{""type"":""MultiPoint"",""coordinates"":[]}"
20231216T105349_20231216T105350_T31UDP_0000000000000000027b_0,4476,4084,4636,4652,4792,4768,4873,4905,5304,4886,5,2023-12-16,Calcaric Cambisols,48.41717099961288,2.9713017936535744,573,RMQS1,"{""type"":""MultiPoint"",""coordinates"":[]}"
20231216T105349_20231216T105350_T31UDP_000000000000000002ae_0,1050,721,298,421,536,677,892,933,1009,975,5,2023-12-16,Calcaric Cambisols,48.27418519339707,1.8920484065068364,627,RMQS1,"{""type"":""MultiPoint"",""coordinates"":[]}"
20231216T105349_20231216T105350_T31UDP_000000000000000002af_0,2674,2499,1288,1412,1370,1841,2154,2341,2482,2253,5,2023-12-16,Calcaric Cambisols,48.274802304958676,2.1075512406430126,628,RMQS1,"{""type"":""MultiPoint"",""coordinates"":[]}"
20231216T105349_20231216T105350_T31UDP_000000000000000002b0_0,3129,2835,2530,2512,2662,2792,2898,3013,3228,3038,5,2023-12-16,Calcaric Cambisols,48.27502436219857,2.323057007667784,629,RMQS1,"{""type"":""MultiPoint"",""coordinates"":[]}"
20231216T105349_20231216T105350_T31UDP_000000000000000002e8_0,2090,1906,1610,1532,1680,1833,1780,1858,1896,1935,5,2023-12-16,Calcaric Cambisols,48.13115799145747,2.3230934450304686,687,RMQS1,"{""type"":""MultiPoint"",""coordinates"":[]}"
20231216T105349_20231216T105350_T31UDP_000000000000000002e9_0,3247,2925,3016,2878,2968,3225,3293,3399,3524,3358,5,2023-12-16,Calcaric Cambisols,48.13098489367784,2.5380099326487655,688,RMQS1,"{""type"":""MultiPoint"",""coordinates"":[]}"
20231216T105349_20231216T105350_T31UDP_00000000000000000321_0,3546,3046,3892,3752,3808,4022,4022,4099,4120,4081,5,2023-12-16,Calcaric Cambisols,47.9865426602432,2.7517886582102737,746,RMQS1,"{""type"":""MultiPoint"",""coordinates"":[]}"
20231216T105349_20231216T105350_T31UDP_00000000000000000206_0,1364,891,212,222,368,681,890,1021,1093,1356,5,2023-12-16,Dystric Cambisols,48.70569412739061,1.8883618939285025,450,RMQS1,"{""type"":""MultiPoint"",""coordinates"":[]}"
20231216T105349_20231216T105350_T31UDP_0000000000000000027a_0,3976,3653,3856,3764,3792,3962,4082,4270,4403,4294,5,2023-12-16,Dystric Cambisols,48.41813507871379,2.755212377470384,572,RMQS1,"{""type"":""MultiPoint"",""coordinates"":[]}"
20231216T105349_20231216T105350_T31UDP_00000000000000000208_0,1656,1216,313,472,429,868,1443,1696,1613,1854,5,2023-12-16,Eutric Cambisols,48.70654040780868,2.3229440563732178,452,RMQS1,"{""type"":""MultiPoint"",""coordinates"":[]}"
20231216T105349_20231216T105350_T31UDP_0000000000000000023e_0,1703,1174,530,679,916,1225,1617,1668,1566,1805,5,2023-12-16,Eutric Cambisols,48.56085542396343,1.6729155469005188,509,RMQS1,"{""type"":""MultiPoint"",""coordinates"":[]}"
20231216T105349_20231216T105350_T31UDP_000000000000000002b3_0,3448,3054,3820,3636,3660,3805,4009,4051,4152,4040,5,2023-12-16,Eutric Cambisols,48.273322210503906,2.969561794251821,632,RMQS1,"{""type"":""MultiPoint"",""coordinates"":[]}"
20231216T105349_20231216T105350_T31UDP_000000000000000002e7_0,2029,1532,1060,1266,1416,1799,1837,2004,2040,2045,5,2023-12-16,Eutric Cambisols,48.13093680610043,2.108177321905969,686,RMQS1,"{""type"":""MultiPoint"",""coordinates"":[]}"
20231216T105349_20231216T105350_T31UDP_00000000000000000320_0,3814,3389,4344,4092,4188,4246,4258,4337,4604,4298,5,2023-12-16,Eutric Cambisols,47.98710685394267,2.5374606452271022,745,RMQS1,"{""type"":""MultiPoint"",""coordinates"":[]}"
20231216T105349_20231216T105350_T31UDP_00000000000000000351_0,3773,3611,3740,3560,3728,3963,3951,4031,4108,4029,5,2023-12-16,Eutric Cambisols,47.843169868917435,2.1094201698833497,798,RMQS1,"{""type"":""MultiPoint"",""coordinates"":[]}"
20231216T105349_20231216T105350_T31UDP_0000000000000000031e_0,2382,2081,1792,1860,1916,2191,2454,2604,2784,2869,5,2023-12-16,Eutric Planosols,47.98705892971446,2.108800514791813,743,RMQS1,"{""type"":""MultiPoint"",""coordinates"":[]}"
20231216T105349_20231216T105350_T31UDP_00000000000000000353_0,5234,4559,6400,6088,6040,6236,6141,6135,6432,6048,5,2023-12-16,Eutric Planosols,47.84321808127921,2.5369143120452917,800,RMQS1,"{""type"":""MultiPoint"",""coordinates"":[]}"
20231216T105349_20231216T105350_T31UDP_00000000000000000355_0,4518,4093,3732,3820,3872,3797,4927,5223,6132,5488,5,2023-12-16,Eutric Planosols,47.84170205083067,2.964398308512684,802,RMQS1,"{""type"":""MultiPoint"",""coordinates"":[]}"
20231216T105349_20231216T105350_T31UDP_0000000000000000020a_0,1393,638,624,872,598,1634,4457,4961,4992,5070,5,2023-12-16,Haplic Luvisols,48.70579528894485,2.7575282555298437,454,RMQS1,"{""type"":""MultiPoint"",""coordinates"":[]}"
20231216T105349_20231216T105350_T31UDP_0000000000000000023f_0,2144,1387,568,872,904,1501,2137,2381,2386,2451,5,2023-12-16,Haplic Luvisols,48.56187240436339,1.8895991857404957,510,RMQS1,"{""type"":""MultiPoint"",""coordinates"":[]}"
20231216T105349_20231216T105350_T31UDP_00000000000000000278_0,1593,1105,566,607,684,1046,1476,1733,1776,2081,5,2023-12-16,Haplic Luvisols,48.418877511932216,2.3230202148648296,570,RMQS1,"{""type"":""MultiPoint"",""coordinates"":[]}"
20231216T105349_20231216T105350_T31UDP_000000000000000002b2_0,3947,3537,3804,3692,3780,3715,3883,4070,4444,4254,5,2023-12-16,Haplic Luvisols,48.27428376515288,2.7540649164915183,631,RMQS1,"{""type"":""MultiPoint"",""coordinates"":[]}"
20231216T105349_20231216T105350_T31UDP_00000000000000000209_0,1428,1332,626,720,880,1138,1486,1616,1464,1694,5,2023-12-16,Luvic Cambisols,48.70636671812621,2.5402378321558636,453,RMQS1,"{""type"":""MultiPoint"",""coordinates"":[]}"
20231216T105349_20231216T105350_T31UDP_00000000000000000277_0,1643,1274,662,778,1162,1253,1312,1362,1410,1450,5,2023-12-16,Luvic Cambisols,48.41865449696645,2.1069223823788863,569,RMQS1,"{""type"":""MultiPoint"",""coordinates"":[]}"
20231216T105349_20231216T105350_T31UDP_000000000000000002ad_0,2077,1582,657,972,1270,1611,1793,1861,2054,1967,5,2023-12-16,Luvic Cambisols,48.273173775874774,1.6765533442912048,626,RMQS1,"{""type"":""MultiPoint"",""coordinates"":[]}"
20231216T105349_20231216T105350_T31UDP_000000000000000002e6_0,1418,1007,501,755,950,1099,1259,1363,1462,1460,5,2023-12-16,Luvic Cambisols,48.13032151946579,1.893264373324863,685,RMQS1,"{""type"":""MultiPoint"",""coordinates"":[]}"
20231216T105349_20231216T105350_T31UDP_0000000000000000031f_0,1977,1722,1482,1388,1428,1587,1700,1809,1958,1966,5,2023-12-16,Luvic Stagnosols,47.987279423923,2.323130198940761,744,RMQS1,"{""type"":""MultiPoint"",""coordinates"":[]}"
20231216T105349_20231216T105350_T31UDP_0000000000000000031c_0,1079,716,331,453,566,680,686,743,866,883,5,2023-12-16,Mollic Umbrisols,47.98543984274541,1.6801538816928248,741,RMQS1,"{""type"":""MultiPoint"",""coordinates"":[]}"
20231216T105349_20231216T105350_T31UDP_000000000000000002e5_0,1530,969,424,538,690,926,1158,1241,1296,1405,5,2023-12-16,Rendzic Leptosols,48.129312960797584,1.6783584655939348,684,RMQS1,"{""type"":""MultiPoint"",""coordinates"":[]}"
20231216T105349_20231216T105350_T31UDP_00000000000000000243_0,1461,920,664,847,842,1221,1770,1890,1938,1925,5,2023-12-16,Stagnic Gleysols,48.56100580256318,2.9730521545318473,515,RMQS1,"{""type"":""MultiPoint"",""coordinates"":[]}"
20231216T105349_20231216T105350_T31UDP_000000000000000002ea_0,4082,3741,4288,4052,4080,4431,4395,4428,4468,4432,5,2023-12-16,Stagnic Gleysols,48.13041922553547,2.752923694127864,689,RMQS1,"{""type"":""MultiPoint"",""coordinates"":[]}"
20231216T105349_20231216T105350_T31UDQ_0000000000000000007d_0,1915,1342,561,752,988,1362,1503,1699,1760,1829,5,2023-12-16,Protoargic Arenosols,49.58589898837661,1.8391604822330379,SIM46907,HWSDv2,"{""type"":""MultiPoint"",""coordinates"":[]}"
20231216T105349_20231216T105350_T31UDQ_00000000000000000174_0,1298,833,498,614,814,975,1377,1501,1216,1453,5,2023-12-16,Calcaric Cambisols,49.136032669120816,1.665509084487337,278,RMQS1,"{""type"":""MultiPoint"",""coordinates"":[]}"
20231216T105349_20231216T105350_T31UDQ_0000000000000000020b_0,1810,1265,613,824,1028,1231,1857,2104,1635,2231,5,2023-12-16,Calcaric Cambisols,48.704826134191606,2.974812554703716,455,RMQS1,"{""type"":""MultiPoint"",""coordinates"":[]}"
20231216T105349_20231216T105350_T31UDQ_00000000000000000206_0,1363,892,230,238,377,688,896,1027,1089,1356,5,2023-12-16,Dystric Cambisols,48.70569412739061,1.8883618939285025,450,RMQS1,"{""type"":""MultiPoint"",""coordinates"":[]}"
20231216T105349_20231216T105350_T31UDQ_0000000000000000012f_0,1387,901,268,342,446,642,868,1074,1372,1388,5,2023-12-16,Eutric Cambisols,49.423669310575036,2.9837540423979068,202,RMQS1,"{""type"":""MultiPoint"",""coordinates"":[]}"
20231216T105349_20231216T105350_T31UDQ_00000000000000000178_0,1060,662,161,146,137,552,733,992,896,1294,5,2023-12-16,Eutric Cambisols,49.13773989036068,2.541938612274396,282,RMQS1,"{""type"":""MultiPoint"",""coordinates"":[]}"
20231216T105349_20231216T105350_T31UDQ_000000000000000001a2_0,2272,1403,469,786,912,1508,2273,2607,2702,2802,5,2023-12-16,Eutric Cambisols,48.993966246076276,2.541368882765616,334,RMQS1,"{""type"":""MultiPoint"",""coordinates"":[]}"
20231216T105349_20231216T105350_T31UDQ_000000000000000001d5_0,1238,718,295,368,523,721,795,1043,1006,1172,5,2023-12-16,Eutric Cambisols,48.849602131036924,2.7586952903870707,393,RMQS1,"{""type"":""MultiPoint"",""coordinates"":[]}"
20231216T105349_20231216T105350_T31UDQ_00000000000000000208_0,1652,1212,346,492,444,881,1441,1694,1620,1852,5,2023-12-16,Eutric Cambisols,48.70654040780868,2.3229440563732178,452,RMQS1,"{""type"":""MultiPoint"",""coordinates"":[]}"
20231216T105349_20231216T105350_T31UDQ_0000000000000000010e_0,1334,928,520,566,848,897,1411,1596,1225,1706,5,2023-12-16,Eutric Stagnosols,49.56889381763422,2.101746362836863,159,RMQS1,"{""type"":""MultiPoint"",""coordinates"":[]}"
20231216T105349_20231216T105350_T31UDQ_0000000000000000012b_0,1582,1374,786,786,946,1001,1053,1186,1283,1394,5,2023-12-16,Fibric Histosols,49.42517865837183,2.1024074145428684,198,RMQS1,"{""type"":""MultiPoint"",""coordinates"":[]}"
20231216T105349_20231216T105350_T31UDQ_000000000000000001a0_0,1654,1404,600,642,810,900,1184,1242,1268,1296,5,2023-12-16,Fluvic Cambisols,48.99391509715455,2.1043645797039217,332,RMQS1,"{""type"":""MultiPoint"",""coordinates"":[]}"
20231216T105349_20231216T105350_T31UDQ_000000000000000001d4_0,1431,1460,292,410,363,804,1095,1596,1508,1671,5,2023-12-16,Fluvic Cambisols,48.85017478576778,2.5408021462983257,392,RMQS1,"{""type"":""MultiPoint"",""coordinates"":[]}"
20231216T105349_20231216T105350_T31UDQ_00000000000000000111_0,1124,704,401,444,490,623,1142,1415,1950,1791,5,2023-12-16,Haplic Luvisols,49.56836528159111,2.764623053140729,162,RMQS1,"{""type"":""MultiPoint"",""coordinates"":[]}"
20231216T105349_20231216T105350_T31UDQ_0000000000000000014f_0,2277,1523,697,990,1015,1563,2159,2363,2444,2479,5,2023-12-16,Haplic Luvisols,49.280814464529655,1.88334428108737,236,RMQS1,"{""type"":""MultiPoint"",""coordinates"":[]}"
20231216T105349_20231216T105350_T31UDQ_000000000000000001d0_0,1282,760,338,253,356,708,1131,1447,1693,1765,5,2023-12-16,Haplic Luvisols,48.84847768850128,1.6692327748255307,388,RMQS1,"{""type"":""MultiPoint"",""coordinates"":[]}"
20231216T105349_20231216T105350_T31UDQ_0000000000000000020a_0,1393,639,648,888,612,1634,4409,4909,4952,5028,5,2023-12-16,Haplic Luvisols,48.70579528894485,2.7575282555298437,454,RMQS1,"{""type"":""MultiPoint"",""coordinates"":[]}"
20231216T105349_20231216T105350_T31UDQ_00000000000000000110_0,1814,1398,771,959,1290,1572,1635,1752,1758,1819,5,2023-12-16,Luvic Cambisols,49.56894583689343,2.5436666897699416,161,RMQS1,"{""type"":""MultiPoint"",""coordinates"":[]}"
20231216T105349_20231216T105350_T31UDQ_0000000000000000014e_0,1818,1252,672,904,944,1336,1856,2029,2086,2130,5,2023-12-16,Luvic Cambisols,49.279783234787686,1.6636314749754055,235,RMQS1,"{""type"":""MultiPoint"",""coordinates"":[]}"
20231216T105349_20231216T105350_T31UDQ_000000000000000001a1_0,1646,1501,406,562,809,1087,1446,1599,1735,1722,5,2023-12-16,Luvic Cambisols,48.99414055184198,2.3228665430640922,333,RMQS1,"{""type"":""MultiPoint"",""coordinates"":[]}"
20231216T105349_20231216T105350_T31UDQ_000000000000000001d1_0,1561,1248,378,362,295,747,1358,1764,1400,1656,5,2023-12-16,Luvic Cambisols,48.84950017407993,1.8871171866162197,389,RMQS1,"{""type"":""MultiPoint"",""coordinates"":[]}"
20231216T105349_20231216T105350_T31UDQ_00000000000000000209_0,1424,1330,660,739,881,1153,1495,1622,1456,1695,5,2023-12-16,Luvic Cambisols,48.70636671812621,2.5402378321558636,453,RMQS1,"{""type"":""MultiPoint"",""coordinates"":[]}"
20231216T105349_20231216T105350_T31UDQ_0000000000000000010d_0,1907,1312,758,918,1023,1274,1904,2164,2119,2312,5,2023-12-16,Luvic Stagnosols,49.56826098013314,1.8807904892721603,158,RMQS1,"{""type"":""MultiPoint"",""coordinates"":[]}"
20231216T105349_20231216T105350_T31UDQ_00000000000000000150_0,1821,1151,1116,1310,1444,1161,2671,3235,3256,2960,5,2023-12-16,Luvic Stagnosols,49.28144329184339,2.103064062809696,237,RMQS1,"{""type"":""MultiPoint"",""coordinates"":[]}"
20231216T105349_20231216T105350_T31UDQ_0000000000000000017a_0,3670,3005,1450,1656,2030,2514,2880,3057,3284,3392,5,2023-12-16,Luvic Stagnosols,49.13618741224519,2.9801472939415725,284,RMQS1,"{""type"":""MultiPoint"",""coordinates"":[]}"
20231216T105349_20231216T105350_T31UDQ_0000000000000000010c_0,1949,1172,564,744,773,1327,1916,2370,2666,2610,5,2023-12-16,Regosols (Colluvic),49.56722487127622,1.6598425124284655,157,RMQS1,"{""type"":""MultiPoint"",""coordinates"":[]}"
20231216T105349_20231216T105350_T31UDQ_000000000000000001d6_0,1883,1248,656,939,996,1499,2021,2213,2275,2300,5,2023-12-16,Stagnic Gleysols,48.84863060747811,2.976581578756068,394,RMQS1,"{""type"":""MultiPoint"",""coordinates"":[]}"
20231216T105349_20231216T105350_T31UEP_0000000000000000007f_0,3482,3048,2712,2756,2852,3136,3842,4069,4112,4099,5,2023-12-16,Eutric Cambisols,48.71300587349915,3.430504638075634,SIM51527,HWSDv2,"{""type"":""MultiPoint"",""coordinates"":[]}"
20231216T105349_20231216T105350_T31UEP_00000000000000000244_0,2227,2011,1698,1628,1808,2071,2119,2229,2062,2232,5,2023-12-16,Eutric Cambisols,48.55964181413934,3.1897273282320016,516,RMQS1,"{""type"":""MultiPoint"",""coordinates"":[]}"
20231216T105349_20231216T105350_T31UEP_00000000000000000245_0,1966,1595,1732,1704,1752,1917,2321,2425,2632,2408,5,2023-12-16,Eutric Cambisols,48.55788147307679,3.4063886320425496,517,RMQS1,"{""type"":""MultiPoint"",""coordinates"":[]}"
20231216T105349_20231216T105350_T31UEP_0000000000000000035b_0,938,555,249,276,300,559,913,1187,1492,1483,5,2023-12-16,Eutric Cambisols,47.82776473819446,4.246517265301541,808,RMQS1,"{""type"":""MultiPoint"",""coordinates"":[]}"
20231216T105349_20231216T105350_T31UEP_0000000000000000035c_0,2069,1795,1324,1368,1318,1710,2387,2530,2844,2722,5,2023-12-16,Eutric Cambisols,47.82407340617893,4.4601231189041926,809,RMQS1,"{""type"":""MultiPoint"",""coordinates"":[]}"
20231216T105349_20231216T105350_T31UEP_000000000000000002f0_0,1091,978,584,558,578,833,1133,1290,1438,1616,5,2023-12-16,Eutric Retisols,48.11876606045005,4.042158212736556,695,RMQS1,"{""type"":""MultiPoint"",""coordinates"":[]}"
20231216T105349_20231216T105350_T31UEP_00000000000000000356_0,513,284,80,75,36,187,328,496,472,645,5,2023-12-16,Eutric Retisols,47.840357554988195,3.178127221780755,803,RMQS1,"{""type"":""MultiPoint"",""coordinates"":[]}"
20231216T105349_20231216T105350_T31UEP_0000000000000000020e_0,1103,865,878,722,806,908,967,1135,1260,1237,5,2023-12-16,Haplic Luvisols,48.6995313336802,3.626588347174376,458,RMQS1,"{""type"":""MultiPoint"",""coordinates"":[]}"
20231216T105349_20231216T105350_T31UEP_000000000000000002b9_0,1744,1301,714,833,760,1212,2042,2191,2590,2486,5,2023-12-16,Luvic Cambisols,48.25927160518685,4.262221381964263,638,RMQS1,"{""type"":""MultiPoint"",""coordinates"":[]}"
20231216T105349_20231216T105350_T31UEP_0000000000000000035a_0,1818,1642,1606,1566,1534,1641,1806,1849,2120,2086,5,2023-12-16,Luvic Cambisols,47.831065184730285,4.032883282733883,807,RMQS1,"{""type"":""MultiPoint"",""coordinates"":[]}"
20231216T105349_20231216T105350_T31UEP_00000000000000000358_0,2840,2657,2458,2432,2480,2704,2798,2911,3224,3217,5,2023-12-16,Luvic Stagnosols,47.83649278861352,3.6055433677437523,805,RMQS1,"{""type"":""MultiPoint"",""coordinates"":[]}"
20231216T105349_20231216T105350_T31UEP_0000000000000000020d_0,1971,1543,1250,1298,1340,1768,1970,2054,1962,2075,5,2023-12-16,Regosols (Colluvic),48.70169366844977,3.4093457089391372,457,RMQS1,"{""type"":""MultiPoint"",""coordinates"":[]}"
20231216T105349_20231216T105350_T31UEP_00000000000000000328_0,1061,606,534,874,914,1367,1962,2134,2110,2161,5,2023-12-16,Regosols (Colluvic),47.971611944960706,4.251723526947866,753,RMQS1,"{""type"":""MultiPoint"",""coordinates"":[]}"
20231216T105349_20231216T105350_T31UEP_00000000000000000357_0,3237,2617,3440,3340,3268,3587,3691,3851,3976,3861,5,2023-12-16,Regosols (Colluvic),47.83862082138957,3.39184320342842,804,RMQS1,"{""type"":""MultiPoint"",""coordinates"":[]}"
20231216T105349_20231216T105350_T31UEP_0000000000000000020f_0,1482,1314,2088,1838,1566,1799,2108,2200,2024,2076,5,2023-12-16,Rendzic Leptosols,48.69697151537463,3.84381025026381,459,RMQS1,"{""type"":""MultiPoint"",""coordinates"":[]}"
20231216T105349_20231216T105350_T31UEP_00000000000000000007_0,2016,1944,1494,1504,1578,1808,2072,2147,2298,2294,5,2023-12-16,Eutric Planosols,47.83972222,3.6305555600000003,68785,"{WD-eSOTER,WD-WISE}","{""type"":""MultiPoint"",""coordinates"":[]}"
20231216T105349_20231216T105350_T31UEP_0000000000000000000f_0,1943,1769,1674,1666,1726,1636,1831,1906,2476,2166,5,2023-12-16,Eutric Planosols,47.88888889,3.61111111,68786,"{WD-eSOTER,WD-WISE}","{""type"":""MultiPoint"",""coordinates"":[]}"
20231216T105349_20231216T105350_T31UEP_00000000000000000024_0,1811,1675,1284,1282,1288,1509,1744,1955,2192,2279,5,2023-12-16,Eutric Planosols,47.93888889,3.68333333,66251,"{WD-eSOTER,WD-WISE}","{""type"":""MultiPoint"",""coordinates"":[]}"
20231216T105349_20231216T105350_T31UEQ_0000000000000000007f_0,3498,3052,2752,2802,2906,3164,3880,4112,4208,4136,5,2023-12-16,Eutric Cambisols,48.71300587349915,3.430504638075634,SIM51527,HWSDv2,"{""type"":""MultiPoint"",""coordinates"":[]}"
20231216T105349_20231216T105350_T31UEQ_0000000000000000017b_0,3203,2463,1080,1574,1582,2405,3809,4251,4556,4565,5,2023-12-16,Calcaric Cambisols,49.13480900561818,3.1992372340169237,285,RMQS1,"{""type"":""MultiPoint"",""coordinates"":[]}"
20231216T105349_20231216T105350_T31UEQ_0000000000000000017d_0,1021,797,514,563,552,695,985,1086,1098,1168,5,2023-12-16,Calcaric Cambisols,49.13084901775118,3.6373714391895806,287,RMQS1,"{""type"":""MultiPoint"",""coordinates"":[]}"
20231216T105349_20231216T105350_T31UEQ_0000000000000000017e_0,1935,1173,596,826,760,1250,1966,2239,2498,2467,5,2023-12-16,Calcaric Cambisols,49.128268431433405,3.856408785568261,288,RMQS1,"{""type"":""MultiPoint"",""coordinates"":[]}"
20231216T105349_20231216T105350_T31UEQ_000000000000000001a7_0,1549,966,508,628,584,1039,1811,1972,2002,2094,5,2023-12-16,Calcaric Cambisols,48.98709446808667,3.633756216630653,339,RMQS1,"{""type"":""MultiPoint"",""coordinates"":[]}"
20231216T105349_20231216T105350_T31UEQ_000000000000000001db_0,1935,1404,1372,1440,1422,1833,2320,2439,2620,2610,5,2023-12-16,Calcaric Cambisols,48.83778942360765,4.065787310355802,399,RMQS1,"{""type"":""MultiPoint"",""coordinates"":[]}"
20231216T105349_20231216T105350_T31UEQ_000000000000000001da_0,2780,2399,2494,2480,2588,2955,3110,3320,3308,3301,5,2023-12-16,Eutric Cambisols,48.84075502171976,3.8479859850554314,398,RMQS1,"{""type"":""MultiPoint"",""coordinates"":[]}"
20231216T105349_20231216T105350_T31UEQ_000000000000000008c1_0,1062,666,270,252,296,507,746,859,987,1150,5,2023-12-16,Eutric Cambisols,49.12528769510129,4.075423287142203,10289,RMQS1,"{""type"":""MultiPoint"",""coordinates"":[]}"
20231216T105349_20231216T105350_T31UEQ_000000000000000001a8_0,837,456,186,149,128,400,838,939,960,1140,5,2023-12-16,Haplic Luvisols,48.98452094451303,3.85218538494229,340,RMQS1,"{""type"":""MultiPoint"",""coordinates"":[]}"
20231216T105349_20231216T105350_T31UEQ_0000000000000000020e_0,1105,863,844,693,792,892,956,1129,1254,1232,5,2023-12-16,Haplic Luvisols,48.6995313336802,3.626588347174376,458,RMQS1,"{""type"":""MultiPoint"",""coordinates"":[]}"
20231216T105349_20231216T105350_T31UEQ_00000000000000000159_0,2685,2009,1060,1306,1604,1948,2647,2942,2640,3268,5,2023-12-16,Regosols (Colluvic),49.26900917934291,4.080283111786636,246,RMQS1,"{""type"":""MultiPoint"",""coordinates"":[]}"
20231216T105349_20231216T105350_T31UEQ_0000000000000000015a_0,2761,2203,1574,1946,1754,2733,4130,4456,4464,4738,5,2023-12-16,Regosols (Colluvic),49.265619142621546,4.299883218473971,247,RMQS1,"{""type"":""MultiPoint"",""coordinates"":[]}"
20231216T105349_20231216T105350_T31UEQ_000000000000000001a9_0,3042,2625,2216,2328,2374,2805,3109,3177,3184,3250,5,2023-12-16,Regosols (Colluvic),48.9815477887394,4.070591756163375,341,RMQS1,"{""type"":""MultiPoint"",""coordinates"":[]}"
20231216T105349_20231216T105350_T31UEQ_0000000000000000020d_0,1977,1541,1232,1290,1350,1763,1965,2057,1984,2072,5,2023-12-16,Regosols (Colluvic),48.70169366844977,3.4093457089391372,457,RMQS1,"{""type"":""MultiPoint"",""coordinates"":[]}"
20231216T105349_20231216T105350_T31UEQ_000000000000000001dc_0,3718,3350,3584,3452,3500,3860,4301,4430,4444,4550,5,2023-12-16,Rendzic Leptosols,48.83442503518052,4.283563095018126,400,RMQS1,"{""type"":""MultiPoint"",""coordinates"":[]}"
20231216T105349_20231216T105350_T31UEQ_0000000000000000020f_0,1470,1298,2082,1828,1556,1786,2089,2184,2010,2064,5,2023-12-16,Rendzic Leptosols,48.69697151537463,3.84381025026381,459,RMQS1,"{""type"":""MultiPoint"",""coordinates"":[]}"
20231216T105349_20231216T105350_T31UEQ_000000000000000001d8_0,1677,992,456,652,775,1318,1988,2288,2652,2547,5,2023-12-16,Stagnic Gleysols,48.84548989394474,3.4123181623321734,396,RMQS1,"{""type"":""MultiPoint"",""coordinates"":[]}"
20231216T105349_20231216T105350_T31UFP_000000000000000002bb_0,2023,1721,1308,1516,1502,1937,3013,3203,3220,3250,5,2023-12-16,Calcaric Cambisols,48.25143516324276,4.692909482923313,640,RMQS1,"{""type"":""MultiPoint"",""coordinates"":[]}"
20231216T105349_20231216T105350_T31UFP_0000000000000000032a_0,1357,999,441,390,414,806,1139,1399,1516,1746,5,2023-12-16,Calcaric Cambisols,47.96381762949975,4.6800672423932355,755,RMQS1,"{""type"":""MultiPoint"",""coordinates"":[]}"
20231216T105349_20231216T105350_T31UFP_000000000000000002f3_0,930,535,204,253,298,460,845,954,1300,1312,5,2023-12-16,Eutric Cambisols,48.10763254505548,4.686470805774626,698,RMQS1,"{""type"":""MultiPoint"",""coordinates"":[]}"
20231216T105349_20231216T105350_T31UFP_0000000000000000035c_0,2060,1789,1344,1378,1318,1720,2383,2522,2802,2714,5,2023-12-16,Eutric Cambisols,47.82407340617893,4.4601231189041926,809,RMQS1,"{""type"":""MultiPoint"",""coordinates"":[]}"
20231216T105349_20231216T105350_T31UFP_00000000000000000282_0,761,443,272,271,251,520,742,812,882,987,5,2023-12-16,Luvic Stagnosols,48.3952244625233,4.69938355952997,581,RMQS1,"{""type"":""MultiPoint"",""coordinates"":[]}"
20231216T105349_20231216T105350_T31UFQ_00000000000000000059_0,4950,4478,5488,5280,5428,5473,5329,5392,5668,5398,5,2023-12-16,Haplic Luvisols,48.930698278481614,4.926699058163115,SIM75818,HWSDv2,"{""type"":""MultiPoint"",""coordinates"":[]}"
20231216T105349_20231216T105350_T31UFQ_00000000000000000136_0,1781,1668,2082,1984,1878,2082,2284,2326,2302,2305,5,2023-12-16,Calcaric Cambisols,49.40551025571671,4.525570398787132,209,RMQS1,"{""type"":""MultiPoint"",""coordinates"":[]}"
20231216T105349_20231216T105350_T31UFQ_00000000000000000180_0,3459,3109,3508,3460,3392,3695,3847,3999,4016,4004,5,2023-12-16,Calcaric Cambisols,49.11812414012677,4.513370167718389,291,RMQS1,"{""type"":""MultiPoint"",""coordinates"":[]}"
20231216T105349_20231216T105350_T31UFQ_000000000000000001df_0,5581,5127,6452,6200,6180,6416,6241,6131,6244,6175,5,2023-12-16,Calcaric Cambisols,48.821946019086994,4.93669536884499,403,RMQS1,"{""type"":""MultiPoint"",""coordinates"":[]}"
20231216T105349_20231216T105350_T31UFQ_0000000000000000015d_0,3128,3255,2364,2164,2190,2676,2759,2777,2688,2980,5,2023-12-16,Haplic Luvisols,49.253038026442226,4.9584854591189,250,RMQS1,"{""type"":""MultiPoint"",""coordinates"":[]}"
20231216T105349_20231216T105350_T31UFQ_0000000000000000011b_0,2672,2609,1526,1466,1484,2097,2368,2569,2258,2802,5,2023-12-16,Luvic Stagnosols,49.54033696897824,4.973218886224339,172,RMQS1,"{""type"":""MultiPoint"",""coordinates"":[]}"
20231216T105349_20231216T105350_T31UFQ_00000000000000000137_0,7685,7598,6444,6484,6792,7332,7555,7638,7464,7835,5,2023-12-16,Mollic Umbrisols,49.401305008227645,4.745719812275708,210,RMQS1,"{""type"":""MultiPoint"",""coordinates"":[]}"
20231216T105349_20231216T105350_T31UFQ_00000000000000000183_0,1528,1157,1100,1156,1094,1337,1752,1917,2072,1917,5,2023-12-16,Mollic Umbrisols,49.104376378414244,5.170026231041101,294,RMQS1,"{""type"":""MultiPoint"",""coordinates"":[]}"
20231216T105349_20231216T105350_T31UFQ_000000000000000001ac_0,3710,3205,3268,3272,3412,3872,3979,4027,3940,4075,5,2023-12-16,Rendzic Leptosols,48.97023112282538,4.725639105215556,344,RMQS1,"{""type"":""MultiPoint"",""coordinates"":[]}"
20231216T105349_20231216T105350_T31UFQ_00000000000000000182_0,2075,1889,2160,1756,1772,1905,2064,2168,1978,2213,5,2023-12-16,Umbric Leptosols,49.1093589290196,4.9511808824973285,293,RMQS1,"{""type"":""MultiPoint"",""coordinates"":[]}"
