system:index,B11,B12,B2,B3,B4,B5,B6,B7,B8,B8A,SCL,date,h_wrb4,latitude,longitude,profile_id,source_db,.geo
20200912T104629_20200912T104630_T31UDQ_0000000000000000012d_0,3726,3253,1248,1614,2100,2324,2470,2645,2840,2794,5,2020-09-12,Eutric Cambisols,49.425230407063104,2.5430874224563476,200,RMQS1,"{""type"":""MultiPoint"",""coordinates"":[]}"
20200912T104629_20200912T104630_T31UDQ_0000000000000000012e_0,4265,4178,1372,1888,2504,2740,2917,3165,3316,3362,5,2020-09-12,Haplic Luvisols,49.424651548880426,2.763424203799449,201,RMQS1,"{""type"":""MultiPoint"",""coordinates"":[]}"
20200912T104629_20200912T104630_T31UDQ_00000000000000000110_0,3006,2105,1122,1358,1454,1795,2322,2579,2576,2725,5,2020-09-12,Luvic Cambisols,49.56894583689343,2.5436666897699416,161,RMQS1,"{""type"":""MultiPoint"",""coordinates"":[]}"
20200912T104629_20200912T104630_T31UDQ_0000000000000000012c_0,3794,2788,1136,1266,1416,1710,2014,2199,2354,2413,5,2020-09-12,Luvic Stagnosols,49.42540614057504,2.3227471558419417,199,RMQS1,"{""type"":""MultiPoint"",""coordinates"":[]}"
20200912T104629_20200912T104630_T31UDR_00000000000000000056_0,4504,3929,1400,1780,2202,2496,2995,3301,3270,3571,5,2020-09-12,Eutric Cambisols,50.15828941114408,2.86617988322367,SIM63940,HWSDv2,"{""type"":""MultiPoint"",""coordinates"":[]}"
20200912T104629_20200912T104630_T31UDR_000000000000000000f6_0,5356,4727,2626,3012,3316,3821,4599,4946,4908,5254,5,2020-09-12,Calcaric Cambisols,49.71264020753129,2.5442497423135224,132,RMQS1,"{""type"":""MultiPoint"",""coordinates"":[]}"
20200912T104629_20200912T104630_T31UDR_000000000000000000b4_0,3728,3508,1152,1532,2056,2262,2359,2531,2602,2655,5,2020-09-12,Eutric Cambisols,50.28718216659681,2.546611534452438,51,RMQS1,"{""type"":""MultiPoint"",""coordinates"":[]}"
20200912T104629_20200912T104630_T31UDR_000000000000000000c2_0,3882,3700,1042,1498,2034,2314,2373,2694,2798,2803,5,2020-09-12,Eutric Cambisols,50.14200369750157,2.992946997301806,66,RMQS1,"{""type"":""MultiPoint"",""coordinates"":[]}"
20200912T104629_20200912T104630_T31UDR_000000000000000000d0_0,2830,2129,1268,1584,1678,1985,2489,2684,2846,2706,5,2020-09-12,Eutric Cambisols,49.99838355325251,2.991087849150008,83,RMQS1,"{""type"":""MultiPoint"",""coordinates"":[]}"
20200912T104629_20200912T104630_T31UDR_000000000000000000f7_0,4118,3596,1202,1632,2184,2468,2612,2787,2916,3023,5,2020-09-12,Eutric Cambisols,49.7120578590372,2.7658288977798313,133,RMQS1,"{""type"":""MultiPoint"",""coordinates"":[]}"
20200912T104629_20200912T104630_T31UDR_000000000000000000f5_0,4719,3872,1916,2326,2524,3133,4133,4483,4520,4689,5,2020-09-12,Luvic Cambisols,49.7128174628079,2.3226656536691292,131,RMQS1,"{""type"":""MultiPoint"",""coordinates"":[]}"
20200912T104629_20200912T104630_T31UDR_00000000000000000110_0,3015,2110,1058,1324,1434,1783,2299,2559,2564,2714,5,2020-09-12,Luvic Cambisols,49.56894583689343,2.5436666897699416,161,RMQS1,"{""type"":""MultiPoint"",""coordinates"":[]}"
20200912T104629_20200912T104630_T31UDR_000000000000000000c0_0,4783,4149,1854,2176,2686,3012,3437,3802,3982,4070,5,2020-09-12,Regosols (Colluvic),50.14358454537285,2.546016788788959,64,RMQS1,"{""type"":""MultiPoint"",""coordinates"":[]}"
20200912T104629_20200912T104630_T31UDR_000000000000000000c1_0,3657,3388,965,1332,1822,2061,2136,2324,2446,2474,5,2020-09-12,Regosols (Colluvic),50.14299796037709,2.7694857901814443,65,RMQS1,"{""type"":""MultiPoint"",""coordinates"":[]}"
20200912T104629_20200912T104630_T31UDS_00000000000000000094_0,4966,4757,1742,2414,2834,3512,3607,3846,3846,3961,5,2020-09-12,Eutric Cambisols,50.860597017905235,1.868950662715976,9,RMQS1,"{""type"":""MultiPoint"",""coordinates"":[]}"
20200912T104629_20200912T104630_T31UEQ_0000000000000000003e_0,3541,3044,1088,1548,2112,2309,2429,2626,2774,2750,5,2020-09-12,Calcaric Cambisols,49.57638025857395,4.196054229208747,SIM60664,HWSDv2,"{""type"":""MultiPoint"",""coordinates"":[]}"
20200912T104629_20200912T104630_T31UEQ_00000000000000000115_0,3383,3151,1082,1384,1858,2074,2168,2288,2424,2519,5,2020-09-12,Calcaric Cambisols,49.562001469354996,3.6483405966440827,166,RMQS1,"{""type"":""MultiPoint"",""coordinates"":[]}"
20200912T104629_20200912T104630_T31UEQ_00000000000000000133_0,3349,3096,930,1300,1702,1905,1999,2107,2224,2229,5,2020-09-12,Calcaric Cambisols,49.41570907871767,3.8649294377156487,206,RMQS1,"{""type"":""MultiPoint"",""coordinates"":[]}"
20200912T104629_20200912T104630_T31UEQ_00000000000000000135_0,2082,1692,836,1034,982,1312,1756,1949,2138,2120,5,2020-09-12,Calcaric Cambisols,49.40931256011699,4.305386426131146,208,RMQS1,"{""type"":""MultiPoint"",""coordinates"":[]}"
20200912T104629_20200912T104630_T31UEQ_00000000000000000117_0,3389,2533,861,1172,1322,1779,2349,2627,2750,2919,5,2020-09-12,Eutric Cambisols,49.556394634865434,4.090087245051258,168,RMQS1,"{""type"":""MultiPoint"",""coordinates"":[]}"
20200912T104629_20200912T104630_T31UEQ_00000000000000000157_0,3134,2695,904,1268,1688,1980,2118,2258,2250,2387,5,2020-09-12,Eutric Cambisols,49.274585829064,3.6410073595306423,244,RMQS1,"{""type"":""MultiPoint"",""coordinates"":[]}"
20200912T104629_20200912T104630_T31UEQ_00000000000000000118_0,2675,1855,664,915,1334,1626,1939,2241,2492,2620,5,2020-09-12,Eutric Fluvisols,49.552985910691305,4.310920889162134,169,RMQS1,"{""type"":""MultiPoint"",""coordinates"":[]}"
20200912T104629_20200912T104630_T31UEQ_00000000000000000131_0,3767,3199,886,1378,1846,2186,2462,2683,2821,2907,5,2020-09-12,Haplic Luvisols,49.42049525316113,3.424376574569905,204,RMQS1,"{""type"":""MultiPoint"",""coordinates"":[]}"
20200912T104629_20200912T104630_T31UEQ_00000000000000000159_0,3985,3330,1460,1832,2300,2393,2684,2865,3134,3204,5,2020-09-12,Regosols (Colluvic),49.26900917934291,4.080283111786636,246,RMQS1,"{""type"":""MultiPoint"",""coordinates"":[]}"
20200912T104629_20200912T104630_T31UEQ_0000000000000000015a_0,2874,1962,1286,1588,1604,2201,3648,3979,4116,4162,5,2020-09-12,Regosols (Colluvic),49.265619142621546,4.299883218473971,247,RMQS1,"{""type"":""MultiPoint"",""coordinates"":[]}"
20200912T104629_20200912T104630_T31UER_0000000000000000003e_0,3520,3036,1110,1550,2086,2290,2438,2633,2778,2752,5,2020-09-12,Calcaric Cambisols,49.57638025857395,4.196054229208747,SIM60664,HWSDv2,"{""type"":""MultiPoint"",""coordinates"":[]}"
20200912T104629_20200912T104630_T31UER_000000000000000000f9_0,3372,3238,1322,1644,2040,2272,2440,2587,2676,2701,5,2020-09-12,Calcaric Cambisols,49.70967905310882,3.2089608528497604,135,RMQS1,"{""type"":""MultiPoint"",""coordinates"":[]}"
20200912T104629_20200912T104630_T31UER_000000000000000000af_0,2530,1698,1120,1132,976,1478,2666,3222,3473,3499,5,2020-09-12,Dystric Cambisols,50.425936428801435,3.446142209310146,42,RMQS1,"{""type"":""MultiPoint"",""coordinates"":[]}"
20200912T104629_20200912T104630_T31UER_000000000000000000b9_0,2912,2791,982,1282,1600,1790,2004,2122,2152,2205,5,2020-09-12,Eutric Cambisols,50.280149853725916,3.667038667407024,56,RMQS1,"{""type"":""MultiPoint"",""coordinates"":[]}"
20200912T104629_20200912T104630_T31UER_000000000000000000d1_0,5373,5022,1606,2278,3000,3418,3686,3939,4193,4190,5,2020-09-12,Eutric Cambisols,49.99698425992098,3.2139053697907163,84,RMQS1,"{""type"":""MultiPoint"",""coordinates"":[]}"
20200912T104629_20200912T104630_T31UER_000000000000000000d5_0,3158,2865,960,1274,1692,1824,2019,2146,2358,2326,5,2020-09-12,Eutric Cambisols,49.98731026923445,4.1050002007211415,88,RMQS1,"{""type"":""MultiPoint"",""coordinates"":[]}"
20200912T104629_20200912T104630_T31UER_000000000000000000e6_0,3370,3069,884,1302,1722,1955,2110,2264,2509,2495,5,2020-09-12,Eutric Retisols,49.843694899523854,4.1000008883001975,111,RMQS1,"{""type"":""MultiPoint"",""coordinates"":[]}"
20200912T104629_20200912T104630_T31UER_000000000000000000d2_0,2959,2070,1448,1632,1570,1863,2959,3358,3378,3551,5,2020-09-12,Haplic Luvisols,49.99517743582678,3.4367095433582815,85,RMQS1,"{""type"":""MultiPoint"",""coordinates"":[]}"
20200912T104629_20200912T104630_T31UER_000000000000000000e5_0,3380,2538,835,1178,1414,1825,2551,2774,3000,3048,5,2020-09-12,Haplic Luvisols,49.846716377679186,3.877890881957365,110,RMQS1,"{""type"":""MultiPoint"",""coordinates"":[]}"
20200912T104629_20200912T104630_T31UER_000000000000000000fa_0,3402,2997,1070,1464,1948,2226,2431,2572,2670,2699,5,2020-09-12,Haplic Luvisols,49.70788130389365,3.430508287788286,136,RMQS1,"{""type"":""MultiPoint"",""coordinates"":[]}"
20200912T104629_20200912T104630_T31UER_000000000000000000fb_0,4077,3193,959,1304,1846,2084,2331,2591,2798,2919,5,2020-09-12,Haplic Luvisols,49.70567786204237,3.652038113507865,137,RMQS1,"{""type"":""MultiPoint"",""coordinates"":[]}"
20200912T104629_20200912T104630_T31UER_000000000000000000fd_0,3560,3340,877,1340,1844,2169,2310,2508,2562,2647,5,2020-09-12,Haplic Luvisols,49.700056004656744,4.095030212917225,139,RMQS1,"{""type"":""MultiPoint"",""coordinates"":[]}"
20200912T104629_20200912T104630_T31UER_000000000000000000b7_0,3211,2910,1088,1364,1682,1845,2137,2420,2402,2631,5,2020-09-12,Luvic Cambisols,50.284191794055914,3.2189050612951036,54,RMQS1,"{""type"":""MultiPoint"",""coordinates"":[]}"
20200912T104629_20200912T104630_T31UER_000000000000000000b8_0,4137,4178,1298,1826,2404,2639,2796,3028,3221,3114,5,2020-09-12,Luvic Cambisols,50.28237565573063,3.4429805438389787,55,RMQS1,"{""type"":""MultiPoint"",""coordinates"":[]}"
20200912T104629_20200912T104630_T31UER_000000000000000000ba_0,3466,3357,1112,1430,1804,2101,2318,2492,2604,2635,5,2020-09-12,Luvic Cambisols,50.277513811755476,3.891075085094819,57,RMQS1,"{""type"":""MultiPoint"",""coordinates"":[]}"
20200912T104629_20200912T104630_T31UER_000000000000000000e2_0,3826,3195,2082,2174,2236,2599,3484,3805,4115,3994,5,2020-09-12,Luvic Cambisols,49.85334360089348,3.2114262910976588,107,RMQS1,"{""type"":""MultiPoint"",""coordinates"":[]}"
20200912T104629_20200912T104630_T31UER_000000000000000000e7_0,3142,2438,660,1056,1372,1607,1988,2155,2041,2232,5,2020-09-12,Mollic Umbrisols,49.840267006570215,4.322083069370896,112,RMQS1,"{""type"":""MultiPoint"",""coordinates"":[]}"
20200912T104629_20200912T104630_T31UES_0000000000000000009e_0,2057,1659,1102,1100,1052,1236,2026,2381,1990,2461,5,2020-09-12,Eutric Cambisols,50.71622116403647,3.0004863443135688,22,RMQS1,"{""type"":""MultiPoint"",""coordinates"":[]}"
20200912T104629_20200912T104630_T31UFQ_0000000000000000011a_0,3412,2382,677,939,1132,1491,2058,2372,2612,2689,5,2020-09-12,Calcaric Cambisols,49.5449566270371,4.7524901683900715,171,RMQS1,"{""type"":""MultiPoint"",""coordinates"":[]}"
20200912T104629_20200912T104630_T31UFQ_00000000000000000136_0,4259,3612,1512,1924,2472,2811,2998,3240,3418,3446,5,2020-09-12,Calcaric Cambisols,49.40551025571671,4.525570398787132,209,RMQS1,"{""type"":""MultiPoint"",""coordinates"":[]}"
20200912T104629_20200912T104630_T31UFQ_00000000000000000139_0,3804,3110,1026,1378,1838,2140,2285,2429,2566,2678,5,2020-09-12,Calcaric Cambisols,49.39168859178703,5.185901022876382,212,RMQS1,"{""type"":""MultiPoint"",""coordinates"":[]}"
20200912T104629_20200912T104630_T31UFQ_0000000000000000015b_0,4264,3564,1360,1902,2604,2911,3111,3324,3470,3613,5,2020-09-12,Calcaric Cambisols,49.261827045241304,4.519452882190931,248,RMQS1,"{""type"":""MultiPoint"",""coordinates"":[]}"
20200912T104629_20200912T104630_T31UFQ_0000000000000000015c_0,4072,2795,982,1294,1670,2078,2574,2896,3128,3349,5,2020-09-12,Calcaric Cambisols,49.257633159731164,4.738988003066428,249,RMQS1,"{""type"":""MultiPoint"",""coordinates"":[]}"
20200912T104629_20200912T104630_T31UFQ_00000000000000000180_0,2662,1663,660,785,853,1266,2051,2278,2082,2411,5,2020-09-12,Calcaric Cambisols,49.11812414012677,4.513370167718389,291,RMQS1,"{""type"":""MultiPoint"",""coordinates"":[]}"
20200912T104629_20200912T104630_T31UFQ_00000000000000000138_0,3141,2698,965,1386,1814,2103,2185,2310,2292,2400,5,2020-09-12,Eutric Cambisols,49.39669771864854,4.965831391660081,211,RMQS1,"{""type"":""MultiPoint"",""coordinates"":[]}"
20200912T104629_20200912T104630_T31UFQ_0000000000000000011d_0,4023,2998,896,1146,1584,1853,2062,2234,2414,2556,5,2020-09-12,Eutric Stagnosols,49.52988794759481,5.4145479932327865,174,RMQS1,"{""type"":""MultiPoint"",""coordinates"":[]}"
20200912T104629_20200912T104630_T31UFQ_00000000000000000183_0,3732,3147,962,1440,1984,2315,2491,2651,2574,2718,5,2020-09-12,Mollic Umbrisols,49.104376378414244,5.170026231041101,294,RMQS1,"{""type"":""MultiPoint"",""coordinates"":[]}"
20200912T104629_20200912T104630_T31UFQ_00000000000000000181_0,4761,4209,1636,2208,2798,3206,3398,3574,3646,3772,5,2020-09-12,Rendzic Leptosols,49.11394157902409,4.732294541267736,292,RMQS1,"{""type"":""MultiPoint"",""coordinates"":[]}"
20200912T104629_20200912T104630_T31UFQ_00000000000000000119_0,3678,3074,1074,1472,2050,2179,2314,2609,2706,2815,5,2020-09-12,Vertic Cambisols,49.54917309265782,4.5317230180671295,170,RMQS1,"{""type"":""MultiPoint"",""coordinates"":[]}"
20200912T104629_20200912T104630_T31UFR_000000000000000000c8_0,2919,2616,780,1176,1482,1858,2005,2208,2350,2348,5,2020-09-12,Eutric Cambisols,50.119337054502985,4.77995940105834,73,RMQS1,"{""type"":""MultiPoint"",""coordinates"":[]}"
20200912T104629_20200912T104630_T31UFR_00000000000000000101_0,2069,1526,724,829,850,1090,1710,1942,2190,2110,5,2020-09-12,Eutric Cambisols,49.68395472524528,4.980648981852431,143,RMQS1,"{""type"":""MultiPoint"",""coordinates"":[]}"
20200912T104629_20200912T104630_T31UFR_00000000000000000102_0,3917,2823,617,752,1023,1347,1647,1950,2104,2346,5,2020-09-12,Haplic Luvisols,49.678917855605576,5.201957134936044,144,RMQS1,"{""type"":""MultiPoint"",""coordinates"":[]}"
20200912T104629_20200912T104630_T31UFR_00000000000000000100_0,3390,2327,684,869,1054,1392,1854,2127,2352,2441,5,2020-09-12,Luvic Cambisols,49.688586797675086,4.759299248702548,142,RMQS1,"{""type"":""MultiPoint"",""coordinates"":[]}"
20200912T104629_20200912T105719_T30TXQ_0000000000000000068b_0,3059,2798,3028,3366,3310,2873,3203,3292,3564,3339,5,2020-09-12,Eutric Cambisols,44.78413733927169,-0.5056548387951271,1696,RMQS1,"{""type"":""MultiPoint"",""coordinates"":[]}"
20200912T104629_20200912T105719_T30TYN_0000000000000000084a_0,2629,2217,823,969,1050,1277,1857,1902,2130,2237,5,2020-09-12,Skeletic Leptosols,43.20775050994949,-0.23107639245802053,2182,RMQS1,"{""type"":""MultiPoint"",""coordinates"":[]}"
20200912T104629_20200912T105719_T30TYP_000000000000000007b2_0,3595,2908,1038,1484,1898,2195,2300,2437,2532,2534,5,2020-09-12,Calcaric Cambisols,43.801814078706926,0.7353863730644742,2011,RMQS1,"{""type"":""MultiPoint"",""coordinates"":[]}"
20200912T104629_20200912T105719_T30TYP_00000000000000000806_0,3084,2473,961,1466,1732,2074,2455,2696,2764,2753,5,2020-09-12,Calcaric Cambisols,43.51424709370381,0.7434401003762473,2103,RMQS1,"{""type"":""MultiPoint"",""coordinates"":[]}"
20200912T104629_20200912T105719_T30TYP_0000000000000000082e_0,2462,1660,549,666,862,1161,1510,1692,1890,1981,5,2020-09-12,Calcaric Cambisols,43.370487378478785,0.747437404719625,2148,RMQS1,"{""type"":""MultiPoint"",""coordinates"":[]}"
20200912T104629_20200912T105719_T30TYP_000000000000000007dc_0,3339,2289,924,1478,1742,1776,2520,2948,2818,3190,5,2020-09-12,Eutric Cambisols,43.654918009678816,0.5413905996353507,2056,RMQS1,"{""type"":""MultiPoint"",""coordinates"":[]}"
20200912T104629_20200912T105719_T30TYP_00000000000000000759_0,3320,2711,904,1356,1786,2057,2201,2354,2488,2515,5,2020-09-12,Haplic Luvisols,44.08281502778731,0.32819314039789665,1916,RMQS1,"{""type"":""MultiPoint"",""coordinates"":[]}"
20200912T104629_20200912T105719_T30TYP_000000000000000007d8_0,2483,1626,339,532,830,1087,1374,1602,1974,2044,5,2020-09-12,Haplic Luvisols,43.6388794297606,-0.2504836687876054,2052,RMQS1,"{""type"":""MultiPoint"",""coordinates"":[]}"
20200912T104629_20200912T105719_T30TYP_0000000000000000082c_0,2922,2009,790,1446,1618,2485,3086,3433,3176,3708,5,2020-09-12,Haplic Luvisols,43.36394987150499,0.353380028656478,2146,RMQS1,"{""type"":""MultiPoint"",""coordinates"":[]}"
20200912T104629_20200912T105719_T30TYQ_0000000000000000072e_0,3232,2270,647,1124,1524,1891,2457,2719,2780,2952,5,2020-09-12,Calcaric Cambisols,44.23326949240233,0.7231486374623786,1872,RMQS1,"{""type"":""MultiPoint"",""coordinates"":[]}"
20200912T104629_20200912T105719_T30TYQ_0000000000000000063e_0,3079,2098,618,802,842,1187,1811,2070,2323,2308,5,2020-09-12,Haplic Luvisols,45.07682572428559,-0.317346758335372,1614,RMQS1,"{""type"":""MultiPoint"",""coordinates"":[]}"
20200912T104629_20200912T105719_T30TYQ_00000000000000000641_0,3751,2391,623,861,1078,1558,2087,2483,2644,2714,5,2020-09-12,Haplic Luvisols,45.08973181236325,0.2918435407221803,1617,RMQS1,"{""type"":""MultiPoint"",""coordinates"":[]}"
20200912T104629_20200912T105719_T30TYQ_0000000000000000068c_0,4090,3047,827,1118,1426,1768,2154,2421,2742,2789,5,2020-09-12,Haplic Luvisols,44.789155867083174,-0.3036999732697204,1697,RMQS1,"{""type"":""MultiPoint"",""coordinates"":[]}"
20200912T104629_20200912T105719_T30TYQ_0000000000000000068e_0,2600,2118,613,993,1304,1697,1939,2099,2140,2225,5,2020-09-12,Haplic Luvisols,44.798084038586595,0.1003104414595138,1699,RMQS1,"{""type"":""MultiPoint"",""coordinates"":[]}"
20200912T104629_20200912T105719_T30TYQ_000000000000000006b7_0,3419,2280,815,1072,1400,1522,1976,2317,2595,2609,5,2020-09-12,Haplic Luvisols,44.66167066056686,0.5091410357468154,1744,RMQS1,"{""type"":""MultiPoint"",""coordinates"":[]}"
20200912T104629_20200912T105719_T30TYQ_000000000000000006b8_0,3502,2964,934,1500,1880,1964,2289,2442,2626,2664,5,2020-09-12,Haplic Luvisols,44.664832562379004,0.7107266218471442,1745,RMQS1,"{""type"":""MultiPoint"",""coordinates"":[]}"
20200912T104629_20200912T105719_T30TYQ_000000000000000006dd_0,3187,2771,917,1370,1860,2026,2131,2247,2441,2356,5,2020-09-12,Haplic Luvisols,44.51781425187794,0.5138181479053451,1786,RMQS1,"{""type"":""MultiPoint"",""coordinates"":[]}"
20200912T104629_20200912T105719_T30TYR_00000000000000000062_0,4259,3882,1120,1484,2036,2358,2499,2700,2810,2915,5,2020-09-12,Calcaric Cambisols,45.9412014057957,0.065289686897003,SIM30965,HWSDv2,"{""type"":""MultiPoint"",""coordinates"":[]}"
20200912T104629_20200912T105719_T30TYR_0000000000000000055c_0,4171,2988,1108,1420,1754,2296,2917,3226,3452,3597,5,2020-09-12,Calcaric Cambisols,45.953079172109106,0.25962637648263687,1370,RMQS1,"{""type"":""MultiPoint"",""coordinates"":[]}"
20200912T104629_20200912T105719_T30TYR_00000000000000000580_0,3608,3132,1054,1394,1832,2130,2332,2412,2630,2580,5,2020-09-12,Calcaric Cambisols,45.80083722296923,-0.1464050002597506,1409,RMQS1,"{""type"":""MultiPoint"",""coordinates"":[]}"
20200912T104629_20200912T105719_T30TYR_000000000000000005a4_0,4307,3563,1212,1524,1968,2385,2674,2876,2972,3086,5,2020-09-12,Calcaric Cambisols,45.66131000624331,0.0652636300268976,1450,RMQS1,"{""type"":""MultiPoint"",""coordinates"":[]}"
20200912T104629_20200912T105719_T30TYR_000000000000000005a5_0,4170,3623,1062,1482,2072,2321,2538,2706,2930,2878,5,2020-09-12,Calcaric Cambisols,45.66528210595559,0.2704780405947115,1451,RMQS1,"{""type"":""MultiPoint"",""coordinates"":[]}"
20200912T104629_20200912T105719_T30TYR_000000000000000005c8_0,3348,2728,1324,1560,1860,2072,2182,2321,2542,2514,5,2020-09-12,Calcaric Cambisols,45.513089622659,-0.13346799206529747,1490,RMQS1,"{""type"":""MultiPoint"",""coordinates"":[]}"
20200912T104629_20200912T105719_T30TYR_000000000000000005f2_0,4032,2987,910,1120,1472,1786,1991,2205,2494,2588,5,2020-09-12,Calcaric Cambisols,45.377496694565295,0.2812171796581916,1534,RMQS1,"{""type"":""MultiPoint"",""coordinates"":[]}"
20200912T104629_20200912T105719_T30TYR_000000000000000005ca_0,3043,2702,882,1034,1332,1525,1663,1816,1982,2038,5,2020-09-12,Eutric Cambisols,45.52138752930262,0.2758619491347459,1492,RMQS1,"{""type"":""MultiPoint"",""coordinates"":[]}"
20200912T104629_20200912T105719_T30TYR_000000000000000005f1_0,3691,3155,1066,1368,1810,2105,2250,2466,2570,2703,5,2020-09-12,Eutric Cambisols,45.373545582811104,0.07706807018069811,1533,RMQS1,"{""type"":""MultiPoint"",""coordinates"":[]}"
20200912T104629_20200912T105719_T30TYR_0000000000000000063e_0,3055,2087,629,810,841,1183,1805,2064,2314,2297,5,2020-09-12,Haplic Luvisols,45.07682572428559,-0.317346758335372,1614,RMQS1,"{""type"":""MultiPoint"",""coordinates"":[]}"
20200912T104629_20200912T105719_T30TYR_00000000000000000641_0,3721,2379,630,863,1070,1544,2076,2460,2630,2698,5,2020-09-12,Haplic Luvisols,45.08973181236325,0.2918435407221803,1617,RMQS1,"{""type"":""MultiPoint"",""coordinates"":[]}"
20200912T104629_20200912T105719_T30TYR_0000000000000000055b_0,3516,3082,877,1216,1718,1950,2080,2251,2348,2343,5,2020-09-12,Rendzic Leptosols,45.94908569567597,0.0533355420428352,1369,RMQS1,"{""type"":""MultiPoint"",""coordinates"":[]}"
20200912T104629_20200912T105719_T30TYR_00000000000000000582_0,4073,3688,956,1358,2008,2353,2487,2683,2758,2806,5,2020-09-12,Rendzic Leptosols,45.809179554957446,0.2650661302913653,1411,RMQS1,"{""type"":""MultiPoint"",""coordinates"":[]}"
20200912T104629_20200912T105719_T30TYR_000000000000000005f3_0,2488,1723,605,975,1140,1493,1813,2029,2116,2207,5,2020-09-12,Rendzic Leptosols,45.38107425208028,0.4853942395465012,1535,RMQS1,"{""type"":""MultiPoint"",""coordinates"":[]}"
20200912T104629_20200912T105719_T30TYR_0000000000000000061a_0,3793,2516,800,963,1178,1598,2261,2567,2744,2885,5,2020-09-12,Rendzic Leptosols,45.23361103386122,0.2865440554918134,1576,RMQS1,"{""type"":""MultiPoint"",""coordinates"":[]}"
20200912T104629_20200912T105719_T30TYR_00000000000000000028_0,2956,2489,1082,1314,1666,1668,2088,2318,2598,2487,5,2020-09-12,Eutric Fluvisols,45.89861111,0.00277778,68782,{WD-WISE},"{""type"":""MultiPoint"",""coordinates"":[]}"
20200912T104629_20200912T105719_T30TYR_00000000000000000015_0,2591,2003,888,1102,1334,1278,2048,2466,2718,2668,5,2020-09-12,Lithic Leptosols,45.76527778,0.24722222,68783,"{WD-eSOTER,WD-WISE}","{""type"":""MultiPoint"",""coordinates"":[]}"
20200912T104629_20200912T105719_T30TYR_0000000000000000000a_0,3368,2573,865,1002,1070,1472,2315,2553,2370,3002,5,2020-09-12,Haplic Calcisols,45.89860153,0.16666700000000004,613272,{WD-eSOTER},"{""type"":""MultiPoint"",""coordinates"":[]}"
20200912T104629_20200912T105719_T30TYS_0000000000000000005e_0,3781,2745,945,1138,1494,1692,1941,2127,2420,2417,5,2020-09-12,Calcaric Cambisols,46.50806450849034,0.9910526900588258,SIM48183,HWSDv2,"{""type"":""MultiPoint"",""coordinates"":[]}"
20200912T104629_20200912T105719_T30TYS_00000000000000000062_0,4310,3906,1072,1476,2072,2406,2529,2733,2842,2952,5,2020-09-12,Calcaric Cambisols,45.9412014057957,0.065289686897003,SIM30965,HWSDv2,"{""type"":""MultiPoint"",""coordinates"":[]}"
20200912T104629_20200912T105719_T30TYS_000000000000000004a4_0,4744,3596,1238,1706,2430,2714,2934,3174,3510,3588,5,2020-09-12,Calcaric Cambisols,46.67258035875013,0.23199594562391013,1163,RMQS1,"{""type"":""MultiPoint"",""coordinates"":[]}"
20200912T104629_20200912T105719_T30TYS_0000000000000000055c_0,4224,3005,1082,1428,1796,2359,2988,3298,3554,3679,5,2020-09-12,Calcaric Cambisols,45.953079172109106,0.25962637648263687,1370,RMQS1,"{""type"":""MultiPoint"",""coordinates"":[]}"
20200912T104629_20200912T105719_T30TYS_000000000000000004a5_0,4212,3526,1118,1678,2322,2575,2781,2960,3140,3050,5,2020-09-12,Eutric Cambisols,46.67624425670514,0.4410565506621489,1164,RMQS1,"{""type"":""MultiPoint"",""coordinates"":[]}"
20200912T104629_20200912T105719_T30TYS_000000000000000004a7_0,3824,2805,859,1162,1624,1878,2050,2243,2392,2488,5,2020-09-12,Eutric Cambisols,46.68242330115931,0.8592545683175709,1166,RMQS1,"{""type"":""MultiPoint"",""coordinates"":[]}"
20200912T104629_20200912T105719_T30TYS_000000000000000004eb_0,3484,2925,905,1266,1696,1980,2174,2328,2468,2505,5,2020-09-12,Eutric Cambisols,46.380758268333096,0.035208723464946995,1244,RMQS1,"{""type"":""MultiPoint"",""coordinates"":[]}"
20200912T104629_20200912T105719_T30TYS_00000000000000000535_0,4621,4359,1174,1720,2404,2806,3001,3204,3256,3431,5,2020-09-12,Eutric Cambisols,46.09297615641257,0.04732481199581941,1327,RMQS1,"{""type"":""MultiPoint"",""coordinates"":[]}"
20200912T104629_20200912T105719_T30TYS_0000000000000000047d_0,3213,2769,754,989,1300,1509,1641,1796,1908,2073,5,2020-09-12,Haplic Luvisols,46.82014893841074,0.43599984899138555,1123,RMQS1,"{""type"":""MultiPoint"",""coordinates"":[]}"
20200912T104629_20200912T105719_T30TYS_000000000000000004ca_0,3838,3020,952,1324,1632,1847,2502,2881,3244,3086,5,2020-09-12,Haplic Luvisols,46.52868315472322,0.2375799776288461,1203,RMQS1,"{""type"":""MultiPoint"",""coordinates"":[]}"
20200912T104629_20200912T105719_T30TYS_000000000000000004cb_0,2858,2110,742,966,1202,1540,2083,2364,2554,2643,5,2020-09-12,Haplic Luvisols,46.532337162248965,0.4460865612049353,1204,RMQS1,"{""type"":""MultiPoint"",""coordinates"":[]}"
20200912T104629_20200912T105719_T30TYS_000000000000000004ee_0,3950,2864,802,1018,1316,1565,1786,2024,2188,2288,5,2020-09-12,Luvic Cambisols,46.39169124444395,0.65907171951279,1247,RMQS1,"{""type"":""MultiPoint"",""coordinates"":[]}"
20200912T104629_20200912T105719_T30TYS_000000000000000004ef_0,3720,3077,1208,1582,2042,2037,2510,2715,2984,2972,5,2020-09-12,Luvic Cambisols,46.3945739230684,0.8670762593857257,1248,RMQS1,"{""type"":""MultiPoint"",""coordinates"":[]}"
20200912T104629_20200912T105719_T30TYS_00000000000000000513_0,4563,4094,1236,1778,2522,2910,3043,3258,3360,3516,5,2020-09-12,Luvic Cambisols,46.240882187673726,0.2486608574550119,1287,RMQS1,"{""type"":""MultiPoint"",""coordinates"":[]}"
20200912T104629_20200912T105719_T30TYS_00000000000000000536_0,3508,2804,748,1078,1288,1696,2486,2717,2774,3020,5,2020-09-12,Luvic Cambisols,46.09698040593662,0.2541578951208035,1328,RMQS1,"{""type"":""MultiPoint"",""coordinates"":[]}"
20200912T104629_20200912T105719_T30TYS_00000000000000000538_0,3908,2791,658,825,1032,1293,1753,2002,2206,2352,5,2020-09-12,Luvic Cambisols,46.10385188704361,0.6679061388968742,1330,RMQS1,"{""type"":""MultiPoint"",""coordinates"":[]}"
20200912T104629_20200912T105719_T30TYS_0000000000000000047e_0,3591,2350,815,1003,1224,1725,2193,2473,2758,2913,5,2020-09-12,Luvic Stagnosols,46.8234383704253,0.6456440699083928,1124,RMQS1,"{""type"":""MultiPoint"",""coordinates"":[]}"
20200912T104629_20200912T105719_T30TYS_0000000000000000055b_0,3566,3113,796,1178,1728,1975,2087,2261,2344,2351,5,2020-09-12,Rendzic Leptosols,45.94908569567597,0.0533355420428352,1369,RMQS1,"{""type"":""MultiPoint"",""coordinates"":[]}"
20200912T104629_20200912T105719_T30TYS_00000000000000000514_0,3548,2342,753,961,1144,1558,2078,2366,2502,2697,5,2020-09-12,Stagnic Gleysols,46.24451711991545,0.4560678464730407,1288,RMQS1,"{""type"":""MultiPoint"",""coordinates"":[]}"
20200912T104629_20200912T105719_T30TYT_0000000000000000037b_0,4575,3577,1068,1348,1736,2100,2420,2743,2962,3155,5,2020-09-12,Eutric Cambisols,47.68680357363322,0.6181369317170614,843,RMQS1,"{""type"":""MultiPoint"",""coordinates"":[]}"
20200912T104629_20200912T105719_T30TYT_0000000000000000037d_0,3575,2972,1013,1434,1998,2263,2363,2540,2576,2626,5,2020-09-12,Eutric Cambisols,47.69231735110835,1.0443128583803534,845,RMQS1,"{""type"":""MultiPoint"",""coordinates"":[]}"
20200912T104629_20200912T105719_T30TYT_000000000000000003aa_0,3762,3370,1042,1406,1902,2177,2330,2504,2642,2712,5,2020-09-12,Eutric Cambisols,47.542927371413136,0.6227839914739651,895,RMQS1,"{""type"":""MultiPoint"",""coordinates"":[]}"
20200912T104629_20200912T105719_T30TYT_00000000000000000459_0,4305,3058,959,1230,1534,1935,2468,2763,2956,3191,5,2020-09-12,Eutric Cambisols,46.97278837529007,1.061600350806898,1082,RMQS1,"{""type"":""MultiPoint"",""coordinates"":[]}"
20200912T104629_20200912T105719_T30TYT_00000000000000000456_0,3524,3199,919,1174,1478,1716,1847,2011,2184,2295,5,2020-09-12,Eutric Planosols,46.96405011215721,0.43091598807012294,1079,RMQS1,"{""type"":""MultiPoint"",""coordinates"":[]}"
20200912T104629_20200912T105719_T30TYT_0000000000000000042f_0,4096,3050,1032,1388,1378,2422,3334,3716,4132,4001,5,2020-09-12,Eutric Retisols,47.11670746180148,1.0581797222389806,1038,RMQS1,"{""type"":""MultiPoint"",""coordinates"":[]}"
20200912T104629_20200912T105719_T30TYT_0000000000000000037c_0,4504,3894,1394,1794,2402,2730,2896,3077,3342,3371,5,2020-09-12,Haplic Luvisols,47.68975585042416,0.8312134254903143,844,RMQS1,"{""type"":""MultiPoint"",""coordinates"":[]}"
20200912T104629_20200912T105719_T30TYT_00000000000000000404_0,3402,2439,1096,1450,1718,1677,2571,2891,3176,3220,5,2020-09-12,Haplic Luvisols,47.25515043152472,0.6320023123013093,991,RMQS1,"{""type"":""MultiPoint"",""coordinates"":[]}"
20200912T104629_20200912T105719_T30TYT_0000000000000000047d_0,3220,2776,758,993,1302,1512,1647,1804,1916,2081,5,2020-09-12,Haplic Luvisols,46.82014893841074,0.43599984899138555,1123,RMQS1,"{""type"":""MultiPoint"",""coordinates"":[]}"
20200912T104629_20200912T105719_T30TYT_0000000000000000047e_0,3596,2356,813,1003,1224,1725,2196,2477,2762,2915,5,2020-09-12,Luvic Stagnosols,46.8234383704253,0.6456440699083928,1124,RMQS1,"{""type"":""MultiPoint"",""coordinates"":[]}"
20200912T104629_20200912T105719_T30TYT_0000000000000000042d_0,3593,2438,910,1142,1476,1808,2134,2350,2574,2683,5,2020-09-12,Rendzic Leptosols,47.111251889494554,0.6365738313282675,1036,RMQS1,"{""type"":""MultiPoint"",""coordinates"":[]}"
20200912T104629_20200912T105719_T30UYU_00000000000000000271_0,3505,2506,745,899,985,1398,2032,2333,2584,2616,5,2020-09-12,Eutric Cambisols,48.409010134253464,0.8105253793290838,563,RMQS1,"{""type"":""MultiPoint"",""coordinates"":[]}"
20200912T104629_20200912T105719_T30UYU_00000000000000000317_0,4448,3907,1264,1752,2306,2617,2885,3078,3340,3372,5,2020-09-12,Eutric Cambisols,47.97452533653467,0.608767793538443,736,RMQS1,"{""type"":""MultiPoint"",""coordinates"":[]}"
20200912T104629_20200912T105719_T30UYU_00000000000000000272_0,3106,2490,1676,1976,2124,2187,2647,3013,3064,3155,5,2020-09-12,Eutric Retisols,48.411606154539754,1.0265529667530489,564,RMQS1,"{""type"":""MultiPoint"",""coordinates"":[]}"
20200912T104629_20200912T105719_T30UYU_000000000000000002aa_0,4166,3775,852,1378,1438,2636,2989,3221,3216,3470,5,2020-09-12,Eutric Retisols,48.267773070968104,1.0301448294912523,623,RMQS1,"{""type"":""MultiPoint"",""coordinates"":[]}"
20200912T104629_20200912T105719_T30UYU_000000000000000002e2_0,3492,2631,741,982,1258,1445,1819,2121,2314,2329,5,2020-09-12,Eutric Retisols,48.123926965867774,1.0337162685273735,681,RMQS1,"{""type"":""MultiPoint"",""coordinates"":[]}"
20200912T104629_20200912T105719_T30UYU_00000000000000000319_0,3109,2670,874,1198,1600,1625,2084,2402,2754,2740,5,2020-09-12,Haplic Luvisols,47.98006859464599,1.0372677251420688,738,RMQS1,"{""type"":""MultiPoint"",""coordinates"":[]}"
20200912T104629_20200912T105719_T30UYU_000000000000000002a9_0,3979,3267,1034,1274,1534,1932,2272,2537,2610,2812,5,2020-09-12,Luvic Stagnosols,48.265183822455356,0.8147095500113787,622,RMQS1,"{""type"":""MultiPoint"",""coordinates"":[]}"
20200912T104629_20200912T105719_T30UYU_0000000000000000034a_0,4459,3746,1170,1562,2014,2426,2568,2804,2910,3030,5,2020-09-12,Luvic Stagnosols,47.83066980746326,0.6134648025979296,791,RMQS1,"{""type"":""MultiPoint"",""coordinates"":[]}"
20200912T104629_20200912T105719_T30UYU_00000000000000000318_0,2669,1720,603,804,736,1360,1792,2176,1868,2262,5,2020-09-12,Stagnic Gleysols,47.97749316883225,0.8230065836699338,737,RMQS1,"{""type"":""MultiPoint"",""coordinates"":[]}"
20200912T104629_20200912T105719_T30UYV_0000000000000000019c_0,4157,4092,930,1372,1970,2268,2395,2582,2652,2767,5,2020-09-12,Eutric Cambisols,48.9890140623296,1.2304298587690576,328,RMQS1,"{""type"":""MultiPoint"",""coordinates"":[]}"
20200912T104629_20200912T105719_T30UYV_000000000000000001cd_0,3630,3488,1102,1366,1742,2076,2165,2395,2364,2589,5,2020-09-12,Eutric Cambisols,48.843018131050385,1.0156540889892636,385,RMQS1,"{""type"":""MultiPoint"",""coordinates"":[]}"
20200912T104629_20200912T105719_T30UYV_00000000000000000202_0,3045,2454,966,1332,1646,1916,2271,2497,2578,2664,5,2020-09-12,Eutric Retisols,48.69922952521517,1.0193074302902678,446,RMQS1,"{""type"":""MultiPoint"",""coordinates"":[]}"
20200912T104629_20200912T105719_T31TCH_00000000000000000852_0,2841,2238,761,1214,1610,1694,1867,2051,2036,2218,5,2020-09-12,Calcaric Cambisols,43.233830788422544,1.3411659095380064,2190,RMQS1,"{""type"":""MultiPoint"",""coordinates"":[]}"
20200912T104629_20200912T105719_T31TCH_0000000000000000086d_0,3623,2998,861,1372,1872,2139,2401,2563,2711,2785,5,2020-09-12,Eutric Cambisols,43.09172709977716,1.5397731446021294,2226,RMQS1,"{""type"":""MultiPoint"",""coordinates"":[]}"
20200912T104629_20200912T105719_T31TCH_00000000000000000854_0,3648,2962,1046,1506,1948,2294,2540,2741,2916,2938,5,2020-09-12,Mollic Umbrisols,43.23675734912461,1.7343973183347328,2192,RMQS1,"{""type"":""MultiPoint"",""coordinates"":[]}"
20200912T104629_20200912T105719_T31TCJ_00000000000000000083_0,2535,1734,1124,1398,1736,1567,2281,2642,2954,2849,5,2020-09-12,Calcaric Cambisols,43.78608327784773,1.3843490695106873,SIM27892,HWSDv2,"{""type"":""MultiPoint"",""coordinates"":[]}"
20200912T104629_20200912T105719_T31TCJ_00000000000000000731_0,3221,2286,838,1206,1396,1896,2352,2601,2798,2887,5,2020-09-12,Calcaric Cambisols,44.2404851063561,1.3234055011692607,1875,RMQS1,"{""type"":""MultiPoint"",""coordinates"":[]}"
20200912T104629_20200912T105719_T31TCJ_000000000000000007b2_0,3577,2913,1052,1462,1866,2193,2319,2446,2574,2544,5,2020-09-12,Calcaric Cambisols,43.801814078706926,0.7353863730644742,2011,RMQS1,"{""type"":""MultiPoint"",""coordinates"":[]}"
20200912T104629_20200912T105719_T31TCJ_000000000000000007b3_0,3498,2852,954,1426,1824,2096,2151,2362,2386,2444,5,2020-09-12,Calcaric Cambisols,43.804563518724855,0.9339386706927577,2012,RMQS1,"{""type"":""MultiPoint"",""coordinates"":[]}"
20200912T104629_20200912T105719_T31TCJ_000000000000000007dd_0,1882,1459,629,857,1136,1275,1397,1519,1508,1569,5,2020-09-12,Calcaric Cambisols,43.65802295237102,0.7394234284125767,2057,RMQS1,"{""type"":""MultiPoint"",""coordinates"":[]}"
20200912T104629_20200912T105719_T31TCJ_000000000000000007de_0,3736,2855,1003,1412,1926,2173,2265,2462,2587,2717,5,2020-09-12,Calcaric Cambisols,43.6607654692577,0.9374759088034046,2058,RMQS1,"{""type"":""MultiPoint"",""coordinates"":[]}"
20200912T104629_20200912T105719_T31TCJ_000000000000000007e1_0,4007,3286,1170,1832,2272,2671,2808,2974,2852,3089,5,2020-09-12,Calcaric Cambisols,43.66811185509377,1.7298359782939583,2062,RMQS1,"{""type"":""MultiPoint"",""coordinates"":[]}"
20200912T104629_20200912T105719_T31TCJ_00000000000000000806_0,3080,2496,968,1432,1686,2064,2420,2600,2744,2636,5,2020-09-12,Calcaric Cambisols,43.51424709370381,0.7434401003762473,2103,RMQS1,"{""type"":""MultiPoint"",""coordinates"":[]}"
20200912T104629_20200912T105719_T31TCJ_0000000000000000080b_0,3976,3022,1005,1356,1830,2366,2499,2756,2657,2976,5,2020-09-12,Calcaric Cambisols,43.524309926758626,1.7313633815716516,2108,RMQS1,"{""type"":""MultiPoint"",""coordinates"":[]}"
20200912T104629_20200912T105719_T31TCJ_0000000000000000082e_0,2340,1596,566,700,844,1129,1422,1642,1888,1916,5,2020-09-12,Calcaric Cambisols,43.370487378478785,0.747437404719625,2148,RMQS1,"{""type"":""MultiPoint"",""coordinates"":[]}"
20200912T104629_20200912T105719_T31TCJ_0000000000000000082f_0,3445,2426,700,985,1236,1617,2027,2277,2474,2624,5,2020-09-12,Calcaric Cambisols,43.37321582323168,0.9444970152837399,2149,RMQS1,"{""type"":""MultiPoint"",""coordinates"":[]}"
20200912T104629_20200912T105719_T31TCJ_00000000000000000832_0,3773,2747,975,1292,1780,1985,2147,2308,2472,2578,5,2020-09-12,Calcaric Cambisols,43.379238151330306,1.5357705717025496,2152,RMQS1,"{""type"":""MultiPoint"",""coordinates"":[]}"
20200912T104629_20200912T105719_T31TCJ_000000000000000007dc_0,3445,2583,1046,1654,1904,2135,2577,2859,2814,2978,5,2020-09-12,Eutric Cambisols,43.654918009678816,0.5413905996353507,2056,RMQS1,"{""type"":""MultiPoint"",""coordinates"":[]}"
20200912T104629_20200912T105719_T31TCJ_0000000000000000080a_0,2190,1432,361,614,767,1111,1567,1776,2010,2087,5,2020-09-12,Eutric Cambisols,43.52302003271735,1.5337542549797725,2107,RMQS1,"{""type"":""MultiPoint"",""coordinates"":[]}"
20200912T104629_20200912T105719_T31TCJ_00000000000000000831_0,2248,1706,539,728,998,1293,1542,1648,1876,1932,5,2020-09-12,Eutric Stagnosols,43.377591309564,1.3386668701530315,2151,RMQS1,"{""type"":""MultiPoint"",""coordinates"":[]}"
20200912T104629_20200912T105719_T31TCJ_00000000000000000833_0,2708,2020,416,651,746,1618,2469,2933,3054,3175,5,2020-09-12,Regosols (Colluvic),43.3805251082789,1.7328839686620165,2153,RMQS1,"{""type"":""MultiPoint"",""coordinates"":[]}"
20200912T104629_20200912T105719_T31TCJ_00000000000000000809_0,2428,2154,1010,1134,1266,1371,1536,1787,1678,1837,5,2020-09-12,Technosols,43.521369132715655,1.336155148233926,2106,RMQS1,"{""type"":""MultiPoint"",""coordinates"":[]}"
20200912T104629_20200912T105719_T31TCK_0000000000000000072e_0,3170,2209,660,1058,1404,1813,2421,2695,2742,2915,5,2020-09-12,Calcaric Cambisols,44.23326949240233,0.7231486374623786,1872,RMQS1,"{""type"":""MultiPoint"",""coordinates"":[]}"
20200912T104629_20200912T105719_T31TCK_00000000000000000731_0,3219,2287,833,1200,1388,1896,2354,2602,2779,2881,5,2020-09-12,Calcaric Cambisols,44.2404851063561,1.3234055011692607,1875,RMQS1,"{""type"":""MultiPoint"",""coordinates"":[]}"
20200912T104629_20200912T105719_T31TCK_00000000000000000694_0,2942,2520,692,1158,1590,1565,2256,2403,2647,2675,5,2020-09-12,Eutric Cambisols,44.81599910342824,1.312972402777045,1705,RMQS1,"{""type"":""MultiPoint"",""coordinates"":[]}"
20200912T104629_20200912T105719_T31TCK_00000000000000000705_0,3499,2590,1440,1596,1982,2008,2576,3105,3425,3258,5,2020-09-12,Eutric Cambisols,44.37989169422893,0.9196071815825417,1830,RMQS1,"{""type"":""MultiPoint"",""coordinates"":[]}"
20200912T104629_20200912T105719_T31TCK_000000000000000006b7_0,3743,2684,884,1120,1438,1783,2079,2276,2479,2598,5,2020-09-12,Haplic Luvisols,44.66167066056686,0.5091410357468154,1744,RMQS1,"{""type"":""MultiPoint"",""coordinates"":[]}"
20200912T104629_20200912T105719_T31TCK_000000000000000006b8_0,3479,2953,897,1390,1720,1840,2262,2446,2722,2709,5,2020-09-12,Haplic Luvisols,44.664832562379004,0.7107266218471442,1745,RMQS1,"{""type"":""MultiPoint"",""coordinates"":[]}"
20200912T104629_20200912T105719_T31TCK_000000000000000006dd_0,3211,2805,937,1394,1830,2041,2180,2318,2492,2422,5,2020-09-12,Haplic Luvisols,44.51781425187794,0.5138181479053451,1786,RMQS1,"{""type"":""MultiPoint"",""coordinates"":[]}"
20200912T104629_20200912T105719_T31TCK_00000000000000000706_0,3399,2240,747,1009,1216,1639,2282,2555,2770,2904,5,2020-09-12,Rendzic Leptosols,44.38230353158314,1.1202039397391548,1831,RMQS1,"{""type"":""MultiPoint"",""coordinates"":[]}"
20200912T104629_20200912T105719_T31TCK_00000000000000000018_0,3312,2620,809,1212,1544,2107,2634,2967,3164,3205,5,2020-09-12,Calcaric Cambisols,44.94722222,1.6458333299999999,68778,"{WD-eSOTER,WD-WISE}","{""type"":""MultiPoint"",""coordinates"":[]}"
20200912T104629_20200912T105719_T31TCL_000000000000000005ce_0,4233,3443,1080,1570,2222,2491,2553,2831,2984,2911,5,2020-09-12,Dystric Cambisols,45.53348867729462,1.094834141797127,1496,RMQS1,"{""type"":""MultiPoint"",""coordinates"":[]}"
20200912T104629_20200912T105719_T31TCL_000000000000000005f3_0,2529,1742,633,955,1124,1528,1873,2081,2145,2277,5,2020-09-12,Rendzic Leptosols,45.38107425208028,0.4853942395465012,1535,RMQS1,"{""type"":""MultiPoint"",""coordinates"":[]}"
20200912T104629_20200912T105719_T31TCM_0000000000000000005e_0,3583,2570,951,1126,1478,1698,1965,2171,2388,2436,5,2020-09-12,Calcaric Cambisols,46.50806450849034,0.9910526900588258,SIM48183,HWSDv2,"{""type"":""MultiPoint"",""coordinates"":[]}"
20200912T104629_20200912T105719_T31TCM_00000000000000000480_0,2841,2348,541,690,714,1388,1940,2070,2575,2509,5,2020-09-12,Calcaric Cambisols,46.82886512189024,1.0650028550237045,1126,RMQS1,"{""type"":""MultiPoint"",""coordinates"":[]}"
20200912T104629_20200912T105719_T31TCM_00000000000000000482_0,3895,2948,910,1124,1382,1752,2122,2334,2531,2666,5,2020-09-12,Eutric Cambisols,46.83275616712597,1.484434384575593,1128,RMQS1,"{""type"":""MultiPoint"",""coordinates"":[]}"
20200912T104629_20200912T105719_T31TCM_00000000000000000483_0,2426,2099,873,938,1086,1418,1862,2038,2092,2135,5,2020-09-12,Eutric Cambisols,46.834125907327305,1.6941691786867756,1129,RMQS1,"{""type"":""MultiPoint"",""coordinates"":[]}"
20200912T104629_20200912T105719_T31TCM_000000000000000004a5_0,4220,3486,1132,1676,2308,2619,2849,3008,3118,3094,5,2020-09-12,Eutric Cambisols,46.67624425670514,0.4410565506621489,1164,RMQS1,"{""type"":""MultiPoint"",""coordinates"":[]}"
20200912T104629_20200912T105719_T31TCM_000000000000000004a7_0,3857,2833,921,1192,1654,1909,2087,2279,2428,2497,5,2020-09-12,Eutric Cambisols,46.68242330115931,0.8592545683175709,1166,RMQS1,"{""type"":""MultiPoint"",""coordinates"":[]}"
20200912T104629_20200912T105719_T31TCM_000000000000000004a8_0,3986,2658,900,1152,1454,1843,2309,2558,2768,2932,5,2020-09-12,Eutric Cambisols,46.68493825055593,1.0683872613516354,1167,RMQS1,"{""type"":""MultiPoint"",""coordinates"":[]}"
20200912T104629_20200912T105719_T31TCM_000000000000000004ce_0,3612,2414,801,974,1202,1536,1931,2204,2410,2506,5,2020-09-12,Eutric Cambisols,46.54313454001028,1.2803489731979116,1208,RMQS1,"{""type"":""MultiPoint"",""coordinates"":[]}"
20200912T104629_20200912T105719_T31TCM_000000000000000004cf_0,3512,2273,774,993,1260,1585,2052,2391,2810,2709,5,2020-09-12,Eutric Cambisols,46.54487889789519,1.4889590904459031,1209,RMQS1,"{""type"":""MultiPoint"",""coordinates"":[]}"
20200912T104629_20200912T105719_T31TCM_000000000000000004d0_0,3099,2132,564,777,925,1224,1856,1988,2396,2386,5,2020-09-12,Eutric Cambisols,46.546241796064976,1.697581007504501,1210,RMQS1,"{""type"":""MultiPoint"",""coordinates"":[]}"
20200912T104629_20200912T105719_T31TCM_000000000000000004ed_0,3297,2338,639,838,999,1648,2110,2408,2335,2704,5,2020-09-12,Eutric Cambisols,46.38842793796657,0.4510903816713883,1246,RMQS1,"{""type"":""MultiPoint"",""coordinates"":[]}"
20200912T104629_20200912T105719_T31TCM_0000000000000000047d_0,3225,2769,755,986,1276,1485,1652,1812,1920,2085,5,2020-09-12,Haplic Luvisols,46.82014893841074,0.43599984899138555,1123,RMQS1,"{""type"":""MultiPoint"",""coordinates"":[]}"
20200912T104629_20200912T105719_T31TCM_000000000000000004ab_0,2654,1970,620,843,841,1234,1842,2111,2511,2339,5,2020-09-12,Haplic Luvisols,46.69018527607474,1.6958796349873388,1170,RMQS1,"{""type"":""MultiPoint"",""coordinates"":[]}"
20200912T104629_20200912T105719_T31TCM_000000000000000004cb_0,2743,1917,591,760,914,1476,2133,2367,2647,2673,5,2020-09-12,Haplic Luvisols,46.532337162248965,0.4460865612049353,1204,RMQS1,"{""type"":""MultiPoint"",""coordinates"":[]}"
20200912T104629_20200912T105719_T31TCM_000000000000000004f0_0,4535,3287,1024,1298,1674,1993,2340,2604,3021,3079,5,2020-09-12,Haplic Luvisols,46.39707583850519,1.0751018843272806,1249,RMQS1,"{""type"":""MultiPoint"",""coordinates"":[]}"
20200912T104629_20200912T105719_T31TCM_000000000000000004ee_0,3939,2880,808,984,1294,1578,1806,2020,2208,2298,5,2020-09-12,Luvic Cambisols,46.39169124444395,0.65907171951279,1247,RMQS1,"{""type"":""MultiPoint"",""coordinates"":[]}"
20200912T104629_20200912T105719_T31TCM_000000000000000004ef_0,4028,3399,1192,1552,1960,2341,2612,2849,2956,3097,5,2020-09-12,Luvic Cambisols,46.3945739230684,0.8670762593857257,1248,RMQS1,"{""type"":""MultiPoint"",""coordinates"":[]}"
20200912T104629_20200912T105719_T31TCM_000000000000000004f1_0,3932,2702,988,1284,1760,1942,2197,2451,2857,2809,5,2020-09-12,Luvic Cambisols,46.39919693196088,1.2831454307949937,1250,RMQS1,"{""type"":""MultiPoint"",""coordinates"":[]}"
20200912T104629_20200912T105719_T31TCM_00000000000000000538_0,3878,2789,664,825,1020,1318,1782,2044,2149,2317,5,2020-09-12,Luvic Cambisols,46.10385188704361,0.6679061388968742,1330,RMQS1,"{""type"":""MultiPoint"",""coordinates"":[]}"
20200912T104629_20200912T105719_T31TCM_0000000000000000047e_0,3561,2326,816,1008,1220,1719,2179,2485,2740,2914,5,2020-09-12,Luvic Stagnosols,46.8234383704253,0.6456440699083928,1124,RMQS1,"{""type"":""MultiPoint"",""coordinates"":[]}"
20200912T104629_20200912T105719_T31TCM_00000000000000000514_0,3596,2372,780,1011,1160,1620,2231,2499,2839,2843,5,2020-09-12,Stagnic Gleysols,46.24451711991545,0.4560678464730407,1288,RMQS1,"{""type"":""MultiPoint"",""coordinates"":[]}"
20200912T104629_20200912T105719_T31TCN_00000000000000000409_0,2776,1754,583,746,830,1052,1504,1681,1890,1907,5,2020-09-12,Albic Podzols,47.26592270272634,1.6889836071572726,996,RMQS1,"{""type"":""MultiPoint"",""coordinates"":[]}"
20200912T104629_20200912T105719_T31TCN_000000000000000003ae_0,2811,2133,874,1068,1130,1368,1958,2259,2056,2387,5,2020-09-12,Calcaric Cambisols,47.552368234556766,1.4729089085002178,899,RMQS1,"{""type"":""MultiPoint"",""coordinates"":[]}"
20200912T104629_20200912T105719_T31TCN_0000000000000000045c_0,3546,2997,877,1232,1776,2036,2250,2437,2620,2598,5,2020-09-12,Calcaric Cambisols,46.97806314421428,1.6924498201961606,1085,RMQS1,"{""type"":""MultiPoint"",""coordinates"":[]}"
20200912T104629_20200912T105719_T31TCN_0000000000000000037b_0,4575,3589,1084,1366,1738,2118,2431,2728,2930,3137,5,2020-09-12,Eutric Cambisols,47.68680357363322,0.6181369317170614,843,RMQS1,"{""type"":""MultiPoint"",""coordinates"":[]}"
20200912T104629_20200912T105719_T31TCN_0000000000000000037d_0,3628,3044,1040,1476,2032,2303,2393,2572,2630,2681,5,2020-09-12,Eutric Cambisols,47.69231735110835,1.0443128583803534,845,RMQS1,"{""type"":""MultiPoint"",""coordinates"":[]}"
20200912T104629_20200912T105719_T31TCN_000000000000000003aa_0,3838,3422,1038,1418,1902,2213,2335,2558,2658,2717,5,2020-09-12,Eutric Cambisols,47.542927371413136,0.6227839914739651,895,RMQS1,"{""type"":""MultiPoint"",""coordinates"":[]}"
20200912T104629_20200912T105719_T31TCN_00000000000000000432_0,3738,2538,857,1096,1422,1821,2261,2549,2718,2855,5,2020-09-12,Eutric Cambisols,47.121995805732524,1.69072149454457,1041,RMQS1,"{""type"":""MultiPoint"",""coordinates"":[]}"
20200912T104629_20200912T105719_T31TCN_00000000000000000459_0,4477,3263,993,1220,1542,1971,2424,2689,2934,3146,5,2020-09-12,Eutric Cambisols,46.97278837529007,1.061600350806898,1082,RMQS1,"{""type"":""MultiPoint"",""coordinates"":[]}"
20200912T104629_20200912T105719_T31TCN_00000000000000000456_0,3357,3024,922,1152,1450,1694,1909,2084,2132,2358,5,2020-09-12,Eutric Planosols,46.96405011215721,0.43091598807012294,1079,RMQS1,"{""type"":""MultiPoint"",""coordinates"":[]}"
20200912T104629_20200912T105719_T31TCN_0000000000000000042f_0,4405,3330,1228,1588,1768,2626,3288,3634,4008,3959,5,2020-09-12,Eutric Retisols,47.11670746180148,1.0581797222389806,1038,RMQS1,"{""type"":""MultiPoint"",""coordinates"":[]}"
20200912T104629_20200912T105719_T31TCN_00000000000000000431_0,4391,3382,1432,1794,2280,2540,2862,3214,3464,3638,5,2020-09-12,Eutric Retisols,47.120619712342474,1.4798610993880554,1040,RMQS1,"{""type"":""MultiPoint"",""coordinates"":[]}"
20200912T104629_20200912T105719_T31TCN_0000000000000000045a_0,3779,2819,1026,1326,1604,1974,2446,2724,2994,3016,5,2020-09-12,Eutric Retisols,46.97493184897627,1.2718698805445425,1083,RMQS1,"{""type"":""MultiPoint"",""coordinates"":[]}"
20200912T104629_20200912T105719_T31TCN_0000000000000000037c_0,4439,3800,1310,1782,2368,2627,2819,3019,3262,3267,5,2020-09-12,Haplic Luvisols,47.68975585042416,0.8312134254903143,844,RMQS1,"{""type"":""MultiPoint"",""coordinates"":[]}"
20200912T104629_20200912T105719_T31TCN_00000000000000000404_0,3407,2437,1092,1446,1708,1677,2577,2900,3182,3228,5,2020-09-12,Haplic Luvisols,47.25515043152472,0.6320023123013093,991,RMQS1,"{""type"":""MultiPoint"",""coordinates"":[]}"
20200912T104629_20200912T105719_T31TCN_00000000000000000408_0,3148,2340,690,906,1194,1438,1710,1941,2088,2180,5,2020-09-12,Haplic Vertisols,47.26454305466629,1.477555758886086,995,RMQS1,"{""type"":""MultiPoint"",""coordinates"":[]}"
20200912T104629_20200912T105719_T31TCN_0000000000000000034d_0,3025,2393,854,999,1148,1600,2096,2145,2008,2413,5,2020-09-12,Luvic Cambisols,47.83837519938972,1.254497652282048,794,RMQS1,"{""type"":""MultiPoint"",""coordinates"":[]}"
20200912T104629_20200912T105719_T31TCN_000000000000000003db_0,2450,1509,584,875,1250,1794,2353,2694,3120,3228,5,2020-09-12,Luvic Cambisols,47.40668735158221,1.2632529913235573,949,RMQS1,"{""type"":""MultiPoint"",""coordinates"":[]}"
20200912T104629_20200912T105719_T31TCN_0000000000000000045b_0,3501,2605,775,963,1106,1374,1690,1897,2120,2128,5,2020-09-12,Luvic Cambisols,46.976690235974914,1.4821539910955996,1084,RMQS1,"{""type"":""MultiPoint"",""coordinates"":[]}"
20200912T104629_20200912T105719_T31TCN_0000000000000000034f_0,3572,3250,1118,1466,1906,2184,2308,2511,2656,2695,5,2020-09-12,Mollic Umbrisols,47.84155543400575,1.681939134662969,796,RMQS1,"{""type"":""MultiPoint"",""coordinates"":[]}"
20200912T104629_20200912T105719_T31TCN_0000000000000000042d_0,3572,2436,919,1146,1476,1737,2099,2282,2552,2610,5,2020-09-12,Rendzic Leptosols,47.111251889494554,0.6365738313282675,1036,RMQS1,"{""type"":""MultiPoint"",""coordinates"":[]}"
20200912T104629_20200912T105719_T31TDH_0000000000000000006a_0,3238,2210,576,781,1066,1284,1638,1829,1920,2134,5,2020-09-12,Calcaric Cambisols,43.25643616146044,2.453036771590776,SIM23594,HWSDv2,"{""type"":""MultiPoint"",""coordinates"":[]}"
20200912T104629_20200912T105719_T31TDH_0000000000000000003d_0,3470,2608,915,1362,1638,2238,2757,3103,3278,3388,5,2020-09-12,Eutric Cambisols,43.08330529252448,1.8953747700466825,SIM11644,HWSDv2,"{""type"":""MultiPoint"",""coordinates"":[]}"
20200912T104629_20200912T105719_T31TDH_00000000000000000856_0,2870,2221,916,1178,1476,1380,1881,2017,2152,2283,5,2020-09-12,Calcaric Arenosols,43.23824536900353,2.1276596812268993,2194,RMQS1,"{""type"":""MultiPoint"",""coordinates"":[]}"
20200912T104629_20200912T105719_T31TDH_00000000000000000858_0,2661,1667,475,756,900,1370,1768,2021,2326,2287,5,2020-09-12,Calcaric Cambisols,43.23829353328013,2.520928813086623,2196,RMQS1,"{""type"":""MultiPoint"",""coordinates"":[]}"
20200912T104629_20200912T105719_T31TDH_00000000000000000871_0,2820,1847,496,680,919,1177,1560,1789,1992,2064,5,2020-09-12,Calcaric Cambisols,43.09469607384413,2.3243282873192377,2230,RMQS1,"{""type"":""MultiPoint"",""coordinates"":[]}"
20200912T104629_20200912T105719_T31TDH_00000000000000000855_0,3458,2650,803,1013,1356,1592,1672,1844,1888,2075,5,2020-09-12,Rendzic Leptosols,43.237681525941696,1.9310260055678181,2193,RMQS1,"{""type"":""MultiPoint"",""coordinates"":[]}"
20200912T104629_20200912T105719_T31TDJ_00000000000000000075_0,3774,3247,1758,2048,2172,2718,3380,3662,3520,3845,5,2020-09-12,Dystric Cambisols,44.13404172507273,2.726314505601577,SIM81364,HWSDv2,"{""type"":""MultiPoint"",""coordinates"":[]}"
20200912T104629_20200912T105719_T31TDJ_00000000000000000760_0,3590,2558,751,1164,1722,1805,2215,2457,2544,2613,5,2020-09-12,Calcaric Cambisols,44.10054393938835,1.9248303898472057,1924,RMQS1,"{""type"":""MultiPoint"",""coordinates"":[]}"
20200912T104629_20200912T105719_T31TDJ_000000000000000007e3_0,2916,2460,1050,1384,1734,1925,2028,2203,2320,2349,5,2020-09-12,Calcaric Cambisols,43.66961104280001,2.1260713188749483,2064,RMQS1,"{""type"":""MultiPoint"",""coordinates"":[]}"
20200912T104629_20200912T105719_T31TDJ_00000000000000000764_0,3646,2780,841,1064,1370,1631,2019,2268,2354,2561,5,2020-09-12,Eutric Cambisols,44.100643063293255,2.7233529963840972,1928,RMQS1,"{""type"":""MultiPoint"",""coordinates"":[]}"
20200912T104629_20200912T105719_T31TDJ_0000000000000000078b_0,3264,2302,702,977,1272,1601,1983,2213,2360,2585,5,2020-09-12,Eutric Cambisols,43.95669683331813,1.9258768685870264,1971,RMQS1,"{""type"":""MultiPoint"",""coordinates"":[]}"
20200912T104629_20200912T105719_T31TDJ_0000000000000000078f_0,2203,1818,534,714,1072,1297,1523,1617,1644,1784,5,2020-09-12,Eutric Cambisols,43.95679455630971,2.7223763371721823,1975,RMQS1,"{""type"":""MultiPoint"",""coordinates"":[]}"
20200912T104629_20200912T105719_T31TDJ_0000000000000000080c_0,3182,2111,541,767,965,1278,1810,2058,2282,2308,5,2020-09-12,Haplic Luvisols,43.52580553458276,2.1266028762483478,2110,RMQS1,"{""type"":""MultiPoint"",""coordinates"":[]}"
20200912T104629_20200912T105719_T31TDJ_000000000000000007e2_0,2930,2498,948,1306,1700,1850,2013,2158,2270,2361,5,2020-09-12,Luvic Cambisols,43.669042809087784,1.9279512878727754,2063,RMQS1,"{""type"":""MultiPoint"",""coordinates"":[]}"
20200912T104629_20200912T105719_T31TDJ_00000000000000000834_0,4155,3560,1444,2050,2544,2867,2895,3074,3116,3217,5,2020-09-12,Regosols (Colluvic),43.38145144609924,1.9300054714673698,2154,RMQS1,"{""type"":""MultiPoint"",""coordinates"":[]}"
20200912T104629_20200912T105719_T31TDJ_000000000000000007b8_0,2798,2076,692,873,1136,1394,1697,1884,1966,2079,5,2020-09-12,Rendzic Leptosols,43.81343217854103,2.1255375569197064,2018,RMQS1,"{""type"":""MultiPoint"",""coordinates"":[]}"
20200912T104629_20200912T105719_T31TDJ_00000000000000000738_0,4582,3322,1016,1394,1874,2251,2751,3004,3174,3385,5,2020-09-12,Umbric Leptosols,44.244504694751356,2.7243348476022655,1882,RMQS1,"{""type"":""MultiPoint"",""coordinates"":[]}"
20200912T104629_20200912T105719_T31TDK_00000000000000000738_0,4612,3341,1005,1392,1886,2271,2768,3020,3176,3403,5,2020-09-12,Umbric Leptosols,44.244504694751356,2.7243348476022655,1882,RMQS1,"{""type"":""MultiPoint"",""coordinates"":[]}"
20200912T104629_20200912T105719_T31TDL_0000000000000000058d_0,3916,3062,892,1248,1698,2059,2390,2624,2838,2998,5,2020-09-12,Eutric Cambisols,45.82812019547945,2.5295761080382126,1422,RMQS1,"{""type"":""MultiPoint"",""coordinates"":[]}"
20200912T104629_20200912T105719_T31TDM_000000000000000004af_0,3695,2520,733,926,1272,1582,1867,2076,2182,2353,5,2020-09-12,Dolomitic Cambisols,46.69181816208216,2.532648079278483,1174,RMQS1,"{""type"":""MultiPoint"",""coordinates"":[]}"
20200912T104629_20200912T105719_T31TDM_00000000000000000483_0,2410,2090,937,991,1124,1435,1863,2038,2089,2132,5,2020-09-12,Eutric Cambisols,46.834125907327305,1.6941691786867756,1129,RMQS1,"{""type"":""MultiPoint"",""coordinates"":[]}"
20200912T104629_20200912T105719_T31TDM_000000000000000004d0_0,3070,2119,639,826,952,1241,1860,1998,2388,2381,5,2020-09-12,Eutric Cambisols,46.546241796064976,1.697581007504501,1210,RMQS1,"{""type"":""MultiPoint"",""coordinates"":[]}"
20200912T104629_20200912T105719_T31TDM_000000000000000004d2_0,2299,1757,692,771,866,1214,1586,1760,1614,1958,5,2020-09-12,Eutric Cambisols,46.54782103342217,2.1148477902316745,1212,RMQS1,"{""type"":""MultiPoint"",""coordinates"":[]}"
20200912T104629_20200912T105719_T31TDM_0000000000000000051d_0,1770,930,529,653,667,834,1254,1503,1627,1616,5,2020-09-12,Eutric Cambisols,46.26013607966591,2.3235593993881625,1297,RMQS1,"{""type"":""MultiPoint"",""coordinates"":[]}"
20200912T104629_20200912T105719_T31TDM_0000000000000000053f_0,3519,2543,702,1003,1210,1679,2324,2622,2812,2874,5,2020-09-12,Eutric Cambisols,46.11618441035518,2.3235958429672405,1338,RMQS1,"{""type"":""MultiPoint"",""coordinates"":[]}"
20200912T104629_20200912T105719_T31TDM_00000000000000000489_0,3199,2079,665,855,1114,1420,1918,2176,2127,2453,5,2020-09-12,Eutric Planosols,46.83427557950005,2.952666633533814,1135,RMQS1,"{""type"":""MultiPoint"",""coordinates"":[]}"
20200912T104629_20200912T105719_T31TDM_00000000000000000488_0,4691,3888,1512,2008,2602,2901,3214,3427,3706,3704,5,2020-09-12,Eutric Retisols,46.835211482898934,2.7429212005666344,1134,RMQS1,"{""type"":""MultiPoint"",""coordinates"":[]}"
20200912T104629_20200912T105719_T31TDM_000000000000000004ae_0,3792,2650,835,1004,1262,1604,2201,2550,2824,2968,5,2020-09-12,Eutric Retisols,46.691985232644434,2.3234523208782796,1173,RMQS1,"{""type"":""MultiPoint"",""coordinates"":[]}"
20200912T104629_20200912T105719_T31TDM_000000000000000004ab_0,2650,1972,696,890,875,1257,1858,2126,2518,2350,5,2020-09-12,Haplic Luvisols,46.69018527607474,1.6958796349873388,1170,RMQS1,"{""type"":""MultiPoint"",""coordinates"":[]}"
20200912T104629_20200912T105719_T31TDM_000000000000000004d6_0,3524,2444,729,994,1286,1553,1851,2046,2172,2327,5,2020-09-12,Haplic Luvisols,46.546391687559506,2.9493976467387704,1216,RMQS1,"{""type"":""MultiPoint"",""coordinates"":[]}"
20200912T104629_20200912T105719_T31TDM_00000000000000000540_0,3366,2214,683,929,1230,1657,2265,2477,2713,2769,5,2020-09-12,Luvic Stagnosols,46.11602001349392,2.5305880344950036,1339,RMQS1,"{""type"":""MultiPoint"",""coordinates"":[]}"
20200912T104629_20200912T105719_T31TDM_000000000000000004b0_0,3340,2317,628,808,1010,1287,1812,2100,2344,2472,5,2020-09-12,Mollic Umbrisols,46.691268203764984,2.741840566757077,1175,RMQS1,"{""type"":""MultiPoint"",""coordinates"":[]}"
20200912T104629_20200912T105719_T31TDM_000000000000000004f7_0,3524,2537,802,1011,1272,1596,2152,2420,2541,2727,5,2020-09-12,Stagnic Luvisols,46.40392131704465,2.5316118780338015,1256,RMQS1,"{""type"":""MultiPoint"",""coordinates"":[]}"
20200912T104629_20200912T105719_T31TDM_000000000000000004f8_0,3475,2568,578,783,924,1579,2126,2451,2507,2787,5,2020-09-12,Umbric Leptosols,46.40337439332457,2.739697268260874,1257,RMQS1,"{""type"":""MultiPoint"",""coordinates"":[]}"
20200912T104629_20200912T105719_T31TDM_0000000000000000051b_0,2973,1879,788,1005,1232,1398,1997,2246,2509,2496,5,2020-09-12,Umbric Leptosols,46.259324719888895,1.9084859373164629,1295,RMQS1,"{""type"":""MultiPoint"",""coordinates"":[]}"
20200912T104629_20200912T105719_T31TDM_0000000000000000051c_0,3960,2679,845,1080,1358,1623,2218,2484,2841,2764,5,2020-09-12,Umbric Leptosols,46.25992056175498,2.1160209204130283,1296,RMQS1,"{""type"":""MultiPoint"",""coordinates"":[]}"
20200912T104629_20200912T105719_T31TDM_00000000000000000009_0,3600,2761,730,953,1306,1506,1800,2023,2300,2318,5,2020-09-12,Chromic Luvisols,46.3675,2.9111111099999993,66249,"{WD-eSOTER,WD-WISE}","{""type"":""MultiPoint"",""coordinates"":[]}"
20200912T104629_20200912T105719_T31TDN_0000000000000000006b_0,3742,3408,1254,1618,2000,2273,2745,2960,3153,3100,5,2020-09-12,Calcaric Fluvisols,47.51712916438218,2.9124227153317253,SIM92611,HWSDv2,"{""type"":""MultiPoint"",""coordinates"":[]}"
20200912T104629_20200912T105719_T31TDN_00000000000000000409_0,2791,1759,567,733,823,1044,1492,1668,1883,1897,5,2020-09-12,Albic Podzols,47.26592270272634,1.6889836071572726,996,RMQS1,"{""type"":""MultiPoint"",""coordinates"":[]}"
20200912T104629_20200912T105719_T31TDN_00000000000000000352_0,2384,1726,619,791,726,1399,2241,2612,3056,2650,5,2020-09-12,Calcaric Arenosols,47.84338994552523,2.3231668611929046,799,RMQS1,"{""type"":""MultiPoint"",""coordinates"":[]}"
20200912T104629_20200912T105719_T31TDN_00000000000000000436_0,2216,1651,569,775,949,1273,1616,1728,1816,1929,5,2020-09-12,Calcaric Cambisols,47.123640607401704,2.5342243250597987,1045,RMQS1,"{""type"":""MultiPoint"",""coordinates"":[]}"
20200912T104629_20200912T105719_T31TDN_0000000000000000045c_0,3555,2997,852,1214,1768,2026,2241,2435,2612,2595,5,2020-09-12,Calcaric Cambisols,46.97806314421428,1.6924498201961606,1085,RMQS1,"{""type"":""MultiPoint"",""coordinates"":[]}"
20200912T104629_20200912T105719_T31TDN_0000000000000000045e_0,3399,2326,844,1062,1264,1592,2048,2302,2442,2522,5,2020-09-12,Calcaric Cambisols,46.979654960882996,2.113066139748655,1087,RMQS1,"{""type"":""MultiPoint"",""coordinates"":[]}"
20200912T104629_20200912T105719_T31TDN_00000000000000000460_0,3526,2828,753,1122,1476,1948,2193,2425,2328,2579,5,2020-09-12,Calcaric Cambisols,46.97970429233507,2.533695643621074,1089,RMQS1,"{""type"":""MultiPoint"",""coordinates"":[]}"
20200912T104629_20200912T105719_T31TDN_000000000000000008c9_0,3317,2480,848,1030,1230,1564,2033,2316,2408,2627,5,2020-09-12,Dystric Cambisols,47.84255830040598,1.8956764547247618,10797,RMQS1,"{""type"":""MultiPoint"",""coordinates"":[]}"
20200912T104629_20200912T105719_T31TDN_00000000000000000351_0,2543,1955,901,1162,1510,1568,2140,2421,2410,2701,5,2020-09-12,Eutric Cambisols,47.843169868917435,2.1094201698833497,798,RMQS1,"{""type"":""MultiPoint"",""coordinates"":[]}"
20200912T104629_20200912T105719_T31TDN_00000000000000000354_0,3084,2073,716,950,1074,1544,2204,2498,2662,2806,5,2020-09-12,Eutric Cambisols,47.842655087619384,2.7506597579569654,801,RMQS1,"{""type"":""MultiPoint"",""coordinates"":[]}"
20200912T104629_20200912T105719_T31TDN_00000000000000000383_0,3377,2298,582,790,957,1214,1489,1711,1895,1914,5,2020-09-12,Eutric Cambisols,47.69949039246022,2.323203433676275,851,RMQS1,"{""type"":""MultiPoint"",""coordinates"":[]}"
20200912T104629_20200912T105719_T31TDN_00000000000000000386_0,3485,2158,766,922,1174,1525,1938,2165,2379,2523,5,2020-09-12,Eutric Cambisols,47.69780680148795,2.9626958627837903,854,RMQS1,"{""type"":""MultiPoint"",""coordinates"":[]}"
20200912T104629_20200912T105719_T31TDN_000000000000000003b5_0,3630,3125,1060,1402,1838,2071,2351,2539,2683,2694,5,2020-09-12,Eutric Cambisols,47.55390274742055,2.9610017841947456,906,RMQS1,"{""type"":""MultiPoint"",""coordinates"":[]}"
20200912T104629_20200912T105719_T31TDN_0000000000000000040a_0,3503,2544,1092,1342,1570,1737,2366,2616,2922,2937,5,2020-09-12,Eutric Cambisols,47.26691526786204,1.9004209607850338,997,RMQS1,"{""type"":""MultiPoint"",""coordinates"":[]}"
20200912T104629_20200912T105719_T31TDN_0000000000000000040f_0,2575,1943,752,1023,1206,1579,1976,2290,2318,2371,5,2020-09-12,Eutric Cambisols,47.26607029067076,2.957639518006341,1002,RMQS1,"{""type"":""MultiPoint"",""coordinates"":[]}"
20200912T104629_20200912T105719_T31TDN_00000000000000000432_0,3738,2528,836,1082,1414,1815,2254,2541,2701,2849,5,2020-09-12,Eutric Cambisols,47.121995805732524,1.69072149454457,1041,RMQS1,"{""type"":""MultiPoint"",""coordinates"":[]}"
20200912T104629_20200912T105719_T31TDN_0000000000000000045f_0,3764,2802,925,1262,1740,2091,2434,2679,2856,2956,5,2020-09-12,Eutric Cambisols,46.979872395224476,2.3233806506173393,1088,RMQS1,"{""type"":""MultiPoint"",""coordinates"":[]}"
20200912T104629_20200912T105719_T31TDN_00000000000000000355_0,3354,2520,651,926,1050,1443,2224,2475,3130,2924,5,2020-09-12,Eutric Planosols,47.84170205083067,2.964398308512684,802,RMQS1,"{""type"":""MultiPoint"",""coordinates"":[]}"
20200912T104629_20200912T105719_T31TDN_00000000000000000381_0,4957,4393,2154,2644,3276,2788,3203,3453,4531,3912,5,2020-09-12,Eutric Planosols,47.698660425916756,1.8968722804991947,849,RMQS1,"{""type"":""MultiPoint"",""coordinates"":[]}"
20200912T104629_20200912T105719_T31TDN_00000000000000000384_0,2909,2171,799,996,1086,1456,2100,2258,2810,2594,5,2020-09-12,Eutric Planosols,47.69931950140868,2.536370775781721,852,RMQS1,"{""type"":""MultiPoint"",""coordinates"":[]}"
20200912T104629_20200912T105719_T31TDN_00000000000000000350_0,3317,2480,848,1030,1230,1564,2033,2316,2408,2627,5,2020-09-12,Haplic Luvisols,47.84255830040598,1.8956764547247618,797,RMQS1,"{""type"":""MultiPoint"",""coordinates"":[]}"
20200912T104629_20200912T105719_T31TDN_000000000000000003e1_0,4087,2830,1350,1704,2094,2626,3143,3414,3642,3717,5,2020-09-12,Luvic Cambisols,47.4114954439109,2.535292013761814,955,RMQS1,"{""type"":""MultiPoint"",""coordinates"":[]}"
20200912T104629_20200912T105719_T31TDN_0000000000000000034f_0,3592,3255,1110,1470,1920,2199,2317,2522,2663,2705,5,2020-09-12,Mollic Umbrisols,47.84155543400575,1.681939134662969,796,RMQS1,"{""type"":""MultiPoint"",""coordinates"":[]}"
20200912T104629_20200912T105719_T31TDN_00000000000000000433_0,4108,3634,1088,1524,1990,2447,2596,2767,2766,2939,5,2020-09-12,Regosols (Colluvic),47.122986100947585,1.9015909191264737,1042,RMQS1,"{""type"":""MultiPoint"",""coordinates"":[]}"
20200912T104629_20200912T105719_T31TDN_00000000000000000461_0,3313,2317,691,935,1120,1472,1967,2160,2250,2406,5,2020-09-12,Rendzic Leptosols,46.97915101430345,2.744008107875012,1090,RMQS1,"{""type"":""MultiPoint"",""coordinates"":[]}"
20200912T104629_20200912T105719_T31TEK_0000000000000000069e_0,2565,1839,719,872,1062,1361,1742,1929,2004,2144,5,2020-09-12,Umbric Leptosols,44.81624720276049,3.334865958884358,1715,RMQS1,"{""type"":""MultiPoint"",""coordinates"":[]}"
20200912T104629_20200912T105719_T31TEL_00000000000000000590_0,2237,2071,733,910,1204,1625,1654,1944,1998,1853,5,2020-09-12,Eutric Cambisols,45.82536654174085,3.14727434954861,1425,RMQS1,"{""type"":""MultiPoint"",""coordinates"":[]}"
20200912T104629_20200912T105719_T31TEL_000000000000000005d8_0,2412,1871,487,818,835,1451,2111,2484,3016,2777,5,2020-09-12,Haplic Vertisols,45.53749059550481,3.1430513588344695,1506,RMQS1,"{""type"":""MultiPoint"",""coordinates"":[]}"
20200912T104629_20200912T105719_T31TEL_0000000000000000056b_0,1949,1359,435,614,775,951,1196,1328,1524,1582,5,2020-09-12,Regosols (Colluvic),45.96763063983362,3.355823049470566,1385,RMQS1,"{""type"":""MultiPoint"",""coordinates"":[]}"
20200912T104629_20200912T105719_T31TEL_00000000000000000591_0,2562,1849,863,1152,1490,1717,1875,2085,2160,2377,5,2020-09-12,Regosols (Colluvic),45.82369394842808,3.353154862632251,1426,RMQS1,"{""type"":""MultiPoint"",""coordinates"":[]}"
20200912T104629_20200912T105719_T31TEL_000000000000000005b2_0,2417,1935,837,1080,1258,1556,2102,2310,2328,2452,5,2020-09-12,Regosols (Colluvic),45.681427208986456,3.1451570403686984,1465,RMQS1,"{""type"":""MultiPoint"",""coordinates"":[]}"
20200912T104629_20200912T105719_T31TEL_00000000000000000592_0,3039,1993,559,822,1042,1412,1923,2163,2324,2450,5,2020-09-12,Stagnic Gleysols,45.82164445251886,3.559022515471215,1427,RMQS1,"{""type"":""MultiPoint"",""coordinates"":[]}"
20200912T104629_20200912T105719_T31TEM_0000000000000000005d_0,4156,2943,805,1001,1376,1694,2105,2360,2574,2719,5,2020-09-12,Dystric Cambisols,46.72236823472247,4.04957637442354,SIM25904,HWSDv2,"{""type"":""MultiPoint"",""coordinates"":[]}"
20200912T104629_20200912T105719_T31TEM_000000000000000004d7_0,2237,1507,623,902,1072,1444,1916,2178,2236,2383,5,2020-09-12,Calcaric Cambisols,46.5450787191567,3.1580218533469955,1217,RMQS1,"{""type"":""MultiPoint"",""coordinates"":[]}"
20200912T104629_20200912T105719_T31TEM_000000000000000004b6_0,3945,2685,840,1126,1520,1835,2238,2434,2634,2760,5,2020-09-12,Eutric Cambisols,46.67992314864527,3.9967805513984263,1181,RMQS1,"{""type"":""MultiPoint"",""coordinates"":[]}"
20200912T104629_20200912T105719_T31TEM_000000000000000004b5_0,3711,2845,829,1060,1390,1589,1963,2246,2500,2585,5,2020-09-12,Eutric Planosols,46.68277144268723,3.787666472046673,1180,RMQS1,"{""type"":""MultiPoint"",""coordinates"":[]}"
20200912T104629_20200912T105719_T31TEM_00000000000000000523_0,3954,2905,915,1196,1610,1945,2263,2487,2896,2971,5,2020-09-12,Eutric Planosols,46.253442299898516,3.5686996575366936,1303,RMQS1,"{""type"":""MultiPoint"",""coordinates"":[]}"
20200912T104629_20200912T105719_T31TEM_000000000000000008d5_0,4052,3055,874,1104,1402,1706,2063,2269,2534,2647,5,2020-09-12,Eutric Planosols,46.832955360495376,3.162404385466637,11136,RMQS1,"{""type"":""MultiPoint"",""coordinates"":[]}"
20200912T104629_20200912T105719_T31TEM_000000000000000004da_0,4134,3105,972,1260,1736,1987,2166,2372,2546,2704,5,2020-09-12,Eutric Stagnosols,46.53884808772313,3.7838164892692934,1220,RMQS1,"{""type"":""MultiPoint"",""coordinates"":[]}"
20200912T104629_20200912T105719_T31TEM_00000000000000000545_0,3576,2447,561,824,1126,1494,2136,2413,2526,2815,5,2020-09-12,Eutric Stagnosols,46.109508719803586,3.565456671920217,1344,RMQS1,"{""type"":""MultiPoint"",""coordinates"":[]}"
20200912T104629_20200912T105719_T31TEM_0000000000000000048b_0,2778,1893,744,920,1124,1253,1796,2044,2316,2331,5,2020-09-12,Fluvic Cambisols,46.831251387488024,3.3721316094561504,1137,RMQS1,"{""type"":""MultiPoint"",""coordinates"":[]}"
20200912T104629_20200912T105719_T31TEM_000000000000000004fe_0,3821,2906,797,1064,1448,1758,1974,2154,2376,2460,5,2020-09-12,Fluvic Cambisols,46.39208995758754,3.987995703885363,1263,RMQS1,"{""type"":""MultiPoint"",""coordinates"":[]}"
20200912T104629_20200912T105719_T31TEM_000000000000000004b4_0,3372,2689,984,1352,1706,2040,2560,2885,3012,3217,5,2020-09-12,Haplic Luvisols,46.6852369563891,3.578530612144559,1179,RMQS1,"{""type"":""MultiPoint"",""coordinates"":[]}"
20200912T104629_20200912T105719_T31TEM_000000000000000004fc_0,3929,2631,693,911,1336,1637,1957,2192,2404,2572,5,2020-09-12,Haplic Luvisols,46.39737543877537,3.571959357479718,1261,RMQS1,"{""type"":""MultiPoint"",""coordinates"":[]}"
20200912T104629_20200912T105719_T31TEM_000000000000000004fd_0,3678,2521,651,912,1134,1510,2139,2443,2556,2755,5,2020-09-12,Luvic Stagnosols (Ruptic),46.39492308751163,3.7799878647677483,1262,RMQS1,"{""type"":""MultiPoint"",""coordinates"":[]}"
20200912T104629_20200912T105719_T31TEM_000000000000000004d9_0,3845,2682,825,1018,1500,1689,1895,2111,2336,2491,5,2020-09-12,Mollic Umbrisols,46.541307234339925,3.575235904485403,1219,RMQS1,"{""type"":""MultiPoint"",""coordinates"":[]}"
20200912T104629_20200912T105719_T31TEM_00000000000000000521_0,2554,1961,819,1136,1556,1600,1934,2131,2238,2326,5,2020-09-12,Mollic Umbrisols,46.25719372691628,3.15368891738102,1301,RMQS1,"{""type"":""MultiPoint"",""coordinates"":[]}"
20200912T104629_20200912T105719_T31TEM_0000000000000000056b_0,1944,1355,429,610,774,948,1185,1318,1512,1571,5,2020-09-12,Regosols (Colluvic),45.96763063983362,3.355823049470566,1385,RMQS1,"{""type"":""MultiPoint"",""coordinates"":[]}"
20200912T104629_20200912T105719_T31TEM_0000000000000000048a_0,4052,3055,874,1104,1402,1706,2063,2269,2534,2647,5,2020-09-12,Stagnic Gleysols,46.832955360495376,3.162404385466637,1136,RMQS1,"{""type"":""MultiPoint"",""coordinates"":[]}"
20200912T104629_20200912T105719_T31TEM_0000000000000000048d_0,4243,3155,870,1066,1392,1748,1990,2223,2406,2551,5,2020-09-12,Stagnic Gleysols,46.82669251741433,3.7915377253001425,1139,RMQS1,"{""type"":""MultiPoint"",""coordinates"":[]}"
20200912T104629_20200912T105719_T31TEM_00000000000000000023_0,3585,2235,529,761,993,1629,2327,2742,2834,3119,5,2020-09-12,Chromic Luvisols,46.3875,3.22916667,66246,"{WD-eSOTER,WD-WISE}","{""type"":""MultiPoint"",""coordinates"":[]}"
20200912T104629_20200912T105719_T31TEM_0000000000000000000c_0,2875,2040,792,1017,1400,1609,1686,1809,1942,2049,5,2020-09-12,Haplic Vertisols,46.32222222,3.46388889,68777,"{WD-eSOTER,WD-WISE}","{""type"":""MultiPoint"",""coordinates"":[]}"
20200912T104629_20200912T105719_T31TEN_0000000000000000007c_0,3756,3009,1050,1422,1778,2083,2469,2669,2776,2830,5,2020-09-12,Calcaric Cambisols,47.676614112368384,4.047817177848944,SIM59109,HWSDv2,"{""type"":""MultiPoint"",""coordinates"":[]}"
20200912T104629_20200912T105719_T31TEN_00000000000000000084_0,3489,2821,744,1216,1710,2015,2293,2493,2734,2866,5,2020-09-12,Eutric Cambisols,47.11452367322506,3.6127323073983724,SIM87770,HWSDv2,"{""type"":""MultiPoint"",""coordinates"":[]}"
20200912T104629_20200912T105719_T31TEN_0000000000000000038c_0,4282,3773,776,1332,1896,2288,2568,2771,2814,2945,5,2020-09-12,Calcaric Cambisols,47.683907057906545,4.241339670233422,860,RMQS1,"{""type"":""MultiPoint"",""coordinates"":[]}"
20200912T104629_20200912T105719_T31TEN_000000000000000003b7_0,1884,1224,587,697,752,990,1720,1933,1400,1991,5,2020-09-12,Calcaric Cambisols,47.550837746461816,3.386133454800718,908,RMQS1,"{""type"":""MultiPoint"",""coordinates"":[]}"
20200912T104629_20200912T105719_T31TEN_00000000000000000464_0,3274,2491,720,1166,1498,1678,2140,2478,2566,2685,5,2020-09-12,Calcaric Cambisols,46.97517963642519,3.3749014626727494,1093,RMQS1,"{""type"":""MultiPoint"",""coordinates"":[]}"
20200912T104629_20200912T105719_T31TEN_00000000000000000413_0,3587,2662,633,842,1003,1446,1871,2104,2320,2427,5,2020-09-12,Dystric Cambisols,47.25842706076886,3.8032742533259207,1006,RMQS1,"{""type"":""MultiPoint"",""coordinates"":[]}"
20200912T104629_20200912T105719_T31TEN_0000000000000000035c_0,3403,3086,755,1130,1670,1918,2070,2225,2258,2395,5,2020-09-12,Eutric Cambisols,47.82407340617893,4.4601231189041926,809,RMQS1,"{""type"":""MultiPoint"",""coordinates"":[]}"
20200912T104629_20200912T105719_T31TEN_0000000000000000038a_0,2848,2351,880,1174,1580,1800,1969,2122,2175,2164,5,2020-09-12,Eutric Cambisols,47.69010033133988,3.81520383273741,858,RMQS1,"{""type"":""MultiPoint"",""coordinates"":[]}"
20200912T104629_20200912T105719_T31TEN_000000000000000003e4_0,3710,2826,901,1252,1682,2062,2378,2597,2834,2811,5,2020-09-12,Eutric Cambisols,47.40865578006737,3.171315212024671,958,RMQS1,"{""type"":""MultiPoint"",""coordinates"":[]}"
20200912T104629_20200912T105719_T31TEN_000000000000000003e5_0,3020,2285,717,1094,1520,1729,1917,2022,2076,2102,5,2020-09-12,Eutric Cambisols,47.40693357261238,3.3833017951649333,959,RMQS1,"{""type"":""MultiPoint"",""coordinates"":[]}"
20200912T104629_20200912T105719_T31TEN_000000000000000003e6_0,3017,2602,692,1172,1632,1853,2026,2220,2374,2315,5,2020-09-12,Eutric Cambisols,47.404823861309914,3.5952738799570167,960,RMQS1,"{""type"":""MultiPoint"",""coordinates"":[]}"
20200912T104629_20200912T105719_T31TEN_00000000000000000466_0,3749,2721,708,912,1122,1512,2066,2386,2604,2646,5,2020-09-12,Eutric Cambisols,46.970609509695926,3.795429354009069,1095,RMQS1,"{""type"":""MultiPoint"",""coordinates"":[]}"
20200912T104629_20200912T105719_T31TEN_000000000000000008ce_0,3587,2662,633,842,1003,1446,1871,2104,2320,2427,5,2020-09-12,Eutric Cambisols,47.25842706076886,3.8032742533259207,11006,RMQS1,"{""type"":""MultiPoint"",""coordinates"":[]}"
20200912T104629_20200912T105719_T31TEN_00000000000000000463_0,2830,2301,954,1132,1158,1633,2126,2223,2148,2450,5,2020-09-12,Fluvic Cambisols,46.976888260905774,3.1646134293807,1092,RMQS1,"{""type"":""MultiPoint"",""coordinates"":[]}"
20200912T104629_20200912T105719_T31TEN_00000000000000000412_0,3296,2162,647,888,1098,1334,1957,2222,2752,2499,5,2020-09-12,Fluvic Stagnosols,47.26091804366116,3.591889752988152,1005,RMQS1,"{""type"":""MultiPoint"",""coordinates"":[]}"
20200912T104629_20200912T105719_T31TEN_000000000000000003bb_0,4267,3659,1220,1718,2170,2508,2665,2804,2893,3006,5,2020-09-12,Luvic Stagnosols,47.54004028028161,4.236190387376669,912,RMQS1,"{""type"":""MultiPoint"",""coordinates"":[]}"
20200912T104629_20200912T105719_T31TEN_00000000000000000357_0,2708,2339,906,1272,1538,1699,1844,1909,1976,1986,5,2020-09-12,Regosols (Colluvic),47.83862082138957,3.39184320342842,804,RMQS1,"{""type"":""MultiPoint"",""coordinates"":[]}"
20200912T104629_20200912T105719_T31TEN_00000000000000000359_0,3075,2089,813,1004,1088,1589,2280,2585,2600,2755,5,2020-09-12,Rendzic Leptosols,47.83397449347843,3.819224578897194,806,RMQS1,"{""type"":""MultiPoint"",""coordinates"":[]}"
20200912T104629_20200912T105719_T31TEN_000000000000000003b8_0,4150,3543,1060,1438,2024,2610,2732,2891,2654,3034,5,2020-09-12,Rendzic Leptosols,47.54872203789853,3.598677838598693,909,RMQS1,"{""type"":""MultiPoint"",""coordinates"":[]}"
20200912T104629_20200912T105719_T31TEN_00000000000000000465_0,4143,3803,1328,1858,2394,2781,2896,3091,3098,3265,5,2020-09-12,Stagnic Gleysols,46.97308682231077,3.585174830835298,1094,RMQS1,"{""type"":""MultiPoint"",""coordinates"":[]}"
20200912T104629_20200912T105719_T31TEN_0000000000000000043c_0,3877,3013,807,979,1318,1560,1807,1954,2122,2248,5,2020-09-12,Umbric Leptosols,47.114521329209076,3.79934138714766,1051,RMQS1,"{""type"":""MultiPoint"",""coordinates"":[]}"
20200912T104629_20200912T105719_T31TFN_0000000000000000035c_0,3388,3073,781,1140,1666,1915,2070,2221,2252,2389,5,2020-09-12,Eutric Cambisols,47.82407340617893,4.4601231189041926,809,RMQS1,"{""type"":""MultiPoint"",""coordinates"":[]}"
20200912T104629_20200912T105719_T31UCP_0000000000000000031b_0,3635,2845,1092,1448,1920,2057,2360,2497,2720,2698,5,2020-09-12,Calcaric Cambisols,47.98404183296344,1.4658440887727766,740,RMQS1,"{""type"":""MultiPoint"",""coordinates"":[]}"
20200912T104629_20200912T105719_T31UCP_00000000000000000203_0,4055,3688,1246,1648,2126,2418,2668,2805,2974,3036,5,2020-09-12,Eutric Cambisols,48.701441663313894,1.2365494017005343,447,RMQS1,"{""type"":""MultiPoint"",""coordinates"":[]}"
20200912T104629_20200912T105719_T31UCP_0000000000000000023e_0,3883,2948,1052,1428,1734,2256,2686,2900,3072,3135,5,2020-09-12,Eutric Cambisols,48.56085542396343,1.6729155469005188,509,RMQS1,"{""type"":""MultiPoint"",""coordinates"":[]}"
20200912T104629_20200912T105719_T31UCP_00000000000000000271_0,3453,2449,755,912,974,1382,2050,2342,2656,2633,5,2020-09-12,Eutric Cambisols,48.409010134253464,0.8105253793290838,563,RMQS1,"{""type"":""MultiPoint"",""coordinates"":[]}"
20200912T104629_20200912T105719_T31UCP_00000000000000000274_0,3617,2851,1324,1696,2172,2393,2835,2977,3106,3258,5,2020-09-12,Eutric Cambisols,48.41561194192563,1.458662749206642,566,RMQS1,"{""type"":""MultiPoint"",""coordinates"":[]}"
20200912T104629_20200912T105719_T31UCP_000000000000000002e4_0,2903,1785,655,819,933,1240,1865,2123,2266,2403,5,2020-09-12,Eutric Cambisols,48.12791125109735,1.4634633376189836,683,RMQS1,"{""type"":""MultiPoint"",""coordinates"":[]}"
20200912T104629_20200912T105719_T31UCP_00000000000000000317_0,4405,3837,1254,1762,2308,2575,2856,3087,3334,3314,5,2020-09-12,Eutric Cambisols,47.97452533653467,0.608767793538443,736,RMQS1,"{""type"":""MultiPoint"",""coordinates"":[]}"
20200912T104629_20200912T105719_T31UCP_00000000000000000202_0,2941,2341,1022,1360,1686,1858,2163,2334,2596,2501,5,2020-09-12,Eutric Retisols,48.69922952521517,1.0193074302902678,446,RMQS1,"{""type"":""MultiPoint"",""coordinates"":[]}"
20200912T104629_20200912T105719_T31UCP_00000000000000000272_0,3256,2557,1556,1840,1944,2330,2851,3183,2886,3373,5,2020-09-12,Eutric Retisols,48.411606154539754,1.0265529667530489,564,RMQS1,"{""type"":""MultiPoint"",""coordinates"":[]}"
20200912T104629_20200912T105719_T31UCP_000000000000000002aa_0,4226,3859,893,1432,1502,2725,3072,3281,3278,3535,5,2020-09-12,Eutric Retisols,48.267773070968104,1.0301448294912523,623,RMQS1,"{""type"":""MultiPoint"",""coordinates"":[]}"
20200912T104629_20200912T105719_T31UCP_000000000000000002e2_0,3481,2556,745,973,1228,1454,1822,2085,2336,2389,5,2020-09-12,Eutric Retisols,48.123926965867774,1.0337162685273735,681,RMQS1,"{""type"":""MultiPoint"",""coordinates"":[]}"
20200912T104629_20200912T105719_T31UCP_00000000000000000275_0,3907,3376,1274,1692,2154,2427,2903,3079,3216,3274,5,2020-09-12,Haplic Luvisols,48.41702172942115,1.6747395099090712,567,RMQS1,"{""type"":""MultiPoint"",""coordinates"":[]}"
20200912T104629_20200912T105719_T31UCP_00000000000000000319_0,3434,3060,759,1007,1406,2051,2451,2640,2420,3015,5,2020-09-12,Haplic Luvisols,47.98006859464599,1.0372677251420688,738,RMQS1,"{""type"":""MultiPoint"",""coordinates"":[]}"
20200912T104629_20200912T105719_T31UCP_00000000000000000273_0,3341,2720,1688,1972,2284,2450,2605,2710,2790,2788,5,2020-09-12,Luvic Cambisols,48.413806679517975,1.24259966485196,565,RMQS1,"{""type"":""MultiPoint"",""coordinates"":[]}"
20200912T104629_20200912T105719_T31UCP_000000000000000002ac_0,4207,3624,1156,1692,2232,2745,3164,3366,3550,3544,5,2020-09-12,Luvic Cambisols,48.271768171952196,1.4610694163442626,625,RMQS1,"{""type"":""MultiPoint"",""coordinates"":[]}"
20200912T104629_20200912T105719_T31UCP_000000000000000002ad_0,4064,3298,972,1300,1772,2264,2453,2558,2474,2805,5,2020-09-12,Luvic Cambisols,48.273173775874774,1.6765533442912048,626,RMQS1,"{""type"":""MultiPoint"",""coordinates"":[]}"
20200912T104629_20200912T105719_T31UCP_0000000000000000034d_0,3055,2407,805,964,1128,1599,2103,2142,1992,2417,5,2020-09-12,Luvic Cambisols,47.83837519938972,1.254497652282048,794,RMQS1,"{""type"":""MultiPoint"",""coordinates"":[]}"
20200912T104629_20200912T105719_T31UCP_000000000000000002a9_0,3715,3077,1086,1362,1656,1871,2246,2584,2684,2834,5,2020-09-12,Luvic Stagnosols,48.265183822455356,0.8147095500113787,622,RMQS1,"{""type"":""MultiPoint"",""coordinates"":[]}"
20200912T104629_20200912T105719_T31UCP_000000000000000002ab_0,4403,3589,1188,1604,2210,2491,2685,2934,3164,3168,5,2020-09-12,Luvic Stagnosols,48.2699679529574,1.2455987878276893,624,RMQS1,"{""type"":""MultiPoint"",""coordinates"":[]}"
20200912T104629_20200912T105719_T31UCP_0000000000000000034a_0,4356,3626,1176,1546,1990,2279,2479,2680,2902,2945,5,2020-09-12,Luvic Stagnosols,47.83066980746326,0.6134648025979296,791,RMQS1,"{""type"":""MultiPoint"",""coordinates"":[]}"
20200912T104629_20200912T105719_T31UCP_0000000000000000031c_0,3075,2552,965,1282,1698,1941,2058,2247,2414,2370,5,2020-09-12,Mollic Umbrisols,47.98543984274541,1.6801538816928248,741,RMQS1,"{""type"":""MultiPoint"",""coordinates"":[]}"
20200912T104629_20200912T105719_T31UCP_0000000000000000034f_0,3608,3273,1082,1456,1920,2207,2331,2535,2678,2718,5,2020-09-12,Mollic Umbrisols,47.84155543400575,1.681939134662969,796,RMQS1,"{""type"":""MultiPoint"",""coordinates"":[]}"
20200912T104629_20200912T105719_T31UCP_000000000000000002e5_0,3830,2585,957,1260,1768,2071,2368,2536,2764,2894,5,2020-09-12,Rendzic Leptosols,48.129312960797584,1.6783584655939348,684,RMQS1,"{""type"":""MultiPoint"",""coordinates"":[]}"
20200912T104629_20200912T105719_T31UCQ_0000000000000000019c_0,4087,4054,982,1400,1958,2198,2340,2485,2644,2714,5,2020-09-12,Eutric Cambisols,48.9890140623296,1.2304298587690576,328,RMQS1,"{""type"":""MultiPoint"",""coordinates"":[]}"
20200912T104629_20200912T105719_T31UCQ_000000000000000001cd_0,3600,3494,1130,1384,1720,2051,2191,2413,2310,2594,5,2020-09-12,Eutric Cambisols,48.843018131050385,1.0156540889892636,385,RMQS1,"{""type"":""MultiPoint"",""coordinates"":[]}"
20200912T104629_20200912T105719_T31UCQ_00000000000000000203_0,4037,3682,1248,1644,2122,2406,2649,2785,2958,3023,5,2020-09-12,Eutric Cambisols,48.701441663313894,1.2365494017005343,447,RMQS1,"{""type"":""MultiPoint"",""coordinates"":[]}"
20200912T104629_20200912T105719_T31UCQ_00000000000000000202_0,2959,2368,1036,1376,1698,1889,2180,2347,2586,2516,5,2020-09-12,Eutric Retisols,48.69922952521517,1.0193074302902678,446,RMQS1,"{""type"":""MultiPoint"",""coordinates"":[]}"
20200912T104629_20200912T105719_T31UCQ_00000000000000000128_0,5013,4423,2098,2410,2654,3211,3791,4139,4380,4377,5,2020-09-12,Luvic Cambisols,49.42207764226659,1.4414246711124157,195,RMQS1,"{""type"":""MultiPoint"",""coordinates"":[]}"
20200912T104629_20200912T105719_T31UCQ_0000000000000000014e_0,4259,3748,1462,1736,2160,2552,2675,2851,2958,3033,5,2020-09-12,Luvic Cambisols,49.279783234787686,1.6636314749754055,235,RMQS1,"{""type"":""MultiPoint"",""coordinates"":[]}"
20200912T104629_20200912T105719_T31UCQ_000000000000000001ce_0,3957,3519,1007,1508,2048,2406,2611,2835,2908,3003,5,2020-09-12,Luvic Cambisols,48.84523623220538,1.233498240194126,386,RMQS1,"{""type"":""MultiPoint"",""coordinates"":[]}"
20200912T104629_20200912T105719_T31UDP_00000000000000000071_0,3534,3170,1072,1456,1840,2124,2336,2512,2636,2646,5,2020-09-12,Eutric Cambisols,48.5995654995664,2.512561932350915,SIM42232,HWSDv2,"{""type"":""MultiPoint"",""coordinates"":[]}"
20200912T104629_20200912T105719_T31UDP_00000000000000000352_0,2379,1715,593,774,713,1385,2235,2605,3074,2639,5,2020-09-12,Calcaric Arenosols,47.84338994552523,2.3231668611929046,799,RMQS1,"{""type"":""MultiPoint"",""coordinates"":[]}"
20200912T104629_20200912T105719_T31UDP_0000000000000000020b_0,3451,2984,869,1232,1666,1879,2228,2479,2473,2745,5,2020-09-12,Calcaric Cambisols,48.704826134191606,2.974812554703716,455,RMQS1,"{""type"":""MultiPoint"",""coordinates"":[]}"
20200912T104629_20200912T105719_T31UDP_00000000000000000276_0,3327,2855,901,1326,1780,1979,2085,2242,2425,2392,5,2020-09-12,Calcaric Cambisols,48.418035746824685,1.8908275052152994,568,RMQS1,"{""type"":""MultiPoint"",""coordinates"":[]}"
20200912T104629_20200912T105719_T31UDP_0000000000000000027b_0,3676,2902,922,1212,1630,1980,2314,2489,2640,2690,5,2020-09-12,Calcaric Cambisols,48.41717099961288,2.9713017936535744,573,RMQS1,"{""type"":""MultiPoint"",""coordinates"":[]}"
20200912T104629_20200912T105719_T31UDP_000000000000000002ae_0,3381,2872,971,1378,1888,2141,2308,2501,2634,2628,5,2020-09-12,Calcaric Cambisols,48.27418519339707,1.8920484065068364,627,RMQS1,"{""type"":""MultiPoint"",""coordinates"":[]}"
20200912T104629_20200912T105719_T31UDP_000000000000000002af_0,2467,2419,983,1204,1264,1678,1831,2083,2430,2238,5,2020-09-12,Calcaric Cambisols,48.274802304958676,2.1075512406430126,628,RMQS1,"{""type"":""MultiPoint"",""coordinates"":[]}"
20200912T104629_20200912T105719_T31UDP_000000000000000002b1_0,3746,2997,1078,1460,2020,2275,2513,2748,2930,2943,5,2020-09-12,Calcaric Cambisols,48.27485100267507,2.5385623357130096,630,RMQS1,"{""type"":""MultiPoint"",""coordinates"":[]}"
20200912T104629_20200912T105719_T31UDP_000000000000000002e8_0,4694,3727,1388,1868,2436,2820,3098,3337,3586,3626,5,2020-09-12,Calcaric Cambisols,48.13115799145747,2.3230934450304686,687,RMQS1,"{""type"":""MultiPoint"",""coordinates"":[]}"
20200912T104629_20200912T105719_T31UDP_000000000000000002e9_0,4128,3301,1130,1580,2060,2347,2619,2849,3122,3072,5,2020-09-12,Calcaric Cambisols,48.13098489367784,2.5380099326487655,688,RMQS1,"{""type"":""MultiPoint"",""coordinates"":[]}"
20200912T104629_20200912T105719_T31UDP_00000000000000000321_0,2672,2317,869,1088,1396,1476,1731,1892,2194,2030,5,2020-09-12,Calcaric Cambisols,47.9865426602432,2.7517886582102737,746,RMQS1,"{""type"":""MultiPoint"",""coordinates"":[]}"
20200912T104629_20200912T105719_T31UDP_000000000000000008c9_0,3340,2493,826,1019,1228,1568,2039,2325,2416,2640,5,2020-09-12,Dystric Cambisols,47.84255830040598,1.8956764547247618,10797,RMQS1,"{""type"":""MultiPoint"",""coordinates"":[]}"
20200912T104629_20200912T105719_T31UDP_0000000000000000023e_0,3881,2944,1068,1432,1736,2257,2685,2902,3076,3135,5,2020-09-12,Eutric Cambisols,48.56085542396343,1.6729155469005188,509,RMQS1,"{""type"":""MultiPoint"",""coordinates"":[]}"
20200912T104629_20200912T105719_T31UDP_000000000000000002b3_0,3489,2585,912,1280,1554,1815,2371,2699,2866,2963,5,2020-09-12,Eutric Cambisols,48.273322210503906,2.969561794251821,632,RMQS1,"{""type"":""MultiPoint"",""coordinates"":[]}"
20200912T104629_20200912T105719_T31UDP_000000000000000002e7_0,3376,2914,1122,1500,2014,2314,2356,2507,2596,2679,5,2020-09-12,Eutric Cambisols,48.13093680610043,2.108177321905969,686,RMQS1,"{""type"":""MultiPoint"",""coordinates"":[]}"
20200912T104629_20200912T105719_T31UDP_000000000000000002eb_0,5566,4808,2180,2762,3470,3936,4396,4631,4880,4972,5,2020-09-12,Eutric Cambisols,48.12946045767385,2.967831265015268,690,RMQS1,"{""type"":""MultiPoint"",""coordinates"":[]}"
20200912T104629_20200912T105719_T31UDP_00000000000000000320_0,2977,2334,716,1064,1378,1576,1692,1842,1982,1969,5,2020-09-12,Eutric Cambisols,47.98710685394267,2.5374606452271022,745,RMQS1,"{""type"":""MultiPoint"",""coordinates"":[]}"
20200912T104629_20200912T105719_T31UDP_00000000000000000351_0,2553,1961,881,1156,1508,1567,2145,2432,2419,2717,5,2020-09-12,Eutric Cambisols,47.843169868917435,2.1094201698833497,798,RMQS1,"{""type"":""MultiPoint"",""coordinates"":[]}"
20200912T104629_20200912T105719_T31UDP_00000000000000000354_0,3085,2072,689,937,1070,1537,2200,2497,2670,2799,5,2020-09-12,Eutric Cambisols,47.842655087619384,2.7506597579569654,801,RMQS1,"{""type"":""MultiPoint"",""coordinates"":[]}"
20200912T104629_20200912T105719_T31UDP_0000000000000000031d_0,3503,2342,800,940,1226,1543,1845,2067,2150,2294,5,2020-09-12,Eutric Planosols,47.98644564029198,1.8944738375183001,742,RMQS1,"{""type"":""MultiPoint"",""coordinates"":[]}"
20200912T104629_20200912T105719_T31UDP_0000000000000000031e_0,3214,2201,616,756,858,1390,2121,2386,2584,2760,5,2020-09-12,Eutric Planosols,47.98705892971446,2.108800514791813,743,RMQS1,"{""type"":""MultiPoint"",""coordinates"":[]}"
20200912T104629_20200912T105719_T31UDP_00000000000000000355_0,3369,2527,617,902,1036,1435,2234,2484,3147,2940,5,2020-09-12,Eutric Planosols,47.84170205083067,2.964398308512684,802,RMQS1,"{""type"":""MultiPoint"",""coordinates"":[]}"
20200912T104629_20200912T105719_T31UDP_0000000000000000020a_0,3828,3224,1056,1440,1932,2197,2313,2479,2670,2703,5,2020-09-12,Haplic Luvisols,48.70579528894485,2.7575282555298437,454,RMQS1,"{""type"":""MultiPoint"",""coordinates"":[]}"
20200912T104629_20200912T105719_T31UDP_0000000000000000023f_0,3908,3309,1092,1452,1874,2232,2516,2718,2854,2939,5,2020-09-12,Haplic Luvisols,48.56187240436339,1.8895991857404957,510,RMQS1,"{""type"":""MultiPoint"",""coordinates"":[]}"
20200912T104629_20200912T105719_T31UDP_00000000000000000275_0,3905,3374,1288,1698,2158,2429,2905,3081,3211,3275,5,2020-09-12,Haplic Luvisols,48.41702172942115,1.6747395099090712,567,RMQS1,"{""type"":""MultiPoint"",""coordinates"":[]}"
20200912T104629_20200912T105719_T31UDP_00000000000000000278_0,3765,2888,1088,1488,2128,2142,2445,2573,3423,2941,5,2020-09-12,Haplic Luvisols,48.418877511932216,2.3230202148648296,570,RMQS1,"{""type"":""MultiPoint"",""coordinates"":[]}"
20200912T104629_20200912T105719_T31UDP_00000000000000000350_0,3340,2493,826,1019,1228,1568,2039,2325,2416,2640,5,2020-09-12,Haplic Luvisols,47.84255830040598,1.8956764547247618,797,RMQS1,"{""type"":""MultiPoint"",""coordinates"":[]}"
20200912T104629_20200912T105719_T31UDP_00000000000000000209_0,2038,1672,835,976,1078,1496,2028,2338,1969,2349,5,2020-09-12,Luvic Cambisols,48.70636671812621,2.5402378321558636,453,RMQS1,"{""type"":""MultiPoint"",""coordinates"":[]}"
20200912T104629_20200912T105719_T31UDP_00000000000000000277_0,4037,3612,1212,1720,2318,2583,2694,2852,3019,3013,5,2020-09-12,Luvic Cambisols,48.41865449696645,2.1069223823788863,569,RMQS1,"{""type"":""MultiPoint"",""coordinates"":[]}"
20200912T104629_20200912T105719_T31UDP_000000000000000002ad_0,4063,3297,991,1314,1786,2265,2454,2557,2488,2804,5,2020-09-12,Luvic Cambisols,48.273173775874774,1.6765533442912048,626,RMQS1,"{""type"":""MultiPoint"",""coordinates"":[]}"
20200912T104629_20200912T105719_T31UDP_0000000000000000031c_0,3074,2551,979,1284,1700,1943,2060,2244,2410,2365,5,2020-09-12,Mollic Umbrisols,47.98543984274541,1.6801538816928248,741,RMQS1,"{""type"":""MultiPoint"",""coordinates"":[]}"
20200912T104629_20200912T105719_T31UDP_0000000000000000034f_0,3607,3274,1098,1466,1920,2211,2333,2538,2678,2718,5,2020-09-12,Mollic Umbrisols,47.84155543400575,1.681939134662969,796,RMQS1,"{""type"":""MultiPoint"",""coordinates"":[]}"
20200912T104629_20200912T105719_T31UDP_000000000000000002e5_0,3830,2584,969,1262,1770,2073,2369,2537,2762,2894,5,2020-09-12,Rendzic Leptosols,48.129312960797584,1.6783584655939348,684,RMQS1,"{""type"":""MultiPoint"",""coordinates"":[]}"
20200912T104629_20200912T105719_T31UDP_00000000000000000243_0,3920,3141,1132,1566,2088,2422,2711,2961,3107,3166,5,2020-09-12,Stagnic Gleysols,48.56100580256318,2.9730521545318473,515,RMQS1,"{""type"":""MultiPoint"",""coordinates"":[]}"
20200912T104629_20200912T105719_T31UDQ_0000000000000000020b_0,3426,2973,913,1258,1666,1877,2227,2470,2474,2736,5,2020-09-12,Calcaric Cambisols,48.704826134191606,2.974812554703716,455,RMQS1,"{""type"":""MultiPoint"",""coordinates"":[]}"
20200912T104629_20200912T105719_T31UDQ_0000000000000000012d_0,3733,3257,1246,1622,2116,2338,2483,2656,2856,2810,5,2020-09-12,Eutric Cambisols,49.425230407063104,2.5430874224563476,200,RMQS1,"{""type"":""MultiPoint"",""coordinates"":[]}"
20200912T104629_20200912T105719_T31UDQ_000000000000000001a2_0,3359,2237,844,1070,1328,1720,2127,2428,2640,2715,5,2020-09-12,Eutric Cambisols,48.993966246076276,2.541368882765616,334,RMQS1,"{""type"":""MultiPoint"",""coordinates"":[]}"
20200912T104629_20200912T105719_T31UDQ_000000000000000001d5_0,3465,2873,871,1122,1450,1788,2041,2322,2546,2552,5,2020-09-12,Eutric Cambisols,48.849602131036924,2.7586952903870707,393,RMQS1,"{""type"":""MultiPoint"",""coordinates"":[]}"
20200912T104629_20200912T105719_T31UDQ_000000000000000001a0_0,832,719,1048,932,843,947,1103,1265,1120,1196,5,2020-09-12,Fluvic Cambisols,48.99391509715455,2.1043645797039217,332,RMQS1,"{""type"":""MultiPoint"",""coordinates"":[]}"
20200912T104629_20200912T105719_T31UDQ_0000000000000000012e_0,4266,4175,1376,1892,2520,2751,2929,3184,3342,3377,5,2020-09-12,Haplic Luvisols,49.424651548880426,2.763424203799449,201,RMQS1,"{""type"":""MultiPoint"",""coordinates"":[]}"
20200912T104629_20200912T105719_T31UDQ_00000000000000000153_0,3316,2940,873,1302,1760,2075,2189,2356,2432,2478,5,2020-09-12,Haplic Luvisols,49.28091769976065,2.7622320159826583,240,RMQS1,"{""type"":""MultiPoint"",""coordinates"":[]}"
20200912T104629_20200912T105719_T31UDQ_0000000000000000020a_0,3791,3207,1070,1428,1896,2158,2288,2459,2652,2683,5,2020-09-12,Haplic Luvisols,48.70579528894485,2.7575282555298437,454,RMQS1,"{""type"":""MultiPoint"",""coordinates"":[]}"
20200912T104629_20200912T105719_T31UDQ_0000000000000000014e_0,4251,3743,1532,1776,2174,2572,2702,2879,2986,3051,5,2020-09-12,Luvic Cambisols,49.279783234787686,1.6636314749754055,235,RMQS1,"{""type"":""MultiPoint"",""coordinates"":[]}"
20200912T104629_20200912T105719_T31UDQ_000000000000000001a1_0,895,727,644,673,622,791,1228,1291,1416,1328,5,2020-09-12,Luvic Cambisols,48.99414055184198,2.3228665430640922,333,RMQS1,"{""type"":""MultiPoint"",""coordinates"":[]}"
20200912T104629_20200912T105719_T31UDQ_00000000000000000209_0,2015,1660,868,998,1086,1488,2012,2315,1964,2327,5,2020-09-12,Luvic Cambisols,48.70636671812621,2.5402378321558636,453,RMQS1,"{""type"":""MultiPoint"",""coordinates"":[]}"
20200912T104629_20200912T105719_T31UDQ_0000000000000000012c_0,3804,2796,1132,1264,1422,1709,2012,2200,2352,2414,5,2020-09-12,Luvic Stagnosols,49.42540614057504,2.3227471558419417,199,RMQS1,"{""type"":""MultiPoint"",""coordinates"":[]}"
20200912T104629_20200912T105719_T31UDQ_00000000000000000154_0,2929,2772,753,1154,1562,2007,2298,2433,2210,2511,5,2020-09-12,Luvic Stagnosols,49.27993803977774,2.9819456507417623,241,RMQS1,"{""type"":""MultiPoint"",""coordinates"":[]}"
20200912T104629_20200912T105719_T31UDQ_0000000000000000017a_0,3596,3437,1068,1550,2062,2337,2476,2655,2836,2813,5,2020-09-12,Luvic Stagnosols,49.13618741224519,2.9801472939415725,284,RMQS1,"{""type"":""MultiPoint"",""coordinates"":[]}"
20200912T104629_20200912T105719_T31UDQ_000000000000000001d6_0,3529,3065,864,1262,1518,1861,2325,2556,2822,2737,5,2020-09-12,Stagnic Gleysols,48.84863060747811,2.976581578756068,394,RMQS1,"{""type"":""MultiPoint"",""coordinates"":[]}"
20200912T104629_20200912T105719_T31UDQ_000000000000000001d3_0,1572,1608,1578,1662,1632,1419,1701,1550,1698,1447,5,2020-09-12,Technosols,48.85034873690586,2.322905488238686,391,RMQS1,"{""type"":""MultiPoint"",""coordinates"":[]}"
20200912T104629_20200912T105719_T31UEP_0000000000000000007f_0,3971,3385,1062,1582,2142,2458,2715,2917,3056,3023,5,2020-09-12,Eutric Cambisols,48.71300587349915,3.430504638075634,SIM51527,HWSDv2,"{""type"":""MultiPoint"",""coordinates"":[]}"
20200912T104629_20200912T105719_T31UEP_00000000000000000249_0,4570,3605,1422,1854,2578,2902,3122,3334,3586,3671,5,2020-09-12,Calcaric Cambisols,48.54687807094027,4.272833882779359,521,RMQS1,"{""type"":""MultiPoint"",""coordinates"":[]}"
20200912T104629_20200912T105719_T31UEP_0000000000000000027d_0,3583,3221,1098,1524,2096,2331,2457,2624,2702,2740,5,2020-09-12,Calcaric Cambisols,48.41190469276996,3.6194976604195355,576,RMQS1,"{""type"":""MultiPoint"",""coordinates"":[]}"
20200912T104629_20200912T105719_T31UEP_0000000000000000027f_0,4764,4133,1730,2178,2766,3131,3261,3464,3606,3686,5,2020-09-12,Calcaric Cambisols,48.406418205516395,4.051533416952645,578,RMQS1,"{""type"":""MultiPoint"",""coordinates"":[]}"
20200912T104629_20200912T105719_T31UEP_000000000000000002b4_0,2646,1691,738,1128,1558,1498,2473,3006,2575,3287,5,2020-09-12,Calcaric Cambisols,48.271965548555634,3.1850485225886964,633,RMQS1,"{""type"":""MultiPoint"",""coordinates"":[]}"
20200912T104629_20200912T105719_T31UEP_000000000000000002b5_0,3568,2867,971,1412,1790,2048,2475,2645,2822,2936,5,2020-09-12,Calcaric Cambisols,48.270214890027546,3.40052240924141,634,RMQS1,"{""type"":""MultiPoint"",""coordinates"":[]}"
20200912T104629_20200912T105719_T31UEP_00000000000000000327_0,3054,2100,634,828,864,1379,1929,2136,2530,2432,5,2020-09-12,Calcaric Cambisols,47.974921263139784,4.037508014400093,752,RMQS1,"{""type"":""MultiPoint"",""coordinates"":[]}"
20200912T104629_20200912T105719_T31UEP_00000000000000000329_0,3727,3271,1021,1404,1874,2093,2219,2430,2564,2640,5,2020-09-12,Calcaric Cambisols,47.967910801776064,4.465910681616188,754,RMQS1,"{""type"":""MultiPoint"",""coordinates"":[]}"
20200912T104629_20200912T105719_T31UEP_00000000000000000244_0,3866,3377,1188,1730,2332,2608,2735,2885,3034,3036,5,2020-09-12,Eutric Cambisols,48.55964181413934,3.1897273282320016,516,RMQS1,"{""type"":""MultiPoint"",""coordinates"":[]}"
20200912T104629_20200912T105719_T31UEP_00000000000000000245_0,4444,3907,1276,1864,2558,2833,3082,3319,3562,3537,5,2020-09-12,Eutric Cambisols,48.55788147307679,3.4063886320425496,517,RMQS1,"{""type"":""MultiPoint"",""coordinates"":[]}"
20200912T104629_20200912T105719_T31UEP_0000000000000000035c_0,3455,3115,672,1096,1694,1949,2074,2229,2262,2406,5,2020-09-12,Eutric Cambisols,47.82407340617893,4.4601231189041926,809,RMQS1,"{""type"":""MultiPoint"",""coordinates"":[]}"
20200912T104629_20200912T105719_T31UEP_00000000000000000247_0,3931,3276,1292,1782,2358,2690,2865,3047,3124,3162,5,2020-09-12,Fluvic Cambisols,48.55317262682796,3.8396575992660655,519,RMQS1,"{""type"":""MultiPoint"",""coordinates"":[]}"
20200912T104629_20200912T105719_T31UEP_00000000000000000326_0,3361,2934,929,1350,1744,1966,2198,2382,2500,2511,5,2020-09-12,Haplic Luvisols,47.977838510183425,3.8232666387845935,751,RMQS1,"{""type"":""MultiPoint"",""coordinates"":[]}"
20200912T104629_20200912T105719_T31UEP_000000000000000002b9_0,3017,2323,608,824,869,1445,1912,2302,2467,2520,5,2020-09-12,Luvic Cambisols,48.25927160518685,4.262221381964263,638,RMQS1,"{""type"":""MultiPoint"",""coordinates"":[]}"
20200912T104629_20200912T105719_T31UEP_000000000000000002ba_0,3505,2374,775,1013,1360,1659,2133,2427,2797,2935,5,2020-09-12,Luvic Stagnosols,48.2555502989698,4.477580917578768,639,RMQS1,"{""type"":""MultiPoint"",""coordinates"":[]}"
20200912T104629_20200912T105719_T31UEP_0000000000000000020d_0,4232,3368,1208,1760,2170,2654,3516,3766,3898,3994,5,2020-09-12,Regosols (Colluvic),48.70169366844977,3.4093457089391372,457,RMQS1,"{""type"":""MultiPoint"",""coordinates"":[]}"
20200912T104629_20200912T105719_T31UEP_00000000000000000328_0,2762,1897,828,1170,1202,1647,2885,3238,3272,3291,5,2020-09-12,Regosols (Colluvic),47.971611944960706,4.251723526947866,753,RMQS1,"{""type"":""MultiPoint"",""coordinates"":[]}"
20200912T104629_20200912T105719_T31UEP_00000000000000000357_0,2735,2358,794,1218,1522,1689,1807,1863,1930,1943,5,2020-09-12,Regosols (Colluvic),47.83862082138957,3.39184320342842,804,RMQS1,"{""type"":""MultiPoint"",""coordinates"":[]}"
20200912T104629_20200912T105719_T31UEP_0000000000000000020f_0,4002,2885,1242,1502,1638,2439,3503,3914,4320,4307,5,2020-09-12,Rendzic Leptosols,48.69697151537463,3.84381025026381,459,RMQS1,"{""type"":""MultiPoint"",""coordinates"":[]}"
20200912T104629_20200912T105719_T31UEP_00000000000000000210_0,4892,4319,1892,2430,3050,3387,3573,3751,3914,3991,5,2020-09-12,Rendzic Leptosols,48.694014170702346,4.061009738712103,460,RMQS1,"{""type"":""MultiPoint"",""coordinates"":[]}"
20200912T104629_20200912T105719_T31UEP_00000000000000000246_0,4725,3982,1588,2008,2576,2821,3093,3324,3558,3601,5,2020-09-12,Rendzic Leptosols,48.55572508899328,3.623033464744165,518,RMQS1,"{""type"":""MultiPoint"",""coordinates"":[]}"
20200912T104629_20200912T105719_T31UEP_0000000000000000027e_0,3870,2723,1005,1330,1666,2020,2544,2721,2998,3084,5,2020-09-12,Rendzic Leptosols,48.409359388280585,3.835527167897573,577,RMQS1,"{""type"":""MultiPoint"",""coordinates"":[]}"
20200912T104629_20200912T105719_T31UEP_00000000000000000280_0,4833,4351,1742,2294,2978,3204,3308,3536,3796,3692,5,2020-09-12,Rendzic Leptosols,48.40308202138188,4.267513168573883,579,RMQS1,"{""type"":""MultiPoint"",""coordinates"":[]}"
20200912T104629_20200912T105719_T31UEP_000000000000000002b7_0,4706,3822,1628,2216,2930,3141,3303,3496,3820,3774,5,2020-09-12,Rendzic Leptosols,48.265531928145386,3.8314183567168554,636,RMQS1,"{""type"":""MultiPoint"",""coordinates"":[]}"
20200912T104629_20200912T105719_T31UEP_000000000000000002b8_0,2971,2617,1054,1266,1642,2133,2350,2559,2266,2665,5,2020-09-12,Rendzic Leptosols,48.26259874368474,4.046833414678177,637,RMQS1,"{""type"":""MultiPoint"",""coordinates"":[]}"
20200912T104629_20200912T105719_T31UEP_000000000000000002f2_0,2487,1429,508,667,529,1123,1818,2102,2398,2410,5,2020-09-12,Rendzic Leptosols,48.111736685254506,4.471729635874929,697,RMQS1,"{""type"":""MultiPoint"",""coordinates"":[]}"
20200912T104629_20200912T105719_T31UEP_00000000000000000324_0,2214,2102,397,561,718,850,1030,1155,1208,1330,5,2020-09-12,Rendzic Leptosols,47.982497159296926,3.394720601458198,749,RMQS1,"{""type"":""MultiPoint"",""coordinates"":[]}"
20200912T104629_20200912T105719_T31UEP_00000000000000000359_0,3119,2106,718,940,1048,1583,2281,2595,2604,2777,5,2020-09-12,Rendzic Leptosols,47.83397449347843,3.819224578897194,806,RMQS1,"{""type"":""MultiPoint"",""coordinates"":[]}"
20200912T104629_20200912T105719_T31UEP_000000000000000002ec_0,4048,3363,1019,1538,2094,2396,2617,2787,2953,2985,5,2020-09-12,Stagnic Gleysols,48.12810780180863,3.1827287684756462,691,RMQS1,"{""type"":""MultiPoint"",""coordinates"":[]}"
20200912T104629_20200912T105719_T31UEP_0000000000000000001b_0,2967,2047,614,868,914,1811,1991,2137,1643,2268,5,2020-09-12,Calcaric Cambisols,48.17555556,3.7499999999999996,66215,"{WD-eSOTER,WD-WISE}","{""type"":""MultiPoint"",""coordinates"":[]}"
20200912T104629_20200912T105719_T31UEQ_0000000000000000007f_0,3916,3350,1102,1582,2106,2411,2672,2870,3008,2973,5,2020-09-12,Eutric Cambisols,48.71300587349915,3.430504638075634,SIM51527,HWSDv2,"{""type"":""MultiPoint"",""coordinates"":[]}"
20200912T104629_20200912T105719_T31UEQ_0000000000000000017b_0,4075,3608,1012,1564,2074,2517,2783,2997,2964,3189,5,2020-09-12,Calcaric Cambisols,49.13480900561818,3.1992372340169237,285,RMQS1,"{""type"":""MultiPoint"",""coordinates"":[]}"
20200912T104629_20200912T105719_T31UEQ_0000000000000000017e_0,2729,1871,949,1164,1388,1609,2254,2587,2814,2840,5,2020-09-12,Calcaric Cambisols,49.128268431433405,3.856408785568261,288,RMQS1,"{""type"":""MultiPoint"",""coordinates"":[]}"
20200912T104629_20200912T105719_T31UEQ_000000000000000001db_0,4952,4652,2028,2494,3044,3359,3561,3731,3940,3941,5,2020-09-12,Calcaric Cambisols,48.83778942360765,4.065787310355802,399,RMQS1,"{""type"":""MultiPoint"",""coordinates"":[]}"
20200912T104629_20200912T105719_T31UEQ_00000000000000000157_0,3162,2714,876,1258,1698,1992,2126,2266,2258,2396,5,2020-09-12,Eutric Cambisols,49.274585829064,3.6410073595306423,244,RMQS1,"{""type"":""MultiPoint"",""coordinates"":[]}"
20200912T104629_20200912T105719_T31UEQ_000000000000000001d9_0,3117,2440,1104,1460,1736,1991,2827,3124,3596,3177,5,2020-09-12,Eutric Cambisols,48.843321770698005,3.630162321173954,397,RMQS1,"{""type"":""MultiPoint"",""coordinates"":[]}"
20200912T104629_20200912T105719_T31UEQ_000000000000000001da_0,3889,3173,1118,1478,1948,2214,2456,2632,2798,2851,5,2020-09-12,Eutric Cambisols,48.84075502171976,3.8479859850554314,398,RMQS1,"{""type"":""MultiPoint"",""coordinates"":[]}"
20200912T104629_20200912T105719_T31UEQ_0000000000000000017c_0,3677,3073,1005,1404,1910,2175,2449,2613,2740,2860,5,2020-09-12,Haplic Luvisols,49.13302940640497,3.4183131268373956,286,RMQS1,"{""type"":""MultiPoint"",""coordinates"":[]}"
20200912T104629_20200912T105719_T31UEQ_000000000000000001a9_0,4137,3088,1156,1506,1992,2306,2553,2773,2946,3084,5,2020-09-12,Regosols (Colluvic),48.9815477887394,4.070591756163375,341,RMQS1,"{""type"":""MultiPoint"",""coordinates"":[]}"
20200912T104629_20200912T105719_T31UEQ_000000000000000001aa_0,2555,1882,1042,1366,1340,1714,2485,2701,2918,2886,5,2020-09-12,Regosols (Colluvic),48.97817461332397,4.2889719565531434,342,RMQS1,"{""type"":""MultiPoint"",""coordinates"":[]}"
20200912T104629_20200912T105719_T31UEQ_0000000000000000020d_0,4167,3335,1230,1744,2140,2587,3400,3647,3798,3864,5,2020-09-12,Regosols (Colluvic),48.70169366844977,3.4093457089391372,457,RMQS1,"{""type"":""MultiPoint"",""coordinates"":[]}"
20200912T104629_20200912T105719_T31UEQ_000000000000000001dc_0,4425,3969,1470,1864,2420,2813,2989,3208,3296,3446,5,2020-09-12,Rendzic Leptosols,48.83442503518052,4.283563095018126,400,RMQS1,"{""type"":""MultiPoint"",""coordinates"":[]}"
20200912T104629_20200912T105719_T31UEQ_0000000000000000020f_0,3982,2891,1282,1534,1666,2426,3465,3872,4256,4249,5,2020-09-12,Rendzic Leptosols,48.69697151537463,3.84381025026381,459,RMQS1,"{""type"":""MultiPoint"",""coordinates"":[]}"
20200912T104629_20200912T105719_T31UEQ_00000000000000000210_0,4811,4272,1858,2366,2952,3277,3484,3663,3838,3892,5,2020-09-12,Rendzic Leptosols,48.694014170702346,4.061009738712103,460,RMQS1,"{""type"":""MultiPoint"",""coordinates"":[]}"
20200912T104629_20200912T105719_T31UEQ_000000000000000001d8_0,3507,2733,786,1017,1172,1685,2058,2302,2646,2543,5,2020-09-12,Stagnic Gleysols,48.84548989394474,3.4123181623321734,396,RMQS1,"{""type"":""MultiPoint"",""coordinates"":[]}"
20200912T104629_20200912T105719_T31UFP_0000000000000000024a_0,3538,2775,995,1370,1734,2003,2174,2414,2442,2683,5,2020-09-12,Calcaric Cambisols,48.54313673632617,4.4893801670582985,522,RMQS1,"{""type"":""MultiPoint"",""coordinates"":[]}"
20200912T104629_20200912T105719_T31UFP_000000000000000002bb_0,3965,3222,1260,1694,2220,2426,2567,2733,2852,2847,5,2020-09-12,Calcaric Cambisols,48.25143516324276,4.692909482923313,640,RMQS1,"{""type"":""MultiPoint"",""coordinates"":[]}"
20200912T104629_20200912T105719_T31UFP_00000000000000000329_0,3768,3298,1036,1426,1910,2131,2234,2442,2578,2649,5,2020-09-12,Calcaric Cambisols,47.967910801776064,4.465910681616188,754,RMQS1,"{""type"":""MultiPoint"",""coordinates"":[]}"
20200912T104629_20200912T105719_T31UFP_00000000000000000213_0,3914,3234,1624,2106,2364,2735,2869,3001,3054,3042,5,2020-09-12,Eutric Cambisols,48.6827591856006,4.712439211085572,463,RMQS1,"{""type"":""MultiPoint"",""coordinates"":[]}"
20200912T104629_20200912T105719_T31UFP_00000000000000000281_0,3602,2833,1102,1478,1952,2261,2530,2657,2740,2861,5,2020-09-12,Eutric Cambisols,48.399350716545385,4.483464387234075,580,RMQS1,"{""type"":""MultiPoint"",""coordinates"":[]}"
20200912T104629_20200912T105719_T31UFP_0000000000000000035c_0,3465,3119,662,1090,1700,1953,2072,2222,2254,2400,5,2020-09-12,Eutric Cambisols,47.82407340617893,4.4601231189041926,809,RMQS1,"{""type"":""MultiPoint"",""coordinates"":[]}"
20200912T104629_20200912T105719_T31UFP_0000000000000000024b_0,2824,1669,630,864,1292,1739,2147,2485,2766,2986,5,2020-09-12,Fluvic Cambisols,48.53899941731076,4.705893459810416,523,RMQS1,"{""type"":""MultiPoint"",""coordinates"":[]}"
20200912T104629_20200912T105719_T31UFP_000000000000000002ba_0,3523,2379,775,1016,1382,1682,2127,2407,2784,2918,5,2020-09-12,Luvic Stagnosols,48.2555502989698,4.477580917578768,639,RMQS1,"{""type"":""MultiPoint"",""coordinates"":[]}"
20200912T104629_20200912T105719_T31UFP_00000000000000000212_0,5215,4488,2060,2640,3230,3608,3773,3942,4132,4193,5,2020-09-12,Rendzic Leptosols,48.68690742446665,4.495328388213507,462,RMQS1,"{""type"":""MultiPoint"",""coordinates"":[]}"
20200912T104629_20200912T105719_T31UFP_000000000000000002f2_0,2494,1430,498,656,523,1125,1818,2106,2398,2411,5,2020-09-12,Rendzic Leptosols,48.111736685254506,4.471729635874929,697,RMQS1,"{""type"":""MultiPoint"",""coordinates"":[]}"
20200912T104629_20200912T105719_T31UFQ_00000000000000000180_0,2655,1652,649,777,852,1250,2058,2264,2122,2410,5,2020-09-12,Calcaric Cambisols,49.11812414012677,4.513370167718389,291,RMQS1,"{""type"":""MultiPoint"",""coordinates"":[]}"
20200912T104629_20200912T105719_T31UFQ_000000000000000001ab_0,4267,3470,1174,1614,1940,2800,3257,3546,3680,3761,5,2020-09-12,Calcaric Cambisols,48.97440230177886,4.507322370591027,343,RMQS1,"{""type"":""MultiPoint"",""coordinates"":[]}"
20200912T104629_20200912T105719_T31UFQ_000000000000000001df_0,4094,3392,1326,1714,2236,2576,2671,2822,3006,3033,5,2020-09-12,Calcaric Cambisols,48.821946019086994,4.93669536884499,403,RMQS1,"{""type"":""MultiPoint"",""coordinates"":[]}"
20200912T104629_20200912T105719_T31UFQ_00000000000000000213_0,3900,3222,1604,2094,2354,2719,2853,2985,3040,3026,5,2020-09-12,Eutric Cambisols,48.6827591856006,4.712439211085572,463,RMQS1,"{""type"":""MultiPoint"",""coordinates"":[]}"
20200912T104629_20200912T105719_T31UFQ_000000000000000001dd_0,2253,1384,551,802,821,1245,1785,2065,2184,2304,5,2020-09-12,Eutric Fluvisols,48.83066283755028,4.501308939409007,401,RMQS1,"{""type"":""MultiPoint"",""coordinates"":[]}"
20200912T104629_20200912T105719_T31UFQ_00000000000000000181_0,4769,4217,1636,2208,2802,3215,3399,3579,3650,3774,5,2020-09-12,Rendzic Leptosols,49.11394157902409,4.732294541267736,292,RMQS1,"{""type"":""MultiPoint"",""coordinates"":[]}"
20200912T104629_20200912T105719_T31UFQ_000000000000000001de_0,5110,4469,2150,2592,3222,3590,3728,3909,4096,4209,5,2020-09-12,Rendzic Leptosols,48.82650319106196,4.71902098610247,402,RMQS1,"{""type"":""MultiPoint"",""coordinates"":[]}"
20200912T104629_20200912T105719_T31UFQ_00000000000000000212_0,5226,4497,2062,2658,3252,3612,3779,3947,4164,4198,5,2020-09-12,Rendzic Leptosols,48.68690742446665,4.495328388213507,462,RMQS1,"{""type"":""MultiPoint"",""coordinates"":[]}"
