system:index,B11,B12,B2,B3,B4,B5,B6,B7,B8,B8A,SCL,date,h_wrb4,latitude,longitude,profile_id,source_db,.geo
20200917T105031_20200917T105447_T30TXQ_0000000000000000068b_0,3321,2931,3124,4040,3762,2915,3406,3425,3696,3234,5,2020-09-17,Eutric Cambisols,44.78413733927169,-0.5056548387951271,1696,RMQS1,"{""type"":""MultiPoint"",""coordinates"":[]}"
20200917T105031_20200917T105447_T30TYN_0000000000000000084e_0,2376,1453,251,533,871,1139,1490,1755,1908,2163,5,2020-09-17,Eutric Cambisols,43.223663957343106,0.5548682836284,2186,RMQS1,"{""type"":""MultiPoint"",""coordinates"":[]}"
20200917T105031_20200917T105447_T30TYN_0000000000000000087e_0,2371,1626,554,785,895,1254,1772,1970,1934,2215,5,2020-09-17,Eutric Cambisols,42.93931480823404,0.7593104679881422,2250,RMQS1,"{""type"":""MultiPoint"",""coordinates"":[]}"
20200917T105031_20200917T105447_T30TYN_0000000000000000084a_0,2571,1993,700,1052,1144,1363,1822,2227,2233,2294,5,2020-09-17,Skeletic Leptosols,43.20775050994949,-0.23107639245802053,2182,RMQS1,"{""type"":""MultiPoint"",""coordinates"":[]}"
20200917T105031_20200917T105447_T30TYN_00000000000000000889_0,3167,2339,1274,1366,1672,2472,3199,3407,3399,3693,5,2020-09-17,Umbric Leptosols,42.7812643891295,-0.0169737923193965,2269,RMQS1,"{""type"":""MultiPoint"",""coordinates"":[]}"
20200917T105031_20200917T105447_T30TYP_0000000000000000075a_0,2929,1942,596,1076,1148,1742,2587,2823,3047,3163,5,2020-09-17,Calcaric Cambisols,44.08630866803374,0.5277088899999789,1917,RMQS1,"{""type"":""MultiPoint"",""coordinates"":[]}"
20200917T105031_20200917T105447_T30TYP_000000000000000007b2_0,3589,2786,998,1580,1966,2231,2380,2544,2512,2631,5,2020-09-17,Calcaric Cambisols,43.801814078706926,0.7353863730644742,2011,RMQS1,"{""type"":""MultiPoint"",""coordinates"":[]}"
20200917T105031_20200917T105447_T30TYP_000000000000000007dd_0,3233,2507,733,1248,1660,1899,1952,2123,2148,2225,5,2020-09-17,Calcaric Cambisols,43.65802295237102,0.7394234284125767,2057,RMQS1,"{""type"":""MultiPoint"",""coordinates"":[]}"
20200917T105031_20200917T105447_T30TYP_00000000000000000806_0,3783,2886,960,1642,2012,2431,2776,3034,3134,3175,5,2020-09-17,Calcaric Cambisols,43.51424709370381,0.7434401003762473,2103,RMQS1,"{""type"":""MultiPoint"",""coordinates"":[]}"
20200917T105031_20200917T105447_T30TYP_0000000000000000082e_0,3545,2290,491,880,1082,1500,1937,2192,2551,2550,5,2020-09-17,Calcaric Cambisols,43.370487378478785,0.747437404719625,2148,RMQS1,"{""type"":""MultiPoint"",""coordinates"":[]}"
20200917T105031_20200917T105447_T30TYP_000000000000000007b1_0,4072,2892,1048,1570,2084,2415,2551,2782,2967,3103,5,2020-09-17,Eutric Cambisols,43.79870099823677,0.5368540129522552,2010,RMQS1,"{""type"":""MultiPoint"",""coordinates"":[]}"
20200917T105031_20200917T105447_T30TYP_000000000000000007dc_0,3243,2186,913,1460,1742,1820,2372,2599,2611,2833,5,2020-09-17,Eutric Cambisols,43.654918009678816,0.5413905996353507,2056,RMQS1,"{""type"":""MultiPoint"",""coordinates"":[]}"
20200917T105031_20200917T105447_T30TYP_0000000000000000084e_0,2372,1449,247,529,869,1130,1486,1747,1902,2157,5,2020-09-17,Eutric Cambisols,43.223663957343106,0.5548682836284,2186,RMQS1,"{""type"":""MultiPoint"",""coordinates"":[]}"
20200917T105031_20200917T105447_T30TYP_00000000000000000759_0,3135,2510,825,1298,1732,1965,2103,2173,2312,2329,5,2020-09-17,Haplic Luvisols,44.08281502778731,0.32819314039789665,1916,RMQS1,"{""type"":""MultiPoint"",""coordinates"":[]}"
20200917T105031_20200917T105447_T30TYP_000000000000000007d8_0,2546,1677,232,451,768,1053,1277,1479,1735,1904,5,2020-09-17,Haplic Luvisols,43.6388794297606,-0.2504836687876054,2052,RMQS1,"{""type"":""MultiPoint"",""coordinates"":[]}"
20200917T105031_20200917T105447_T30TYP_0000000000000000082c_0,3753,2598,890,1534,2068,2635,2978,3276,3518,3719,5,2020-09-17,Haplic Luvisols,43.36394987150499,0.353380028656478,2146,RMQS1,"{""type"":""MultiPoint"",""coordinates"":[]}"
20200917T105031_20200917T105447_T30TYP_00000000000000000829_0,2779,1807,338,701,1122,1539,1899,2264,2512,2651,5,2020-09-17,Umbrisols (Vermic),43.351443741376464,-0.23751301804574487,2143,RMQS1,"{""type"":""MultiPoint"",""coordinates"":[]}"
20200917T105031_20200917T105447_T30TYQ_000000000000000006db_0,2575,1597,341,672,928,1378,2004,2319,2446,2788,5,2020-09-17,Eutric Fluvisols,44.51040280255146,0.11175365966486718,1784,RMQS1,"{""type"":""MultiPoint"",""coordinates"":[]}"
20200917T105031_20200917T105447_T30TYQ_0000000000000000063e_0,3347,2171,534,754,904,1239,1764,2055,2236,2346,5,2020-09-17,Haplic Luvisols,45.07682572428559,-0.317346758335372,1614,RMQS1,"{""type"":""MultiPoint"",""coordinates"":[]}"
20200917T105031_20200917T105447_T30TYQ_00000000000000000641_0,3856,2413,511,874,1196,1644,2075,2405,2808,3006,5,2020-09-17,Haplic Luvisols,45.08973181236325,0.2918435407221803,1617,RMQS1,"{""type"":""MultiPoint"",""coordinates"":[]}"
20200917T105031_20200917T105447_T30TYQ_0000000000000000068c_0,4288,3069,801,1162,1572,1974,2287,2534,2754,2933,5,2020-09-17,Haplic Luvisols,44.789155867083174,-0.3036999732697204,1697,RMQS1,"{""type"":""MultiPoint"",""coordinates"":[]}"
20200917T105031_20200917T105447_T30TYQ_0000000000000000068e_0,2701,2128,539,999,1352,1688,1946,2154,2145,2256,5,2020-09-17,Haplic Luvisols,44.798084038586595,0.1003104414595138,1699,RMQS1,"{""type"":""MultiPoint"",""coordinates"":[]}"
20200917T105031_20200917T105447_T30TYQ_000000000000000006b7_0,3090,1983,696,996,1252,1365,1976,2267,2570,2462,5,2020-09-17,Haplic Luvisols,44.66167066056686,0.5091410357468154,1744,RMQS1,"{""type"":""MultiPoint"",""coordinates"":[]}"
20200917T105031_20200917T105447_T30TYQ_000000000000000006b8_0,3788,2955,982,1642,2040,2182,2376,2588,2565,2688,5,2020-09-17,Haplic Luvisols,44.664832562379004,0.7107266218471442,1745,RMQS1,"{""type"":""MultiPoint"",""coordinates"":[]}"
20200917T105031_20200917T105447_T30TYQ_000000000000000006dd_0,3256,2602,844,1400,1888,2081,2167,2286,2380,2372,5,2020-09-17,Haplic Luvisols,44.51781425187794,0.5138181479053451,1786,RMQS1,"{""type"":""MultiPoint"",""coordinates"":[]}"
20200917T105031_20200917T105447_T30TYQ_000000000000000006b5_0,3309,2188,556,936,1012,1549,2110,2349,2667,2732,5,2020-09-17,Mollic Umbrisols,44.654239038585125,0.1060466195283175,1742,RMQS1,"{""type"":""MultiPoint"",""coordinates"":[]}"
20200917T105031_20200917T105447_T30TYR_00000000000000000062_0,4321,3756,1118,1682,2310,2640,2767,2917,2890,3065,5,2020-09-17,Calcaric Cambisols,45.9412014057957,0.065289686897003,SIM30965,HWSDv2,"{""type"":""MultiPoint"",""coordinates"":[]}"
20200917T105031_20200917T105447_T30TYR_0000000000000000055c_0,4264,2926,1007,1478,1980,2593,3184,3447,3574,3770,5,2020-09-17,Calcaric Cambisols,45.953079172109106,0.25962637648263687,1370,RMQS1,"{""type"":""MultiPoint"",""coordinates"":[]}"
20200917T105031_20200917T105447_T30TYR_00000000000000000580_0,3646,2959,1009,1472,2024,2302,2471,2633,2630,2786,5,2020-09-17,Calcaric Cambisols,45.80083722296923,-0.1464050002597506,1409,RMQS1,"{""type"":""MultiPoint"",""coordinates"":[]}"
20200917T105031_20200917T105447_T30TYR_000000000000000005a4_0,4267,3347,1168,1594,2010,2442,2774,2952,2930,3155,5,2020-09-17,Calcaric Cambisols,45.66131000624331,0.0652636300268976,1450,RMQS1,"{""type"":""MultiPoint"",""coordinates"":[]}"
20200917T105031_20200917T105447_T30TYR_000000000000000005a5_0,4752,4125,1260,1806,2504,2875,2986,3173,3210,3354,5,2020-09-17,Calcaric Cambisols,45.66528210595559,0.2704780405947115,1451,RMQS1,"{""type"":""MultiPoint"",""coordinates"":[]}"
20200917T105031_20200917T105447_T30TYR_000000000000000005c8_0,3451,2730,1368,1638,1974,2197,2296,2472,2502,2641,5,2020-09-17,Calcaric Cambisols,45.513089622659,-0.13346799206529747,1490,RMQS1,"{""type"":""MultiPoint"",""coordinates"":[]}"
20200917T105031_20200917T105447_T30TYR_000000000000000005f2_0,4111,2958,896,1172,1572,1896,2143,2396,2546,2728,5,2020-09-17,Calcaric Cambisols,45.377496694565295,0.2812171796581916,1534,RMQS1,"{""type"":""MultiPoint"",""coordinates"":[]}"
20200917T105031_20200917T105447_T30TYR_00000000000000000583_0,2827,1842,529,777,826,1245,1886,2052,2258,2279,5,2020-09-17,Eutric Cambisols,45.81278557747988,0.47084500606826707,1412,RMQS1,"{""type"":""MultiPoint"",""coordinates"":[]}"
20200917T105031_20200917T105447_T30TYR_000000000000000005ca_0,2929,2474,833,1062,1338,1509,1672,1765,1880,2024,5,2020-09-17,Eutric Cambisols,45.52138752930262,0.2758619491347459,1492,RMQS1,"{""type"":""MultiPoint"",""coordinates"":[]}"
20200917T105031_20200917T105447_T30TYR_000000000000000005f1_0,3727,3093,1090,1472,1976,2315,2430,2546,2632,2827,5,2020-09-17,Eutric Cambisols,45.373545582811104,0.07706807018069811,1533,RMQS1,"{""type"":""MultiPoint"",""coordinates"":[]}"
20200917T105031_20200917T105447_T30TYR_0000000000000000063e_0,3253,2142,676,847,939,1259,1803,2081,2236,2351,5,2020-09-17,Haplic Luvisols,45.07682572428559,-0.317346758335372,1614,RMQS1,"{""type"":""MultiPoint"",""coordinates"":[]}"
20200917T105031_20200917T105447_T30TYR_00000000000000000641_0,3730,2371,650,928,1170,1587,2050,2365,2718,2904,5,2020-09-17,Haplic Luvisols,45.08973181236325,0.2918435407221803,1617,RMQS1,"{""type"":""MultiPoint"",""coordinates"":[]}"
20200917T105031_20200917T105447_T30TYR_00000000000000000619_0,2974,1729,759,1084,1608,1975,2684,2972,3220,3443,5,2020-09-17,Luvic Cambisols,45.22967037836249,0.0829237907257251,1575,RMQS1,"{""type"":""MultiPoint"",""coordinates"":[]}"
20200917T105031_20200917T105447_T30TYR_000000000000000005c9_0,3012,2030,786,1086,1270,1752,2429,2613,2568,2976,5,2020-09-17,Regosols (Colluvic),45.51742584404047,0.07118138304806058,1491,RMQS1,"{""type"":""MultiPoint"",""coordinates"":[]}"
20200917T105031_20200917T105447_T30TYR_0000000000000000055b_0,3576,2980,783,1248,1870,2120,2221,2331,2342,2456,5,2020-09-17,Rendzic Leptosols,45.94908569567597,0.0533355420428352,1369,RMQS1,"{""type"":""MultiPoint"",""coordinates"":[]}"
20200917T105031_20200917T105447_T30TYR_00000000000000000582_0,4144,3542,985,1466,2146,2503,2611,2735,2732,2905,5,2020-09-17,Rendzic Leptosols,45.809179554957446,0.2650661302913653,1411,RMQS1,"{""type"":""MultiPoint"",""coordinates"":[]}"
20200917T105031_20200917T105447_T30TYR_000000000000000005f3_0,2562,1711,544,910,1146,1435,1765,1922,2042,2124,5,2020-09-17,Rendzic Leptosols,45.38107425208028,0.4853942395465012,1535,RMQS1,"{""type"":""MultiPoint"",""coordinates"":[]}"
20200917T105031_20200917T105447_T30TYR_0000000000000000061a_0,3845,2468,783,1044,1224,1741,2362,2589,2708,3078,5,2020-09-17,Rendzic Leptosols,45.23361103386122,0.2865440554918134,1576,RMQS1,"{""type"":""MultiPoint"",""coordinates"":[]}"
20200917T105031_20200917T105447_T30TYR_00000000000000000028_0,3096,2387,899,1246,1486,1738,2055,2363,2508,2451,5,2020-09-17,Eutric Fluvisols,45.89861111,0.00277778,68782,{WD-WISE},"{""type"":""MultiPoint"",""coordinates"":[]}"
20200917T105031_20200917T105447_T30TYR_00000000000000000015_0,2494,1802,808,1076,1246,1297,2084,2350,2512,2659,5,2020-09-17,Lithic Leptosols,45.76527778,0.24722222,68783,"{WD-eSOTER,WD-WISE}","{""type"":""MultiPoint"",""coordinates"":[]}"
20200917T105031_20200917T105447_T30TYR_0000000000000000000a_0,3555,2693,659,955,1086,1451,2437,2544,2292,2950,5,2020-09-17,Haplic Calcisols,45.89860153,0.16666700000000004,613272,{WD-eSOTER},"{""type"":""MultiPoint"",""coordinates"":[]}"
20200917T105031_20200917T105447_T30TYS_0000000000000000005e_0,3670,2617,866,1148,1562,1815,2031,2215,2424,2546,5,2020-09-17,Calcaric Cambisols,46.50806450849034,0.9910526900588258,SIM48183,HWSDv2,"{""type"":""MultiPoint"",""coordinates"":[]}"
20200917T105031_20200917T105447_T30TYS_00000000000000000062_0,4313,3757,1120,1674,2304,2629,2760,2909,2888,3061,5,2020-09-17,Calcaric Cambisols,45.9412014057957,0.065289686897003,SIM30965,HWSDv2,"{""type"":""MultiPoint"",""coordinates"":[]}"
20200917T105031_20200917T105447_T30TYS_000000000000000004a4_0,4666,3491,1194,1768,2492,2824,3024,3230,3374,3606,5,2020-09-17,Calcaric Cambisols,46.67258035875013,0.23199594562391013,1163,RMQS1,"{""type"":""MultiPoint"",""coordinates"":[]}"
20200917T105031_20200917T105447_T30TYS_0000000000000000055c_0,4252,2925,1001,1466,1956,2571,3162,3425,3542,3751,5,2020-09-17,Calcaric Cambisols,45.953079172109106,0.25962637648263687,1370,RMQS1,"{""type"":""MultiPoint"",""coordinates"":[]}"
20200917T105031_20200917T105447_T30TYS_000000000000000004a5_0,4111,3317,1096,1730,2414,2625,2797,2919,2990,3066,5,2020-09-17,Eutric Cambisols,46.67624425670514,0.4410565506621489,1164,RMQS1,"{""type"":""MultiPoint"",""coordinates"":[]}"
20200917T105031_20200917T105447_T30TYS_000000000000000004a7_0,3781,2752,850,1182,1658,1949,2110,2251,2358,2531,5,2020-09-17,Eutric Cambisols,46.68242330115931,0.8592545683175709,1166,RMQS1,"{""type"":""MultiPoint"",""coordinates"":[]}"
20200917T105031_20200917T105447_T30TYS_000000000000000004eb_0,3469,2779,899,1274,1716,1980,2196,2308,2408,2496,5,2020-09-17,Eutric Cambisols,46.380758268333096,0.035208723464946995,1244,RMQS1,"{""type"":""MultiPoint"",""coordinates"":[]}"
20200917T105031_20200917T105447_T30TYS_00000000000000000535_0,4527,4084,1152,1748,2444,2863,3021,3192,3184,3378,5,2020-09-17,Eutric Cambisols,46.09297615641257,0.04732481199581941,1327,RMQS1,"{""type"":""MultiPoint"",""coordinates"":[]}"
20200917T105031_20200917T105447_T30TYS_0000000000000000047d_0,4342,3250,1228,1594,2164,2469,2675,2916,3050,3328,5,2020-09-17,Haplic Luvisols,46.82014893841074,0.43599984899138555,1123,RMQS1,"{""type"":""MultiPoint"",""coordinates"":[]}"
20200917T105031_20200917T105447_T30TYS_000000000000000004ca_0,3953,3112,1120,1548,2024,2058,2564,2905,3278,3178,5,2020-09-17,Haplic Luvisols,46.52868315472322,0.2375799776288461,1203,RMQS1,"{""type"":""MultiPoint"",""coordinates"":[]}"
20200917T105031_20200917T105447_T30TYS_000000000000000004cb_0,3048,2217,731,1005,1306,1451,2064,2333,2338,2526,5,2020-09-17,Haplic Luvisols,46.532337162248965,0.4460865612049353,1204,RMQS1,"{""type"":""MultiPoint"",""coordinates"":[]}"
20200917T105031_20200917T105447_T30TYS_000000000000000004ee_0,4086,2861,791,1062,1468,1735,1947,2125,2270,2484,5,2020-09-17,Luvic Cambisols,46.39169124444395,0.65907171951279,1247,RMQS1,"{""type"":""MultiPoint"",""coordinates"":[]}"
20200917T105031_20200917T105447_T30TYS_000000000000000004ef_0,3726,2865,1154,1708,2198,2106,2469,2733,2928,3027,5,2020-09-17,Luvic Cambisols,46.3945739230684,0.8670762593857257,1248,RMQS1,"{""type"":""MultiPoint"",""coordinates"":[]}"
20200917T105031_20200917T105447_T30TYS_00000000000000000513_0,4491,3888,1252,1848,2556,2948,3108,3279,3262,3496,5,2020-09-17,Luvic Cambisols,46.240882187673726,0.2486608574550119,1287,RMQS1,"{""type"":""MultiPoint"",""coordinates"":[]}"
20200917T105031_20200917T105447_T30TYS_00000000000000000536_0,3503,2631,750,1106,1354,1749,2582,2829,2810,3074,5,2020-09-17,Luvic Cambisols,46.09698040593662,0.2541578951208035,1328,RMQS1,"{""type"":""MultiPoint"",""coordinates"":[]}"
20200917T105031_20200917T105447_T30TYS_00000000000000000538_0,3990,2830,648,886,1102,1423,1765,2000,2132,2311,5,2020-09-17,Luvic Cambisols,46.10385188704361,0.6679061388968742,1330,RMQS1,"{""type"":""MultiPoint"",""coordinates"":[]}"
20200917T105031_20200917T105447_T30TYS_0000000000000000047e_0,3663,2343,763,1052,1384,1858,2283,2515,2668,2941,5,2020-09-17,Luvic Stagnosols,46.8234383704253,0.6456440699083928,1124,RMQS1,"{""type"":""MultiPoint"",""coordinates"":[]}"
20200917T105031_20200917T105447_T30TYS_0000000000000000055b_0,3571,2981,792,1254,1872,2118,2223,2333,2344,2460,5,2020-09-17,Rendzic Leptosols,45.94908569567597,0.0533355420428352,1369,RMQS1,"{""type"":""MultiPoint"",""coordinates"":[]}"
20200917T105031_20200917T105447_T30TYS_00000000000000000514_0,3633,2385,713,949,1190,1607,2160,2411,2446,2739,5,2020-09-17,Stagnic Gleysols,46.24451711991545,0.4560678464730407,1288,RMQS1,"{""type"":""MultiPoint"",""coordinates"":[]}"
20200917T105031_20200917T105447_T30TYT_0000000000000000037b_0,4622,3480,1102,1418,1820,2243,2516,2809,2932,3220,5,2020-09-17,Eutric Cambisols,47.68680357363322,0.6181369317170614,843,RMQS1,"{""type"":""MultiPoint"",""coordinates"":[]}"
20200917T105031_20200917T105447_T30TYT_0000000000000000037d_0,3586,2862,980,1460,1992,2289,2405,2509,2478,2604,5,2020-09-17,Eutric Cambisols,47.69231735110835,1.0443128583803534,845,RMQS1,"{""type"":""MultiPoint"",""coordinates"":[]}"
20200917T105031_20200917T105447_T30TYT_000000000000000003aa_0,3755,3240,1100,1522,2002,2290,2384,2559,2604,2743,5,2020-09-17,Eutric Cambisols,47.542927371413136,0.6227839914739651,895,RMQS1,"{""type"":""MultiPoint"",""coordinates"":[]}"
20200917T105031_20200917T105447_T30TYT_00000000000000000459_0,4047,2737,802,1023,1394,1688,2060,2385,2554,2746,5,2020-09-17,Eutric Cambisols,46.97278837529007,1.061600350806898,1082,RMQS1,"{""type"":""MultiPoint"",""coordinates"":[]}"
20200917T105031_20200917T105447_T30TYT_00000000000000000456_0,3422,2972,916,1194,1522,1794,1880,2070,2084,2265,5,2020-09-17,Eutric Planosols,46.96405011215721,0.43091598807012294,1079,RMQS1,"{""type"":""MultiPoint"",""coordinates"":[]}"
20200917T105031_20200917T105447_T30TYT_0000000000000000042f_0,4304,3841,1480,1924,2386,2835,2961,3145,3132,3346,5,2020-09-17,Eutric Retisols,47.11670746180148,1.0581797222389806,1038,RMQS1,"{""type"":""MultiPoint"",""coordinates"":[]}"
20200917T105031_20200917T105447_T30TYT_0000000000000000037c_0,4486,3726,1330,1868,2514,2797,3007,3123,3206,3399,5,2020-09-17,Haplic Luvisols,47.68975585042416,0.8312134254903143,844,RMQS1,"{""type"":""MultiPoint"",""coordinates"":[]}"
20200917T105031_20200917T105447_T30TYT_00000000000000000404_0,3112,2168,1050,1438,1720,1689,2512,2823,3050,3073,5,2020-09-17,Haplic Luvisols,47.25515043152472,0.6320023123013093,991,RMQS1,"{""type"":""MultiPoint"",""coordinates"":[]}"
20200917T105031_20200917T105447_T30TYT_0000000000000000047d_0,4344,3248,1216,1594,2176,2476,2673,2916,3052,3328,5,2020-09-17,Haplic Luvisols,46.82014893841074,0.43599984899138555,1123,RMQS1,"{""type"":""MultiPoint"",""coordinates"":[]}"
20200917T105031_20200917T105447_T30TYT_0000000000000000047e_0,3662,2340,741,1038,1380,1855,2279,2512,2666,2938,5,2020-09-17,Luvic Stagnosols,46.8234383704253,0.6456440699083928,1124,RMQS1,"{""type"":""MultiPoint"",""coordinates"":[]}"
20200917T105031_20200917T105447_T30TYT_0000000000000000042d_0,3656,2378,885,1112,1508,1890,2220,2400,2422,2721,5,2020-09-17,Rendzic Leptosols,47.111251889494554,0.6365738313282675,1036,RMQS1,"{""type"":""MultiPoint"",""coordinates"":[]}"
20200917T105031_20200917T105447_T30UYU_00000000000000000271_0,3409,2339,583,796,951,1372,1985,2232,2386,2544,5,2020-09-17,Eutric Cambisols,48.409010134253464,0.8105253793290838,563,RMQS1,"{""type"":""MultiPoint"",""coordinates"":[]}"
20200917T105031_20200917T105447_T30UYU_00000000000000000317_0,4379,3676,1208,1708,2228,2611,2858,3079,3152,3334,5,2020-09-17,Eutric Cambisols,47.97452533653467,0.608767793538443,736,RMQS1,"{""type"":""MultiPoint"",""coordinates"":[]}"
20200917T105031_20200917T105447_T30UYU_00000000000000000272_0,3948,3068,938,1244,1520,1848,2039,2213,2324,2527,5,2020-09-17,Eutric Retisols,48.411606154539754,1.0265529667530489,564,RMQS1,"{""type"":""MultiPoint"",""coordinates"":[]}"
20200917T105031_20200917T105447_T30UYU_000000000000000002aa_0,3953,3441,825,1372,1612,2315,2978,3091,2652,3365,5,2020-09-17,Eutric Retisols,48.267773070968104,1.0301448294912523,623,RMQS1,"{""type"":""MultiPoint"",""coordinates"":[]}"
20200917T105031_20200917T105447_T30UYU_000000000000000002e2_0,3594,2644,738,1010,1292,1546,1918,2115,2186,2444,5,2020-09-17,Eutric Retisols,48.123926965867774,1.0337162685273735,681,RMQS1,"{""type"":""MultiPoint"",""coordinates"":[]}"
20200917T105031_20200917T105447_T30UYU_00000000000000000319_0,3092,2384,852,1168,1364,1712,2118,2562,2426,2622,5,2020-09-17,Haplic Luvisols,47.98006859464599,1.0372677251420688,738,RMQS1,"{""type"":""MultiPoint"",""coordinates"":[]}"
20200917T105031_20200917T105447_T30UYU_000000000000000002a9_0,3924,3039,979,1238,1530,2019,2265,2407,2392,2677,5,2020-09-17,Luvic Stagnosols,48.265183822455356,0.8147095500113787,622,RMQS1,"{""type"":""MultiPoint"",""coordinates"":[]}"
20200917T105031_20200917T105447_T30UYU_0000000000000000034a_0,4383,3539,1218,1606,2090,2489,2633,2754,2822,3038,5,2020-09-17,Luvic Stagnosols,47.83066980746326,0.6134648025979296,791,RMQS1,"{""type"":""MultiPoint"",""coordinates"":[]}"
20200917T105031_20200917T105447_T30UYU_00000000000000000318_0,2370,1507,559,827,793,1350,1733,1939,1470,2313,5,2020-09-17,Stagnic Gleysols,47.97749316883225,0.8230065836699338,737,RMQS1,"{""type"":""MultiPoint"",""coordinates"":[]}"
20200917T105031_20200917T105447_T30UYV_0000000000000000019b_0,3603,3405,879,1366,1894,2192,2325,2452,2420,2609,5,2020-09-17,Eutric Cambisols,48.986789979658724,1.011980189683206,327,RMQS1,"{""type"":""MultiPoint"",""coordinates"":[]}"
20200917T105031_20200917T105447_T30UYV_0000000000000000019c_0,3578,3295,863,1312,1804,2093,2247,2373,2390,2482,5,2020-09-17,Eutric Cambisols,48.9890140623296,1.2304298587690576,328,RMQS1,"{""type"":""MultiPoint"",""coordinates"":[]}"
20200917T105031_20200917T105447_T30UYV_000000000000000001cd_0,3472,3106,1064,1344,1742,2106,2261,2389,2300,2550,5,2020-09-17,Eutric Cambisols,48.843018131050385,1.0156540889892636,385,RMQS1,"{""type"":""MultiPoint"",""coordinates"":[]}"
20200917T105031_20200917T105447_T30UYV_0000000000000000014c_0,2310,1686,977,1260,1328,1493,1891,1985,2014,2148,5,2020-09-17,Eutric Fluvisols,49.276515471368825,1.2242410066178666,233,RMQS1,"{""type"":""MultiPoint"",""coordinates"":[]}"
20200917T105031_20200917T105447_T30UYV_00000000000000000202_0,4251,3424,1009,1538,1952,2397,2896,3081,3082,3332,5,2020-09-17,Eutric Retisols,48.69922952521517,1.0193074302902678,446,RMQS1,"{""type"":""MultiPoint"",""coordinates"":[]}"
20200917T105031_20200917T105447_T31TCH_00000000000000000852_0,2528,1884,701,1168,1530,1526,1896,2047,1908,2217,5,2020-09-17,Calcaric Cambisols,43.233830788422544,1.3411659095380064,2190,RMQS1,"{""type"":""MultiPoint"",""coordinates"":[]}"
20200917T105031_20200917T105447_T31TCH_0000000000000000086d_0,3688,2972,871,1500,2002,2279,2538,2660,2833,2844,5,2020-09-17,Eutric Cambisols,43.09172709977716,1.5397731446021294,2226,RMQS1,"{""type"":""MultiPoint"",""coordinates"":[]}"
20200917T105031_20200917T105447_T31TCH_0000000000000000087e_0,2278,1598,558,778,886,1169,1629,1798,1862,2062,5,2020-09-17,Eutric Cambisols,42.93931480823404,0.7593104679881422,2250,RMQS1,"{""type"":""MultiPoint"",""coordinates"":[]}"
20200917T105031_20200917T105447_T31TCH_00000000000000000854_0,3106,2627,934,1552,1980,2235,2370,2477,2573,2595,5,2020-09-17,Mollic Umbrisols,43.23675734912461,1.7343973183347328,2192,RMQS1,"{""type"":""MultiPoint"",""coordinates"":[]}"
20200917T105031_20200917T105447_T31TCH_00000000000000000850_0,2957,1801,394,633,742,1166,1778,2048,1854,2441,5,2020-09-17,Rendzic Leptosols,43.22946594670466,0.9479815188030146,2188,RMQS1,"{""type"":""MultiPoint"",""coordinates"":[]}"
20200917T105031_20200917T105447_T31TCH_00000000000000000899_0,4793,3775,1620,2624,3122,3716,4751,5151,4432,5575,5,2020-09-17,Umbric Leptosols,42.66187524449067,1.7403774378733483,2298,RMQS1,"{""type"":""MultiPoint"",""coordinates"":[]}"
20200917T105031_20200917T105447_T31TCJ_00000000000000000083_0,2617,2131,990,1380,1842,1597,2302,2525,2640,2683,5,2020-09-17,Calcaric Cambisols,43.78608327784773,1.3843490695106873,SIM27892,HWSDv2,"{""type"":""MultiPoint"",""coordinates"":[]}"
20200917T105031_20200917T105447_T31TCJ_00000000000000000731_0,3772,2610,839,1296,1682,2147,2515,2835,2820,3143,5,2020-09-17,Calcaric Cambisols,44.2404851063561,1.3234055011692607,1875,RMQS1,"{""type"":""MultiPoint"",""coordinates"":[]}"
20200917T105031_20200917T105447_T31TCJ_00000000000000000733_0,2490,1534,313,604,651,1211,1736,2023,2034,2111,5,2020-09-17,Calcaric Cambisols,44.24346390133643,1.7236456068660195,1877,RMQS1,"{""type"":""MultiPoint"",""coordinates"":[]}"
20200917T105031_20200917T105447_T31TCJ_0000000000000000075a_0,2920,1938,643,1054,1094,1720,2550,2790,2988,3095,5,2020-09-17,Calcaric Cambisols,44.08630866803374,0.5277088899999789,1917,RMQS1,"{""type"":""MultiPoint"",""coordinates"":[]}"
20200917T105031_20200917T105447_T31TCJ_000000000000000007b2_0,3542,2788,1068,1614,1966,2246,2393,2524,2562,2610,5,2020-09-17,Calcaric Cambisols,43.801814078706926,0.7353863730644742,2011,RMQS1,"{""type"":""MultiPoint"",""coordinates"":[]}"
20200917T105031_20200917T105447_T31TCJ_000000000000000007b3_0,3422,2610,1044,1474,1822,2165,2318,2486,2520,2624,5,2020-09-17,Calcaric Cambisols,43.804563518724855,0.9339386706927577,2012,RMQS1,"{""type"":""MultiPoint"",""coordinates"":[]}"
20200917T105031_20200917T105447_T31TCJ_000000000000000007dd_0,3187,2506,796,1256,1642,1874,1949,2112,2149,2203,5,2020-09-17,Calcaric Cambisols,43.65802295237102,0.7394234284125767,2057,RMQS1,"{""type"":""MultiPoint"",""coordinates"":[]}"
20200917T105031_20200917T105447_T31TCJ_000000000000000007de_0,3673,2679,967,1456,1946,2214,2338,2510,2590,2744,5,2020-09-17,Calcaric Cambisols,43.6607654692577,0.9374759088034046,2058,RMQS1,"{""type"":""MultiPoint"",""coordinates"":[]}"
20200917T105031_20200917T105447_T31TCJ_000000000000000007e1_0,4118,3220,1204,1920,2318,2749,3016,3159,3022,3304,5,2020-09-17,Calcaric Cambisols,43.66811185509377,1.7298359782939583,2062,RMQS1,"{""type"":""MultiPoint"",""coordinates"":[]}"
20200917T105031_20200917T105447_T31TCJ_00000000000000000806_0,3735,2861,992,1596,1924,2361,2730,2961,3064,3070,5,2020-09-17,Calcaric Cambisols,43.51424709370381,0.7434401003762473,2103,RMQS1,"{""type"":""MultiPoint"",""coordinates"":[]}"
20200917T105031_20200917T105447_T31TCJ_0000000000000000080b_0,4142,3032,1064,1556,2050,2607,2693,2922,2884,3266,5,2020-09-17,Calcaric Cambisols,43.524309926758626,1.7313633815716516,2108,RMQS1,"{""type"":""MultiPoint"",""coordinates"":[]}"
20200917T105031_20200917T105447_T31TCJ_0000000000000000082e_0,3479,2262,586,933,1100,1526,1979,2132,2563,2445,5,2020-09-17,Calcaric Cambisols,43.370487378478785,0.747437404719625,2148,RMQS1,"{""type"":""MultiPoint"",""coordinates"":[]}"
20200917T105031_20200917T105447_T31TCJ_0000000000000000082f_0,3584,2409,807,1162,1460,1780,2141,2379,2603,2753,5,2020-09-17,Calcaric Cambisols,43.37321582323168,0.9444970152837399,2149,RMQS1,"{""type"":""MultiPoint"",""coordinates"":[]}"
20200917T105031_20200917T105447_T31TCJ_00000000000000000832_0,3867,2679,976,1344,1786,2117,2263,2423,2576,2743,5,2020-09-17,Calcaric Cambisols,43.379238151330306,1.5357705717025496,2152,RMQS1,"{""type"":""MultiPoint"",""coordinates"":[]}"
20200917T105031_20200917T105447_T31TCJ_000000000000000007b1_0,4009,2861,1026,1568,2046,2396,2554,2784,2877,3081,5,2020-09-17,Eutric Cambisols,43.79870099823677,0.5368540129522552,2010,RMQS1,"{""type"":""MultiPoint"",""coordinates"":[]}"
20200917T105031_20200917T105447_T31TCJ_000000000000000007dc_0,3228,2318,1001,1628,1848,2050,2440,2579,2592,2676,5,2020-09-17,Eutric Cambisols,43.654918009678816,0.5413905996353507,2056,RMQS1,"{""type"":""MultiPoint"",""coordinates"":[]}"
20200917T105031_20200917T105447_T31TCJ_0000000000000000080a_0,2487,1502,372,728,863,1270,1899,2183,2524,2592,5,2020-09-17,Eutric Cambisols,43.52302003271735,1.5337542549797725,2107,RMQS1,"{""type"":""MultiPoint"",""coordinates"":[]}"
20200917T105031_20200917T105447_T31TCJ_0000000000000000075c_0,2643,2284,885,1320,1738,1951,2026,2178,2199,2238,5,2020-09-17,Eutric Fluvisols,44.09220210607855,0.9268088875590461,1919,RMQS1,"{""type"":""MultiPoint"",""coordinates"":[]}"
20200917T105031_20200917T105447_T31TCJ_00000000000000000831_0,3249,2379,646,964,1340,2041,2140,2549,2338,2737,5,2020-09-17,Eutric Stagnosols,43.377591309564,1.3386668701530315,2151,RMQS1,"{""type"":""MultiPoint"",""coordinates"":[]}"
20200917T105031_20200917T105447_T31TCJ_0000000000000000075f_0,3357,2304,680,1102,1478,1983,2403,2675,2957,3171,5,2020-09-17,Haplic Luvisols,44.098302699886354,1.5255881066600492,1922,RMQS1,"{""type"":""MultiPoint"",""coordinates"":[]}"
20200917T105031_20200917T105447_T31TCJ_00000000000000000789_0,2547,1755,618,843,889,1447,2181,2514,2403,2726,5,2020-09-17,Haplic Luvisols,43.9527966974489,1.3285439563076873,1968,RMQS1,"{""type"":""MultiPoint"",""coordinates"":[]}"
20200917T105031_20200917T105447_T31TCJ_000000000000000007b5_0,3150,2380,1570,1990,2132,2367,2739,2935,2780,2887,5,2020-09-17,Haplic Luvisols,43.80897291409622,1.331094029024924,2014,RMQS1,"{""type"":""MultiPoint"",""coordinates"":[]}"
20200917T105031_20200917T105447_T31TCJ_000000000000000007b6_0,2378,1570,677,1048,1156,1603,2301,2653,2758,3014,5,2020-09-17,Luvic Stagnosols,43.8106328718726,1.529691911310527,2015,RMQS1,"{""type"":""MultiPoint"",""coordinates"":[]}"
20200917T105031_20200917T105447_T31TCJ_00000000000000000808_0,3571,2401,695,962,1274,1575,1798,2020,2182,2414,5,2020-09-17,Luvic Stagnosols,43.51935670825821,1.1385679467238081,2105,RMQS1,"{""type"":""MultiPoint"",""coordinates"":[]}"
20200917T105031_20200917T105447_T31TCJ_000000000000000007df_0,2776,2225,841,1370,1654,1989,2229,2332,2272,2424,5,2020-09-17,Regosols (Colluvic),43.663145610161905,1.1355461494338939,2059,RMQS1,"{""type"":""MultiPoint"",""coordinates"":[]}"
20200917T105031_20200917T105447_T31TCJ_00000000000000000833_0,3519,2671,769,1196,1434,2119,2684,3004,3241,3229,5,2020-09-17,Regosols (Colluvic),43.3805251082789,1.7328839686620165,2153,RMQS1,"{""type"":""MultiPoint"",""coordinates"":[]}"
20200917T105031_20200917T105447_T31TCJ_00000000000000000809_0,2586,2119,1032,1162,1300,1465,1701,1827,1831,2031,5,2020-09-17,Technosols,43.521369132715655,1.336155148233926,2106,RMQS1,"{""type"":""MultiPoint"",""coordinates"":[]}"
20200917T105031_20200917T105447_T31TCK_00000000000000000730_0,3104,2567,1015,1322,1548,1862,2082,2196,2254,2395,5,2020-09-17,Calcaric Cambisols,44.23844644905489,1.123303160675493,1874,RMQS1,"{""type"":""MultiPoint"",""coordinates"":[]}"
20200917T105031_20200917T105447_T31TCK_00000000000000000731_0,3680,2577,868,1278,1622,2071,2451,2757,2752,3049,5,2020-09-17,Calcaric Cambisols,44.2404851063561,1.3234055011692607,1875,RMQS1,"{""type"":""MultiPoint"",""coordinates"":[]}"
20200917T105031_20200917T105447_T31TCK_00000000000000000733_0,2451,1521,420,669,692,1220,1744,2020,2040,2112,5,2020-09-17,Calcaric Cambisols,44.24346390133643,1.7236456068660195,1877,RMQS1,"{""type"":""MultiPoint"",""coordinates"":[]}"
20200917T105031_20200917T105447_T31TCK_00000000000000000694_0,3008,2433,642,1120,1588,1753,2049,2388,2512,2585,5,2020-09-17,Eutric Cambisols,44.81599910342824,1.312972402777045,1705,RMQS1,"{""type"":""MultiPoint"",""coordinates"":[]}"
20200917T105031_20200917T105447_T31TCK_00000000000000000705_0,3272,2237,1210,1582,1792,1996,2499,2885,2990,3195,5,2020-09-17,Eutric Cambisols,44.37989169422893,0.9196071815825417,1830,RMQS1,"{""type"":""MultiPoint"",""coordinates"":[]}"
20200917T105031_20200917T105447_T31TCK_000000000000000006b7_0,3588,2421,876,1138,1386,1805,2116,2356,2530,2621,5,2020-09-17,Haplic Luvisols,44.66167066056686,0.5091410357468154,1744,RMQS1,"{""type"":""MultiPoint"",""coordinates"":[]}"
20200917T105031_20200917T105447_T31TCK_000000000000000006b8_0,3563,2784,1072,1578,1884,1997,2327,2633,2600,2677,5,2020-09-17,Haplic Luvisols,44.664832562379004,0.7107266218471442,1745,RMQS1,"{""type"":""MultiPoint"",""coordinates"":[]}"
20200917T105031_20200917T105447_T31TCK_000000000000000006dd_0,3217,2619,982,1444,1852,2049,2221,2355,2455,2462,5,2020-09-17,Haplic Luvisols,44.51781425187794,0.5138181479053451,1786,RMQS1,"{""type"":""MultiPoint"",""coordinates"":[]}"
20200917T105031_20200917T105447_T31TCK_00000000000000000706_0,3805,2423,870,1180,1424,1900,2515,2781,2931,3143,5,2020-09-17,Rendzic Leptosols,44.38230353158314,1.1202039397391548,1831,RMQS1,"{""type"":""MultiPoint"",""coordinates"":[]}"
20200917T105031_20200917T105447_T31TCK_00000000000000000018_0,3244,2600,783,1222,1698,2137,2576,2801,2962,3114,5,2020-09-17,Calcaric Cambisols,44.94722222,1.6458333299999999,68778,"{WD-eSOTER,WD-WISE}","{""type"":""MultiPoint"",""coordinates"":[]}"
20200917T105031_20200917T105447_T31TCL_000000000000000005ce_0,4246,3313,1050,1550,2108,2508,2610,2798,2779,3046,5,2020-09-17,Dystric Cambisols,45.53348867729462,1.094834141797127,1496,RMQS1,"{""type"":""MultiPoint"",""coordinates"":[]}"
20200917T105031_20200917T105447_T31TCL_000000000000000005f3_0,2579,1742,558,915,1116,1445,1768,1939,2023,2142,5,2020-09-17,Rendzic Leptosols,45.38107425208028,0.4853942395465012,1535,RMQS1,"{""type"":""MultiPoint"",""coordinates"":[]}"
20200917T105031_20200917T105447_T31TCM_0000000000000000005e_0,3553,2491,894,1166,1578,1801,2070,2237,2431,2541,5,2020-09-17,Calcaric Cambisols,46.50806450849034,0.9910526900588258,SIM48183,HWSDv2,"{""type"":""MultiPoint"",""coordinates"":[]}"
20200917T105031_20200917T105447_T31TCM_00000000000000000480_0,2839,1991,500,744,744,1372,1997,2348,2840,2387,5,2020-09-17,Calcaric Cambisols,46.82886512189024,1.0650028550237045,1126,RMQS1,"{""type"":""MultiPoint"",""coordinates"":[]}"
20200917T105031_20200917T105447_T31TCM_00000000000000000482_0,3926,2871,825,1180,1538,1915,2214,2377,2487,2748,5,2020-09-17,Eutric Cambisols,46.83275616712597,1.484434384575593,1128,RMQS1,"{""type"":""MultiPoint"",""coordinates"":[]}"
20200917T105031_20200917T105447_T31TCM_00000000000000000483_0,2542,1991,702,945,1005,1454,1869,2043,2009,2244,5,2020-09-17,Eutric Cambisols,46.834125907327305,1.6941691786867756,1129,RMQS1,"{""type"":""MultiPoint"",""coordinates"":[]}"
20200917T105031_20200917T105447_T31TCM_000000000000000004a5_0,4125,3324,1100,1732,2408,2746,2897,3012,2986,3107,5,2020-09-17,Eutric Cambisols,46.67624425670514,0.4410565506621489,1164,RMQS1,"{""type"":""MultiPoint"",""coordinates"":[]}"
20200917T105031_20200917T105447_T31TCM_000000000000000004a7_0,3782,2761,886,1244,1698,1985,2151,2270,2365,2567,5,2020-09-17,Eutric Cambisols,46.68242330115931,0.8592545683175709,1166,RMQS1,"{""type"":""MultiPoint"",""coordinates"":[]}"
20200917T105031_20200917T105447_T31TCM_000000000000000004a8_0,4023,2708,946,1242,1598,2030,2406,2640,2820,3032,5,2020-09-17,Eutric Cambisols,46.68493825055593,1.0683872613516354,1167,RMQS1,"{""type"":""MultiPoint"",""coordinates"":[]}"
20200917T105031_20200917T105447_T31TCM_000000000000000004ce_0,3639,2330,684,920,1200,1604,1911,2150,2308,2560,5,2020-09-17,Eutric Cambisols,46.54313454001028,1.2803489731979116,1208,RMQS1,"{""type"":""MultiPoint"",""coordinates"":[]}"
20200917T105031_20200917T105447_T31TCM_000000000000000004cf_0,3540,2272,757,1011,1358,1602,1981,2222,2459,2562,5,2020-09-17,Eutric Cambisols,46.54487889789519,1.4889590904459031,1209,RMQS1,"{""type"":""MultiPoint"",""coordinates"":[]}"
20200917T105031_20200917T105447_T31TCM_000000000000000004d0_0,3076,2044,620,833,1013,1271,1780,1812,2264,2400,5,2020-09-17,Eutric Cambisols,46.546241796064976,1.697581007504501,1210,RMQS1,"{""type"":""MultiPoint"",""coordinates"":[]}"
20200917T105031_20200917T105447_T31TCM_000000000000000004ed_0,3285,2155,604,862,999,1755,2208,2407,2173,2870,5,2020-09-17,Eutric Cambisols,46.38842793796657,0.4510903816713883,1246,RMQS1,"{""type"":""MultiPoint"",""coordinates"":[]}"
20200917T105031_20200917T105447_T31TCM_0000000000000000047d_0,4360,3269,1254,1626,2138,2499,2714,2959,3064,3349,5,2020-09-17,Haplic Luvisols,46.82014893841074,0.43599984899138555,1123,RMQS1,"{""type"":""MultiPoint"",""coordinates"":[]}"
20200917T105031_20200917T105447_T31TCM_000000000000000004ab_0,2485,1695,568,803,813,1267,1680,1969,2212,2160,5,2020-09-17,Haplic Luvisols,46.69018527607474,1.6958796349873388,1170,RMQS1,"{""type"":""MultiPoint"",""coordinates"":[]}"
20200917T105031_20200917T105447_T31TCM_000000000000000004cb_0,2967,2164,627,831,1144,1470,2102,2355,2410,2576,5,2020-09-17,Haplic Luvisols,46.532337162248965,0.4460865612049353,1204,RMQS1,"{""type"":""MultiPoint"",""coordinates"":[]}"
20200917T105031_20200917T105447_T31TCM_000000000000000004f0_0,4283,3018,926,1318,1772,2135,2454,2683,2928,3144,5,2020-09-17,Haplic Luvisols,46.39707583850519,1.0751018843272806,1249,RMQS1,"{""type"":""MultiPoint"",""coordinates"":[]}"
20200917T105031_20200917T105447_T31TCM_000000000000000004ee_0,4071,2879,780,1074,1444,1719,1912,2115,2252,2466,5,2020-09-17,Luvic Cambisols,46.39169124444395,0.65907171951279,1247,RMQS1,"{""type"":""MultiPoint"",""coordinates"":[]}"
20200917T105031_20200917T105447_T31TCM_000000000000000004ef_0,3975,3338,1122,1644,2132,2458,2675,2935,2909,3094,5,2020-09-17,Luvic Cambisols,46.3945739230684,0.8670762593857257,1248,RMQS1,"{""type"":""MultiPoint"",""coordinates"":[]}"
20200917T105031_20200917T105447_T31TCM_000000000000000004f1_0,3925,2614,927,1278,1854,2090,2293,2494,2744,2819,5,2020-09-17,Luvic Cambisols,46.39919693196088,1.2831454307949937,1250,RMQS1,"{""type"":""MultiPoint"",""coordinates"":[]}"
20200917T105031_20200917T105447_T31TCM_000000000000000004f2_0,3656,2325,596,880,1122,1599,2079,2407,2396,2768,5,2020-09-17,Luvic Cambisols,46.400937060966974,1.4912034758531834,1251,RMQS1,"{""type"":""MultiPoint"",""coordinates"":[]}"
20200917T105031_20200917T105447_T31TCM_00000000000000000538_0,3957,2830,658,868,1100,1422,1809,2035,2101,2370,5,2020-09-17,Luvic Cambisols,46.10385188704361,0.6679061388968742,1330,RMQS1,"{""type"":""MultiPoint"",""coordinates"":[]}"
20200917T105031_20200917T105447_T31TCM_0000000000000000047e_0,3625,2317,771,1042,1378,1842,2281,2508,2640,2964,5,2020-09-17,Luvic Stagnosols,46.8234383704253,0.6456440699083928,1124,RMQS1,"{""type"":""MultiPoint"",""coordinates"":[]}"
20200917T105031_20200917T105447_T31TCM_00000000000000000514_0,3659,2396,753,1015,1234,1712,2307,2557,2770,2931,5,2020-09-17,Stagnic Gleysols,46.24451711991545,0.4560678464730407,1288,RMQS1,"{""type"":""MultiPoint"",""coordinates"":[]}"
20200917T105031_20200917T105447_T31TCM_00000000000000000517_0,3406,2007,670,942,1286,1410,1932,2168,2390,2591,5,2020-09-17,Stagnic Gleysols,46.25314229331879,1.0784326395470636,1291,RMQS1,"{""type"":""MultiPoint"",""coordinates"":[]}"
20200917T105031_20200917T105447_T31TCN_00000000000000000409_0,2721,1636,518,670,819,1062,1441,1618,1808,1877,5,2020-09-17,Albic Podzols,47.26592270272634,1.6889836071572726,996,RMQS1,"{""type"":""MultiPoint"",""coordinates"":[]}"
20200917T105031_20200917T105447_T31TCN_000000000000000003ae_0,2554,1945,713,1066,1040,1435,2038,2227,1938,2483,5,2020-09-17,Calcaric Cambisols,47.552368234556766,1.4729089085002178,899,RMQS1,"{""type"":""MultiPoint"",""coordinates"":[]}"
20200917T105031_20200917T105447_T31TCN_0000000000000000045c_0,3653,2925,806,1262,1910,2227,2356,2514,2604,2757,5,2020-09-17,Calcaric Cambisols,46.97806314421428,1.6924498201961606,1085,RMQS1,"{""type"":""MultiPoint"",""coordinates"":[]}"
20200917T105031_20200917T105447_T31TCN_0000000000000000037b_0,4607,3492,1104,1402,1804,2264,2534,2805,2888,3224,5,2020-09-17,Eutric Cambisols,47.68680357363322,0.6181369317170614,843,RMQS1,"{""type"":""MultiPoint"",""coordinates"":[]}"
20200917T105031_20200917T105447_T31TCN_0000000000000000037d_0,3631,2936,988,1478,1988,2323,2438,2545,2514,2657,5,2020-09-17,Eutric Cambisols,47.69231735110835,1.0443128583803534,845,RMQS1,"{""type"":""MultiPoint"",""coordinates"":[]}"
20200917T105031_20200917T105447_T31TCN_000000000000000003aa_0,3766,3231,1108,1490,2006,2314,2436,2573,2600,2756,5,2020-09-17,Eutric Cambisols,47.542927371413136,0.6227839914739651,895,RMQS1,"{""type"":""MultiPoint"",""coordinates"":[]}"
20200917T105031_20200917T105447_T31TCN_00000000000000000432_0,3851,2504,798,1116,1452,1875,2233,2479,2578,2869,5,2020-09-17,Eutric Cambisols,47.121995805732524,1.69072149454457,1041,RMQS1,"{""type"":""MultiPoint"",""coordinates"":[]}"
20200917T105031_20200917T105447_T31TCN_00000000000000000459_0,4112,2835,824,1040,1404,1732,2076,2289,2524,2689,5,2020-09-17,Eutric Cambisols,46.97278837529007,1.061600350806898,1082,RMQS1,"{""type"":""MultiPoint"",""coordinates"":[]}"
20200917T105031_20200917T105447_T31TCN_00000000000000000456_0,3341,2753,912,1170,1508,1818,2002,2209,2056,2402,5,2020-09-17,Eutric Planosols,46.96405011215721,0.43091598807012294,1079,RMQS1,"{""type"":""MultiPoint"",""coordinates"":[]}"
20200917T105031_20200917T105447_T31TCN_0000000000000000042f_0,4345,3894,1512,1966,2460,2873,2991,3175,3122,3379,5,2020-09-17,Eutric Retisols,47.11670746180148,1.0581797222389806,1038,RMQS1,"{""type"":""MultiPoint"",""coordinates"":[]}"
20200917T105031_20200917T105447_T31TCN_00000000000000000431_0,4391,3218,1508,1932,2474,2618,3049,3277,3362,3749,5,2020-09-17,Eutric Retisols,47.120619712342474,1.4798610993880554,1040,RMQS1,"{""type"":""MultiPoint"",""coordinates"":[]}"
20200917T105031_20200917T105447_T31TCN_0000000000000000045a_0,3769,2694,971,1290,1598,2007,2564,2805,2956,3102,5,2020-09-17,Eutric Retisols,46.97493184897627,1.2718698805445425,1083,RMQS1,"{""type"":""MultiPoint"",""coordinates"":[]}"
20200917T105031_20200917T105447_T31TCN_0000000000000000037c_0,4375,3615,1292,1842,2466,2744,2890,3059,3150,3299,5,2020-09-17,Haplic Luvisols,47.68975585042416,0.8312134254903143,844,RMQS1,"{""type"":""MultiPoint"",""coordinates"":[]}"
20200917T105031_20200917T105447_T31TCN_00000000000000000404_0,3105,2158,1062,1438,1714,1687,2519,2826,3060,3082,5,2020-09-17,Haplic Luvisols,47.25515043152472,0.6320023123013093,991,RMQS1,"{""type"":""MultiPoint"",""coordinates"":[]}"
20200917T105031_20200917T105447_T31TCN_00000000000000000408_0,3444,2381,904,1180,1606,1790,2015,2255,2540,2528,5,2020-09-17,Haplic Vertisols,47.26454305466629,1.477555758886086,995,RMQS1,"{""type"":""MultiPoint"",""coordinates"":[]}"
20200917T105031_20200917T105447_T31TCN_0000000000000000034d_0,3133,2340,754,915,1114,1703,2098,2232,2040,2482,5,2020-09-17,Luvic Cambisols,47.83837519938972,1.254497652282048,794,RMQS1,"{""type"":""MultiPoint"",""coordinates"":[]}"
20200917T105031_20200917T105447_T31TCN_000000000000000003db_0,2753,1741,617,982,1528,2103,2498,2806,3086,3397,5,2020-09-17,Luvic Cambisols,47.40668735158221,1.2632529913235573,949,RMQS1,"{""type"":""MultiPoint"",""coordinates"":[]}"
20200917T105031_20200917T105447_T31TCN_0000000000000000045b_0,3555,2544,658,910,1146,1419,1686,1889,1980,2134,5,2020-09-17,Luvic Cambisols,46.976690235974914,1.4821539910955996,1084,RMQS1,"{""type"":""MultiPoint"",""coordinates"":[]}"
20200917T105031_20200917T105447_T31TCN_0000000000000000034f_0,3601,3111,1100,1530,2036,2304,2394,2535,2556,2742,5,2020-09-17,Mollic Umbrisols,47.84155543400575,1.681939134662969,796,RMQS1,"{""type"":""MultiPoint"",""coordinates"":[]}"
20200917T105031_20200917T105447_T31TCN_0000000000000000042d_0,3634,2362,892,1114,1494,1802,2161,2372,2400,2670,5,2020-09-17,Rendzic Leptosols,47.111251889494554,0.6365738313282675,1036,RMQS1,"{""type"":""MultiPoint"",""coordinates"":[]}"
20200917T105031_20200917T105447_T31TCN_00000000000000000457_0,3044,1962,819,1034,1036,1577,2255,2601,2632,2793,5,2020-09-17,Stagnic Gleysols,46.96734759548669,0.6411210616326486,1080,RMQS1,"{""type"":""MultiPoint"",""coordinates"":[]}"
20200917T105031_20200917T105447_T31TDH_0000000000000000006a_0,3326,2146,536,819,1048,1342,1708,1933,2018,2284,5,2020-09-17,Calcaric Cambisols,43.25643616146044,2.453036771590776,SIM23594,HWSDv2,"{""type"":""MultiPoint"",""coordinates"":[]}"
20200917T105031_20200917T105447_T31TDH_0000000000000000003d_0,2999,2480,703,1268,1662,1999,2171,2308,2428,2517,5,2020-09-17,Eutric Cambisols,43.08330529252448,1.8953747700466825,SIM11644,HWSDv2,"{""type"":""MultiPoint"",""coordinates"":[]}"
20200917T105031_20200917T105447_T31TDH_00000000000000000856_0,2743,2180,849,1290,1754,1874,1990,2173,2292,2443,5,2020-09-17,Calcaric Arenosols,43.23824536900353,2.1276596812268993,2194,RMQS1,"{""type"":""MultiPoint"",""coordinates"":[]}"
20200917T105031_20200917T105447_T31TDH_00000000000000000858_0,2517,1472,272,633,749,1294,1800,2000,2206,2354,5,2020-09-17,Calcaric Cambisols,43.23829353328013,2.520928813086623,2196,RMQS1,"{""type"":""MultiPoint"",""coordinates"":[]}"
20200917T105031_20200917T105447_T31TDH_00000000000000000871_0,2803,1701,389,623,843,1205,1646,1825,1946,2113,5,2020-09-17,Calcaric Cambisols,43.09469607384413,2.3243282873192377,2230,RMQS1,"{""type"":""MultiPoint"",""coordinates"":[]}"
20200917T105031_20200917T105447_T31TDH_00000000000000000872_0,2480,1397,293,628,728,1169,1670,1908,2032,2214,5,2020-09-17,Calcaric Cambisols,43.09454041537799,2.520470944219245,2231,RMQS1,"{""type"":""MultiPoint"",""coordinates"":[]}"
20200917T105031_20200917T105447_T31TDH_00000000000000000855_0,3688,2603,779,1072,1426,1684,1792,1914,2026,2236,5,2020-09-17,Rendzic Leptosols,43.237681525941696,1.9310260055678181,2193,RMQS1,"{""type"":""MultiPoint"",""coordinates"":[]}"
20200917T105031_20200917T105447_T31TDJ_00000000000000000760_0,3637,2566,647,1088,1486,1841,2179,2337,2349,2674,5,2020-09-17,Calcaric Cambisols,44.10054393938835,1.9248303898472057,1924,RMQS1,"{""type"":""MultiPoint"",""coordinates"":[]}"
20200917T105031_20200917T105447_T31TDJ_0000000000000000078c_0,2765,1925,537,817,865,2056,2394,2637,2712,2795,5,2020-09-17,Calcaric Cambisols,43.9572674411978,2.1250002129640184,1972,RMQS1,"{""type"":""MultiPoint"",""coordinates"":[]}"
20200917T105031_20200917T105447_T31TDJ_000000000000000007e3_0,3063,2452,947,1340,1718,1982,2051,2193,2208,2351,5,2020-09-17,Calcaric Cambisols,43.66961104280001,2.1260713188749483,2064,RMQS1,"{""type"":""MultiPoint"",""coordinates"":[]}"
20200917T105031_20200917T105447_T31TDJ_00000000000000000735_0,4066,2646,647,974,1272,1692,2167,2433,2618,2812,5,2020-09-17,Eutric Cambisols,44.244978977774174,2.1239161405307447,1879,RMQS1,"{""type"":""MultiPoint"",""coordinates"":[]}"
20200917T105031_20200917T105447_T31TDJ_00000000000000000762_0,3642,2599,664,918,1284,1636,1940,2147,2302,2510,5,2020-09-17,Eutric Cambisols,44.10132367901196,2.3240912497602655,1926,RMQS1,"{""type"":""MultiPoint"",""coordinates"":[]}"
20200917T105031_20200917T105447_T31TDJ_00000000000000000764_0,3810,2773,672,966,1354,1646,2022,2190,2332,2470,5,2020-09-17,Eutric Cambisols,44.100643063293255,2.7233529963840972,1928,RMQS1,"{""type"":""MultiPoint"",""coordinates"":[]}"
20200917T105031_20200917T105447_T31TDJ_0000000000000000078b_0,3360,2269,726,1070,1350,1654,2040,2284,2396,2658,5,2020-09-17,Eutric Cambisols,43.95669683331813,1.9258768685870264,1971,RMQS1,"{""type"":""MultiPoint"",""coordinates"":[]}"
20200917T105031_20200917T105447_T31TDJ_0000000000000000078f_0,2493,1912,500,760,1172,1362,1556,1740,1832,1927,5,2020-09-17,Eutric Cambisols,43.95679455630971,2.7223763371721823,1975,RMQS1,"{""type"":""MultiPoint"",""coordinates"":[]}"
20200917T105031_20200917T105447_T31TDJ_000000000000000007ba_0,3762,2780,827,1176,1694,1865,2113,2374,2548,2740,5,2020-09-17,Eutric Cambisols,43.813480521984715,2.5227831617559686,2020,RMQS1,"{""type"":""MultiPoint"",""coordinates"":[]}"
20200917T105031_20200917T105447_T31TDJ_00000000000000000736_0,3693,2599,639,966,1250,1613,2259,2601,2698,2917,5,2020-09-17,Haplic Luvisols,44.24518706868091,2.3240567532591774,1880,RMQS1,"{""type"":""MultiPoint"",""coordinates"":[]}"
20200917T105031_20200917T105447_T31TDJ_0000000000000000080c_0,3321,2030,552,813,967,1359,1913,2132,2420,2449,5,2020-09-17,Haplic Luvisols,43.52580553458276,2.1266028762483478,2110,RMQS1,"{""type"":""MultiPoint"",""coordinates"":[]}"
20200917T105031_20200917T105447_T31TDJ_000000000000000007b9_0,4016,3088,850,1388,2046,2230,2422,2559,2512,2687,5,2020-09-17,Luvic Cambisols,43.813637782487255,2.324160020455109,2019,RMQS1,"{""type"":""MultiPoint"",""coordinates"":[]}"
20200917T105031_20200917T105447_T31TDJ_000000000000000007e2_0,3071,2470,975,1414,1758,1948,2147,2284,2364,2541,5,2020-09-17,Luvic Cambisols,43.669042809087784,1.9279512878727754,2063,RMQS1,"{""type"":""MultiPoint"",""coordinates"":[]}"
20200917T105031_20200917T105447_T31TDJ_0000000000000000078d_0,2791,1811,479,748,908,1122,1974,2246,2750,2492,5,2020-09-17,Mollic Umbrisols,43.95747377955348,2.3241257947746212,1973,RMQS1,"{""type"":""MultiPoint"",""coordinates"":[]}"
20200917T105031_20200917T105447_T31TDJ_000000000000000007b8_0,3073,2094,687,952,1288,1497,1806,1968,2094,2224,5,2020-09-17,Rendzic Leptosols,43.81343217854103,2.1255375569197064,2018,RMQS1,"{""type"":""MultiPoint"",""coordinates"":[]}"
20200917T105031_20200917T105447_T31TDJ_00000000000000000737_0,4168,3468,809,1214,1640,1916,2049,2261,2328,2558,5,2020-09-17,Umbric Leptosols,44.24502924266704,2.5241971825902305,1881,RMQS1,"{""type"":""MultiPoint"",""coordinates"":[]}"
20200917T105031_20200917T105447_T31TDJ_00000000000000000738_0,3991,2768,784,1164,1620,1982,2324,2494,2602,2871,5,2020-09-17,Umbric Leptosols,44.244504694751356,2.7243348476022655,1882,RMQS1,"{""type"":""MultiPoint"",""coordinates"":[]}"
20200917T105031_20200917T105447_T31TDJ_00000000000000000761_0,3525,2629,731,1040,1382,1471,1614,1872,2232,2083,5,2020-09-17,Umbric Leptosols,44.10111660045673,2.1244594998986797,1925,RMQS1,"{""type"":""MultiPoint"",""coordinates"":[]}"
20200917T105031_20200917T105447_T31TDK_000000000000000006be_0,2808,2023,1216,1434,1466,1500,2280,2530,2696,2771,5,2020-09-17,Calcaric Cambisols,44.67605628734128,1.9205934098289061,1751,RMQS1,"{""type"":""MultiPoint"",""coordinates"":[]}"
20200917T105031_20200917T105447_T31TDK_000000000000000006c2_0,3960,2507,796,1188,1512,2020,2575,2888,3098,3359,5,2020-09-17,Dystric Cambisols,44.67615650531218,2.7273127243921524,1755,RMQS1,"{""type"":""MultiPoint"",""coordinates"":[]}"
20200917T105031_20200917T105447_T31TDK_00000000000000000698_0,2607,2069,797,1238,1586,1557,1869,2023,2504,2257,5,2020-09-17,Eutric Cambisols,44.82053997861645,2.1217179082375526,1709,RMQS1,"{""type"":""MultiPoint"",""coordinates"":[]}"
20200917T105031_20200917T105447_T31TDK_00000000000000000735_0,4021,2636,675,979,1250,1669,2167,2429,2600,2798,5,2020-09-17,Eutric Cambisols,44.244978977774174,2.1239161405307447,1879,RMQS1,"{""type"":""MultiPoint"",""coordinates"":[]}"
20200917T105031_20200917T105447_T31TDK_00000000000000000736_0,3662,2592,678,987,1248,1603,2242,2576,2683,2891,5,2020-09-17,Haplic Luvisols,44.24518706868091,2.3240567532591774,1880,RMQS1,"{""type"":""MultiPoint"",""coordinates"":[]}"
20200917T105031_20200917T105447_T31TDK_0000000000000000070d_0,3314,2201,568,868,1048,1383,2058,2354,2535,2592,5,2020-09-17,Lithic Leptosols,44.388904134938514,2.524673828874761,1838,RMQS1,"{""type"":""MultiPoint"",""coordinates"":[]}"
20200917T105031_20200917T105447_T31TDK_0000000000000000070c_0,3124,2618,767,1122,1762,1941,2322,2454,2477,2640,5,2020-09-17,Umbric Leptosols,44.38906236160645,2.324022314234377,1837,RMQS1,"{""type"":""MultiPoint"",""coordinates"":[]}"
20200917T105031_20200917T105447_T31TDK_00000000000000000737_0,4106,3432,833,1214,1610,1879,2048,2265,2347,2550,5,2020-09-17,Umbric Leptosols,44.24502924266704,2.5241971825902305,1881,RMQS1,"{""type"":""MultiPoint"",""coordinates"":[]}"
20200917T105031_20200917T105447_T31TDK_00000000000000000738_0,3935,2745,812,1168,1592,1939,2300,2477,2591,2845,5,2020-09-17,Umbric Leptosols,44.244504694751356,2.7243348476022655,1882,RMQS1,"{""type"":""MultiPoint"",""coordinates"":[]}"
20200917T105031_20200917T105447_T31TDL_0000000000000000058d_0,3688,2754,805,1202,1550,1990,2484,2690,2805,3060,5,2020-09-17,Eutric Cambisols,45.82812019547945,2.5295761080382126,1422,RMQS1,"{""type"":""MultiPoint"",""coordinates"":[]}"
20200917T105031_20200917T105447_T31TDM_0000000000000000004b_0,3148,2018,565,727,899,1262,1750,1914,2018,2277,5,2020-09-17,Dystric Cambisols,46.535999349184486,2.820829749810402,SIM59057,HWSDv2,"{""type"":""MultiPoint"",""coordinates"":[]}"
20200917T105031_20200917T105447_T31TDM_000000000000000004af_0,3704,2468,692,916,1252,1611,1883,2090,2098,2401,5,2020-09-17,Dolomitic Cambisols,46.69181816208216,2.532648079278483,1174,RMQS1,"{""type"":""MultiPoint"",""coordinates"":[]}"
20200917T105031_20200917T105447_T31TDM_00000000000000000483_0,2543,1987,706,949,1008,1455,1867,2043,2010,2242,5,2020-09-17,Eutric Cambisols,46.834125907327305,1.6941691786867756,1129,RMQS1,"{""type"":""MultiPoint"",""coordinates"":[]}"
20200917T105031_20200917T105447_T31TDM_000000000000000004d0_0,3076,2038,625,835,1013,1267,1775,1804,2260,2401,5,2020-09-17,Eutric Cambisols,46.546241796064976,1.697581007504501,1210,RMQS1,"{""type"":""MultiPoint"",""coordinates"":[]}"
20200917T105031_20200917T105447_T31TDM_000000000000000004d2_0,2355,1823,600,728,867,1274,1687,1715,1708,2053,5,2020-09-17,Eutric Cambisols,46.54782103342217,2.1148477902316745,1212,RMQS1,"{""type"":""MultiPoint"",""coordinates"":[]}"
20200917T105031_20200917T105447_T31TDM_0000000000000000051d_0,3018,1912,623,884,1054,1295,1807,2053,2464,2465,5,2020-09-17,Eutric Cambisols,46.26013607966591,2.3235593993881625,1297,RMQS1,"{""type"":""MultiPoint"",""coordinates"":[]}"
20200917T105031_20200917T105447_T31TDM_00000000000000000489_0,3440,2219,652,855,1158,1550,1953,2174,2137,2588,5,2020-09-17,Eutric Planosols,46.83427557950005,2.952666633533814,1135,RMQS1,"{""type"":""MultiPoint"",""coordinates"":[]}"
20200917T105031_20200917T105447_T31TDM_00000000000000000488_0,4460,4043,1442,2144,2822,3047,3246,3366,3583,3631,5,2020-09-17,Eutric Retisols,46.835211482898934,2.7429212005666344,1134,RMQS1,"{""type"":""MultiPoint"",""coordinates"":[]}"
20200917T105031_20200917T105447_T31TDM_000000000000000004ae_0,4072,2764,902,1138,1458,1814,2242,2569,2690,2920,5,2020-09-17,Eutric Retisols,46.691985232644434,2.3234523208782796,1173,RMQS1,"{""type"":""MultiPoint"",""coordinates"":[]}"
20200917T105031_20200917T105447_T31TDM_000000000000000004ab_0,2484,1692,570,802,810,1268,1678,1966,2214,2157,5,2020-09-17,Haplic Luvisols,46.69018527607474,1.6958796349873388,1170,RMQS1,"{""type"":""MultiPoint"",""coordinates"":[]}"
20200917T105031_20200917T105447_T31TDM_000000000000000004d6_0,3516,2410,691,969,1278,1600,1930,2144,2096,2406,5,2020-09-17,Haplic Luvisols,46.546391687559506,2.9493976467387704,1216,RMQS1,"{""type"":""MultiPoint"",""coordinates"":[]}"
20200917T105031_20200917T105447_T31TDM_00000000000000000540_0,3251,2079,743,1044,1256,1671,2202,2450,2662,2761,5,2020-09-17,Luvic Stagnosols,46.11602001349392,2.5305880344950036,1339,RMQS1,"{""type"":""MultiPoint"",""coordinates"":[]}"
20200917T105031_20200917T105447_T31TDM_000000000000000004b0_0,3425,2340,540,810,1052,1389,1887,2177,2392,2526,5,2020-09-17,Mollic Umbrisols,46.691268203764984,2.741840566757077,1175,RMQS1,"{""type"":""MultiPoint"",""coordinates"":[]}"
20200917T105031_20200917T105447_T31TDM_000000000000000004f7_0,3526,2470,716,963,1306,1637,2118,2408,2440,2742,5,2020-09-17,Stagnic Luvisols,46.40392131704465,2.5316118780338015,1256,RMQS1,"{""type"":""MultiPoint"",""coordinates"":[]}"
20200917T105031_20200917T105447_T31TDM_000000000000000004f8_0,3853,2800,690,989,1194,1740,2231,2545,2598,2870,5,2020-09-17,Umbric Leptosols,46.40337439332457,2.739697268260874,1257,RMQS1,"{""type"":""MultiPoint"",""coordinates"":[]}"
20200917T105031_20200917T105447_T31TDM_0000000000000000051b_0,2489,1704,625,939,1072,1265,1984,2229,2343,2399,5,2020-09-17,Umbric Leptosols,46.259324719888895,1.9084859373164629,1295,RMQS1,"{""type"":""MultiPoint"",""coordinates"":[]}"
20200917T105031_20200917T105447_T31TDM_0000000000000000051c_0,3465,2310,750,990,1268,1526,2093,2301,2460,2736,5,2020-09-17,Umbric Leptosols,46.25992056175498,2.1160209204130283,1296,RMQS1,"{""type"":""MultiPoint"",""coordinates"":[]}"
20200917T105031_20200917T105447_T31TDM_00000000000000000542_0,2851,1796,422,595,680,1143,1543,1740,1917,1998,5,2020-09-17,Umbric Leptosols,46.11455278426213,2.9445630186179126,1341,RMQS1,"{""type"":""MultiPoint"",""coordinates"":[]}"
20200917T105031_20200917T105447_T31TDM_00000000000000000009_0,3721,2713,736,998,1344,1630,1885,2066,2204,2413,5,2020-09-17,Chromic Luvisols,46.3675,2.9111111099999993,66249,"{WD-eSOTER,WD-WISE}","{""type"":""MultiPoint"",""coordinates"":[]}"
20200917T105031_20200917T105447_T31TDN_0000000000000000006b_0,3519,3018,1176,1608,2018,2294,2940,3101,3094,3282,5,2020-09-17,Calcaric Fluvisols,47.51712916438218,2.9124227153317253,SIM92611,HWSDv2,"{""type"":""MultiPoint"",""coordinates"":[]}"
20200917T105031_20200917T105447_T31TDN_00000000000000000409_0,2731,1634,516,668,819,1055,1432,1612,1802,1873,5,2020-09-17,Albic Podzols,47.26592270272634,1.6889836071572726,996,RMQS1,"{""type"":""MultiPoint"",""coordinates"":[]}"
20200917T105031_20200917T105447_T31TDN_00000000000000000352_0,2593,1705,588,774,949,1514,2339,2600,2687,2647,5,2020-09-17,Calcaric Arenosols,47.84338994552523,2.3231668611929046,799,RMQS1,"{""type"":""MultiPoint"",""coordinates"":[]}"
20200917T105031_20200917T105447_T31TDN_00000000000000000436_0,2316,1638,484,785,1001,1310,1510,1671,1688,1852,5,2020-09-17,Calcaric Cambisols,47.123640607401704,2.5342243250597987,1045,RMQS1,"{""type"":""MultiPoint"",""coordinates"":[]}"
20200917T105031_20200917T105447_T31TDN_0000000000000000045c_0,3659,2924,799,1252,1902,2223,2355,2507,2602,2754,5,2020-09-17,Calcaric Cambisols,46.97806314421428,1.6924498201961606,1085,RMQS1,"{""type"":""MultiPoint"",""coordinates"":[]}"
20200917T105031_20200917T105447_T31TDN_0000000000000000045e_0,3498,2302,733,1000,1282,1656,2053,2249,2390,2562,5,2020-09-17,Calcaric Cambisols,46.979654960882996,2.113066139748655,1087,RMQS1,"{""type"":""MultiPoint"",""coordinates"":[]}"
20200917T105031_20200917T105447_T31TDN_00000000000000000460_0,4596,3337,1038,1498,2002,2513,2768,2986,3034,3384,5,2020-09-17,Calcaric Cambisols,46.97970429233507,2.533695643621074,1089,RMQS1,"{""type"":""MultiPoint"",""coordinates"":[]}"
20200917T105031_20200917T105447_T31TDN_000000000000000008c9_0,3235,2322,744,1001,1274,1624,2053,2238,2224,2596,5,2020-09-17,Dystric Cambisols,47.84255830040598,1.8956764547247618,10797,RMQS1,"{""type"":""MultiPoint"",""coordinates"":[]}"
20200917T105031_20200917T105447_T31TDN_00000000000000000351_0,2670,1966,857,1206,1582,1773,2136,2402,2245,2638,5,2020-09-17,Eutric Cambisols,47.843169868917435,2.1094201698833497,798,RMQS1,"{""type"":""MultiPoint"",""coordinates"":[]}"
20200917T105031_20200917T105447_T31TDN_00000000000000000354_0,3271,2143,711,965,1200,1655,2257,2450,2424,2805,5,2020-09-17,Eutric Cambisols,47.842655087619384,2.7506597579569654,801,RMQS1,"{""type"":""MultiPoint"",""coordinates"":[]}"
20200917T105031_20200917T105447_T31TDN_00000000000000000383_0,3472,2267,571,754,968,1258,1487,1669,1787,1978,5,2020-09-17,Eutric Cambisols,47.69949039246022,2.323203433676275,851,RMQS1,"{""type"":""MultiPoint"",""coordinates"":[]}"
20200917T105031_20200917T105447_T31TDN_00000000000000000386_0,3511,2121,630,893,1172,1582,1954,2169,2316,2528,5,2020-09-17,Eutric Cambisols,47.69780680148795,2.9626958627837903,854,RMQS1,"{""type"":""MultiPoint"",""coordinates"":[]}"
20200917T105031_20200917T105447_T31TDN_000000000000000003b5_0,3542,2982,1042,1518,1960,2257,2390,2573,2570,2718,5,2020-09-17,Eutric Cambisols,47.55390274742055,2.9610017841947456,906,RMQS1,"{""type"":""MultiPoint"",""coordinates"":[]}"
20200917T105031_20200917T105447_T31TDN_0000000000000000040a_0,3538,2515,913,1280,1564,1786,2344,2579,2671,2845,5,2020-09-17,Eutric Cambisols,47.26691526786204,1.9004209607850338,997,RMQS1,"{""type"":""MultiPoint"",""coordinates"":[]}"
20200917T105031_20200917T105447_T31TDN_0000000000000000040f_0,2533,1887,737,1005,1332,1559,1888,2068,2216,2243,5,2020-09-17,Eutric Cambisols,47.26607029067076,2.957639518006341,1002,RMQS1,"{""type"":""MultiPoint"",""coordinates"":[]}"
20200917T105031_20200917T105447_T31TDN_00000000000000000432_0,3858,2506,799,1114,1454,1881,2236,2482,2586,2873,5,2020-09-17,Eutric Cambisols,47.121995805732524,1.69072149454457,1041,RMQS1,"{""type"":""MultiPoint"",""coordinates"":[]}"
20200917T105031_20200917T105447_T31TDN_0000000000000000045f_0,3725,2696,873,1272,1760,2145,2489,2683,2756,2975,5,2020-09-17,Eutric Cambisols,46.979872395224476,2.3233806506173393,1088,RMQS1,"{""type"":""MultiPoint"",""coordinates"":[]}"
20200917T105031_20200917T105447_T31TDN_00000000000000000355_0,3693,2570,768,1122,1428,1622,2324,2580,3011,3115,5,2020-09-17,Eutric Planosols,47.84170205083067,2.964398308512684,802,RMQS1,"{""type"":""MultiPoint"",""coordinates"":[]}"
20200917T105031_20200917T105447_T31TDN_00000000000000000381_0,4543,3644,2036,2354,2866,2523,2934,3160,3836,3498,5,2020-09-17,Eutric Planosols,47.698660425916756,1.8968722804991947,849,RMQS1,"{""type"":""MultiPoint"",""coordinates"":[]}"
20200917T105031_20200917T105447_T31TDN_00000000000000000384_0,2889,2043,764,1098,1044,1527,2200,2320,2655,2688,5,2020-09-17,Eutric Planosols,47.69931950140868,2.536370775781721,852,RMQS1,"{""type"":""MultiPoint"",""coordinates"":[]}"
20200917T105031_20200917T105447_T31TDN_00000000000000000350_0,3235,2322,744,1001,1274,1624,2053,2238,2224,2596,5,2020-09-17,Haplic Luvisols,47.84255830040598,1.8956764547247618,797,RMQS1,"{""type"":""MultiPoint"",""coordinates"":[]}"
20200917T105031_20200917T105447_T31TDN_000000000000000003e1_0,3871,3000,1134,1540,1966,2424,2579,2782,2784,3041,5,2020-09-17,Luvic Cambisols,47.4114954439109,2.535292013761814,955,RMQS1,"{""type"":""MultiPoint"",""coordinates"":[]}"
20200917T105031_20200917T105447_T31TDN_0000000000000000034f_0,3608,3112,1104,1532,2040,2313,2401,2541,2556,2744,5,2020-09-17,Mollic Umbrisols,47.84155543400575,1.681939134662969,796,RMQS1,"{""type"":""MultiPoint"",""coordinates"":[]}"
20200917T105031_20200917T105447_T31TDN_00000000000000000433_0,4069,3470,1038,1532,2072,2544,2641,2775,2648,2990,5,2020-09-17,Regosols (Colluvic),47.122986100947585,1.9015909191264737,1042,RMQS1,"{""type"":""MultiPoint"",""coordinates"":[]}"
20200917T105031_20200917T105447_T31TDN_00000000000000000461_0,3321,2270,738,1011,1240,1599,1989,2188,2240,2448,5,2020-09-17,Rendzic Leptosols,46.97915101430345,2.744008107875012,1090,RMQS1,"{""type"":""MultiPoint"",""coordinates"":[]}"
20200917T105031_20200917T105447_T31TEK_000000000000000006c4_0,3137,1811,512,789,955,1387,1967,2198,2480,2569,5,2020-09-17,Regosols (Colluvic),44.67399079291431,3.1306526990206116,1757,RMQS1,"{""type"":""MultiPoint"",""coordinates"":[]}"
20200917T105031_20200917T105447_T31TEK_0000000000000000069e_0,3657,2555,960,1260,1556,1984,2468,2655,2752,2936,5,2020-09-17,Umbric Leptosols,44.81624720276049,3.334865958884358,1715,RMQS1,"{""type"":""MultiPoint"",""coordinates"":[]}"
20200917T105031_20200917T105447_T31TEL_0000000000000000056a_0,3154,1975,592,843,895,1512,2168,2382,2496,2772,5,2020-09-17,Eutric Cambisols,45.969307702721736,3.14940195717346,1384,RMQS1,"{""type"":""MultiPoint"",""coordinates"":[]}"
20200917T105031_20200917T105447_T31TEL_00000000000000000590_0,2448,2590,660,848,1100,1680,1920,1976,1674,2018,5,2020-09-17,Eutric Cambisols,45.82536654174085,3.14727434954861,1425,RMQS1,"{""type"":""MultiPoint"",""coordinates"":[]}"
20200917T105031_20200917T105447_T31TEL_000000000000000005d8_0,2572,1910,515,856,969,1698,2368,2587,2950,2765,5,2020-09-17,Haplic Vertisols,45.53749059550481,3.1430513588344695,1506,RMQS1,"{""type"":""MultiPoint"",""coordinates"":[]}"
20200917T105031_20200917T105447_T31TEL_0000000000000000056b_0,3015,2061,695,994,1266,1573,1822,2047,2238,2459,5,2020-09-17,Regosols (Colluvic),45.96763063983362,3.355823049470566,1385,RMQS1,"{""type"":""MultiPoint"",""coordinates"":[]}"
20200917T105031_20200917T105447_T31TEL_00000000000000000591_0,2651,1831,818,1112,1408,1685,1841,2021,2012,2260,5,2020-09-17,Regosols (Colluvic),45.82369394842808,3.353154862632251,1426,RMQS1,"{""type"":""MultiPoint"",""coordinates"":[]}"
20200917T105031_20200917T105447_T31TEL_000000000000000005b2_0,2455,1848,748,1084,1176,1553,2231,2433,2490,2622,5,2020-09-17,Regosols (Colluvic),45.681427208986456,3.1451570403686984,1465,RMQS1,"{""type"":""MultiPoint"",""coordinates"":[]}"
20200917T105031_20200917T105447_T31TEL_00000000000000000592_0,2999,1906,549,852,1044,1483,1963,2216,2310,2540,5,2020-09-17,Stagnic Gleysols,45.82164445251886,3.559022515471215,1427,RMQS1,"{""type"":""MultiPoint"",""coordinates"":[]}"
20200917T105031_20200917T105447_T31TEM_0000000000000000005d_0,4262,2868,819,1068,1464,1810,2197,2460,2558,2833,5,2020-09-17,Dystric Cambisols,46.72236823472247,4.04957637442354,SIM25904,HWSDv2,"{""type"":""MultiPoint"",""coordinates"":[]}"
20200917T105031_20200917T105447_T31TEM_000000000000000004d7_0,2492,1574,588,881,1194,1599,1935,2156,2244,2444,5,2020-09-17,Calcaric Cambisols,46.5450787191567,3.1580218533469955,1217,RMQS1,"{""type"":""MultiPoint"",""coordinates"":[]}"
20200917T105031_20200917T105447_T31TEM_000000000000000004b6_0,3947,2564,922,1244,1664,1987,2287,2541,2646,2830,5,2020-09-17,Eutric Cambisols,46.67992314864527,3.9967805513984263,1181,RMQS1,"{""type"":""MultiPoint"",""coordinates"":[]}"
20200917T105031_20200917T105447_T31TEM_0000000000000000056a_0,3145,1969,581,837,894,1504,2160,2374,2502,2766,5,2020-09-17,Eutric Cambisols,45.969307702721736,3.14940195717346,1384,RMQS1,"{""type"":""MultiPoint"",""coordinates"":[]}"
20200917T105031_20200917T105447_T31TEM_000000000000000004b5_0,3822,2688,758,1036,1426,1633,2065,2325,2524,2743,5,2020-09-17,Eutric Planosols,46.68277144268723,3.787666472046673,1180,RMQS1,"{""type"":""MultiPoint"",""coordinates"":[]}"
20200917T105031_20200917T105447_T31TEM_00000000000000000523_0,4065,2786,846,1160,1596,1874,2265,2516,2830,2986,5,2020-09-17,Eutric Planosols,46.253442299898516,3.5686996575366936,1303,RMQS1,"{""type"":""MultiPoint"",""coordinates"":[]}"
20200917T105031_20200917T105447_T31TEM_000000000000000008d5_0,4188,3056,877,1190,1534,1894,2192,2437,2636,2797,5,2020-09-17,Eutric Planosols,46.832955360495376,3.162404385466637,11136,RMQS1,"{""type"":""MultiPoint"",""coordinates"":[]}"
20200917T105031_20200917T105447_T31TEM_000000000000000004da_0,4072,2911,1056,1332,1798,2078,2247,2411,2588,2745,5,2020-09-17,Eutric Stagnosols,46.53884808772313,3.7838164892692934,1220,RMQS1,"{""type"":""MultiPoint"",""coordinates"":[]}"
20200917T105031_20200917T105447_T31TEM_00000000000000000545_0,3693,2489,694,927,1262,1656,2204,2428,2624,2882,5,2020-09-17,Eutric Stagnosols,46.109508719803586,3.565456671920217,1344,RMQS1,"{""type"":""MultiPoint"",""coordinates"":[]}"
20200917T105031_20200917T105447_T31TEM_000000000000000004fe_0,3992,2862,871,1176,1558,1921,2126,2307,2502,2650,5,2020-09-17,Fluvic Cambisols,46.39208995758754,3.987995703885363,1263,RMQS1,"{""type"":""MultiPoint"",""coordinates"":[]}"
20200917T105031_20200917T105447_T31TEM_000000000000000004b4_0,3674,2927,1016,1422,1882,2271,2632,2904,2890,3183,5,2020-09-17,Haplic Luvisols,46.6852369563891,3.578530612144559,1179,RMQS1,"{""type"":""MultiPoint"",""coordinates"":[]}"
20200917T105031_20200917T105447_T31TEM_000000000000000004fc_0,4026,2580,708,998,1400,1760,2077,2299,2456,2705,5,2020-09-17,Haplic Luvisols,46.39737543877537,3.571959357479718,1261,RMQS1,"{""type"":""MultiPoint"",""coordinates"":[]}"
20200917T105031_20200917T105447_T31TEM_000000000000000004fd_0,3795,2634,755,1040,1306,1691,2140,2421,2534,2842,5,2020-09-17,Luvic Stagnosols (Ruptic),46.39492308751163,3.7799878647677483,1262,RMQS1,"{""type"":""MultiPoint"",""coordinates"":[]}"
20200917T105031_20200917T105447_T31TEM_000000000000000004d9_0,3873,2555,796,1054,1542,1816,1998,2213,2370,2635,5,2020-09-17,Mollic Umbrisols,46.541307234339925,3.575235904485403,1219,RMQS1,"{""type"":""MultiPoint"",""coordinates"":[]}"
20200917T105031_20200917T105447_T31TEM_00000000000000000521_0,2756,2045,775,1092,1494,1674,1899,2044,2106,2283,5,2020-09-17,Mollic Umbrisols,46.25719372691628,3.15368891738102,1301,RMQS1,"{""type"":""MultiPoint"",""coordinates"":[]}"
20200917T105031_20200917T105447_T31TEM_00000000000000000524_0,3582,2319,739,993,1322,1649,2398,2680,2766,3038,5,2020-09-17,Regosols (Colluvic),46.25099663252978,3.7761795109519727,1304,RMQS1,"{""type"":""MultiPoint"",""coordinates"":[]}"
20200917T105031_20200917T105447_T31TEM_0000000000000000056b_0,3005,2055,689,991,1268,1573,1811,2032,2230,2448,5,2020-09-17,Regosols (Colluvic),45.96763063983362,3.355823049470566,1385,RMQS1,"{""type"":""MultiPoint"",""coordinates"":[]}"
20200917T105031_20200917T105447_T31TEM_0000000000000000048a_0,4188,3056,877,1190,1534,1894,2192,2437,2636,2797,5,2020-09-17,Stagnic Gleysols,46.832955360495376,3.162404385466637,1136,RMQS1,"{""type"":""MultiPoint"",""coordinates"":[]}"
20200917T105031_20200917T105447_T31TEM_0000000000000000048d_0,4188,2964,819,1052,1426,1778,2065,2282,2374,2677,5,2020-09-17,Stagnic Gleysols,46.82669251741433,3.7915377253001425,1139,RMQS1,"{""type"":""MultiPoint"",""coordinates"":[]}"
20200917T105031_20200917T105447_T31TEM_00000000000000000543_0,3453,2197,611,880,1112,1645,2294,2554,2688,3059,5,2020-09-17,Umbric Leptosols,46.11325015735942,3.151539686394987,1342,RMQS1,"{""type"":""MultiPoint"",""coordinates"":[]}"
20200917T105031_20200917T105447_T31TEM_00000000000000000023_0,3604,2187,526,813,979,1661,2374,2722,2908,3124,5,2020-09-17,Chromic Luvisols,46.3875,3.22916667,66246,"{WD-eSOTER,WD-WISE}","{""type"":""MultiPoint"",""coordinates"":[]}"
20200917T105031_20200917T105447_T31TEM_0000000000000000000c_0,2899,1923,828,1114,1506,1700,1749,1891,1972,2157,5,2020-09-17,Haplic Vertisols,46.32222222,3.46388889,68777,"{WD-eSOTER,WD-WISE}","{""type"":""MultiPoint"",""coordinates"":[]}"
20200917T105031_20200917T105447_T31TEN_0000000000000000007c_0,3672,2740,926,1356,1652,2029,2453,2588,2662,2788,5,2020-09-17,Calcaric Cambisols,47.676614112368384,4.047817177848944,SIM59109,HWSDv2,"{""type"":""MultiPoint"",""coordinates"":[]}"
20200917T105031_20200917T105447_T31TEN_00000000000000000084_0,3223,2422,664,1026,1454,1887,2306,2415,2590,2680,5,2020-09-17,Eutric Cambisols,47.11452367322506,3.6127323073983724,SIM87770,HWSDv2,"{""type"":""MultiPoint"",""coordinates"":[]}"
20200917T105031_20200917T105447_T31TEN_0000000000000000038c_0,4104,3311,894,1462,1936,2382,2734,2885,2890,3047,5,2020-09-17,Calcaric Cambisols,47.683907057906545,4.241339670233422,860,RMQS1,"{""type"":""MultiPoint"",""coordinates"":[]}"
20200917T105031_20200917T105447_T31TEN_00000000000000000464_0,3367,2345,772,1246,1660,1782,2303,2545,2698,2847,5,2020-09-17,Calcaric Cambisols,46.97517963642519,3.3749014626727494,1093,RMQS1,"{""type"":""MultiPoint"",""coordinates"":[]}"
20200917T105031_20200917T105447_T31TEN_00000000000000000413_0,3855,2701,665,913,1192,1580,1901,2186,2198,2431,5,2020-09-17,Dystric Cambisols,47.25842706076886,3.8032742533259207,1006,RMQS1,"{""type"":""MultiPoint"",""coordinates"":[]}"
20200917T105031_20200917T105447_T31TEN_0000000000000000035c_0,2844,2373,520,862,1316,1623,1697,1847,1802,1975,5,2020-09-17,Eutric Cambisols,47.82407340617893,4.4601231189041926,809,RMQS1,"{""type"":""MultiPoint"",""coordinates"":[]}"
20200917T105031_20200917T105447_T31TEN_0000000000000000038a_0,2742,2128,769,1098,1526,1761,1855,1993,1974,2095,5,2020-09-17,Eutric Cambisols,47.69010033133988,3.81520383273741,858,RMQS1,"{""type"":""MultiPoint"",""coordinates"":[]}"
20200917T105031_20200917T105447_T31TEN_000000000000000003e4_0,2956,2528,636,1014,1450,1679,1773,1926,1968,2099,5,2020-09-17,Eutric Cambisols,47.40865578006737,3.171315212024671,958,RMQS1,"{""type"":""MultiPoint"",""coordinates"":[]}"
20200917T105031_20200917T105447_T31TEN_000000000000000003e5_0,3038,2251,591,1042,1456,1749,1868,1974,1914,2087,5,2020-09-17,Eutric Cambisols,47.40693357261238,3.3833017951649333,959,RMQS1,"{""type"":""MultiPoint"",""coordinates"":[]}"
20200917T105031_20200917T105447_T31TEN_000000000000000003e6_0,3133,2565,760,1280,1726,1983,2102,2242,2292,2339,5,2020-09-17,Eutric Cambisols,47.404823861309914,3.5952738799570167,960,RMQS1,"{""type"":""MultiPoint"",""coordinates"":[]}"
20200917T105031_20200917T105447_T31TEN_000000000000000003ea_0,1798,1063,1,973,719,1059,1821,1852,965,2168,5,2020-09-17,Eutric Cambisols,47.392503703143014,4.4429497576418155,964,RMQS1,"{""type"":""MultiPoint"",""coordinates"":[]}"
20200917T105031_20200917T105447_T31TEN_00000000000000000466_0,3803,2633,659,949,1136,1565,2057,2356,2480,2652,5,2020-09-17,Eutric Cambisols,46.970609509695926,3.795429354009069,1095,RMQS1,"{""type"":""MultiPoint"",""coordinates"":[]}"
20200917T105031_20200917T105447_T31TEN_00000000000000000468_0,4235,3536,1094,1570,2126,2470,2633,2855,3006,3071,5,2020-09-17,Eutric Cambisols,46.96449785073361,4.215869414732723,1097,RMQS1,"{""type"":""MultiPoint"",""coordinates"":[]}"
20200917T105031_20200917T105447_T31TEN_000000000000000008ce_0,3855,2701,665,913,1192,1580,1901,2186,2198,2431,5,2020-09-17,Eutric Cambisols,47.25842706076886,3.8032742533259207,11006,RMQS1,"{""type"":""MultiPoint"",""coordinates"":[]}"
20200917T105031_20200917T105447_T31TEN_00000000000000000463_0,2857,2292,765,928,1142,1572,1919,2274,2130,2381,5,2020-09-17,Fluvic Cambisols,46.976888260905774,3.1646134293807,1092,RMQS1,"{""type"":""MultiPoint"",""coordinates"":[]}"
20200917T105031_20200917T105447_T31TEN_00000000000000000412_0,3102,1925,660,918,1170,1348,1922,2134,2655,2460,5,2020-09-17,Fluvic Stagnosols,47.26091804366116,3.591889752988152,1005,RMQS1,"{""type"":""MultiPoint"",""coordinates"":[]}"
20200917T105031_20200917T105447_T31TEN_000000000000000003bb_0,3831,3194,993,1500,1940,2335,2379,2527,2443,2657,5,2020-09-17,Luvic Stagnosols,47.54004028028161,4.236190387376669,912,RMQS1,"{""type"":""MultiPoint"",""coordinates"":[]}"
20200917T105031_20200917T105447_T31TEN_00000000000000000357_0,2654,2250,784,1182,1512,1685,1774,1818,1842,1953,5,2020-09-17,Regosols (Colluvic),47.83862082138957,3.39184320342842,804,RMQS1,"{""type"":""MultiPoint"",""coordinates"":[]}"
20200917T105031_20200917T105447_T31TEN_00000000000000000359_0,3119,2080,554,797,1038,1614,2225,2458,2402,2792,5,2020-09-17,Rendzic Leptosols,47.83397449347843,3.819224578897194,806,RMQS1,"{""type"":""MultiPoint"",""coordinates"":[]}"
20200917T105031_20200917T105447_T31TEN_000000000000000003b8_0,3882,3134,894,1368,1906,2508,2590,2625,2308,2827,5,2020-09-17,Rendzic Leptosols,47.54872203789853,3.598677838598693,909,RMQS1,"{""type"":""MultiPoint"",""coordinates"":[]}"
20200917T105031_20200917T105447_T31TEN_00000000000000000465_0,4189,3676,1396,2018,2570,2954,3052,3213,3074,3374,5,2020-09-17,Stagnic Gleysols,46.97308682231077,3.585174830835298,1094,RMQS1,"{""type"":""MultiPoint"",""coordinates"":[]}"
20200917T105031_20200917T105447_T31TEN_0000000000000000043c_0,3897,2855,835,1086,1418,1655,1851,1995,2076,2316,5,2020-09-17,Umbric Leptosols,47.114521329209076,3.79934138714766,1051,RMQS1,"{""type"":""MultiPoint"",""coordinates"":[]}"
20200917T105031_20200917T105447_T31TFN_0000000000000000035c_0,2841,2370,525,865,1318,1625,1695,1841,1798,1971,5,2020-09-17,Eutric Cambisols,47.82407340617893,4.4601231189041926,809,RMQS1,"{""type"":""MultiPoint"",""coordinates"":[]}"
20200917T105031_20200917T105447_T31TFN_000000000000000003ea_0,1792,1060,1,974,717,1058,1816,1850,963,2166,5,2020-09-17,Eutric Cambisols,47.392503703143014,4.4429497576418155,964,RMQS1,"{""type"":""MultiPoint"",""coordinates"":[]}"
20200917T105031_20200917T105447_T31UCP_0000000000000000031b_0,3559,2750,1078,1500,1960,2090,2346,2511,2552,2746,5,2020-09-17,Calcaric Cambisols,47.98404183296344,1.4658440887727766,740,RMQS1,"{""type"":""MultiPoint"",""coordinates"":[]}"
20200917T105031_20200917T105447_T31UCP_00000000000000000203_0,3927,3622,999,1508,2042,2316,2460,2616,2632,2813,5,2020-09-17,Eutric Cambisols,48.701441663313894,1.2365494017005343,447,RMQS1,"{""type"":""MultiPoint"",""coordinates"":[]}"
20200917T105031_20200917T105447_T31UCP_0000000000000000023e_0,3732,2874,951,1360,1742,2237,2577,2789,2808,3013,5,2020-09-17,Eutric Cambisols,48.56085542396343,1.6729155469005188,509,RMQS1,"{""type"":""MultiPoint"",""coordinates"":[]}"
20200917T105031_20200917T105447_T31UCP_00000000000000000271_0,3379,2298,584,810,981,1382,1996,2277,2402,2557,5,2020-09-17,Eutric Cambisols,48.409010134253464,0.8105253793290838,563,RMQS1,"{""type"":""MultiPoint"",""coordinates"":[]}"
20200917T105031_20200917T105447_T31UCP_00000000000000000274_0,3670,2877,1052,1520,2032,2252,2579,2781,2792,2924,5,2020-09-17,Eutric Cambisols,48.41561194192563,1.458662749206642,566,RMQS1,"{""type"":""MultiPoint"",""coordinates"":[]}"
20200917T105031_20200917T105447_T31UCP_000000000000000002e4_0,2958,1890,628,827,977,1318,1968,2194,2192,2540,5,2020-09-17,Eutric Cambisols,48.12791125109735,1.4634633376189836,683,RMQS1,"{""type"":""MultiPoint"",""coordinates"":[]}"
20200917T105031_20200917T105447_T31UCP_00000000000000000317_0,4347,3612,1206,1704,2222,2554,2814,3058,3144,3284,5,2020-09-17,Eutric Cambisols,47.97452533653467,0.608767793538443,736,RMQS1,"{""type"":""MultiPoint"",""coordinates"":[]}"
20200917T105031_20200917T105447_T31UCP_00000000000000000202_0,4277,3508,1012,1538,1952,2483,2845,3027,3030,3260,5,2020-09-17,Eutric Retisols,48.69922952521517,1.0193074302902678,446,RMQS1,"{""type"":""MultiPoint"",""coordinates"":[]}"
20200917T105031_20200917T105447_T31UCP_00000000000000000272_0,3955,3046,936,1232,1524,1847,2027,2196,2326,2507,5,2020-09-17,Eutric Retisols,48.411606154539754,1.0265529667530489,564,RMQS1,"{""type"":""MultiPoint"",""coordinates"":[]}"
20200917T105031_20200917T105447_T31UCP_000000000000000002aa_0,3988,3461,875,1398,1606,2359,3000,3115,2708,3403,5,2020-09-17,Eutric Retisols,48.267773070968104,1.0301448294912523,623,RMQS1,"{""type"":""MultiPoint"",""coordinates"":[]}"
20200917T105031_20200917T105447_T31UCP_000000000000000002e2_0,3582,2599,752,1014,1276,1495,1906,2130,2186,2441,5,2020-09-17,Eutric Retisols,48.123926965867774,1.0337162685273735,681,RMQS1,"{""type"":""MultiPoint"",""coordinates"":[]}"
20200917T105031_20200917T105447_T31UCP_0000000000000000023c_0,3275,2171,800,1102,1326,1591,2244,2529,2820,2902,5,2020-09-17,Haplic Luvisols,48.55763156265125,1.2395833408114696,507,RMQS1,"{""type"":""MultiPoint"",""coordinates"":[]}"
20200917T105031_20200917T105447_T31UCP_0000000000000000023d_0,3645,3215,999,1478,1960,2254,2381,2484,2496,2646,5,2020-09-17,Haplic Luvisols,48.55944180120869,1.4562426837976599,508,RMQS1,"{""type"":""MultiPoint"",""coordinates"":[]}"
20200917T105031_20200917T105447_T31UCP_00000000000000000275_0,3871,3309,1206,1716,2156,2546,2831,3010,3042,3221,5,2020-09-17,Haplic Luvisols,48.41702172942115,1.6747395099090712,567,RMQS1,"{""type"":""MultiPoint"",""coordinates"":[]}"
20200917T105031_20200917T105447_T31UCP_00000000000000000319_0,3506,2815,771,1078,1240,2013,2371,2639,2098,2848,5,2020-09-17,Haplic Luvisols,47.98006859464599,1.0372677251420688,738,RMQS1,"{""type"":""MultiPoint"",""coordinates"":[]}"
20200917T105031_20200917T105447_T31UCP_00000000000000000273_0,4186,3348,1150,1606,2204,2572,2773,2921,3030,3171,5,2020-09-17,Luvic Cambisols,48.413806679517975,1.24259966485196,565,RMQS1,"{""type"":""MultiPoint"",""coordinates"":[]}"
20200917T105031_20200917T105447_T31UCP_000000000000000002ac_0,3743,3032,1020,1562,1930,2466,3148,3383,3392,3440,5,2020-09-17,Luvic Cambisols,48.271768171952196,1.4610694163442626,625,RMQS1,"{""type"":""MultiPoint"",""coordinates"":[]}"
20200917T105031_20200917T105447_T31UCP_000000000000000002ad_0,3966,3078,904,1294,1754,2251,2365,2551,2374,2767,5,2020-09-17,Luvic Cambisols,48.273173775874774,1.6765533442912048,626,RMQS1,"{""type"":""MultiPoint"",""coordinates"":[]}"
20200917T105031_20200917T105447_T31UCP_0000000000000000034d_0,3147,2348,738,909,1116,1711,2103,2236,2040,2487,5,2020-09-17,Luvic Cambisols,47.83837519938972,1.254497652282048,794,RMQS1,"{""type"":""MultiPoint"",""coordinates"":[]}"
20200917T105031_20200917T105447_T31UCP_000000000000000002a9_0,3720,2811,1050,1306,1644,1883,2277,2486,2478,2778,5,2020-09-17,Luvic Stagnosols,48.265183822455356,0.8147095500113787,622,RMQS1,"{""type"":""MultiPoint"",""coordinates"":[]}"
20200917T105031_20200917T105447_T31UCP_000000000000000002ab_0,4151,3335,1154,1650,2208,2482,2679,2845,2990,3170,5,2020-09-17,Luvic Stagnosols,48.2699679529574,1.2455987878276893,624,RMQS1,"{""type"":""MultiPoint"",""coordinates"":[]}"
20200917T105031_20200917T105447_T31UCP_0000000000000000034a_0,4286,3407,1212,1582,2080,2327,2522,2694,2808,2977,5,2020-09-17,Luvic Stagnosols,47.83066980746326,0.6134648025979296,791,RMQS1,"{""type"":""MultiPoint"",""coordinates"":[]}"
20200917T105031_20200917T105447_T31UCP_0000000000000000031c_0,2944,2413,844,1190,1548,1817,1923,2009,2038,2161,5,2020-09-17,Mollic Umbrisols,47.98543984274541,1.6801538816928248,741,RMQS1,"{""type"":""MultiPoint"",""coordinates"":[]}"
20200917T105031_20200917T105447_T31UCP_0000000000000000034f_0,3594,3104,1086,1526,2040,2297,2390,2529,2568,2732,5,2020-09-17,Mollic Umbrisols,47.84155543400575,1.681939134662969,796,RMQS1,"{""type"":""MultiPoint"",""coordinates"":[]}"
20200917T105031_20200917T105447_T31UCP_000000000000000002e5_0,3844,2571,940,1302,1834,2180,2493,2680,2746,3036,5,2020-09-17,Rendzic Leptosols,48.129312960797584,1.6783584655939348,684,RMQS1,"{""type"":""MultiPoint"",""coordinates"":[]}"
20200917T105031_20200917T105447_T31UCQ_00000000000000000174_0,3153,2667,731,1136,1502,1829,2098,2219,2322,2444,5,2020-09-17,Calcaric Cambisols,49.136032669120816,1.665509084487337,278,RMQS1,"{""type"":""MultiPoint"",""coordinates"":[]}"
20200917T105031_20200917T105447_T31UCQ_0000000000000000019b_0,3538,3339,892,1384,1898,2156,2296,2418,2474,2577,5,2020-09-17,Eutric Cambisols,48.986789979658724,1.011980189683206,327,RMQS1,"{""type"":""MultiPoint"",""coordinates"":[]}"
20200917T105031_20200917T105447_T31UCQ_0000000000000000019c_0,3557,3297,874,1322,1808,2080,2231,2357,2388,2472,5,2020-09-17,Eutric Cambisols,48.9890140623296,1.2304298587690576,328,RMQS1,"{""type"":""MultiPoint"",""coordinates"":[]}"
20200917T105031_20200917T105447_T31UCQ_000000000000000001cd_0,3418,3052,1034,1296,1682,2094,2228,2368,2170,2510,5,2020-09-17,Eutric Cambisols,48.843018131050385,1.0156540889892636,385,RMQS1,"{""type"":""MultiPoint"",""coordinates"":[]}"
20200917T105031_20200917T105447_T31UCQ_00000000000000000203_0,3910,3607,987,1504,2040,2303,2446,2600,2632,2798,5,2020-09-17,Eutric Cambisols,48.701441663313894,1.2365494017005343,447,RMQS1,"{""type"":""MultiPoint"",""coordinates"":[]}"
20200917T105031_20200917T105447_T31UCQ_0000000000000000014c_0,2417,1623,781,984,1042,1447,2124,2323,2306,2523,5,2020-09-17,Eutric Fluvisols,49.276515471368825,1.2242410066178666,233,RMQS1,"{""type"":""MultiPoint"",""coordinates"":[]}"
20200917T105031_20200917T105447_T31UCQ_00000000000000000202_0,4308,3533,1002,1534,1952,2500,2864,3048,3030,3283,5,2020-09-17,Eutric Retisols,48.69922952521517,1.0193074302902678,446,RMQS1,"{""type"":""MultiPoint"",""coordinates"":[]}"
20200917T105031_20200917T105447_T31UCQ_00000000000000000128_0,3743,3194,911,1362,1620,2199,2740,2946,3054,3168,5,2020-09-17,Luvic Cambisols,49.42207764226659,1.4414246711124157,195,RMQS1,"{""type"":""MultiPoint"",""coordinates"":[]}"
20200917T105031_20200917T105447_T31UCQ_0000000000000000014e_0,3511,2969,965,1354,1786,2054,2239,2382,2414,2547,5,2020-09-17,Luvic Cambisols,49.279783234787686,1.6636314749754055,235,RMQS1,"{""type"":""MultiPoint"",""coordinates"":[]}"
20200917T105031_20200917T105447_T31UCQ_000000000000000001ce_0,3729,3160,907,1450,1908,2367,2673,2844,2802,2996,5,2020-09-17,Luvic Cambisols,48.84523623220538,1.233498240194126,386,RMQS1,"{""type"":""MultiPoint"",""coordinates"":[]}"
20200917T105031_20200917T105447_T31UCR_000000000000000000bc_0,3949,3459,1134,1702,1984,2534,3116,3310,3466,3529,5,2020-09-17,Eutric Cambisols,50.14184543087868,1.6521414189885952,60,RMQS1,"{""type"":""MultiPoint"",""coordinates"":[]}"
20200917T105031_20200917T105447_T31UCR_000000000000000000c9_0,2638,2084,681,940,1238,1520,1734,1917,2018,2131,5,2020-09-17,Luvic Cambisols,49.996771823054615,1.4312656624062745,76,RMQS1,"{""type"":""MultiPoint"",""coordinates"":[]}"
20200917T105031_20200917T105447_T31UCR_000000000000000000ca_0,3819,3704,913,1376,1888,2166,2329,2472,2610,2697,5,2020-09-17,Luvic Cambisols,49.99822488625304,1.654081486582689,77,RMQS1,"{""type"":""MultiPoint"",""coordinates"":[]}"
20200917T105031_20200917T105447_T31UCR_000000000000000000b0_0,3147,2992,1166,1428,1628,1861,2123,2270,2366,2428,5,2020-09-17,Tidalic Fluvisols,50.28543938910523,1.6501915864712242,47,RMQS1,"{""type"":""MultiPoint"",""coordinates"":[]}"
20200917T105031_20200917T105447_T31UDP_00000000000000000071_0,3466,3013,980,1470,1840,2151,2297,2439,2559,2595,5,2020-09-17,Eutric Cambisols,48.5995654995664,2.512561932350915,SIM42232,HWSDv2,"{""type"":""MultiPoint"",""coordinates"":[]}"
20200917T105031_20200917T105447_T31UDP_00000000000000000352_0,2601,1704,573,767,947,1515,2337,2604,2696,2649,5,2020-09-17,Calcaric Arenosols,47.84338994552523,2.3231668611929046,799,RMQS1,"{""type"":""MultiPoint"",""coordinates"":[]}"
20200917T105031_20200917T105447_T31UDP_0000000000000000020b_0,3541,3015,920,1296,1728,2025,2288,2468,2469,2719,5,2020-09-17,Calcaric Cambisols,48.704826134191606,2.974812554703716,455,RMQS1,"{""type"":""MultiPoint"",""coordinates"":[]}"
20200917T105031_20200917T105447_T31UDP_00000000000000000276_0,3310,2730,939,1334,1836,2060,2167,2296,2392,2415,5,2020-09-17,Calcaric Cambisols,48.418035746824685,1.8908275052152994,568,RMQS1,"{""type"":""MultiPoint"",""coordinates"":[]}"
20200917T105031_20200917T105447_T31UDP_0000000000000000027b_0,3435,2687,871,1240,1620,2003,2215,2348,2508,2671,5,2020-09-17,Calcaric Cambisols,48.41717099961288,2.9713017936535744,573,RMQS1,"{""type"":""MultiPoint"",""coordinates"":[]}"
20200917T105031_20200917T105447_T31UDP_000000000000000002ae_0,3350,2847,851,1286,1800,2098,2152,2283,2292,2412,5,2020-09-17,Calcaric Cambisols,48.27418519339707,1.8920484065068364,627,RMQS1,"{""type"":""MultiPoint"",""coordinates"":[]}"
20200917T105031_20200917T105447_T31UDP_000000000000000002af_0,2274,2106,822,1040,1196,1624,1825,1974,2196,2198,5,2020-09-17,Calcaric Cambisols,48.274802304958676,2.1075512406430126,628,RMQS1,"{""type"":""MultiPoint"",""coordinates"":[]}"
20200917T105031_20200917T105447_T31UDP_000000000000000002b1_0,3751,2904,1080,1540,2098,2428,2586,2769,2858,3005,5,2020-09-17,Calcaric Cambisols,48.27485100267507,2.5385623357130096,630,RMQS1,"{""type"":""MultiPoint"",""coordinates"":[]}"
20200917T105031_20200917T105447_T31UDP_000000000000000002e8_0,4572,3509,1364,1898,2540,2958,3168,3350,3440,3716,5,2020-09-17,Calcaric Cambisols,48.13115799145747,2.3230934450304686,687,RMQS1,"{""type"":""MultiPoint"",""coordinates"":[]}"
20200917T105031_20200917T105447_T31UDP_000000000000000002e9_0,4105,3158,960,1436,1896,2410,2560,2734,2722,3022,5,2020-09-17,Calcaric Cambisols,48.13098489367784,2.5380099326487655,688,RMQS1,"{""type"":""MultiPoint"",""coordinates"":[]}"
20200917T105031_20200917T105447_T31UDP_00000000000000000321_0,2518,2020,807,1074,1318,1474,1664,1807,2042,1982,5,2020-09-17,Calcaric Cambisols,47.9865426602432,2.7517886582102737,746,RMQS1,"{""type"":""MultiPoint"",""coordinates"":[]}"
20200917T105031_20200917T105447_T31UDP_000000000000000008c9_0,3244,2326,731,996,1274,1626,2057,2245,2232,2601,5,2020-09-17,Dystric Cambisols,47.84255830040598,1.8956764547247618,10797,RMQS1,"{""type"":""MultiPoint"",""coordinates"":[]}"
20200917T105031_20200917T105447_T31UDP_0000000000000000023e_0,3732,2870,960,1364,1744,2244,2582,2796,2814,3018,5,2020-09-17,Eutric Cambisols,48.56085542396343,1.6729155469005188,509,RMQS1,"{""type"":""MultiPoint"",""coordinates"":[]}"
20200917T105031_20200917T105447_T31UDP_000000000000000002b3_0,3424,2467,910,1350,1638,1884,2473,2644,2818,2919,5,2020-09-17,Eutric Cambisols,48.273322210503906,2.969561794251821,632,RMQS1,"{""type"":""MultiPoint"",""coordinates"":[]}"
20200917T105031_20200917T105447_T31UDP_000000000000000002e7_0,3382,2812,1028,1516,2056,2331,2377,2470,2482,2642,5,2020-09-17,Eutric Cambisols,48.13093680610043,2.108177321905969,686,RMQS1,"{""type"":""MultiPoint"",""coordinates"":[]}"
20200917T105031_20200917T105447_T31UDP_000000000000000002eb_0,5200,4365,2256,2818,3466,3946,4451,4704,4704,4943,5,2020-09-17,Eutric Cambisols,48.12946045767385,2.967831265015268,690,RMQS1,"{""type"":""MultiPoint"",""coordinates"":[]}"
20200917T105031_20200917T105447_T31UDP_00000000000000000320_0,3025,2288,739,1112,1438,1679,1772,1885,1898,2007,5,2020-09-17,Eutric Cambisols,47.98710685394267,2.5374606452271022,745,RMQS1,"{""type"":""MultiPoint"",""coordinates"":[]}"
20200917T105031_20200917T105447_T31UDP_00000000000000000351_0,2680,1970,841,1194,1574,1774,2136,2408,2238,2646,5,2020-09-17,Eutric Cambisols,47.843169868917435,2.1094201698833497,798,RMQS1,"{""type"":""MultiPoint"",""coordinates"":[]}"
20200917T105031_20200917T105447_T31UDP_00000000000000000354_0,3275,2149,700,960,1198,1656,2258,2454,2430,2815,5,2020-09-17,Eutric Cambisols,47.842655087619384,2.7506597579569654,801,RMQS1,"{""type"":""MultiPoint"",""coordinates"":[]}"
20200917T105031_20200917T105447_T31UDP_0000000000000000031d_0,3548,2278,745,985,1266,1607,1904,2066,2140,2370,5,2020-09-17,Eutric Planosols,47.98644564029198,1.8944738375183001,742,RMQS1,"{""type"":""MultiPoint"",""coordinates"":[]}"
20200917T105031_20200917T105447_T31UDP_00000000000000000355_0,3706,2580,754,1116,1430,1620,2330,2586,3024,3121,5,2020-09-17,Eutric Planosols,47.84170205083067,2.964398308512684,802,RMQS1,"{""type"":""MultiPoint"",""coordinates"":[]}"
20200917T105031_20200917T105447_T31UDP_0000000000000000020a_0,3775,3084,1030,1466,1970,2246,2363,2491,2590,2743,5,2020-09-17,Haplic Luvisols,48.70579528894485,2.7575282555298437,454,RMQS1,"{""type"":""MultiPoint"",""coordinates"":[]}"
20200917T105031_20200917T105447_T31UDP_0000000000000000023f_0,3873,3144,1070,1544,1926,2319,2550,2739,2805,2939,5,2020-09-17,Haplic Luvisols,48.56187240436339,1.8895991857404957,510,RMQS1,"{""type"":""MultiPoint"",""coordinates"":[]}"
20200917T105031_20200917T105447_T31UDP_00000000000000000275_0,3872,3305,1216,1722,2162,2551,2837,3015,3042,3226,5,2020-09-17,Haplic Luvisols,48.41702172942115,1.6747395099090712,567,RMQS1,"{""type"":""MultiPoint"",""coordinates"":[]}"
20200917T105031_20200917T105447_T31UDP_00000000000000000278_0,3433,2624,1064,1528,2120,2182,2382,2553,3252,3053,5,2020-09-17,Haplic Luvisols,48.418877511932216,2.3230202148648296,570,RMQS1,"{""type"":""MultiPoint"",""coordinates"":[]}"
20200917T105031_20200917T105447_T31UDP_00000000000000000350_0,3244,2326,731,996,1274,1626,2057,2245,2232,2601,5,2020-09-17,Haplic Luvisols,47.84255830040598,1.8956764547247618,797,RMQS1,"{""type"":""MultiPoint"",""coordinates"":[]}"
20200917T105031_20200917T105447_T31UDP_00000000000000000209_0,2130,1642,780,1017,1182,1445,1961,2246,1947,2303,5,2020-09-17,Luvic Cambisols,48.70636671812621,2.5402378321558636,453,RMQS1,"{""type"":""MultiPoint"",""coordinates"":[]}"
20200917T105031_20200917T105447_T31UDP_00000000000000000277_0,3814,3248,1176,1700,2294,2589,2627,2777,2850,2955,5,2020-09-17,Luvic Cambisols,48.41865449696645,2.1069223823788863,569,RMQS1,"{""type"":""MultiPoint"",""coordinates"":[]}"
20200917T105031_20200917T105447_T31UDP_000000000000000002ad_0,3993,3097,911,1298,1754,2270,2383,2569,2376,2785,5,2020-09-17,Luvic Cambisols,48.273173775874774,1.6765533442912048,626,RMQS1,"{""type"":""MultiPoint"",""coordinates"":[]}"
20200917T105031_20200917T105447_T31UDP_000000000000000002e6_0,3390,2743,1030,1514,2104,2281,2398,2557,2652,2733,5,2020-09-17,Luvic Cambisols,48.13032151946579,1.893264373324863,685,RMQS1,"{""type"":""MultiPoint"",""coordinates"":[]}"
20200917T105031_20200917T105447_T31UDP_0000000000000000031c_0,2947,2412,858,1200,1560,1819,1926,2003,2046,2157,5,2020-09-17,Mollic Umbrisols,47.98543984274541,1.6801538816928248,741,RMQS1,"{""type"":""MultiPoint"",""coordinates"":[]}"
20200917T105031_20200917T105447_T31UDP_0000000000000000034f_0,3615,3121,1094,1532,2044,2318,2407,2548,2574,2754,5,2020-09-17,Mollic Umbrisols,47.84155543400575,1.681939134662969,796,RMQS1,"{""type"":""MultiPoint"",""coordinates"":[]}"
20200917T105031_20200917T105447_T31UDP_000000000000000002e5_0,3844,2568,951,1306,1838,2186,2500,2684,2750,3038,5,2020-09-17,Rendzic Leptosols,48.129312960797584,1.6783584655939348,684,RMQS1,"{""type"":""MultiPoint"",""coordinates"":[]}"
20200917T105031_20200917T105447_T31UDP_00000000000000000243_0,3761,2975,1072,1584,2078,2418,2713,2907,2958,3155,5,2020-09-17,Stagnic Gleysols,48.56100580256318,2.9730521545318473,515,RMQS1,"{""type"":""MultiPoint"",""coordinates"":[]}"
20200917T105031_20200917T105447_T31UDQ_0000000000000000007d_0,3150,2720,816,1366,1588,2101,2738,2887,2975,3011,5,2020-09-17,Protoargic Arenosols,49.58589898837661,1.8391604822330379,SIM46907,HWSDv2,"{""type"":""MultiPoint"",""coordinates"":[]}"
20200917T105031_20200917T105447_T31UDQ_00000000000000000174_0,3146,2663,758,1150,1506,1832,2097,2220,2321,2438,5,2020-09-17,Calcaric Cambisols,49.136032669120816,1.665509084487337,278,RMQS1,"{""type"":""MultiPoint"",""coordinates"":[]}"
20200917T105031_20200917T105447_T31UDQ_0000000000000000020b_0,3538,3013,924,1302,1728,2024,2286,2466,2470,2716,5,2020-09-17,Calcaric Cambisols,48.704826134191606,2.974812554703716,455,RMQS1,"{""type"":""MultiPoint"",""coordinates"":[]}"
20200917T105031_20200917T105447_T31UDQ_0000000000000000012d_0,3281,2713,965,1444,1960,2186,2287,2442,2577,2553,5,2020-09-17,Eutric Cambisols,49.425230407063104,2.5430874224563476,200,RMQS1,"{""type"":""MultiPoint"",""coordinates"":[]}"
20200917T105031_20200917T105447_T31UDQ_000000000000000001a2_0,3395,2171,827,1114,1322,1730,2133,2332,2554,2719,5,2020-09-17,Eutric Cambisols,48.993966246076276,2.541368882765616,334,RMQS1,"{""type"":""MultiPoint"",""coordinates"":[]}"
20200917T105031_20200917T105447_T31UDQ_000000000000000001d5_0,3337,2699,909,1190,1488,1858,2131,2321,2465,2580,5,2020-09-17,Eutric Cambisols,48.849602131036924,2.7586952903870707,393,RMQS1,"{""type"":""MultiPoint"",""coordinates"":[]}"
20200917T105031_20200917T105447_T31UDQ_0000000000000000019f_0,2667,1969,861,1170,1350,1534,2372,2629,2197,2772,5,2020-09-17,Eutric Fluvisols,48.993289529461705,1.885866507001807,331,RMQS1,"{""type"":""MultiPoint"",""coordinates"":[]}"
20200917T105031_20200917T105447_T31UDQ_0000000000000000010e_0,3220,2373,868,1280,1664,1760,2478,2907,2604,3181,5,2020-09-17,Eutric Stagnosols,49.56889381763422,2.101746362836863,159,RMQS1,"{""type"":""MultiPoint"",""coordinates"":[]}"
20200917T105031_20200917T105447_T31UDQ_0000000000000000012b_0,2058,1798,1180,1312,1486,1587,1873,1814,1939,2070,5,2020-09-17,Fibric Histosols,49.42517865837183,2.1024074145428684,198,RMQS1,"{""type"":""MultiPoint"",""coordinates"":[]}"
20200917T105031_20200917T105447_T31UDQ_000000000000000001a0_0,2395,2088,813,1052,1158,1503,1950,2075,1788,2145,5,2020-09-17,Fluvic Cambisols,48.99391509715455,2.1043645797039217,332,RMQS1,"{""type"":""MultiPoint"",""coordinates"":[]}"
20200917T105031_20200917T105447_T31UDQ_000000000000000001d4_0,2534,1988,730,902,938,1548,2203,2372,2396,2669,5,2020-09-17,Fluvic Cambisols,48.85017478576778,2.5408021462983257,392,RMQS1,"{""type"":""MultiPoint"",""coordinates"":[]}"
20200917T105031_20200917T105447_T31UDQ_0000000000000000010f_0,4348,4118,1274,1932,2568,2902,3011,3136,3232,3303,5,2020-09-17,Haplic Luvisols,49.56912246415945,2.322706117305429,160,RMQS1,"{""type"":""MultiPoint"",""coordinates"":[]}"
20200917T105031_20200917T105447_T31UDQ_0000000000000000012e_0,3843,3606,1242,1804,2420,2635,2838,2969,3176,3159,5,2020-09-17,Haplic Luvisols,49.424651548880426,2.763424203799449,201,RMQS1,"{""type"":""MultiPoint"",""coordinates"":[]}"
20200917T105031_20200917T105447_T31UDQ_0000000000000000014f_0,3588,3067,940,1360,1902,2135,2324,2459,2588,2660,5,2020-09-17,Haplic Luvisols,49.280814464529655,1.88334428108737,236,RMQS1,"{""type"":""MultiPoint"",""coordinates"":[]}"
20200917T105031_20200917T105447_T31UDQ_00000000000000000153_0,3289,2828,795,1272,1790,2094,2189,2340,2366,2497,5,2020-09-17,Haplic Luvisols,49.28091769976065,2.7622320159826583,240,RMQS1,"{""type"":""MultiPoint"",""coordinates"":[]}"
20200917T105031_20200917T105447_T31UDQ_00000000000000000177_0,3491,2569,711,992,1196,1539,2001,2215,2384,2536,5,2020-09-17,Haplic Luvisols,49.13791455267598,2.3228273594300304,281,RMQS1,"{""type"":""MultiPoint"",""coordinates"":[]}"
20200917T105031_20200917T105447_T31UDQ_0000000000000000020a_0,3773,3082,1028,1466,1960,2238,2356,2486,2591,2739,5,2020-09-17,Haplic Luvisols,48.70579528894485,2.7575282555298437,454,RMQS1,"{""type"":""MultiPoint"",""coordinates"":[]}"
20200917T105031_20200917T105447_T31UDQ_00000000000000000110_0,3375,2359,717,1100,1256,1711,2665,2926,3042,3159,5,2020-09-17,Luvic Cambisols,49.56894583689343,2.5436666897699416,161,RMQS1,"{""type"":""MultiPoint"",""coordinates"":[]}"
20200917T105031_20200917T105447_T31UDQ_0000000000000000014e_0,3503,2965,997,1378,1800,2057,2239,2385,2428,2543,5,2020-09-17,Luvic Cambisols,49.279783234787686,1.6636314749754055,235,RMQS1,"{""type"":""MultiPoint"",""coordinates"":[]}"
20200917T105031_20200917T105447_T31UDQ_00000000000000000175_0,3325,2898,908,1334,1744,2103,2308,2470,2432,2603,5,2020-09-17,Luvic Cambisols,49.13706124741972,1.8846092571838453,279,RMQS1,"{""type"":""MultiPoint"",""coordinates"":[]}"
20200917T105031_20200917T105447_T31UDQ_000000000000000001a1_0,2017,1631,404,642,616,1289,1809,1985,2080,2194,5,2020-09-17,Luvic Cambisols,48.99414055184198,2.3228665430640922,333,RMQS1,"{""type"":""MultiPoint"",""coordinates"":[]}"
20200917T105031_20200917T105447_T31UDQ_00000000000000000209_0,2117,1635,779,1016,1178,1438,1951,2234,1940,2290,5,2020-09-17,Luvic Cambisols,48.70636671812621,2.5402378321558636,453,RMQS1,"{""type"":""MultiPoint"",""coordinates"":[]}"
20200917T105031_20200917T105447_T31UDQ_0000000000000000010d_0,3253,2585,841,1146,1328,1826,2406,2567,2265,2727,5,2020-09-17,Luvic Stagnosols,49.56826098013314,1.8807904892721603,158,RMQS1,"{""type"":""MultiPoint"",""coordinates"":[]}"
20200917T105031_20200917T105447_T31UDQ_0000000000000000012c_0,3508,2495,654,951,1212,1447,1760,1943,2086,2154,5,2020-09-17,Luvic Stagnosols,49.42540614057504,2.3227471558419417,199,RMQS1,"{""type"":""MultiPoint"",""coordinates"":[]}"
20200917T105031_20200917T105447_T31UDQ_00000000000000000150_0,2543,1667,1518,1756,1990,1543,2584,2791,3399,3053,5,2020-09-17,Luvic Stagnosols,49.28144329184339,2.103064062809696,237,RMQS1,"{""type"":""MultiPoint"",""coordinates"":[]}"
20200917T105031_20200917T105447_T31UDQ_00000000000000000154_0,3356,3023,841,1368,1758,2198,2505,2629,2686,2788,5,2020-09-17,Luvic Stagnosols,49.27993803977774,2.9819456507417623,241,RMQS1,"{""type"":""MultiPoint"",""coordinates"":[]}"
20200917T105031_20200917T105447_T31UDQ_0000000000000000017a_0,3538,3252,1040,1544,2028,2349,2484,2617,2690,2828,5,2020-09-17,Luvic Stagnosols,49.13618741224519,2.9801472939415725,284,RMQS1,"{""type"":""MultiPoint"",""coordinates"":[]}"
20200917T105031_20200917T105447_T31UDQ_000000000000000001d6_0,3461,2833,822,1258,1486,1887,2362,2589,2745,2770,5,2020-09-17,Stagnic Gleysols,48.84863060747811,2.976581578756068,394,RMQS1,"{""type"":""MultiPoint"",""coordinates"":[]}"
20200917T105031_20200917T105447_T31UDQ_000000000000000001d3_0,2070,1941,1464,1606,1576,1760,1707,1561,1764,1673,5,2020-09-17,Technosols,48.85034873690586,2.322905488238686,391,RMQS1,"{""type"":""MultiPoint"",""coordinates"":[]}"
20200917T105031_20200917T105447_T31UDR_00000000000000000056_0,3528,2722,790,1160,1494,1760,2082,2237,2439,2498,5,2020-09-17,Eutric Cambisols,50.15828941114408,2.86617988322367,SIM63940,HWSDv2,"{""type"":""MultiPoint"",""coordinates"":[]}"
20200917T105031_20200917T105447_T31UDR_0000000000000000007d_0,3145,2719,808,1356,1578,2090,2727,2882,2974,3004,5,2020-09-17,Protoargic Arenosols,49.58589898837661,1.8391604822330379,SIM46907,HWSDv2,"{""type"":""MultiPoint"",""coordinates"":[]}"
20200917T105031_20200917T105447_T31UDR_000000000000000000f6_0,2180,1649,722,991,962,1261,1847,2093,2070,2328,5,2020-09-17,Calcaric Cambisols,49.71264020753129,2.5442497423135224,132,RMQS1,"{""type"":""MultiPoint"",""coordinates"":[]}"
20200917T105031_20200917T105447_T31UDR_000000000000000000a9_0,3541,2991,927,1488,1758,2217,2773,2979,3139,3084,5,2020-09-17,Eutric Cambisols,50.43070046559016,2.0977104657606827,36,RMQS1,"{""type"":""MultiPoint"",""coordinates"":[]}"
20200917T105031_20200917T105447_T31UDR_000000000000000000ad_0,2140,1554,752,954,1038,1261,1987,2233,2140,2405,5,2020-09-17,Eutric Cambisols,50.42916619393928,2.996695634941413,40,RMQS1,"{""type"":""MultiPoint"",""coordinates"":[]}"
20200917T105031_20200917T105447_T31UDR_000000000000000000b3_0,3547,3043,1010,1486,1720,2267,2843,3047,3177,3196,5,2020-09-17,Eutric Cambisols,50.28736043598306,2.3225017207889516,50,RMQS1,"{""type"":""MultiPoint"",""coordinates"":[]}"
20200917T105031_20200917T105447_T31UDR_000000000000000000b4_0,3071,2870,864,1258,1672,1871,2059,2187,2314,2292,5,2020-09-17,Eutric Cambisols,50.28718216659681,2.546611534452438,51,RMQS1,"{""type"":""MultiPoint"",""coordinates"":[]}"
20200917T105031_20200917T105447_T31UDR_000000000000000000b5_0,1349,873,866,857,755,785,1399,1472,1192,1547,5,2020-09-17,Eutric Cambisols,50.28659484900255,2.7707172697287374,52,RMQS1,"{""type"":""MultiPoint"",""coordinates"":[]}"
20200917T105031_20200917T105447_T31UDR_000000000000000000bc_0,3943,3454,1148,1712,1990,2534,3114,3310,3462,3524,5,2020-09-17,Eutric Cambisols,50.14184543087868,1.6521414189885952,60,RMQS1,"{""type"":""MultiPoint"",""coordinates"":[]}"
20200917T105031_20200917T105447_T31UDR_000000000000000000c2_0,3622,3368,1005,1566,2154,2415,2606,2774,2927,2912,5,2020-09-17,Eutric Cambisols,50.14200369750157,2.992946997301806,66,RMQS1,"{""type"":""MultiPoint"",""coordinates"":[]}"
20200917T105031_20200917T105447_T31UDR_000000000000000000cd_0,3956,3786,1066,1576,2066,2387,2539,2732,2800,2948,5,2020-09-17,Eutric Cambisols,50.00013858967453,2.3225846734270483,80,RMQS1,"{""type"":""MultiPoint"",""coordinates"":[]}"
20200917T105031_20200917T105447_T31UDR_000000000000000000d0_0,3372,2674,844,1338,1642,2036,2741,2949,3034,3146,5,2020-09-17,Eutric Cambisols,49.99838355325251,2.991087849150008,83,RMQS1,"{""type"":""MultiPoint"",""coordinates"":[]}"
20200917T105031_20200917T105447_T31UDR_000000000000000000df_0,2290,1633,597,869,1007,1539,1914,2032,1384,2072,5,2020-09-17,Eutric Cambisols,49.85631247393191,2.5448356402447683,104,RMQS1,"{""type"":""MultiPoint"",""coordinates"":[]}"
20200917T105031_20200917T105447_T31UDR_000000000000000000f4_0,3051,2588,761,1136,1542,1762,1869,2041,2104,2223,5,2020-09-17,Eutric Cambisols,49.71258809583164,2.101081697148307,130,RMQS1,"{""type"":""MultiPoint"",""coordinates"":[]}"
20200917T105031_20200917T105447_T31UDR_000000000000000000f7_0,3852,3189,1030,1544,2124,2470,2590,2736,2832,2951,5,2020-09-17,Eutric Cambisols,49.7120578590372,2.7658288977798313,133,RMQS1,"{""type"":""MultiPoint"",""coordinates"":[]}"
20200917T105031_20200917T105447_T31UDR_0000000000000000010e_0,3217,2375,859,1272,1662,1758,2472,2900,2604,3175,5,2020-09-17,Eutric Stagnosols,49.56889381763422,2.101746362836863,159,RMQS1,"{""type"":""MultiPoint"",""coordinates"":[]}"
20200917T105031_20200917T105447_T31UDR_0000000000000000010f_0,4340,4114,1258,1920,2554,2887,2998,3123,3218,3298,5,2020-09-17,Haplic Luvisols,49.56912246415945,2.322706117305429,160,RMQS1,"{""type"":""MultiPoint"",""coordinates"":[]}"
20200917T105031_20200917T105447_T31UDR_000000000000000000ca_0,3812,3697,935,1388,1888,2167,2329,2473,2604,2690,5,2020-09-17,Luvic Cambisols,49.99822488625304,1.654081486582689,77,RMQS1,"{""type"":""MultiPoint"",""coordinates"":[]}"
20200917T105031_20200917T105447_T31UDR_000000000000000000f5_0,3021,2480,713,1164,1468,1851,2471,2624,2746,2780,5,2020-09-17,Luvic Cambisols,49.7128174628079,2.3226656536691292,131,RMQS1,"{""type"":""MultiPoint"",""coordinates"":[]}"
20200917T105031_20200917T105447_T31UDR_00000000000000000110_0,3370,2360,716,1108,1266,1714,2656,2918,3028,3149,5,2020-09-17,Luvic Cambisols,49.56894583689343,2.5436666897699416,161,RMQS1,"{""type"":""MultiPoint"",""coordinates"":[]}"
20200917T105031_20200917T105447_T31UDR_0000000000000000010d_0,3229,2569,831,1140,1326,1813,2386,2547,2270,2706,5,2020-09-17,Luvic Stagnosols,49.56826098013314,1.8807904892721603,158,RMQS1,"{""type"":""MultiPoint"",""coordinates"":[]}"
20200917T105031_20200917T105447_T31UDR_000000000000000000c0_0,3813,3439,994,1474,2020,2182,2397,2570,2830,2763,5,2020-09-17,Regosols (Colluvic),50.14358454537285,2.546016788788959,64,RMQS1,"{""type"":""MultiPoint"",""coordinates"":[]}"
20200917T105031_20200917T105447_T31UDR_000000000000000000c1_0,3498,3095,893,1338,1880,2037,2199,2326,2546,2508,5,2020-09-17,Regosols (Colluvic),50.14299796037709,2.7694857901814443,65,RMQS1,"{""type"":""MultiPoint"",""coordinates"":[]}"
20200917T105031_20200917T105447_T31UDR_000000000000000000cc_0,3387,2812,746,1150,1230,1936,2447,2560,2988,2785,5,2020-09-17,Rendzic Leptosols,49.999907534519636,2.099745350209818,79,RMQS1,"{""type"":""MultiPoint"",""coordinates"":[]}"
20200917T105031_20200917T105447_T31UDR_000000000000000000f8_0,3092,2895,926,1394,1802,1957,2066,2163,2302,2318,5,2020-09-17,Stagnic Gleysols,49.71107115810657,2.9873998831233357,134,RMQS1,"{""type"":""MultiPoint"",""coordinates"":[]}"
20200917T105031_20200917T105447_T31UDR_000000000000000000b0_0,3143,2990,1186,1436,1634,1862,2125,2266,2366,2425,5,2020-09-17,Tidalic Fluvisols,50.28543938910523,1.6501915864712242,47,RMQS1,"{""type"":""MultiPoint"",""coordinates"":[]}"
20200917T105031_20200917T105447_T31UDR_000000000000000000b2_0,3073,2686,709,1072,1426,1657,1844,1997,2114,2112,5,2020-09-17,Umbric Leptosols,50.28712929849958,2.098392586975514,49,RMQS1,"{""type"":""MultiPoint"",""coordinates"":[]}"
20200917T105031_20200917T105447_T31UDS_00000000000000000039_0,3029,2612,723,1116,1408,1614,1811,1921,2070,2083,5,2020-09-17,Calcaric Cambisols,50.65641267424932,1.6510873564702908,SIM4474,HWSDv2,"{""type"":""MultiPoint"",""coordinates"":[]}"
20200917T105031_20200917T105447_T31UDS_00000000000000000094_0,3686,3563,980,1460,1952,2184,2363,2510,2674,2684,5,2020-09-17,Eutric Cambisols,50.860597017905235,1.868950662715976,9,RMQS1,"{""type"":""MultiPoint"",""coordinates"":[]}"
20200917T105031_20200917T105447_T31UDS_00000000000000000096_0,3396,3013,878,1250,1652,1892,2105,2262,2508,2484,5,2020-09-17,Eutric Stagnosols,50.86148089192363,2.3223306827555734,11,RMQS1,"{""type"":""MultiPoint"",""coordinates"":[]}"
20200917T105031_20200917T105447_T31UDS_00000000000000000097_0,3011,2284,692,987,1144,1480,2277,2620,2798,2895,5,2020-09-17,Eutric Stagnosols,50.86130221409984,2.549023491235136,12,RMQS1,"{""type"":""MultiPoint"",""coordinates"":[]}"
20200917T105031_20200917T105447_T31UDS_00000000000000000091_0,1346,1148,868,980,950,958,1359,1459,1336,1522,5,2020-09-17,Fluvic Stagnosols,51.00493790256749,2.3222866091527186,6,RMQS1,"{""type"":""MultiPoint"",""coordinates"":[]}"
20200917T105031_20200917T105447_T31UDS_0000000000000000009d_0,3092,2513,888,1298,1498,1917,2377,2612,2862,2878,5,2020-09-17,Fluvic Stagnosols,50.71722409096727,2.7744536769440726,21,RMQS1,"{""type"":""MultiPoint"",""coordinates"":[]}"
20200917T105031_20200917T105447_T31UDS_0000000000000000009b_0,2536,2106,1030,1188,1308,1663,2221,2472,2402,2566,5,2020-09-17,Luvic Cambisols,50.71799364650035,2.3223741982983093,19,RMQS1,"{""type"":""MultiPoint"",""coordinates"":[]}"
20200917T105031_20200917T105447_T31UDS_000000000000000000a2_0,3303,3015,965,1390,1786,2013,2268,2371,2610,2551,5,2020-09-17,Luvic Cambisols,50.57447695337615,2.3224170220486497,27,RMQS1,"{""type"":""MultiPoint"",""coordinates"":[]}"
20200917T105031_20200917T105447_T31UDS_0000000000000000009f_0,3606,2579,2042,2322,2344,2042,3278,3335,4528,3625,5,2020-09-17,Rendzic Leptosols,50.57254339082955,1.6462577899891515,24,RMQS1,"{""type"":""MultiPoint"",""coordinates"":[]}"
20200917T105031_20200917T105447_T31UEP_0000000000000000007f_0,3850,3264,1084,1670,2242,2505,2705,2863,2938,3001,5,2020-09-17,Eutric Cambisols,48.71300587349915,3.430504638075634,SIM51527,HWSDv2,"{""type"":""MultiPoint"",""coordinates"":[]}"
20200917T105031_20200917T105447_T31UEP_00000000000000000249_0,4444,3351,1260,1838,2566,2924,3031,3301,3376,3624,5,2020-09-17,Calcaric Cambisols,48.54687807094027,4.272833882779359,521,RMQS1,"{""type"":""MultiPoint"",""coordinates"":[]}"
20200917T105031_20200917T105447_T31UEP_0000000000000000027d_0,3463,3100,1064,1524,2066,2318,2455,2545,2624,2711,5,2020-09-17,Calcaric Cambisols,48.41190469276996,3.6194976604195355,576,RMQS1,"{""type"":""MultiPoint"",""coordinates"":[]}"
20200917T105031_20200917T105447_T31UEP_0000000000000000027f_0,4593,3839,1608,2054,2656,3082,3156,3339,3288,3565,5,2020-09-17,Calcaric Cambisols,48.406418205516395,4.051533416952645,578,RMQS1,"{""type"":""MultiPoint"",""coordinates"":[]}"
20200917T105031_20200917T105447_T31UEP_000000000000000002b4_0,2702,1720,796,1226,1678,1682,2499,2822,2518,3172,5,2020-09-17,Calcaric Cambisols,48.271965548555634,3.1850485225886964,633,RMQS1,"{""type"":""MultiPoint"",""coordinates"":[]}"
20200917T105031_20200917T105447_T31UEP_000000000000000002b5_0,2975,2249,865,1316,1564,1879,2338,2527,2774,2878,5,2020-09-17,Calcaric Cambisols,48.270214890027546,3.40052240924141,634,RMQS1,"{""type"":""MultiPoint"",""coordinates"":[]}"
20200917T105031_20200917T105447_T31UEP_00000000000000000327_0,3224,2158,484,709,901,1460,1888,2119,2308,2377,5,2020-09-17,Calcaric Cambisols,47.974921263139784,4.037508014400093,752,RMQS1,"{""type"":""MultiPoint"",""coordinates"":[]}"
20200917T105031_20200917T105447_T31UEP_00000000000000000329_0,3546,3026,960,1372,1882,2103,2208,2339,2490,2631,5,2020-09-17,Calcaric Cambisols,47.967910801776064,4.465910681616188,754,RMQS1,"{""type"":""MultiPoint"",""coordinates"":[]}"
20200917T105031_20200917T105447_T31UEP_00000000000000000244_0,3784,3250,1130,1738,2298,2594,2668,2871,2842,2987,5,2020-09-17,Eutric Cambisols,48.55964181413934,3.1897273282320016,516,RMQS1,"{""type"":""MultiPoint"",""coordinates"":[]}"
20200917T105031_20200917T105447_T31UEP_00000000000000000245_0,4326,3685,1300,1912,2556,2882,3080,3222,3294,3444,5,2020-09-17,Eutric Cambisols,48.55788147307679,3.4063886320425496,517,RMQS1,"{""type"":""MultiPoint"",""coordinates"":[]}"
20200917T105031_20200917T105447_T31UEP_0000000000000000035c_0,2822,2360,539,874,1310,1607,1697,1842,1806,1972,5,2020-09-17,Eutric Cambisols,47.82407340617893,4.4601231189041926,809,RMQS1,"{""type"":""MultiPoint"",""coordinates"":[]}"
20200917T105031_20200917T105447_T31UEP_00000000000000000247_0,3771,3094,1232,1806,2364,2690,2843,3003,2956,3167,5,2020-09-17,Fluvic Cambisols,48.55317262682796,3.8396575992660655,519,RMQS1,"{""type"":""MultiPoint"",""coordinates"":[]}"
20200917T105031_20200917T105447_T31UEP_00000000000000000326_0,3328,2833,838,1388,1776,2045,2169,2269,2298,2394,5,2020-09-17,Haplic Luvisols,47.977838510183425,3.8232666387845935,751,RMQS1,"{""type"":""MultiPoint"",""coordinates"":[]}"
20200917T105031_20200917T105447_T31UEP_000000000000000002b9_0,2547,1853,381,628,700,1255,1837,2026,2376,2345,5,2020-09-17,Luvic Cambisols,48.25927160518685,4.262221381964263,638,RMQS1,"{""type"":""MultiPoint"",""coordinates"":[]}"
20200917T105031_20200917T105447_T31UEP_000000000000000002ba_0,3135,2148,719,1042,1420,1629,2054,2474,2776,2801,5,2020-09-17,Luvic Stagnosols,48.2555502989698,4.477580917578768,639,RMQS1,"{""type"":""MultiPoint"",""coordinates"":[]}"
20200917T105031_20200917T105447_T31UEP_0000000000000000020d_0,3926,3008,1188,1732,2098,2584,3467,3736,3650,3932,5,2020-09-17,Regosols (Colluvic),48.70169366844977,3.4093457089391372,457,RMQS1,"{""type"":""MultiPoint"",""coordinates"":[]}"
20200917T105031_20200917T105447_T31UEP_00000000000000000357_0,2657,2255,808,1200,1520,1693,1795,1840,1866,1977,5,2020-09-17,Regosols (Colluvic),47.83862082138957,3.39184320342842,804,RMQS1,"{""type"":""MultiPoint"",""coordinates"":[]}"
20200917T105031_20200917T105447_T31UEP_0000000000000000020f_0,3989,2911,1120,1632,1878,2627,3545,3887,4000,4269,5,2020-09-17,Rendzic Leptosols,48.69697151537463,3.84381025026381,459,RMQS1,"{""type"":""MultiPoint"",""coordinates"":[]}"
20200917T105031_20200917T105447_T31UEP_00000000000000000210_0,4823,4106,1828,2366,2994,3395,3512,3680,3726,3908,5,2020-09-17,Rendzic Leptosols,48.694014170702346,4.061009738712103,460,RMQS1,"{""type"":""MultiPoint"",""coordinates"":[]}"
20200917T105031_20200917T105447_T31UEP_00000000000000000246_0,4472,3828,1478,1930,2452,2734,2942,3126,3206,3404,5,2020-09-17,Rendzic Leptosols,48.55572508899328,3.623033464744165,518,RMQS1,"{""type"":""MultiPoint"",""coordinates"":[]}"
20200917T105031_20200917T105447_T31UEP_0000000000000000027e_0,3790,2576,929,1260,1572,1967,2515,2779,2834,3073,5,2020-09-17,Rendzic Leptosols,48.409359388280585,3.835527167897573,577,RMQS1,"{""type"":""MultiPoint"",""coordinates"":[]}"
20200917T105031_20200917T105447_T31UEP_00000000000000000280_0,4644,4045,1666,2260,2906,3151,3288,3397,3532,3637,5,2020-09-17,Rendzic Leptosols,48.40308202138188,4.267513168573883,579,RMQS1,"{""type"":""MultiPoint"",""coordinates"":[]}"
20200917T105031_20200917T105447_T31UEP_000000000000000002b7_0,4643,3631,1590,2216,2806,3128,3290,3470,3638,3722,5,2020-09-17,Rendzic Leptosols,48.265531928145386,3.8314183567168554,636,RMQS1,"{""type"":""MultiPoint"",""coordinates"":[]}"
20200917T105031_20200917T105447_T31UEP_000000000000000002b8_0,3003,2619,1156,1458,1748,2381,2339,2453,2372,2715,5,2020-09-17,Rendzic Leptosols,48.26259874368474,4.046833414678177,637,RMQS1,"{""type"":""MultiPoint"",""coordinates"":[]}"
20200917T105031_20200917T105447_T31UEP_00000000000000000324_0,2267,1977,469,562,728,924,997,1149,957,1339,5,2020-09-17,Rendzic Leptosols,47.982497159296926,3.394720601458198,749,RMQS1,"{""type"":""MultiPoint"",""coordinates"":[]}"
20200917T105031_20200917T105447_T31UEP_00000000000000000359_0,3110,2078,575,809,1040,1613,2226,2458,2390,2786,5,2020-09-17,Rendzic Leptosols,47.83397449347843,3.819224578897194,806,RMQS1,"{""type"":""MultiPoint"",""coordinates"":[]}"
20200917T105031_20200917T105447_T31UEP_000000000000000002ec_0,3930,3228,1002,1580,2066,2423,2611,2764,2746,2969,5,2020-09-17,Stagnic Gleysols,48.12810780180863,3.1827287684756462,691,RMQS1,"{""type"":""MultiPoint"",""coordinates"":[]}"
20200917T105031_20200917T105447_T31UEP_0000000000000000001b_0,2309,1554,365,571,566,1404,1725,1688,1314,1965,5,2020-09-17,Calcaric Cambisols,48.17555556,3.7499999999999996,66215,"{WD-eSOTER,WD-WISE}","{""type"":""MultiPoint"",""coordinates"":[]}"
20200917T105031_20200917T105447_T31UEQ_0000000000000000003e_0,3481,2912,1018,1538,2106,2374,2470,2633,2778,2810,5,2020-09-17,Calcaric Cambisols,49.57638025857395,4.196054229208747,SIM60664,HWSDv2,"{""type"":""MultiPoint"",""coordinates"":[]}"
20200917T105031_20200917T105447_T31UEQ_0000000000000000007f_0,3833,3248,1060,1652,2226,2489,2689,2847,2920,2985,5,2020-09-17,Eutric Cambisols,48.71300587349915,3.430504638075634,SIM51527,HWSDv2,"{""type"":""MultiPoint"",""coordinates"":[]}"
20200917T105031_20200917T105447_T31UEQ_00000000000000000115_0,3320,3007,1010,1466,1878,2102,2193,2337,2468,2507,5,2020-09-17,Calcaric Cambisols,49.562001469354996,3.6483405966440827,166,RMQS1,"{""type"":""MultiPoint"",""coordinates"":[]}"
20200917T105031_20200917T105447_T31UEQ_00000000000000000133_0,3276,2926,882,1306,1740,1917,2034,2123,2238,2251,5,2020-09-17,Calcaric Cambisols,49.41570907871767,3.8649294377156487,206,RMQS1,"{""type"":""MultiPoint"",""coordinates"":[]}"
20200917T105031_20200917T105447_T31UEQ_00000000000000000135_0,2053,1650,465,699,723,1059,1644,1790,1982,1991,5,2020-09-17,Calcaric Cambisols,49.40931256011699,4.305386426131146,208,RMQS1,"{""type"":""MultiPoint"",""coordinates"":[]}"
20200917T105031_20200917T105447_T31UEQ_0000000000000000017b_0,3908,3474,1034,1560,2098,2458,2810,3007,2912,3152,5,2020-09-17,Calcaric Cambisols,49.13480900561818,3.1992372340169237,285,RMQS1,"{""type"":""MultiPoint"",""coordinates"":[]}"
20200917T105031_20200917T105447_T31UEQ_0000000000000000017e_0,2649,1887,950,1280,1350,1561,2267,2483,2774,2758,5,2020-09-17,Calcaric Cambisols,49.128268431433405,3.856408785568261,288,RMQS1,"{""type"":""MultiPoint"",""coordinates"":[]}"
20200917T105031_20200917T105447_T31UEQ_000000000000000001db_0,4862,4382,1984,2496,3084,3405,3544,3690,3828,3853,5,2020-09-17,Calcaric Cambisols,48.83778942360765,4.065787310355802,399,RMQS1,"{""type"":""MultiPoint"",""coordinates"":[]}"
20200917T105031_20200917T105447_T31UEQ_00000000000000000117_0,3347,2371,634,1036,1250,1703,2307,2590,2796,2941,5,2020-09-17,Eutric Cambisols,49.556394634865434,4.090087245051258,168,RMQS1,"{""type"":""MultiPoint"",""coordinates"":[]}"
20200917T105031_20200917T105447_T31UEQ_00000000000000000157_0,3159,2646,875,1244,1708,2016,2152,2239,2314,2421,5,2020-09-17,Eutric Cambisols,49.274585829064,3.6410073595306423,244,RMQS1,"{""type"":""MultiPoint"",""coordinates"":[]}"
20200917T105031_20200917T105447_T31UEQ_000000000000000001d9_0,2836,2631,1013,1558,1982,1967,2244,2329,2814,2483,5,2020-09-17,Eutric Cambisols,48.843321770698005,3.630162321173954,397,RMQS1,"{""type"":""MultiPoint"",""coordinates"":[]}"
20200917T105031_20200917T105447_T31UEQ_000000000000000001da_0,3797,3287,1020,1508,1998,2284,2507,2652,2708,2806,5,2020-09-17,Eutric Cambisols,48.84075502171976,3.8479859850554314,398,RMQS1,"{""type"":""MultiPoint"",""coordinates"":[]}"
20200917T105031_20200917T105447_T31UEQ_00000000000000000118_0,3422,2661,1015,1498,2124,2487,2667,2850,2976,3122,5,2020-09-17,Eutric Fluvisols,49.552985910691305,4.310920889162134,169,RMQS1,"{""type"":""MultiPoint"",""coordinates"":[]}"
20200917T105031_20200917T105447_T31UEQ_00000000000000000131_0,3713,3045,886,1398,1882,2208,2555,2733,2832,2945,5,2020-09-17,Haplic Luvisols,49.42049525316113,3.424376574569905,204,RMQS1,"{""type"":""MultiPoint"",""coordinates"":[]}"
20200917T105031_20200917T105447_T31UEQ_0000000000000000017c_0,3526,2801,927,1368,1772,2105,2487,2671,2755,2872,5,2020-09-17,Haplic Luvisols,49.13302940640497,3.4183131268373956,286,RMQS1,"{""type"":""MultiPoint"",""coordinates"":[]}"
20200917T105031_20200917T105447_T31UEQ_00000000000000000159_0,4013,3299,1416,1896,2366,2575,2767,2955,3166,3233,5,2020-09-17,Regosols (Colluvic),49.26900917934291,4.080283111786636,246,RMQS1,"{""type"":""MultiPoint"",""coordinates"":[]}"
20200917T105031_20200917T105447_T31UEQ_000000000000000001a9_0,4048,2990,1030,1466,2040,2396,2589,2815,2934,3165,5,2020-09-17,Regosols (Colluvic),48.9815477887394,4.070591756163375,341,RMQS1,"{""type"":""MultiPoint"",""coordinates"":[]}"
20200917T105031_20200917T105447_T31UEQ_0000000000000000020d_0,3905,2994,1162,1714,2084,2566,3440,3711,3628,3903,5,2020-09-17,Regosols (Colluvic),48.70169366844977,3.4093457089391372,457,RMQS1,"{""type"":""MultiPoint"",""coordinates"":[]}"
20200917T105031_20200917T105447_T31UEQ_000000000000000001dc_0,4269,3667,1316,1742,2276,2723,2822,3024,3098,3279,5,2020-09-17,Rendzic Leptosols,48.83442503518052,4.283563095018126,400,RMQS1,"{""type"":""MultiPoint"",""coordinates"":[]}"
20200917T105031_20200917T105447_T31UEQ_0000000000000000020f_0,4014,2929,1110,1636,1884,2641,3562,3905,4026,4294,5,2020-09-17,Rendzic Leptosols,48.69697151537463,3.84381025026381,459,RMQS1,"{""type"":""MultiPoint"",""coordinates"":[]}"
20200917T105031_20200917T105447_T31UEQ_00000000000000000210_0,4794,4084,1798,2340,2966,3368,3486,3654,3698,3884,5,2020-09-17,Rendzic Leptosols,48.694014170702346,4.061009738712103,460,RMQS1,"{""type"":""MultiPoint"",""coordinates"":[]}"
20200917T105031_20200917T105447_T31UEQ_000000000000000001d8_0,3164,2395,698,1017,1258,1631,1978,2255,2474,2402,5,2020-09-17,Stagnic Gleysols,48.84548989394474,3.4123181623321734,396,RMQS1,"{""type"":""MultiPoint"",""coordinates"":[]}"
20200917T105031_20200917T105447_T31UER_0000000000000000003e_0,3459,2916,1026,1534,2084,2355,2468,2631,2778,2806,5,2020-09-17,Calcaric Cambisols,49.57638025857395,4.196054229208747,SIM60664,HWSDv2,"{""type"":""MultiPoint"",""coordinates"":[]}"
20200917T105031_20200917T105447_T31UER_000000000000000000f9_0,2862,2645,941,1364,1724,1965,2052,2146,2272,2309,5,2020-09-17,Calcaric Cambisols,49.70967905310882,3.2089608528497604,135,RMQS1,"{""type"":""MultiPoint"",""coordinates"":[]}"
20200917T105031_20200917T105447_T31UER_000000000000000000b9_0,2823,2613,872,1272,1640,1811,2017,2140,2260,2285,5,2020-09-17,Eutric Cambisols,50.280149853725916,3.667038667407024,56,RMQS1,"{""type"":""MultiPoint"",""coordinates"":[]}"
20200917T105031_20200917T105447_T31UER_000000000000000000d1_0,4240,3745,1234,1888,2502,2879,3101,3309,3470,3481,5,2020-09-17,Eutric Cambisols,49.99698425992098,3.2139053697907163,84,RMQS1,"{""type"":""MultiPoint"",""coordinates"":[]}"
20200917T105031_20200917T105447_T31UER_000000000000000000d5_0,3091,2709,941,1322,1722,1856,2001,2129,2359,2348,5,2020-09-17,Eutric Cambisols,49.98731026923445,4.1050002007211415,88,RMQS1,"{""type"":""MultiPoint"",""coordinates"":[]}"
20200917T105031_20200917T105447_T31UER_000000000000000000e3_0,3515,2928,856,1350,1754,2181,2503,2667,2742,2818,5,2020-09-17,Eutric Cambisols,49.85154127658212,3.433600324543512,108,RMQS1,"{""type"":""MultiPoint"",""coordinates"":[]}"
20200917T105031_20200917T105447_T31UER_000000000000000000e6_0,3376,3010,867,1360,1770,2038,2183,2320,2474,2452,5,2020-09-17,Eutric Retisols,49.843694899523854,4.1000008883001975,111,RMQS1,"{""type"":""MultiPoint"",""coordinates"":[]}"
20200917T105031_20200917T105447_T31UER_000000000000000000c3_0,2878,2751,860,1264,1644,1853,2022,2084,2182,2224,5,2020-09-17,Eutric Stagnosols,50.14060061368025,3.2163982072147808,67,RMQS1,"{""type"":""MultiPoint"",""coordinates"":[]}"
20200917T105031_20200917T105447_T31UER_000000000000000000e4_0,3202,2962,769,1320,1842,2060,2251,2380,2448,2508,5,2020-09-17,Haplic Luvisols,49.84933182571976,3.655756320004579,109,RMQS1,"{""type"":""MultiPoint"",""coordinates"":[]}"
20200917T105031_20200917T105447_T31UER_000000000000000000e5_0,3429,2513,754,1216,1484,1902,2529,2764,3006,3084,5,2020-09-17,Haplic Luvisols,49.846716377679186,3.877890881957365,110,RMQS1,"{""type"":""MultiPoint"",""coordinates"":[]}"
20200917T105031_20200917T105447_T31UER_000000000000000000fa_0,3365,2954,932,1498,2018,2274,2421,2551,2686,2743,5,2020-09-17,Haplic Luvisols,49.70788130389365,3.430508287788286,136,RMQS1,"{""type"":""MultiPoint"",""coordinates"":[]}"
20200917T105031_20200917T105447_T31UER_000000000000000000fb_0,4041,3026,921,1346,1928,2172,2358,2607,2894,2963,5,2020-09-17,Haplic Luvisols,49.70567786204237,3.652038113507865,137,RMQS1,"{""type"":""MultiPoint"",""coordinates"":[]}"
20200917T105031_20200917T105447_T31UER_000000000000000000fd_0,3526,3251,839,1406,1956,2286,2450,2569,2646,2721,5,2020-09-17,Haplic Luvisols,49.700056004656744,4.095030212917225,139,RMQS1,"{""type"":""MultiPoint"",""coordinates"":[]}"
20200917T105031_20200917T105447_T31UER_000000000000000000b7_0,2973,2576,1064,1438,1794,1970,2256,2388,2526,2659,5,2020-09-17,Luvic Cambisols,50.284191794055914,3.2189050612951036,54,RMQS1,"{""type"":""MultiPoint"",""coordinates"":[]}"
20200917T105031_20200917T105447_T31UER_000000000000000000b8_0,3656,3487,1084,1694,2264,2466,2614,2746,2962,2855,5,2020-09-17,Luvic Cambisols,50.28237565573063,3.4429805438389787,55,RMQS1,"{""type"":""MultiPoint"",""coordinates"":[]}"
20200917T105031_20200917T105447_T31UER_000000000000000000ba_0,3225,2976,914,1368,1756,2044,2295,2405,2601,2580,5,2020-09-17,Luvic Cambisols,50.277513811755476,3.891075085094819,57,RMQS1,"{""type"":""MultiPoint"",""coordinates"":[]}"
20200917T105031_20200917T105447_T31UER_000000000000000000e2_0,3532,2982,897,1350,1838,2137,2414,2579,2707,2742,5,2020-09-17,Luvic Cambisols,49.85334360089348,3.2114262910976588,107,RMQS1,"{""type"":""MultiPoint"",""coordinates"":[]}"
20200917T105031_20200917T105447_T31UER_000000000000000000e7_0,2956,2402,497,934,1260,1482,1732,1925,1874,1991,5,2020-09-17,Mollic Umbrisols,49.840267006570215,4.322083069370896,112,RMQS1,"{""type"":""MultiPoint"",""coordinates"":[]}"
20200917T105031_20200917T105447_T31UFP_0000000000000000024a_0,4139,2866,998,1366,1888,2235,2392,2658,2810,3137,5,2020-09-17,Calcaric Cambisols,48.54313673632617,4.4893801670582985,522,RMQS1,"{""type"":""MultiPoint"",""coordinates"":[]}"
20200917T105031_20200917T105447_T31UFP_000000000000000002bb_0,3712,2929,1174,1624,2182,2432,2504,2583,2696,2743,5,2020-09-17,Calcaric Cambisols,48.25143516324276,4.692909482923313,640,RMQS1,"{""type"":""MultiPoint"",""coordinates"":[]}"
20200917T105031_20200917T105447_T31UFP_00000000000000000329_0,3562,3039,974,1388,1900,2125,2222,2350,2486,2642,5,2020-09-17,Calcaric Cambisols,47.967910801776064,4.465910681616188,754,RMQS1,"{""type"":""MultiPoint"",""coordinates"":[]}"
20200917T105031_20200917T105447_T31UFP_00000000000000000213_0,4028,3171,1838,2396,2768,2778,3019,3022,3186,3225,5,2020-09-17,Eutric Cambisols,48.6827591856006,4.712439211085572,463,RMQS1,"{""type"":""MultiPoint"",""coordinates"":[]}"
20200917T105031_20200917T105447_T31UFP_00000000000000000281_0,3543,2683,1001,1474,1930,2199,2426,2581,2618,2811,5,2020-09-17,Eutric Cambisols,48.399350716545385,4.483464387234075,580,RMQS1,"{""type"":""MultiPoint"",""coordinates"":[]}"
20200917T105031_20200917T105447_T31UFP_0000000000000000035c_0,2835,2369,549,880,1318,1621,1705,1851,1808,1979,5,2020-09-17,Eutric Cambisols,47.82407340617893,4.4601231189041926,809,RMQS1,"{""type"":""MultiPoint"",""coordinates"":[]}"
20200917T105031_20200917T105447_T31UFP_0000000000000000024c_0,2629,1604,443,752,1094,1522,1962,2259,2478,2695,5,2020-09-17,Eutric Fluvisols,48.53446674757317,4.9223703768506635,524,RMQS1,"{""type"":""MultiPoint"",""coordinates"":[]}"
20200917T105031_20200917T105447_T31UFP_0000000000000000024b_0,2990,1774,557,890,1406,1848,2156,2489,2702,2986,5,2020-09-17,Fluvic Cambisols,48.53899941731076,4.705893459810416,523,RMQS1,"{""type"":""MultiPoint"",""coordinates"":[]}"
20200917T105031_20200917T105447_T31UFP_000000000000000002ba_0,3134,2147,732,1052,1434,1641,2050,2463,2762,2792,5,2020-09-17,Luvic Stagnosols,48.2555502989698,4.477580917578768,639,RMQS1,"{""type"":""MultiPoint"",""coordinates"":[]}"
20200917T105031_20200917T105447_T31UFP_00000000000000000212_0,5051,4255,1906,2562,3184,3607,3670,3826,3868,4134,5,2020-09-17,Rendzic Leptosols,48.68690742446665,4.495328388213507,462,RMQS1,"{""type"":""MultiPoint"",""coordinates"":[]}"
20200917T105031_20200917T105447_T31UFQ_0000000000000000011a_0,3404,2290,533,833,1110,1474,1999,2304,2504,2625,5,2020-09-17,Calcaric Cambisols,49.5449566270371,4.7524901683900715,171,RMQS1,"{""type"":""MultiPoint"",""coordinates"":[]}"
20200917T105031_20200917T105447_T31UFQ_00000000000000000136_0,4231,3437,1394,1980,2554,2830,3010,3216,3360,3416,5,2020-09-17,Calcaric Cambisols,49.40551025571671,4.525570398787132,209,RMQS1,"{""type"":""MultiPoint"",""coordinates"":[]}"
20200917T105031_20200917T105447_T31UFQ_00000000000000000139_0,3556,2812,905,1310,1820,2022,2221,2414,2584,2631,5,2020-09-17,Calcaric Cambisols,49.39168859178703,5.185901022876382,212,RMQS1,"{""type"":""MultiPoint"",""coordinates"":[]}"
20200917T105031_20200917T105447_T31UFQ_0000000000000000015b_0,4266,3424,1352,1974,2744,3075,3188,3332,3454,3544,5,2020-09-17,Calcaric Cambisols,49.261827045241304,4.519452882190931,248,RMQS1,"{""type"":""MultiPoint"",""coordinates"":[]}"
20200917T105031_20200917T105447_T31UFQ_0000000000000000015c_0,4024,2672,871,1242,1684,2125,2562,2893,3056,3277,5,2020-09-17,Calcaric Cambisols,49.257633159731164,4.738988003066428,249,RMQS1,"{""type"":""MultiPoint"",""coordinates"":[]}"
20200917T105031_20200917T105447_T31UFQ_00000000000000000180_0,2745,1600,492,700,861,1018,1846,2086,2376,2171,5,2020-09-17,Calcaric Cambisols,49.11812414012677,4.513370167718389,291,RMQS1,"{""type"":""MultiPoint"",""coordinates"":[]}"
20200917T105031_20200917T105447_T31UFQ_000000000000000001ab_0,3942,2941,877,1306,1562,2538,3288,3537,3692,3824,5,2020-09-17,Calcaric Cambisols,48.97440230177886,4.507322370591027,343,RMQS1,"{""type"":""MultiPoint"",""coordinates"":[]}"
20200917T105031_20200917T105447_T31UFQ_000000000000000001df_0,3943,3169,1294,1772,2268,2547,2634,2793,2880,3011,5,2020-09-17,Calcaric Cambisols,48.821946019086994,4.93669536884499,403,RMQS1,"{""type"":""MultiPoint"",""coordinates"":[]}"
20200917T105031_20200917T105447_T31UFQ_00000000000000000138_0,3066,2535,865,1422,1846,2104,2217,2272,2298,2418,5,2020-09-17,Eutric Cambisols,49.39669771864854,4.965831391660081,211,RMQS1,"{""type"":""MultiPoint"",""coordinates"":[]}"
20200917T105031_20200917T105447_T31UFQ_00000000000000000213_0,4031,3166,1852,2424,2802,2800,3032,3027,3196,3234,5,2020-09-17,Eutric Cambisols,48.6827591856006,4.712439211085572,463,RMQS1,"{""type"":""MultiPoint"",""coordinates"":[]}"
20200917T105031_20200917T105447_T31UFQ_000000000000000001dd_0,2933,1733,622,968,1068,1635,2209,2507,2634,2943,5,2020-09-17,Eutric Fluvisols,48.83066283755028,4.501308939409007,401,RMQS1,"{""type"":""MultiPoint"",""coordinates"":[]}"
20200917T105031_20200917T105447_T31UFQ_0000000000000000011d_0,3843,2778,749,1078,1588,1818,1992,2193,2354,2485,5,2020-09-17,Eutric Stagnosols,49.52988794759481,5.4145479932327865,174,RMQS1,"{""type"":""MultiPoint"",""coordinates"":[]}"
20200917T105031_20200917T105447_T31UFQ_00000000000000000183_0,3355,2710,799,1330,1858,2206,2313,2448,2458,2538,5,2020-09-17,Mollic Umbrisols,49.104376378414244,5.170026231041101,294,RMQS1,"{""type"":""MultiPoint"",""coordinates"":[]}"
20200917T105031_20200917T105447_T31UFQ_00000000000000000181_0,4649,3993,1646,2294,2902,3273,3370,3527,3576,3754,5,2020-09-17,Rendzic Leptosols,49.11394157902409,4.732294541267736,292,RMQS1,"{""type"":""MultiPoint"",""coordinates"":[]}"
20200917T105031_20200917T105447_T31UFQ_000000000000000001ac_0,3698,2539,745,1120,1334,1852,2452,2702,2800,3091,5,2020-09-17,Rendzic Leptosols,48.97023112282538,4.725639105215556,344,RMQS1,"{""type"":""MultiPoint"",""coordinates"":[]}"
20200917T105031_20200917T105447_T31UFQ_000000000000000001de_0,4995,4234,2098,2656,3254,3657,3800,3941,4074,4234,5,2020-09-17,Rendzic Leptosols,48.82650319106196,4.71902098610247,402,RMQS1,"{""type"":""MultiPoint"",""coordinates"":[]}"
20200917T105031_20200917T105447_T31UFQ_00000000000000000212_0,5077,4269,1924,2608,3242,3645,3700,3856,3928,4172,5,2020-09-17,Rendzic Leptosols,48.68690742446665,4.495328388213507,462,RMQS1,"{""type"":""MultiPoint"",""coordinates"":[]}"
20200917T105031_20200917T105447_T31UFQ_00000000000000000119_0,3579,2828,1048,1506,2024,2241,2319,2482,2686,2726,5,2020-09-17,Vertic Cambisols,49.54917309265782,4.5317230180671295,170,RMQS1,"{""type"":""MultiPoint"",""coordinates"":[]}"
20200917T105031_20200917T105447_T31UFR_000000000000000000c8_0,2965,2562,971,1386,1780,1968,2142,2288,2474,2395,5,2020-09-17,Eutric Cambisols,50.119337054502985,4.77995940105834,73,RMQS1,"{""type"":""MultiPoint"",""coordinates"":[]}"
20200917T105031_20200917T105447_T31UFR_00000000000000000101_0,2150,1540,474,758,778,1185,1630,1871,2060,2091,5,2020-09-17,Eutric Cambisols,49.68395472524528,4.980648981852431,143,RMQS1,"{""type"":""MultiPoint"",""coordinates"":[]}"
20200917T105031_20200917T105447_T31UFR_00000000000000000102_0,3954,2741,446,705,1012,1420,1690,1989,2160,2410,5,2020-09-17,Haplic Luvisols,49.678917855605576,5.201957134936044,144,RMQS1,"{""type"":""MultiPoint"",""coordinates"":[]}"
20200917T105031_20200917T105447_T31UFR_00000000000000000100_0,3496,2346,600,843,1130,1446,1864,2079,2388,2437,5,2020-09-17,Luvic Cambisols,49.688586797675086,4.759299248702548,142,RMQS1,"{""type"":""MultiPoint"",""coordinates"":[]}"
