system:index,B11,B12,B2,B3,B4,B5,B6,B7,B8,B8A,SCL,date,h_wrb4,latitude,longitude,profile_id,source_db,.geo
20200808T105031_20200808T105442_T30TXQ_000000000000000006b2_0,4148,2697,765,1148,1648,2087,2553,2823,2928,3325,5,2020-08-08,Eutric Cambisols,44.640327770669494,-0.4983671773063285,1739,RMQS1,"{""type"":""MultiPoint"",""coordinates"":[]}"
20200808T105031_20200808T105442_T30TYN_0000000000000000084c_0,3863,2629,803,1276,1622,2183,2675,2932,3096,3216,5,2020-08-08,Eutric Cambisols,43.21642624564816,0.16184093803944713,2184,RMQS1,"{""type"":""MultiPoint"",""coordinates"":[]}"
20200808T105031_20200808T105442_T30TYN_0000000000000000087e_0,2447,1661,547,803,936,1361,1855,2051,1910,2286,5,2020-08-08,Eutric Cambisols,42.93931480823404,0.7593104679881422,2250,RMQS1,"{""type"":""MultiPoint"",""coordinates"":[]}"
20200808T105031_20200808T105442_T30TYN_0000000000000000084a_0,2797,2125,912,1144,1216,1502,2123,2360,2388,2610,5,2020-08-08,Skeletic Leptosols,43.20775050994949,-0.23107639245802053,2182,RMQS1,"{""type"":""MultiPoint"",""coordinates"":[]}"
20200808T105031_20200808T105442_T30TYP_00000000000000000030_0,2443,1585,569,899,1054,1418,2283,2641,2706,2872,5,2020-08-08,Calcaric Cambisols,44.033238784443746,0.32947762226575067,SIM783,HWSDv2,"{""type"":""MultiPoint"",""coordinates"":[]}"
20200808T105031_20200808T105442_T30TYP_000000000000000007b2_0,4599,3010,1316,1960,2654,3049,3348,3612,3823,3962,5,2020-08-08,Calcaric Cambisols,43.801814078706926,0.7353863730644742,2011,RMQS1,"{""type"":""MultiPoint"",""coordinates"":[]}"
20200808T105031_20200808T105442_T30TYP_000000000000000007dd_0,4019,2964,1114,1742,2360,2666,2726,2886,2898,3068,5,2020-08-08,Calcaric Cambisols,43.65802295237102,0.7394234284125767,2057,RMQS1,"{""type"":""MultiPoint"",""coordinates"":[]}"
20200808T105031_20200808T105442_T30TYP_00000000000000000806_0,3907,3039,1232,1962,2464,2842,2949,3147,3088,3184,5,2020-08-08,Calcaric Cambisols,43.51424709370381,0.7434401003762473,2103,RMQS1,"{""type"":""MultiPoint"",""coordinates"":[]}"
20200808T105031_20200808T105442_T30TYP_0000000000000000082e_0,3669,2330,628,998,1264,1838,2353,2713,2941,3125,5,2020-08-08,Calcaric Cambisols,43.370487378478785,0.747437404719625,2148,RMQS1,"{""type"":""MultiPoint"",""coordinates"":[]}"
20200808T105031_20200808T105442_T30TYP_00000000000000000785_0,3375,2003,936,1350,1818,1986,2652,2970,3160,3423,5,2020-08-08,Eutric Cambisols,43.94249816918925,0.532293379126103,1964,RMQS1,"{""type"":""MultiPoint"",""coordinates"":[]}"
20200808T105031_20200808T105442_T30TYP_000000000000000007b0_0,4443,2720,1050,1476,2192,2688,3188,3446,3684,3893,5,2020-08-08,Eutric Cambisols,43.79522514265497,0.3383439567382782,2009,RMQS1,"{""type"":""MultiPoint"",""coordinates"":[]}"
20200808T105031_20200808T105442_T30TYP_000000000000000007b1_0,2622,1748,616,1250,1260,1908,2688,2910,2788,2984,5,2020-08-08,Eutric Cambisols,43.79870099823677,0.5368540129522552,2010,RMQS1,"{""type"":""MultiPoint"",""coordinates"":[]}"
20200808T105031_20200808T105442_T30TYP_000000000000000007dc_0,3846,2597,1212,1912,2414,2450,2756,2993,2916,3305,5,2020-08-08,Eutric Cambisols,43.654918009678816,0.5413905996353507,2056,RMQS1,"{""type"":""MultiPoint"",""coordinates"":[]}"
20200808T105031_20200808T105442_T30TYP_00000000000000000759_0,3854,2410,982,1470,1950,2465,2983,3191,3335,3612,5,2020-08-08,Haplic Luvisols,44.08281502778731,0.32819314039789665,1916,RMQS1,"{""type"":""MultiPoint"",""coordinates"":[]}"
20200808T105031_20200808T105442_T30TYP_00000000000000000783_0,3344,2424,753,1250,1484,1909,2871,3321,3398,3646,5,2020-08-08,Haplic Luvisols,43.93516460209728,0.1342955175968594,1962,RMQS1,"{""type"":""MultiPoint"",""coordinates"":[]}"
20200808T105031_20200808T105442_T30TYP_00000000000000000803_0,3282,2002,543,897,1228,1637,1986,2295,2534,2771,5,2020-08-08,Haplic Luvisols,43.50387423018247,0.1509055164147366,2100,RMQS1,"{""type"":""MultiPoint"",""coordinates"":[]}"
20200808T105031_20200808T105442_T30TYQ_0000000000000000063e_0,3674,2273,744,1048,1428,1969,2452,2649,2676,3023,5,2020-08-08,Haplic Luvisols,45.07682572428559,-0.317346758335372,1614,RMQS1,"{""type"":""MultiPoint"",""coordinates"":[]}"
20200808T105031_20200808T105442_T30TYQ_00000000000000000641_0,4364,2638,860,1270,1892,2351,2800,3116,3473,3677,5,2020-08-08,Haplic Luvisols,45.08973181236325,0.2918435407221803,1617,RMQS1,"{""type"":""MultiPoint"",""coordinates"":[]}"
20200808T105031_20200808T105442_T30TYQ_0000000000000000068c_0,4323,2805,852,1232,1732,2292,2750,3060,3252,3636,5,2020-08-08,Haplic Luvisols,44.789155867083174,-0.3036999732697204,1697,RMQS1,"{""type"":""MultiPoint"",""coordinates"":[]}"
20200808T105031_20200808T105442_T30TYQ_0000000000000000068e_0,2998,2268,814,1338,1754,2042,2355,2482,2562,2624,5,2020-08-08,Haplic Luvisols,44.798084038586595,0.1003104414595138,1699,RMQS1,"{""type"":""MultiPoint"",""coordinates"":[]}"
20200808T105031_20200808T105442_T30TYQ_000000000000000006b8_0,4565,3340,1314,2126,2702,3019,3532,3835,3735,4081,5,2020-08-08,Haplic Luvisols,44.664832562379004,0.7107266218471442,1745,RMQS1,"{""type"":""MultiPoint"",""coordinates"":[]}"
20200808T105031_20200808T105442_T30TYQ_000000000000000006dd_0,4469,3410,1368,2118,2810,3168,3374,3622,3698,3821,5,2020-08-08,Haplic Luvisols,44.51781425187794,0.5138181479053451,1786,RMQS1,"{""type"":""MultiPoint"",""coordinates"":[]}"
20200808T105031_20200808T105442_T30TYR_00000000000000000062_0,4589,2866,1880,2294,3084,3361,3652,3837,4120,4013,5,2020-08-08,Calcaric Cambisols,45.9412014057957,0.065289686897003,SIM30965,HWSDv2,"{""type"":""MultiPoint"",""coordinates"":[]}"
20200808T105031_20200808T105442_T30TYR_0000000000000000006d_0,4364,2703,822,1196,1600,2327,2843,3241,3386,3825,5,2020-08-08,Dystric Cambisols,45.88556111979459,0.7843482631787697,SIM11541,HWSDv2,"{""type"":""MultiPoint"",""coordinates"":[]}"
20200808T105031_20200808T105442_T30TYR_00000000000000000580_0,4493,3456,1310,1938,2792,3221,3333,3557,3630,3635,5,2020-08-08,Calcaric Cambisols,45.80083722296923,-0.1464050002597506,1409,RMQS1,"{""type"":""MultiPoint"",""coordinates"":[]}"
20200808T105031_20200808T105442_T30TYR_000000000000000005a4_0,4198,2640,1196,1780,2840,3521,4010,4350,4500,4772,5,2020-08-08,Calcaric Cambisols,45.66131000624331,0.0652636300268976,1450,RMQS1,"{""type"":""MultiPoint"",""coordinates"":[]}"
20200808T105031_20200808T105442_T30TYR_000000000000000005a5_0,2408,1530,940,1360,1536,1751,2063,2336,2498,2574,5,2020-08-08,Calcaric Cambisols,45.66528210595559,0.2704780405947115,1451,RMQS1,"{""type"":""MultiPoint"",""coordinates"":[]}"
20200808T105031_20200808T105442_T30TYR_000000000000000005c8_0,3942,2874,1496,1886,2396,2719,2812,3030,3074,3293,5,2020-08-08,Calcaric Cambisols,45.513089622659,-0.13346799206529747,1490,RMQS1,"{""type"":""MultiPoint"",""coordinates"":[]}"
20200808T105031_20200808T105442_T30TYR_00000000000000000583_0,3775,2478,814,1142,1476,1976,2625,2878,3066,3334,5,2020-08-08,Eutric Cambisols,45.81278557747988,0.47084500606826707,1412,RMQS1,"{""type"":""MultiPoint"",""coordinates"":[]}"
20200808T105031_20200808T105442_T30TYR_0000000000000000063e_0,3644,2265,767,1054,1406,1943,2441,2647,2686,3018,5,2020-08-08,Haplic Luvisols,45.07682572428559,-0.317346758335372,1614,RMQS1,"{""type"":""MultiPoint"",""coordinates"":[]}"
20200808T105031_20200808T105442_T30TYR_00000000000000000641_0,4316,2627,868,1256,1840,2295,2769,3090,3436,3641,5,2020-08-08,Haplic Luvisols,45.08973181236325,0.2918435407221803,1617,RMQS1,"{""type"":""MultiPoint"",""coordinates"":[]}"
20200808T105031_20200808T105442_T30TYR_0000000000000000055b_0,4697,4106,1454,1968,2900,3379,4253,4822,3494,5103,5,2020-08-08,Rendzic Leptosols,45.94908569567597,0.0533355420428352,1369,RMQS1,"{""type"":""MultiPoint"",""coordinates"":[]}"
20200808T105031_20200808T105442_T30TYR_00000000000000000582_0,2889,1896,1506,1344,1930,2272,2591,2659,2304,2767,5,2020-08-08,Rendzic Leptosols,45.809179554957446,0.2650661302913653,1411,RMQS1,"{""type"":""MultiPoint"",""coordinates"":[]}"
20200808T105031_20200808T105442_T30TYR_0000000000000000061a_0,4141,2437,860,1158,1524,2184,2939,3242,3418,3803,5,2020-08-08,Rendzic Leptosols,45.23361103386122,0.2865440554918134,1576,RMQS1,"{""type"":""MultiPoint"",""coordinates"":[]}"
20200808T105031_20200808T105442_T30TYR_00000000000000000028_0,4328,3370,1164,1706,1926,2402,2908,3197,3300,3466,5,2020-08-08,Eutric Fluvisols,45.89861111,0.00277778,68782,{WD-WISE},"{""type"":""MultiPoint"",""coordinates"":[]}"
20200808T105031_20200808T105442_T30TYS_0000000000000000005e_0,4182,2703,1110,1564,2110,2437,2823,3070,3374,3540,5,2020-08-08,Calcaric Cambisols,46.50806450849034,0.9910526900588258,SIM48183,HWSDv2,"{""type"":""MultiPoint"",""coordinates"":[]}"
20200808T105031_20200808T105442_T30TYS_00000000000000000062_0,4588,2860,1874,2286,3068,3353,3656,3848,4124,4020,5,2020-08-08,Calcaric Cambisols,45.9412014057957,0.065289686897003,SIM30965,HWSDv2,"{""type"":""MultiPoint"",""coordinates"":[]}"
20200808T105031_20200808T105442_T30TYS_000000000000000004a4_0,3319,2227,803,1438,1600,2345,2981,3211,3260,3513,5,2020-08-08,Calcaric Cambisols,46.67258035875013,0.23199594562391013,1163,RMQS1,"{""type"":""MultiPoint"",""coordinates"":[]}"
20200808T105031_20200808T105442_T30TYS_000000000000000004a5_0,4266,3279,1226,1858,2618,2872,3058,3217,3284,3412,5,2020-08-08,Eutric Cambisols,46.67624425670514,0.4410565506621489,1164,RMQS1,"{""type"":""MultiPoint"",""coordinates"":[]}"
20200808T105031_20200808T105442_T30TYS_000000000000000004a7_0,4251,2877,1180,1698,2464,2864,3009,3246,3300,3613,5,2020-08-08,Eutric Cambisols,46.68242330115931,0.8592545683175709,1166,RMQS1,"{""type"":""MultiPoint"",""coordinates"":[]}"
20200808T105031_20200808T105442_T30TYS_000000000000000004eb_0,3829,2443,913,1300,1716,2219,2802,3003,3142,3430,5,2020-08-08,Eutric Cambisols,46.380758268333096,0.035208723464946995,1244,RMQS1,"{""type"":""MultiPoint"",""coordinates"":[]}"
20200808T105031_20200808T105442_T30TYS_00000000000000000535_0,5131,3439,1510,2126,3040,3504,3794,4084,4244,4589,5,2020-08-08,Eutric Cambisols,46.09297615641257,0.04732481199581941,1327,RMQS1,"{""type"":""MultiPoint"",""coordinates"":[]}"
20200808T105031_20200808T105442_T30TYS_0000000000000000047d_0,2699,1862,814,1376,1460,2115,2503,2677,2728,3052,5,2020-08-08,Haplic Luvisols,46.82014893841074,0.43599984899138555,1123,RMQS1,"{""type"":""MultiPoint"",""coordinates"":[]}"
20200808T105031_20200808T105442_T30TYS_000000000000000004ca_0,4261,3114,1152,1584,2092,2321,2957,3173,3454,3701,5,2020-08-08,Haplic Luvisols,46.52868315472322,0.2375799776288461,1203,RMQS1,"{""type"":""MultiPoint"",""coordinates"":[]}"
20200808T105031_20200808T105442_T30TYS_000000000000000004cb_0,3493,2411,961,1318,1650,1836,2570,2878,2686,3216,5,2020-08-08,Haplic Luvisols,46.532337162248965,0.4460865612049353,1204,RMQS1,"{""type"":""MultiPoint"",""coordinates"":[]}"
20200808T105031_20200808T105442_T30TYS_00000000000000000515_0,3973,2358,631,927,1288,1790,2321,2620,2792,3161,5,2020-08-08,Haplic Luvisols,46.247771765350535,0.6635006352149346,1289,RMQS1,"{""type"":""MultiPoint"",""coordinates"":[]}"
20200808T105031_20200808T105442_T30TYS_000000000000000004ee_0,4119,2456,799,1114,1684,2169,2491,2810,3006,3328,5,2020-08-08,Luvic Cambisols,46.39169124444395,0.65907171951279,1247,RMQS1,"{""type"":""MultiPoint"",""coordinates"":[]}"
20200808T105031_20200808T105442_T30TYS_000000000000000004ef_0,4214,2838,1312,1854,2678,2683,3253,3519,3830,4024,5,2020-08-08,Luvic Cambisols,46.3945739230684,0.8670762593857257,1248,RMQS1,"{""type"":""MultiPoint"",""coordinates"":[]}"
20200808T105031_20200808T105442_T30TYS_00000000000000000513_0,4623,3746,1406,2064,2922,3358,3483,3669,3652,3937,5,2020-08-08,Luvic Cambisols,46.240882187673726,0.2486608574550119,1287,RMQS1,"{""type"":""MultiPoint"",""coordinates"":[]}"
20200808T105031_20200808T105442_T30TYS_00000000000000000538_0,4580,2794,805,1154,1818,2210,2564,2891,3134,3506,5,2020-08-08,Luvic Cambisols,46.10385188704361,0.6679061388968742,1330,RMQS1,"{""type"":""MultiPoint"",""coordinates"":[]}"
20200808T105031_20200808T105442_T30TYS_00000000000000000514_0,3965,2342,777,1158,1554,2174,2769,3129,3274,3736,5,2020-08-08,Stagnic Gleysols,46.24451711991545,0.4560678464730407,1288,RMQS1,"{""type"":""MultiPoint"",""coordinates"":[]}"
20200808T105031_20200808T105442_T30TYT_0000000000000000037b_0,5302,3741,1332,1838,2542,3086,3347,3671,3770,4247,5,2020-08-08,Eutric Cambisols,47.68680357363322,0.6181369317170614,843,RMQS1,"{""type"":""MultiPoint"",""coordinates"":[]}"
20200808T105031_20200808T105442_T30TYT_0000000000000000037d_0,4361,3412,1158,1706,2388,2778,2909,3055,3012,3214,5,2020-08-08,Eutric Cambisols,47.69231735110835,1.0443128583803534,845,RMQS1,"{""type"":""MultiPoint"",""coordinates"":[]}"
20200808T105031_20200808T105442_T30TYT_000000000000000003aa_0,4217,3469,1306,1792,2398,2756,2859,3025,3018,3277,5,2020-08-08,Eutric Cambisols,47.542927371413136,0.6227839914739651,895,RMQS1,"{""type"":""MultiPoint"",""coordinates"":[]}"
20200808T105031_20200808T105442_T30TYT_00000000000000000459_0,4518,2953,974,1376,1888,2412,2862,3228,3316,3745,5,2020-08-08,Eutric Cambisols,46.97278837529007,1.061600350806898,1082,RMQS1,"{""type"":""MultiPoint"",""coordinates"":[]}"
20200808T105031_20200808T105442_T30TYT_00000000000000000456_0,4647,3351,1688,2280,3074,3389,3496,3698,3916,4082,5,2020-08-08,Eutric Planosols,46.96405011215721,0.43091598807012294,1079,RMQS1,"{""type"":""MultiPoint"",""coordinates"":[]}"
20200808T105031_20200808T105442_T30TYT_0000000000000000042f_0,4023,3284,1650,2192,2644,2938,3295,3559,3686,3793,5,2020-08-08,Eutric Retisols,47.11670746180148,1.0581797222389806,1038,RMQS1,"{""type"":""MultiPoint"",""coordinates"":[]}"
20200808T105031_20200808T105442_T30TYT_0000000000000000037c_0,5118,3317,1364,1942,2786,3303,3527,3821,3970,4396,5,2020-08-08,Haplic Luvisols,47.68975585042416,0.8312134254903143,844,RMQS1,"{""type"":""MultiPoint"",""coordinates"":[]}"
20200808T105031_20200808T105442_T30TYT_000000000000000003d7_0,3888,2370,835,1158,1582,2088,2569,2885,2958,3409,5,2020-08-08,Haplic Luvisols,47.395718283839564,0.4155014966302985,945,RMQS1,"{""type"":""MultiPoint"",""coordinates"":[]}"
20200808T105031_20200808T105442_T30TYT_00000000000000000404_0,3696,2548,1336,1750,2088,1993,2920,3297,3320,3497,5,2020-08-08,Haplic Luvisols,47.25515043152472,0.6320023123013093,991,RMQS1,"{""type"":""MultiPoint"",""coordinates"":[]}"
20200808T105031_20200808T105442_T30TYT_0000000000000000047d_0,2705,1866,797,1374,1464,2122,2502,2676,2734,3058,5,2020-08-08,Haplic Luvisols,46.82014893841074,0.43599984899138555,1123,RMQS1,"{""type"":""MultiPoint"",""coordinates"":[]}"
20200808T105031_20200808T105442_T30TYT_0000000000000000042d_0,4152,2462,1220,1698,2230,2880,3507,3774,3834,4277,5,2020-08-08,Rendzic Leptosols,47.111251889494554,0.6365738313282675,1036,RMQS1,"{""type"":""MultiPoint"",""coordinates"":[]}"
20200808T105031_20200808T105442_T30TYT_00000000000000000457_0,3717,2427,980,1312,1732,2144,2509,2777,2972,3286,5,2020-08-08,Stagnic Gleysols,46.96734759548669,0.6411210616326486,1080,RMQS1,"{""type"":""MultiPoint"",""coordinates"":[]}"
20200808T105031_20200808T105442_T30UYU_00000000000000000317_0,4839,3552,1504,1990,2742,3202,3502,3762,3682,4223,5,2020-08-08,Eutric Cambisols,47.97452533653467,0.608767793538443,736,RMQS1,"{""type"":""MultiPoint"",""coordinates"":[]}"
20200808T105031_20200808T105442_T30UYU_00000000000000000272_0,5652,3856,1656,2182,2974,3525,3836,4118,4256,4619,5,2020-08-08,Eutric Retisols,48.411606154539754,1.0265529667530489,564,RMQS1,"{""type"":""MultiPoint"",""coordinates"":[]}"
20200808T105031_20200808T105442_T30UYU_000000000000000002aa_0,5118,3588,1202,1576,2174,3047,3877,4144,4356,4567,5,2020-08-08,Eutric Retisols,48.267773070968104,1.0301448294912523,623,RMQS1,"{""type"":""MultiPoint"",""coordinates"":[]}"
20200808T105031_20200808T105442_T30UYU_000000000000000002e2_0,3586,2259,778,1036,1346,1667,2022,2286,2510,2731,5,2020-08-08,Eutric Retisols,48.123926965867774,1.0337162685273735,681,RMQS1,"{""type"":""MultiPoint"",""coordinates"":[]}"
20200808T105031_20200808T105442_T30UYU_00000000000000000319_0,3555,2489,1010,1490,1930,2178,2890,3308,2802,3687,5,2020-08-08,Haplic Luvisols,47.98006859464599,1.0372677251420688,738,RMQS1,"{""type"":""MultiPoint"",""coordinates"":[]}"
20200808T105031_20200808T105442_T30UYU_0000000000000000034a_0,5703,4040,1580,2248,3292,3922,4158,4507,4568,5042,5,2020-08-08,Luvic Stagnosols,47.83066980746326,0.6134648025979296,791,RMQS1,"{""type"":""MultiPoint"",""coordinates"":[]}"
20200808T105031_20200808T105442_T31TCH_00000000000000000852_0,3007,2104,971,1550,2066,2076,2490,2777,2671,3111,5,2020-08-08,Calcaric Cambisols,43.233830788422544,1.3411659095380064,2190,RMQS1,"{""type"":""MultiPoint"",""coordinates"":[]}"
20200808T105031_20200808T105442_T31TCH_0000000000000000086d_0,3430,2396,802,1350,1544,2168,3072,3321,3287,3479,5,2020-08-08,Eutric Cambisols,43.09172709977716,1.5397731446021294,2226,RMQS1,"{""type"":""MultiPoint"",""coordinates"":[]}"
20200808T105031_20200808T105442_T31TCH_0000000000000000087e_0,2349,1638,569,811,933,1288,1689,1903,1850,2098,5,2020-08-08,Eutric Cambisols,42.93931480823404,0.7593104679881422,2250,RMQS1,"{""type"":""MultiPoint"",""coordinates"":[]}"
20200808T105031_20200808T105442_T31TCH_00000000000000000854_0,2590,1713,851,1594,1502,2366,3311,3490,3815,3704,5,2020-08-08,Mollic Umbrisols,43.23675734912461,1.7343973183347328,2192,RMQS1,"{""type"":""MultiPoint"",""coordinates"":[]}"
20200808T105031_20200808T105442_T31TCH_00000000000000000850_0,3635,2244,585,924,1180,1774,2376,2696,2614,3113,5,2020-08-08,Rendzic Leptosols,43.22946594670466,0.9479815188030146,2188,RMQS1,"{""type"":""MultiPoint"",""coordinates"":[]}"
20200808T105031_20200808T105442_T31TCJ_00000000000000000083_0,2838,2006,992,1388,1622,1720,2540,2899,2912,3074,5,2020-08-08,Calcaric Cambisols,43.78608327784773,1.3843490695106873,SIM27892,HWSDv2,"{""type"":""MultiPoint"",""coordinates"":[]}"
20200808T105031_20200808T105442_T31TCJ_00000000000000000732_0,4274,2826,1256,1800,2520,3014,3314,3517,3636,3926,5,2020-08-08,Calcaric Cambisols,44.24215747682371,1.5235202230528846,1876,RMQS1,"{""type"":""MultiPoint"",""coordinates"":[]}"
20200808T105031_20200808T105442_T31TCJ_0000000000000000078a_0,3550,2159,761,1110,1586,1940,2726,3162,3073,3673,5,2020-08-08,Calcaric Cambisols,43.95446120604993,1.5276452591165468,1969,RMQS1,"{""type"":""MultiPoint"",""coordinates"":[]}"
20200808T105031_20200808T105442_T31TCJ_000000000000000007b2_0,4598,3037,1314,1910,2522,3046,3381,3603,3798,3961,5,2020-08-08,Calcaric Cambisols,43.801814078706926,0.7353863730644742,2011,RMQS1,"{""type"":""MultiPoint"",""coordinates"":[]}"
20200808T105031_20200808T105442_T31TCJ_000000000000000007b3_0,4275,2587,937,1430,2030,2632,2884,3206,3371,3692,5,2020-08-08,Calcaric Cambisols,43.804563518724855,0.9339386706927577,2012,RMQS1,"{""type"":""MultiPoint"",""coordinates"":[]}"
20200808T105031_20200808T105442_T31TCJ_000000000000000007dd_0,3924,2963,1126,1732,2318,2598,2674,2813,2909,3009,5,2020-08-08,Calcaric Cambisols,43.65802295237102,0.7394234284125767,2057,RMQS1,"{""type"":""MultiPoint"",""coordinates"":[]}"
20200808T105031_20200808T105442_T31TCJ_000000000000000007de_0,4087,2592,835,1202,1726,2174,2374,2593,2718,3018,5,2020-08-08,Calcaric Cambisols,43.6607654692577,0.9374759088034046,2058,RMQS1,"{""type"":""MultiPoint"",""coordinates"":[]}"
20200808T105031_20200808T105442_T31TCJ_000000000000000007e1_0,4048,3145,1220,1920,2440,2945,3085,3198,2990,3387,5,2020-08-08,Calcaric Cambisols,43.66811185509377,1.7298359782939583,2062,RMQS1,"{""type"":""MultiPoint"",""coordinates"":[]}"
20200808T105031_20200808T105442_T31TCJ_00000000000000000806_0,3858,3006,1212,1882,2344,2717,2896,3090,3060,3142,5,2020-08-08,Calcaric Cambisols,43.51424709370381,0.7434401003762473,2103,RMQS1,"{""type"":""MultiPoint"",""coordinates"":[]}"
20200808T105031_20200808T105442_T31TCJ_0000000000000000080b_0,2478,1651,646,1218,1238,1819,2335,2548,2645,2719,5,2020-08-08,Calcaric Cambisols,43.524309926758626,1.7313633815716516,2108,RMQS1,"{""type"":""MultiPoint"",""coordinates"":[]}"
20200808T105031_20200808T105442_T31TCJ_0000000000000000082e_0,3650,2276,714,1011,1274,1808,2278,2717,2964,3090,5,2020-08-08,Calcaric Cambisols,43.370487378478785,0.747437404719625,2148,RMQS1,"{""type"":""MultiPoint"",""coordinates"":[]}"
20200808T105031_20200808T105442_T31TCJ_00000000000000000832_0,4429,2798,1256,1904,2714,3302,3581,3894,3834,4321,5,2020-08-08,Calcaric Cambisols,43.379238151330306,1.5357705717025496,2152,RMQS1,"{""type"":""MultiPoint"",""coordinates"":[]}"
20200808T105031_20200808T105442_T31TCJ_00000000000000000785_0,3534,2067,802,1136,1454,2105,2791,3191,3023,3564,5,2020-08-08,Eutric Cambisols,43.94249816918925,0.532293379126103,1964,RMQS1,"{""type"":""MultiPoint"",""coordinates"":[]}"
20200808T105031_20200808T105442_T31TCJ_000000000000000007b1_0,2569,1725,704,1300,1276,1891,2785,3015,2909,3056,5,2020-08-08,Eutric Cambisols,43.79870099823677,0.5368540129522552,2010,RMQS1,"{""type"":""MultiPoint"",""coordinates"":[]}"
20200808T105031_20200808T105442_T31TCJ_000000000000000007dc_0,3771,2830,1222,1880,2382,2604,2752,2881,2844,2986,5,2020-08-08,Eutric Cambisols,43.654918009678816,0.5413905996353507,2056,RMQS1,"{""type"":""MultiPoint"",""coordinates"":[]}"
20200808T105031_20200808T105442_T31TCJ_0000000000000000075c_0,3247,2648,1184,1694,2296,2584,2791,2965,2910,3051,5,2020-08-08,Eutric Fluvisols,44.09220210607855,0.9268088875590461,1919,RMQS1,"{""type"":""MultiPoint"",""coordinates"":[]}"
20200808T105031_20200808T105442_T31TCJ_00000000000000000830_0,3392,2261,714,1024,1314,1774,2300,2550,2508,2933,5,2020-08-08,Fluvic Cambisols,43.37558387891417,1.141574489687156,2150,RMQS1,"{""type"":""MultiPoint"",""coordinates"":[]}"
20200808T105031_20200808T105442_T31TCJ_00000000000000000789_0,2915,2016,648,908,1007,1718,2411,2712,2598,2964,5,2020-08-08,Haplic Luvisols,43.9527966974489,1.3285439563076873,1968,RMQS1,"{""type"":""MultiPoint"",""coordinates"":[]}"
20200808T105031_20200808T105442_T31TCJ_000000000000000007b5_0,3382,2358,1598,2190,2178,2869,3220,3426,3062,3485,5,2020-08-08,Haplic Luvisols,43.80897291409622,1.331094029024924,2014,RMQS1,"{""type"":""MultiPoint"",""coordinates"":[]}"
20200808T105031_20200808T105442_T31TCJ_00000000000000000808_0,3823,2333,731,1088,1542,1955,2384,2687,2852,3222,5,2020-08-08,Luvic Stagnosols,43.51935670825821,1.1385679467238081,2105,RMQS1,"{""type"":""MultiPoint"",""coordinates"":[]}"
20200808T105031_20200808T105442_T31TCJ_000000000000000007df_0,3187,2588,910,1458,1880,2258,2340,2504,2316,2614,5,2020-08-08,Regosols (Colluvic),43.663145610161905,1.1355461494338939,2059,RMQS1,"{""type"":""MultiPoint"",""coordinates"":[]}"
20200808T105031_20200808T105442_T31TCJ_00000000000000000833_0,3715,2347,884,1294,1704,2580,3293,3683,3676,4107,5,2020-08-08,Regosols (Colluvic),43.3805251082789,1.7328839686620165,2153,RMQS1,"{""type"":""MultiPoint"",""coordinates"":[]}"
20200808T105031_20200808T105442_T31TCJ_00000000000000000809_0,2876,2315,1032,1370,1522,1570,1830,2117,1888,2132,5,2020-08-08,Technosols,43.521369132715655,1.336155148233926,2106,RMQS1,"{""type"":""MultiPoint"",""coordinates"":[]}"
20200808T105031_20200808T105442_T31TCK_00000000000000000646_0,3714,2246,743,1098,1558,1949,2537,2778,2964,3286,5,2020-08-08,Calcaric Cambisols,45.10381088283523,1.3076748715645614,1622,RMQS1,"{""type"":""MultiPoint"",""coordinates"":[]}"
20200808T105031_20200808T105442_T31TCK_00000000000000000730_0,2533,1754,738,1148,1308,1758,2099,2299,2372,2594,5,2020-08-08,Calcaric Cambisols,44.23844644905489,1.123303160675493,1874,RMQS1,"{""type"":""MultiPoint"",""coordinates"":[]}"
20200808T105031_20200808T105442_T31TCK_00000000000000000732_0,4261,2824,1252,1798,2518,3001,3298,3505,3641,3910,5,2020-08-08,Calcaric Cambisols,44.24215747682371,1.5235202230528846,1876,RMQS1,"{""type"":""MultiPoint"",""coordinates"":[]}"
20200808T105031_20200808T105442_T31TCK_000000000000000006b8_0,4438,3432,1338,2040,2578,2795,3460,3736,3651,3955,5,2020-08-08,Haplic Luvisols,44.664832562379004,0.7107266218471442,1745,RMQS1,"{""type"":""MultiPoint"",""coordinates"":[]}"
20200808T105031_20200808T105442_T31TCK_000000000000000006dd_0,4455,3446,1396,2048,2674,3069,3355,3636,3676,3846,5,2020-08-08,Haplic Luvisols,44.51781425187794,0.5138181479053451,1786,RMQS1,"{""type"":""MultiPoint"",""coordinates"":[]}"
20200808T105031_20200808T105442_T31TCK_0000000000000000066e_0,4108,2740,931,1334,1992,2445,2771,3090,3210,3583,5,2020-08-08,Rendzic Leptosols,44.96159614293844,1.5130249086385896,1664,RMQS1,"{""type"":""MultiPoint"",""coordinates"":[]}"
20200808T105031_20200808T105442_T31TCK_00000000000000000706_0,4324,2718,1020,1442,1978,2475,2851,3142,3374,3636,5,2020-08-08,Rendzic Leptosols,44.38230353158314,1.1202039397391548,1831,RMQS1,"{""type"":""MultiPoint"",""coordinates"":[]}"
20200808T105031_20200808T105442_T31TCK_000000000000000008e2_0,4108,2740,931,1334,1992,2445,2771,3090,3210,3583,5,2020-08-08,Rendzic Leptosols,44.96159614293844,1.5130249086385896,11664,RMQS1,"{""type"":""MultiPoint"",""coordinates"":[]}"
20200808T105031_20200808T105442_T31TCK_00000000000000000648_0,2853,2705,608,1352,1878,2283,3061,3484,2120,3830,5,2020-08-08,Umbric Leptosols,45.10683784767093,1.7141221590120135,1624,RMQS1,"{""type"":""MultiPoint"",""coordinates"":[]}"
20200808T105031_20200808T105442_T31TCK_00000000000000000001_0,4017,3007,1030,1414,1906,2318,2688,2996,3052,3401,5,2020-08-08,Dystric Gleysols,44.98055556,1.7166666699999997,66214,"{WD-eSOTER,WD-WISE}","{""type"":""MultiPoint"",""coordinates"":[]}"
20200808T105031_20200808T105442_T31TCL_0000000000000000006d_0,4343,2703,875,1224,1610,2316,2838,3247,3369,3826,5,2020-08-08,Dystric Cambisols,45.88556111979459,0.7843482631787697,SIM11541,HWSDv2,"{""type"":""MultiPoint"",""coordinates"":[]}"
20200808T105031_20200808T105442_T31TCL_00000000000000000646_0,3706,2243,750,1102,1552,1942,2537,2782,2970,3284,5,2020-08-08,Calcaric Cambisols,45.10381088283523,1.3076748715645614,1622,RMQS1,"{""type"":""MultiPoint"",""coordinates"":[]}"
20200808T105031_20200808T105442_T31TCL_000000000000000005d0_0,4239,2738,840,1182,1676,2017,2533,2897,3257,3374,5,2020-08-08,Eutric Cambisols,45.53728966488264,1.5044315327285298,1498,RMQS1,"{""type"":""MultiPoint"",""coordinates"":[]}"
20200808T105031_20200808T105442_T31TCL_00000000000000000648_0,2827,2686,614,1340,1854,2252,3024,3439,2114,3793,5,2020-08-08,Umbric Leptosols,45.10683784767093,1.7141221590120135,1624,RMQS1,"{""type"":""MultiPoint"",""coordinates"":[]}"
20200808T105031_20200808T105442_T31TCM_0000000000000000005e_0,4064,2624,1138,1548,2094,2475,2885,3142,3351,3588,5,2020-08-08,Calcaric Cambisols,46.50806450849034,0.9910526900588258,SIM48183,HWSDv2,"{""type"":""MultiPoint"",""coordinates"":[]}"
20200808T105031_20200808T105442_T31TCM_00000000000000000480_0,3592,2387,531,851,922,1990,2837,3255,3472,3619,5,2020-08-08,Calcaric Cambisols,46.82886512189024,1.0650028550237045,1126,RMQS1,"{""type"":""MultiPoint"",""coordinates"":[]}"
20200808T105031_20200808T105442_T31TCM_00000000000000000482_0,4160,2626,771,1116,1592,2082,2640,2966,3134,3485,5,2020-08-08,Eutric Cambisols,46.83275616712597,1.484434384575593,1128,RMQS1,"{""type"":""MultiPoint"",""coordinates"":[]}"
20200808T105031_20200808T105442_T31TCM_00000000000000000483_0,2892,2173,763,1110,1152,1663,2184,2400,2454,2647,5,2020-08-08,Eutric Cambisols,46.834125907327305,1.6941691786867756,1129,RMQS1,"{""type"":""MultiPoint"",""coordinates"":[]}"
20200808T105031_20200808T105442_T31TCM_000000000000000004a5_0,4262,3279,1256,1854,2590,2944,3104,3281,3272,3410,5,2020-08-08,Eutric Cambisols,46.67624425670514,0.4410565506621489,1164,RMQS1,"{""type"":""MultiPoint"",""coordinates"":[]}"
20200808T105031_20200808T105442_T31TCM_000000000000000004a7_0,4252,2894,1212,1752,2478,2835,3006,3261,3310,3640,5,2020-08-08,Eutric Cambisols,46.68242330115931,0.8592545683175709,1166,RMQS1,"{""type"":""MultiPoint"",""coordinates"":[]}"
20200808T105031_20200808T105442_T31TCM_000000000000000004ce_0,3930,2376,785,1116,1558,2085,2408,2727,2807,3225,5,2020-08-08,Eutric Cambisols,46.54313454001028,1.2803489731979116,1208,RMQS1,"{""type"":""MultiPoint"",""coordinates"":[]}"
20200808T105031_20200808T105442_T31TCM_000000000000000004cf_0,3968,2350,808,1164,1636,2088,2532,2915,3106,3398,5,2020-08-08,Eutric Cambisols,46.54487889789519,1.4889590904459031,1209,RMQS1,"{""type"":""MultiPoint"",""coordinates"":[]}"
20200808T105031_20200808T105442_T31TCM_0000000000000000051a_0,4005,2390,889,1256,1736,2169,2828,3207,3480,3729,5,2020-08-08,Eutric Cambisols,46.258349192999255,1.7009568054618538,1294,RMQS1,"{""type"":""MultiPoint"",""coordinates"":[]}"
20200808T105031_20200808T105442_T31TCM_0000000000000000047d_0,2706,1860,838,1356,1466,2070,2593,2770,2790,3066,5,2020-08-08,Haplic Luvisols,46.82014893841074,0.43599984899138555,1123,RMQS1,"{""type"":""MultiPoint"",""coordinates"":[]}"
20200808T105031_20200808T105442_T31TCM_000000000000000004cb_0,3394,2349,918,1144,1422,1820,2586,2868,2829,3214,5,2020-08-08,Haplic Luvisols,46.532337162248965,0.4460865612049353,1204,RMQS1,"{""type"":""MultiPoint"",""coordinates"":[]}"
20200808T105031_20200808T105442_T31TCM_000000000000000004f0_0,4482,2845,914,1236,1764,2308,2616,2957,3217,3663,5,2020-08-08,Haplic Luvisols,46.39707583850519,1.0751018843272806,1249,RMQS1,"{""type"":""MultiPoint"",""coordinates"":[]}"
20200808T105031_20200808T105442_T31TCM_00000000000000000515_0,3987,2369,668,954,1300,1780,2298,2604,2777,3125,5,2020-08-08,Haplic Luvisols,46.247771765350535,0.6635006352149346,1289,RMQS1,"{""type"":""MultiPoint"",""coordinates"":[]}"
20200808T105031_20200808T105442_T31TCM_000000000000000004ee_0,4007,2359,825,1122,1680,2061,2467,2781,3046,3321,5,2020-08-08,Luvic Cambisols,46.39169124444395,0.65907171951279,1247,RMQS1,"{""type"":""MultiPoint"",""coordinates"":[]}"
20200808T105031_20200808T105442_T31TCM_000000000000000004ef_0,4541,3017,1314,1814,2596,2957,3387,3712,3750,4206,5,2020-08-08,Luvic Cambisols,46.3945739230684,0.8670762593857257,1248,RMQS1,"{""type"":""MultiPoint"",""coordinates"":[]}"
20200808T105031_20200808T105442_T31TCM_000000000000000004f1_0,4177,2658,1017,1448,2098,2357,2759,3119,3397,3465,5,2020-08-08,Luvic Cambisols,46.39919693196088,1.2831454307949937,1250,RMQS1,"{""type"":""MultiPoint"",""coordinates"":[]}"
20200808T105031_20200808T105442_T31TCM_00000000000000000538_0,4559,2771,811,1142,1754,2215,2606,2927,3090,3562,5,2020-08-08,Luvic Cambisols,46.10385188704361,0.6679061388968742,1330,RMQS1,"{""type"":""MultiPoint"",""coordinates"":[]}"
20200808T105031_20200808T105442_T31TCN_000000000000000003ae_0,3039,2315,1050,1264,1616,1764,2382,2705,2468,2938,5,2020-08-08,Calcaric Cambisols,47.552368234556766,1.4729089085002178,899,RMQS1,"{""type"":""MultiPoint"",""coordinates"":[]}"
20200808T105031_20200808T105442_T31TCN_0000000000000000037b_0,5280,3767,1340,1824,2520,3050,3312,3648,3738,4205,5,2020-08-08,Eutric Cambisols,47.68680357363322,0.6181369317170614,843,RMQS1,"{""type"":""MultiPoint"",""coordinates"":[]}"
20200808T105031_20200808T105442_T31TCN_0000000000000000037d_0,4419,3485,1200,1782,2448,2826,2958,3113,3072,3281,5,2020-08-08,Eutric Cambisols,47.69231735110835,1.0443128583803534,845,RMQS1,"{""type"":""MultiPoint"",""coordinates"":[]}"
20200808T105031_20200808T105442_T31TCN_000000000000000003aa_0,4227,3487,1306,1798,2386,2769,2874,3046,3020,3264,5,2020-08-08,Eutric Cambisols,47.542927371413136,0.6227839914739651,895,RMQS1,"{""type"":""MultiPoint"",""coordinates"":[]}"
20200808T105031_20200808T105442_T31TCN_00000000000000000459_0,4621,3062,1007,1376,1888,2462,2832,3182,3288,3751,5,2020-08-08,Eutric Cambisols,46.97278837529007,1.061600350806898,1082,RMQS1,"{""type"":""MultiPoint"",""coordinates"":[]}"
20200808T105031_20200808T105442_T31TCN_00000000000000000456_0,4342,3180,1710,2278,3018,3301,3573,3778,3886,4101,5,2020-08-08,Eutric Planosols,46.96405011215721,0.43091598807012294,1079,RMQS1,"{""type"":""MultiPoint"",""coordinates"":[]}"
20200808T105031_20200808T105442_T31TCN_0000000000000000042f_0,3849,3067,1606,2130,2534,2782,3127,3401,3576,3633,5,2020-08-08,Eutric Retisols,47.11670746180148,1.0581797222389806,1038,RMQS1,"{""type"":""MultiPoint"",""coordinates"":[]}"
20200808T105031_20200808T105442_T31TCN_00000000000000000431_0,3232,2312,1108,1642,1820,2274,2905,3180,3306,3500,5,2020-08-08,Eutric Retisols,47.120619712342474,1.4798610993880554,1040,RMQS1,"{""type"":""MultiPoint"",""coordinates"":[]}"
20200808T105031_20200808T105442_T31TCN_0000000000000000045a_0,4059,2407,1030,1540,2040,2582,3145,3419,3638,3921,5,2020-08-08,Eutric Retisols,46.97493184897627,1.2718698805445425,1083,RMQS1,"{""type"":""MultiPoint"",""coordinates"":[]}"
20200808T105031_20200808T105442_T31TCN_0000000000000000037c_0,5117,3322,1404,1946,2808,3325,3623,3879,3942,4424,5,2020-08-08,Haplic Luvisols,47.68975585042416,0.8312134254903143,844,RMQS1,"{""type"":""MultiPoint"",""coordinates"":[]}"
20200808T105031_20200808T105442_T31TCN_000000000000000003d7_0,3945,2422,833,1150,1570,2104,2536,2844,3008,3360,5,2020-08-08,Haplic Luvisols,47.395718283839564,0.4155014966302985,945,RMQS1,"{""type"":""MultiPoint"",""coordinates"":[]}"
20200808T105031_20200808T105442_T31TCN_00000000000000000404_0,3693,2545,1342,1744,2062,1989,2926,3308,3322,3499,5,2020-08-08,Haplic Luvisols,47.25515043152472,0.6320023123013093,991,RMQS1,"{""type"":""MultiPoint"",""coordinates"":[]}"
20200808T105031_20200808T105442_T31TCN_00000000000000000408_0,3219,2007,828,1260,1584,2200,2907,3253,3248,3690,5,2020-08-08,Haplic Vertisols,47.26454305466629,1.477555758886086,995,RMQS1,"{""type"":""MultiPoint"",""coordinates"":[]}"
20200808T105031_20200808T105442_T31TCN_0000000000000000034d_0,3433,2592,779,1048,1294,1932,2397,2568,2264,2465,5,2020-08-08,Luvic Cambisols,47.83837519938972,1.254497652282048,794,RMQS1,"{""type"":""MultiPoint"",""coordinates"":[]}"
20200808T105031_20200808T105442_T31TCN_0000000000000000045b_0,3923,2544,673,973,1276,1675,2062,2306,2442,2745,5,2020-08-08,Luvic Cambisols,46.976690235974914,1.4821539910955996,1084,RMQS1,"{""type"":""MultiPoint"",""coordinates"":[]}"
20200808T105031_20200808T105442_T31TCN_0000000000000000034f_0,4203,3394,1500,2094,2744,3129,3181,3384,3418,3605,5,2020-08-08,Mollic Umbrisols,47.84155543400575,1.681939134662969,796,RMQS1,"{""type"":""MultiPoint"",""coordinates"":[]}"
20200808T105031_20200808T105442_T31TCN_0000000000000000042d_0,4091,2432,1234,1686,2214,2773,3413,3648,3794,4180,5,2020-08-08,Rendzic Leptosols,47.111251889494554,0.6365738313282675,1036,RMQS1,"{""type"":""MultiPoint"",""coordinates"":[]}"
20200808T105031_20200808T105442_T31TCN_00000000000000000457_0,3561,2302,1015,1290,1592,2091,2506,2760,2790,3241,5,2020-08-08,Stagnic Gleysols,46.96734759548669,0.6411210616326486,1080,RMQS1,"{""type"":""MultiPoint"",""coordinates"":[]}"
20200808T105031_20200808T105442_T31TDH_00000000000000000856_0,3638,2367,1126,1678,2380,2340,2883,3109,3322,3493,5,2020-08-08,Calcaric Arenosols,43.23824536900353,2.1276596812268993,2194,RMQS1,"{""type"":""MultiPoint"",""coordinates"":[]}"
20200808T105031_20200808T105442_T31TDH_00000000000000000857_0,2957,1842,562,910,1198,1552,2228,2497,2690,2832,5,2020-08-08,Calcaric Cambisols,43.238449309842004,2.324294647249126,2195,RMQS1,"{""type"":""MultiPoint"",""coordinates"":[]}"
20200808T105031_20200808T105442_T31TDH_00000000000000000855_0,4461,2757,1164,1614,2384,2817,2971,3266,3344,3733,5,2020-08-08,Rendzic Leptosols,43.237681525941696,1.9310260055678181,2193,RMQS1,"{""type"":""MultiPoint"",""coordinates"":[]}"
20200808T105031_20200808T105442_T31TDJ_00000000000000000760_0,4160,2596,1032,1550,2198,2704,3120,3446,3484,3848,5,2020-08-08,Calcaric Cambisols,44.10054393938835,1.9248303898472057,1924,RMQS1,"{""type"":""MultiPoint"",""coordinates"":[]}"
20200808T105031_20200808T105442_T31TDJ_0000000000000000078c_0,2712,1903,499,714,740,2034,2830,3087,2814,3194,5,2020-08-08,Calcaric Cambisols,43.9572674411978,2.1250002129640184,1972,RMQS1,"{""type"":""MultiPoint"",""coordinates"":[]}"
20200808T105031_20200808T105442_T31TDJ_000000000000000007e3_0,4798,2945,1286,1868,2832,3331,3583,3918,4056,4451,5,2020-08-08,Calcaric Cambisols,43.66961104280001,2.1260713188749483,2064,RMQS1,"{""type"":""MultiPoint"",""coordinates"":[]}"
20200808T105031_20200808T105442_T31TDJ_00000000000000000739_0,4403,2714,750,1058,1646,2121,2504,2813,3016,3458,5,2020-08-08,Eutric Cambisols,44.243613438171685,2.9244684072218954,1883,RMQS1,"{""type"":""MultiPoint"",""coordinates"":[]}"
20200808T105031_20200808T105442_T31TDJ_00000000000000000762_0,4410,2732,952,1322,1942,2576,2907,3259,3388,3878,5,2020-08-08,Eutric Cambisols,44.10132367901196,2.3240912497602655,1926,RMQS1,"{""type"":""MultiPoint"",""coordinates"":[]}"
20200808T105031_20200808T105442_T31TDJ_00000000000000000764_0,3844,2455,700,1060,1538,1915,2330,2611,2778,3109,5,2020-08-08,Eutric Cambisols,44.100643063293255,2.7233529963840972,1928,RMQS1,"{""type"":""MultiPoint"",""coordinates"":[]}"
20200808T105031_20200808T105442_T31TDJ_0000000000000000078b_0,3376,2092,722,1094,1474,1940,2506,2879,2912,3373,5,2020-08-08,Eutric Cambisols,43.95669683331813,1.9258768685870264,1971,RMQS1,"{""type"":""MultiPoint"",""coordinates"":[]}"
20200808T105031_20200808T105442_T31TDJ_0000000000000000078f_0,2314,1927,563,786,1164,1475,1758,1900,1736,2170,5,2020-08-08,Eutric Cambisols,43.95679455630971,2.7223763371721823,1975,RMQS1,"{""type"":""MultiPoint"",""coordinates"":[]}"
20200808T105031_20200808T105442_T31TDJ_000000000000000007ba_0,4071,2700,852,1300,1788,2409,2677,3126,3106,3578,5,2020-08-08,Eutric Cambisols,43.813480521984715,2.5227831617559686,2020,RMQS1,"{""type"":""MultiPoint"",""coordinates"":[]}"
20200808T105031_20200808T105442_T31TDJ_000000000000000007e4_0,4098,2618,1272,1802,2634,2979,3185,3421,3544,3715,5,2020-08-08,Eutric Cambisols,43.66981672988419,2.3241939270868723,2065,RMQS1,"{""type"":""MultiPoint"",""coordinates"":[]}"
20200808T105031_20200808T105442_T31TDJ_00000000000000000736_0,4080,2568,778,1154,1628,2259,2595,2917,3050,3428,5,2020-08-08,Haplic Luvisols,44.24518706868091,2.3240567532591774,1880,RMQS1,"{""type"":""MultiPoint"",""coordinates"":[]}"
20200808T105031_20200808T105442_T31TDJ_0000000000000000080c_0,3558,2061,598,927,1296,1905,2355,2654,2884,3135,5,2020-08-08,Haplic Luvisols,43.52580553458276,2.1266028762483478,2110,RMQS1,"{""type"":""MultiPoint"",""coordinates"":[]}"
20200808T105031_20200808T105442_T31TDJ_000000000000000007b9_0,4253,2598,943,1352,1836,2547,3125,3446,3440,3912,5,2020-08-08,Luvic Cambisols,43.813637782487255,2.324160020455109,2019,RMQS1,"{""type"":""MultiPoint"",""coordinates"":[]}"
20200808T105031_20200808T105442_T31TDJ_000000000000000007e2_0,4204,2764,1156,1722,2396,2854,3225,3466,3628,3822,5,2020-08-08,Luvic Cambisols,43.669042809087784,1.9279512878727754,2063,RMQS1,"{""type"":""MultiPoint"",""coordinates"":[]}"
20200808T105031_20200808T105442_T31TDJ_00000000000000000834_0,4199,3203,1516,2244,2912,3304,3360,3544,3488,3721,5,2020-08-08,Regosols (Colluvic),43.38145144609924,1.9300054714673698,2154,RMQS1,"{""type"":""MultiPoint"",""coordinates"":[]}"
20200808T105031_20200808T105442_T31TDJ_000000000000000007b8_0,3621,2355,958,1396,1986,2267,2562,2810,2880,3145,5,2020-08-08,Rendzic Leptosols,43.81343217854103,2.1255375569197064,2018,RMQS1,"{""type"":""MultiPoint"",""coordinates"":[]}"
20200808T105031_20200808T105442_T31TDJ_00000000000000000738_0,4484,2970,1246,1792,2610,3076,3369,3594,3726,4099,5,2020-08-08,Umbric Leptosols,44.244504694751356,2.7243348476022655,1882,RMQS1,"{""type"":""MultiPoint"",""coordinates"":[]}"
20200808T105031_20200808T105442_T31TDJ_00000000000000000761_0,3811,2348,896,1288,1848,1962,2355,2652,3052,3093,5,2020-08-08,Umbric Leptosols,44.10111660045673,2.1244594998986797,1925,RMQS1,"{""type"":""MultiPoint"",""coordinates"":[]}"
20200808T105031_20200808T105442_T31TDJ_00000000000000000763_0,3772,2397,882,1306,2014,2214,2680,2933,3242,3439,5,2020-08-08,Umbric Leptosols,44.10116589260761,2.523723311353843,1927,RMQS1,"{""type"":""MultiPoint"",""coordinates"":[]}"
20200808T105031_20200808T105442_T31TDK_000000000000000006be_0,3111,2189,1200,1422,1490,1564,2045,2275,2328,2770,5,2020-08-08,Calcaric Cambisols,44.67605628734128,1.9205934098289061,1751,RMQS1,"{""type"":""MultiPoint"",""coordinates"":[]}"
20200808T105031_20200808T105442_T31TDK_00000000000000000699_0,3914,2458,727,1106,1512,1942,2655,2987,3034,3501,5,2020-08-08,Dystric Cambisols,44.82075022155785,2.323917331146836,1710,RMQS1,"{""type"":""MultiPoint"",""coordinates"":[]}"
20200808T105031_20200808T105442_T31TDK_000000000000000006c2_0,3764,2196,680,1024,1382,1879,2389,2624,2835,3190,5,2020-08-08,Dystric Cambisols,44.67615650531218,2.7273127243921524,1755,RMQS1,"{""type"":""MultiPoint"",""coordinates"":[]}"
20200808T105031_20200808T105442_T31TDK_00000000000000000739_0,4387,2710,760,1058,1632,2102,2494,2801,2996,3431,5,2020-08-08,Eutric Cambisols,44.243613438171685,2.9244684072218954,1883,RMQS1,"{""type"":""MultiPoint"",""coordinates"":[]}"
20200808T105031_20200808T105442_T31TDK_00000000000000000736_0,4067,2568,791,1156,1618,2244,2589,2908,3029,3413,5,2020-08-08,Haplic Luvisols,44.24518706868091,2.3240567532591774,1880,RMQS1,"{""type"":""MultiPoint"",""coordinates"":[]}"
20200808T105031_20200808T105442_T31TDK_0000000000000000070d_0,3820,2285,741,1060,1510,1897,2242,2605,2796,3090,5,2020-08-08,Lithic Leptosols,44.388904134938514,2.524673828874761,1838,RMQS1,"{""type"":""MultiPoint"",""coordinates"":[]}"
20200808T105031_20200808T105442_T31TDK_0000000000000000070a_0,3323,1897,623,879,1130,1546,2007,2313,2364,2677,5,2020-08-08,Rendzic Leptosols,44.38827791423929,1.9227214717370675,1835,RMQS1,"{""type"":""MultiPoint"",""coordinates"":[]}"
20200808T105031_20200808T105442_T31TDK_00000000000000000671_0,4277,2666,963,1318,1862,2169,2497,2750,2968,3211,5,2020-08-08,Umbric Leptosols,44.964454496326915,2.1211612828410127,1667,RMQS1,"{""type"":""MultiPoint"",""coordinates"":[]}"
20200808T105031_20200808T105442_T31TDK_00000000000000000697_0,3753,2241,700,1021,1466,1908,2425,2710,2952,3248,5,2020-08-08,Umbric Leptosols,44.819960149991985,1.9195214712713105,1708,RMQS1,"{""type"":""MultiPoint"",""coordinates"":[]}"
20200808T105031_20200808T105442_T31TDK_0000000000000000070c_0,3074,2466,729,1054,1640,2002,2156,2296,2116,2488,5,2020-08-08,Umbric Leptosols,44.38906236160645,2.324022314234377,1837,RMQS1,"{""type"":""MultiPoint"",""coordinates"":[]}"
20200808T105031_20200808T105442_T31TDK_00000000000000000738_0,4471,2968,1232,1758,2552,3030,3340,3569,3684,4065,5,2020-08-08,Umbric Leptosols,44.244504694751356,2.7243348476022655,1882,RMQS1,"{""type"":""MultiPoint"",""coordinates"":[]}"
20200808T105031_20200808T105442_T31TDL_0000000000000000058d_0,3908,3019,924,1322,1860,2223,2412,2673,2625,2975,5,2020-08-08,Eutric Cambisols,45.82812019547945,2.5295761080382126,1422,RMQS1,"{""type"":""MultiPoint"",""coordinates"":[]}"
20200808T105031_20200808T105442_T31TDL_00000000000000000627_0,3583,2272,625,941,1266,1700,2294,2585,2655,3013,5,2020-08-08,Eutric Cambisols,45.250912370554616,2.9351172726186774,1589,RMQS1,"{""type"":""MultiPoint"",""coordinates"":[]}"
20200808T105031_20200808T105442_T31TDM_000000000000000004af_0,4279,2656,1020,1278,1866,2492,2755,3098,3086,3617,5,2020-08-08,Dolomitic Cambisols,46.69181816208216,2.532648079278483,1174,RMQS1,"{""type"":""MultiPoint"",""coordinates"":[]}"
20200808T105031_20200808T105442_T31TDM_00000000000000000483_0,2880,2164,805,1132,1172,1668,2176,2393,2448,2641,5,2020-08-08,Eutric Cambisols,46.834125907327305,1.6941691786867756,1129,RMQS1,"{""type"":""MultiPoint"",""coordinates"":[]}"
20200808T105031_20200808T105442_T31TDM_000000000000000004d2_0,3048,2036,698,958,1168,1662,2165,2333,2170,2770,5,2020-08-08,Eutric Cambisols,46.54782103342217,2.1148477902316745,1212,RMQS1,"{""type"":""MultiPoint"",""coordinates"":[]}"
20200808T105031_20200808T105442_T31TDM_0000000000000000053f_0,4060,2945,1007,1410,1902,2182,2511,2858,2867,3204,5,2020-08-08,Eutric Cambisols,46.11618441035518,2.3235958429672405,1338,RMQS1,"{""type"":""MultiPoint"",""coordinates"":[]}"
20200808T105031_20200808T105442_T31TDM_00000000000000000489_0,3517,2045,625,946,1270,1721,2264,2623,2712,3091,5,2020-08-08,Eutric Planosols,46.83427557950005,2.952666633533814,1135,RMQS1,"{""type"":""MultiPoint"",""coordinates"":[]}"
20200808T105031_20200808T105442_T31TDM_00000000000000000488_0,3868,2936,1278,1960,2286,2690,3255,3576,3840,3914,5,2020-08-08,Eutric Retisols,46.835211482898934,2.7429212005666344,1134,RMQS1,"{""type"":""MultiPoint"",""coordinates"":[]}"
20200808T105031_20200808T105442_T31TDM_000000000000000004ac_0,3612,2566,1188,1554,2006,2200,2615,2884,2988,3298,5,2020-08-08,Haplic Luvisols,46.69116882903263,1.9050655942545336,1171,RMQS1,"{""type"":""MultiPoint"",""coordinates"":[]}"
20200808T105031_20200808T105442_T31TDM_000000000000000004d6_0,4094,2536,954,1458,2266,2724,3047,3369,3516,3856,5,2020-08-08,Haplic Luvisols,46.546391687559506,2.9493976467387704,1216,RMQS1,"{""type"":""MultiPoint"",""coordinates"":[]}"
20200808T105031_20200808T105442_T31TDM_00000000000000000540_0,3838,2349,1064,1518,1924,2427,3107,3383,3573,3794,5,2020-08-08,Luvic Stagnosols,46.11602001349392,2.5305880344950036,1339,RMQS1,"{""type"":""MultiPoint"",""coordinates"":[]}"
20200808T105031_20200808T105442_T31TDM_000000000000000004f7_0,4055,2901,825,1120,1592,1918,2208,2460,2508,2823,5,2020-08-08,Stagnic Luvisols,46.40392131704465,2.5316118780338015,1256,RMQS1,"{""type"":""MultiPoint"",""coordinates"":[]}"
20200808T105031_20200808T105442_T31TDM_000000000000000004f8_0,4128,2829,760,1070,1318,2065,2542,2863,2902,3287,5,2020-08-08,Umbric Leptosols,46.40337439332457,2.739697268260874,1257,RMQS1,"{""type"":""MultiPoint"",""coordinates"":[]}"
20200808T105031_20200808T105442_T31TDM_0000000000000000051b_0,3786,2424,1174,1690,2366,2503,2811,3009,3472,3404,5,2020-08-08,Umbric Leptosols,46.259324719888895,1.9084859373164629,1295,RMQS1,"{""type"":""MultiPoint"",""coordinates"":[]}"
20200808T105031_20200808T105442_T31TDM_0000000000000000051c_0,4331,2819,1104,1536,2212,2392,2891,3216,3341,3584,5,2020-08-08,Umbric Leptosols,46.25992056175498,2.1160209204130283,1296,RMQS1,"{""type"":""MultiPoint"",""coordinates"":[]}"
20200808T105031_20200808T105442_T31TDM_00000000000000000009_0,4020,2734,755,1088,1548,1875,2166,2423,2634,2871,5,2020-08-08,Chromic Luvisols,46.3675,2.9111111099999993,66249,"{WD-eSOTER,WD-WISE}","{""type"":""MultiPoint"",""coordinates"":[]}"
20200808T105031_20200808T105442_T31TDN_0000000000000000006b_0,3798,3462,1378,1844,2314,2561,2659,2774,2876,2955,5,2020-08-08,Calcaric Fluvisols,47.51712916438218,2.9124227153317253,SIM92611,HWSDv2,"{""type"":""MultiPoint"",""coordinates"":[]}"
20200808T105031_20200808T105442_T31TDN_00000000000000000460_0,3321,2488,785,1416,1606,2390,3174,3448,3274,3645,5,2020-08-08,Calcaric Cambisols,46.97970429233507,2.533695643621074,1089,RMQS1,"{""type"":""MultiPoint"",""coordinates"":[]}"
20200808T105031_20200808T105442_T31TDN_000000000000000008c9_0,3804,2482,1242,1576,1930,2366,2941,3326,3466,3697,5,2020-08-08,Dystric Cambisols,47.84255830040598,1.8956764547247618,10797,RMQS1,"{""type"":""MultiPoint"",""coordinates"":[]}"
20200808T105031_20200808T105442_T31TDN_00000000000000000354_0,3615,2314,844,1246,1656,2070,2725,3039,3123,3419,5,2020-08-08,Eutric Cambisols,47.842655087619384,2.7506597579569654,801,RMQS1,"{""type"":""MultiPoint"",""coordinates"":[]}"
20200808T105031_20200808T105442_T31TDN_00000000000000000386_0,3777,2133,731,1048,1424,2049,2562,2841,3090,3392,5,2020-08-08,Eutric Cambisols,47.69780680148795,2.9626958627837903,854,RMQS1,"{""type"":""MultiPoint"",""coordinates"":[]}"
20200808T105031_20200808T105442_T31TDN_000000000000000003b5_0,4166,3031,1230,1686,2204,2592,2769,2985,3124,3266,5,2020-08-08,Eutric Cambisols,47.55390274742055,2.9610017841947456,906,RMQS1,"{""type"":""MultiPoint"",""coordinates"":[]}"
20200808T105031_20200808T105442_T31TDN_0000000000000000040f_0,2662,2010,874,1252,1466,1730,2286,2505,2674,2707,5,2020-08-08,Eutric Cambisols,47.26607029067076,2.957639518006341,1002,RMQS1,"{""type"":""MultiPoint"",""coordinates"":[]}"
20200808T105031_20200808T105442_T31TDN_0000000000000000045f_0,3252,2103,1354,1790,2268,2626,2805,2937,2984,3208,5,2020-08-08,Eutric Cambisols,46.979872395224476,2.3233806506173393,1088,RMQS1,"{""type"":""MultiPoint"",""coordinates"":[]}"
20200808T105031_20200808T105442_T31TDN_00000000000000000381_0,3333,2456,1576,1802,2276,2186,2460,2620,3112,3050,5,2020-08-08,Eutric Planosols,47.698660425916756,1.8968722804991947,849,RMQS1,"{""type"":""MultiPoint"",""coordinates"":[]}"
20200808T105031_20200808T105442_T31TDN_00000000000000000384_0,2953,1837,1648,1178,1598,1950,2657,3105,3046,3464,5,2020-08-08,Eutric Planosols,47.69931950140868,2.536370775781721,852,RMQS1,"{""type"":""MultiPoint"",""coordinates"":[]}"
20200808T105031_20200808T105442_T31TDN_00000000000000000350_0,3804,2482,1242,1576,1930,2366,2941,3326,3466,3697,5,2020-08-08,Haplic Luvisols,47.84255830040598,1.8956764547247618,797,RMQS1,"{""type"":""MultiPoint"",""coordinates"":[]}"
20200808T105031_20200808T105442_T31TDN_000000000000000003e1_0,3707,2460,1310,1742,2094,2571,2876,3131,3112,3366,5,2020-08-08,Luvic Cambisols,47.4114954439109,2.535292013761814,955,RMQS1,"{""type"":""MultiPoint"",""coordinates"":[]}"
20200808T105031_20200808T105442_T31TDN_00000000000000000382_0,2792,1635,1220,1454,1288,1768,3284,3956,4100,4298,5,2020-08-08,Luvic Stagnosols,47.69927055188357,2.110036582535589,850,RMQS1,"{""type"":""MultiPoint"",""coordinates"":[]}"
20200808T105031_20200808T105442_T31TDN_0000000000000000034f_0,4189,3383,1512,2086,2728,3113,3171,3375,3404,3592,5,2020-08-08,Mollic Umbrisols,47.84155543400575,1.681939134662969,796,RMQS1,"{""type"":""MultiPoint"",""coordinates"":[]}"
20200808T105031_20200808T105442_T31TDN_00000000000000000461_0,3563,2284,733,1074,1384,1841,2273,2521,2674,2925,5,2020-08-08,Rendzic Leptosols,46.97915101430345,2.744008107875012,1090,RMQS1,"{""type"":""MultiPoint"",""coordinates"":[]}"
20200808T105031_20200808T105442_T31TEK_00000000000000000650_0,3192,1888,715,1042,1462,1621,2321,2633,2756,3113,5,2020-08-08,Luvic Stagnosols,45.10405859653317,3.340020701793376,1632,RMQS1,"{""type"":""MultiPoint"",""coordinates"":[]}"
20200808T105031_20200808T105442_T31TEK_0000000000000000069d_0,3855,2342,683,1010,1458,1792,2271,2637,2822,3087,5,2020-08-08,Regosols (Colluvic),44.81788841447892,3.1326926119766956,1714,RMQS1,"{""type"":""MultiPoint"",""coordinates"":[]}"
20200808T105031_20200808T105442_T31TEK_0000000000000000069e_0,4089,2741,1138,1546,2032,2514,2887,3118,3282,3504,5,2020-08-08,Umbric Leptosols,44.81624720276049,3.334865958884358,1715,RMQS1,"{""type"":""MultiPoint"",""coordinates"":[]}"
20200808T105031_20200808T105442_T31TEL_00000000000000000590_0,2450,2166,996,1208,1368,1954,2119,2136,1936,2259,5,2020-08-08,Eutric Cambisols,45.82536654174085,3.14727434954861,1425,RMQS1,"{""type"":""MultiPoint"",""coordinates"":[]}"
20200808T105031_20200808T105442_T31TEL_00000000000000000600_0,4091,2824,816,1180,1504,2054,2434,2709,2878,3163,5,2020-08-08,Eutric Cambisols,45.39355813204673,3.1409573437407907,1548,RMQS1,"{""type"":""MultiPoint"",""coordinates"":[]}"
20200808T105031_20200808T105442_T31TEL_00000000000000000628_0,3740,2289,728,1038,1418,1757,2134,2415,2600,2823,5,2020-08-08,Eutric Cambisols,45.24963070756122,3.1388743946959705,1590,RMQS1,"{""type"":""MultiPoint"",""coordinates"":[]}"
20200808T105031_20200808T105442_T31TEL_00000000000000000650_0,3167,1881,722,1038,1434,1607,2308,2621,2746,3096,5,2020-08-08,Luvic Stagnosols,45.10405859653317,3.340020701793376,1632,RMQS1,"{""type"":""MultiPoint"",""coordinates"":[]}"
20200808T105031_20200808T105442_T31TEL_000000000000000005d9_0,3110,1916,509,735,961,1342,1801,2011,2178,2386,5,2020-08-08,Mollic Umbrisols,45.53582735378092,3.3478597805752126,1507,RMQS1,"{""type"":""MultiPoint"",""coordinates"":[]}"
20200808T105031_20200808T105442_T31TEL_000000000000000005b2_0,2737,2309,960,1252,1614,1806,1954,2085,2172,2240,5,2020-08-08,Regosols (Colluvic),45.681427208986456,3.1451570403686984,1465,RMQS1,"{""type"":""MultiPoint"",""coordinates"":[]}"
20200808T105031_20200808T105442_T31TEM_0000000000000000005d_0,3789,2383,648,940,1314,1711,2141,2415,2570,2830,5,2020-08-08,Dystric Cambisols,46.72236823472247,4.04957637442354,SIM25904,HWSDv2,"{""type"":""MultiPoint"",""coordinates"":[]}"
20200808T105031_20200808T105442_T31TEM_000000000000000004b6_0,4079,2597,927,1298,1914,2203,2473,2674,2900,3054,5,2020-08-08,Eutric Cambisols,46.67992314864527,3.9967805513984263,1181,RMQS1,"{""type"":""MultiPoint"",""coordinates"":[]}"
20200808T105031_20200808T105442_T31TEM_000000000000000004b5_0,3760,2592,692,969,1332,1661,2118,2488,2662,2894,5,2020-08-08,Eutric Planosols,46.68277144268723,3.787666472046673,1180,RMQS1,"{""type"":""MultiPoint"",""coordinates"":[]}"
20200808T105031_20200808T105442_T31TEM_00000000000000000523_0,3921,2415,714,1034,1396,1706,2178,2444,2850,3031,5,2020-08-08,Eutric Planosols,46.253442299898516,3.5686996575366936,1303,RMQS1,"{""type"":""MultiPoint"",""coordinates"":[]}"
20200808T105031_20200808T105442_T31TEM_000000000000000008d5_0,4281,2831,889,1220,1698,2171,2551,2879,3146,3363,5,2020-08-08,Eutric Planosols,46.832955360495376,3.162404385466637,11136,RMQS1,"{""type"":""MultiPoint"",""coordinates"":[]}"
20200808T105031_20200808T105442_T31TEM_000000000000000004b3_0,3278,2130,522,775,877,1565,2323,2664,2958,3023,5,2020-08-08,Eutric Retisols,46.68731917934669,3.3693764419326433,1178,RMQS1,"{""type"":""MultiPoint"",""coordinates"":[]}"
20200808T105031_20200808T105442_T31TEM_000000000000000004da_0,4363,3042,1094,1438,2126,2439,2615,2880,3152,3309,5,2020-08-08,Eutric Stagnosols,46.53884808772313,3.7838164892692934,1220,RMQS1,"{""type"":""MultiPoint"",""coordinates"":[]}"
20200808T105031_20200808T105442_T31TEM_00000000000000000545_0,3499,2242,523,840,1094,1681,2101,2362,2576,2838,5,2020-08-08,Eutric Stagnosols,46.109508719803586,3.565456671920217,1344,RMQS1,"{""type"":""MultiPoint"",""coordinates"":[]}"
20200808T105031_20200808T105442_T31TEM_000000000000000004fe_0,4125,2647,893,1262,1758,2157,2578,2868,3132,3284,5,2020-08-08,Fluvic Cambisols,46.39208995758754,3.987995703885363,1263,RMQS1,"{""type"":""MultiPoint"",""coordinates"":[]}"
20200808T105031_20200808T105442_T31TEM_000000000000000004b4_0,3550,2857,995,1460,1770,2271,2817,3149,3168,3411,5,2020-08-08,Haplic Luvisols,46.6852369563891,3.578530612144559,1179,RMQS1,"{""type"":""MultiPoint"",""coordinates"":[]}"
20200808T105031_20200808T105442_T31TEM_000000000000000004fc_0,3696,2194,644,952,1252,1743,2322,2677,2828,3056,5,2020-08-08,Haplic Luvisols,46.39737543877537,3.571959357479718,1261,RMQS1,"{""type"":""MultiPoint"",""coordinates"":[]}"
20200808T105031_20200808T105442_T31TEM_000000000000000004fd_0,4043,2779,801,1062,1480,1848,2212,2503,2670,3002,5,2020-08-08,Luvic Stagnosols (Ruptic),46.39492308751163,3.7799878647677483,1262,RMQS1,"{""type"":""MultiPoint"",""coordinates"":[]}"
20200808T105031_20200808T105442_T31TEM_000000000000000004d9_0,3910,2417,728,1078,1638,1955,2273,2534,2832,3017,5,2020-08-08,Mollic Umbrisols,46.541307234339925,3.575235904485403,1219,RMQS1,"{""type"":""MultiPoint"",""coordinates"":[]}"
20200808T105031_20200808T105442_T31TEM_00000000000000000521_0,2983,2002,672,950,1350,1527,1905,2255,2402,2539,5,2020-08-08,Mollic Umbrisols,46.25719372691628,3.15368891738102,1301,RMQS1,"{""type"":""MultiPoint"",""coordinates"":[]}"
20200808T105031_20200808T105442_T31TEM_00000000000000000524_0,3986,2550,768,1104,1660,1956,2409,2793,2942,3303,5,2020-08-08,Regosols (Colluvic),46.25099663252978,3.7761795109519727,1304,RMQS1,"{""type"":""MultiPoint"",""coordinates"":[]}"
20200808T105031_20200808T105442_T31TEM_0000000000000000048a_0,4281,2831,889,1220,1698,2171,2551,2879,3146,3363,5,2020-08-08,Stagnic Gleysols,46.832955360495376,3.162404385466637,1136,RMQS1,"{""type"":""MultiPoint"",""coordinates"":[]}"
20200808T105031_20200808T105442_T31TEM_0000000000000000048d_0,4097,2850,758,1052,1516,1921,2254,2463,2700,2890,5,2020-08-08,Stagnic Gleysols,46.82669251741433,3.7915377253001425,1139,RMQS1,"{""type"":""MultiPoint"",""coordinates"":[]}"
20200808T105031_20200808T105442_T31TEM_00000000000000000543_0,3486,2151,653,912,1302,1741,2176,2458,2646,2892,5,2020-08-08,Umbric Leptosols,46.11325015735942,3.151539686394987,1342,RMQS1,"{""type"":""MultiPoint"",""coordinates"":[]}"
20200808T105031_20200808T105442_T31TEM_00000000000000000023_0,3816,2349,562,857,1100,1934,2482,2844,3172,3335,5,2020-08-08,Chromic Luvisols,46.3875,3.22916667,66246,"{WD-eSOTER,WD-WISE}","{""type"":""MultiPoint"",""coordinates"":[]}"
20200808T105031_20200808T105442_T31TEM_0000000000000000000c_0,3869,2518,955,1382,2024,2337,2515,2760,2934,3136,5,2020-08-08,Haplic Vertisols,46.32222222,3.46388889,68777,"{WD-eSOTER,WD-WISE}","{""type"":""MultiPoint"",""coordinates"":[]}"
20200808T105031_20200808T105442_T31TEN_0000000000000000007c_0,3984,3091,1082,1568,2178,2475,2586,2737,2814,2984,5,2020-08-08,Calcaric Cambisols,47.676614112368384,4.047817177848944,SIM59109,HWSDv2,"{""type"":""MultiPoint"",""coordinates"":[]}"
20200808T105031_20200808T105442_T31TEN_00000000000000000084_0,3329,2436,692,1110,1590,1830,2246,2500,2548,2721,5,2020-08-08,Eutric Cambisols,47.11452367322506,3.6127323073983724,SIM87770,HWSDv2,"{""type"":""MultiPoint"",""coordinates"":[]}"
20200808T105031_20200808T105442_T31TEN_0000000000000000038c_0,4100,3359,1014,1544,2236,2539,2663,2789,2836,3006,5,2020-08-08,Calcaric Cambisols,47.683907057906545,4.241339670233422,860,RMQS1,"{""type"":""MultiPoint"",""coordinates"":[]}"
20200808T105031_20200808T105442_T31TEN_00000000000000000464_0,3693,2628,1028,1564,2020,2141,2480,2815,2906,3089,5,2020-08-08,Calcaric Cambisols,46.97517963642519,3.3749014626727494,1093,RMQS1,"{""type"":""MultiPoint"",""coordinates"":[]}"
20200808T105031_20200808T105442_T31TEN_00000000000000000413_0,3927,2643,694,955,1322,1692,2080,2306,2442,2685,5,2020-08-08,Dystric Cambisols,47.25842706076886,3.8032742533259207,1006,RMQS1,"{""type"":""MultiPoint"",""coordinates"":[]}"
20200808T105031_20200808T105442_T31TEN_0000000000000000035c_0,2809,1878,447,700,929,1390,1856,2122,2250,2400,5,2020-08-08,Eutric Cambisols,47.82407340617893,4.4601231189041926,809,RMQS1,"{""type"":""MultiPoint"",""coordinates"":[]}"
20200808T105031_20200808T105442_T31TEN_0000000000000000038a_0,4328,2824,1180,1744,2580,3026,3222,3459,3594,3893,5,2020-08-08,Eutric Cambisols,47.69010033133988,3.81520383273741,858,RMQS1,"{""type"":""MultiPoint"",""coordinates"":[]}"
20200808T105031_20200808T105442_T31TEN_000000000000000003e4_0,2771,2085,695,1192,1368,1893,2601,2815,2864,2973,5,2020-08-08,Eutric Cambisols,47.40865578006737,3.171315212024671,958,RMQS1,"{""type"":""MultiPoint"",""coordinates"":[]}"
20200808T105031_20200808T105442_T31TEN_000000000000000003e5_0,2529,1718,607,1094,1260,1801,2451,2655,2604,2730,5,2020-08-08,Eutric Cambisols,47.40693357261238,3.3833017951649333,959,RMQS1,"{""type"":""MultiPoint"",""coordinates"":[]}"
20200808T105031_20200808T105442_T31TEN_000000000000000003e6_0,3311,2759,824,1350,1876,2138,2328,2446,2612,2577,5,2020-08-08,Eutric Cambisols,47.404823861309914,3.5952738799570167,960,RMQS1,"{""type"":""MultiPoint"",""coordinates"":[]}"
20200808T105031_20200808T105442_T31TEN_00000000000000000466_0,4154,2967,770,1096,1566,1849,2089,2344,2552,2731,5,2020-08-08,Eutric Cambisols,46.970609509695926,3.795429354009069,1095,RMQS1,"{""type"":""MultiPoint"",""coordinates"":[]}"
20200808T105031_20200808T105442_T31TEN_000000000000000008ce_0,3927,2643,694,955,1322,1692,2080,2306,2442,2685,5,2020-08-08,Eutric Cambisols,47.25842706076886,3.8032742533259207,11006,RMQS1,"{""type"":""MultiPoint"",""coordinates"":[]}"
20200808T105031_20200808T105442_T31TEN_000000000000000003e9_0,3716,2311,592,900,1222,1600,2100,2406,2540,2798,5,2020-08-08,Eutric Planosols,47.396165510804614,4.231068927241189,963,RMQS1,"{""type"":""MultiPoint"",""coordinates"":[]}"
20200808T105031_20200808T105442_T31TEN_000000000000000003bc_0,3505,2171,603,882,1180,1614,2072,2356,2564,2752,5,2020-08-08,Fluvic Cambisols,47.53636883635267,4.448643441343787,913,RMQS1,"{""type"":""MultiPoint"",""coordinates"":[]}"
20200808T105031_20200808T105442_T31TEN_00000000000000000463_0,3076,2484,822,1072,1432,1872,2203,2477,2488,2700,5,2020-08-08,Fluvic Cambisols,46.976888260905774,3.1646134293807,1092,RMQS1,"{""type"":""MultiPoint"",""coordinates"":[]}"
20200808T105031_20200808T105442_T31TEN_000000000000000003bb_0,3698,2725,597,846,1212,1627,1757,1892,1844,2215,5,2020-08-08,Luvic Stagnosols,47.54004028028161,4.236190387376669,912,RMQS1,"{""type"":""MultiPoint"",""coordinates"":[]}"
20200808T105031_20200808T105442_T31TEN_00000000000000000357_0,3687,2877,1164,1688,2198,2450,2641,2809,2859,2987,5,2020-08-08,Regosols (Colluvic),47.83862082138957,3.39184320342842,804,RMQS1,"{""type"":""MultiPoint"",""coordinates"":[]}"
20200808T105031_20200808T105442_T31TEN_0000000000000000043b_0,3712,2357,715,1058,1552,2059,2577,2832,3066,3327,5,2020-08-08,Regosols (Colluvic),47.11700533080649,3.5885237139543453,1050,RMQS1,"{""type"":""MultiPoint"",""coordinates"":[]}"
20200808T105031_20200808T105442_T31TEN_00000000000000000359_0,3540,2373,735,1034,1478,2019,2475,2737,2774,3037,5,2020-08-08,Rendzic Leptosols,47.83397449347843,3.819224578897194,806,RMQS1,"{""type"":""MultiPoint"",""coordinates"":[]}"
20200808T105031_20200808T105442_T31TEN_000000000000000003b8_0,3999,3349,922,1418,2048,2510,2608,2723,2622,2931,5,2020-08-08,Rendzic Leptosols,47.54872203789853,3.598677838598693,909,RMQS1,"{""type"":""MultiPoint"",""coordinates"":[]}"
20200808T105031_20200808T105442_T31TEN_00000000000000000465_0,4545,4055,1572,2298,2950,3197,3445,3665,3688,3878,5,2020-08-08,Stagnic Gleysols,46.97308682231077,3.585174830835298,1094,RMQS1,"{""type"":""MultiPoint"",""coordinates"":[]}"
20200808T105031_20200808T105442_T31TEN_0000000000000000043c_0,4302,2976,943,1268,1810,2105,2261,2434,2596,2844,5,2020-08-08,Umbric Leptosols,47.114521329209076,3.79934138714766,1051,RMQS1,"{""type"":""MultiPoint"",""coordinates"":[]}"
20200808T105031_20200808T105442_T31TFN_0000000000000000035c_0,2803,1874,479,720,941,1395,1865,2131,2252,2405,5,2020-08-08,Eutric Cambisols,47.82407340617893,4.4601231189041926,809,RMQS1,"{""type"":""MultiPoint"",""coordinates"":[]}"
20200808T105031_20200808T105442_T31TFN_000000000000000003bc_0,3510,2177,626,894,1184,1621,2080,2365,2554,2757,5,2020-08-08,Fluvic Cambisols,47.53636883635267,4.448643441343787,913,RMQS1,"{""type"":""MultiPoint"",""coordinates"":[]}"
20200808T105031_20200808T105442_T31UCP_0000000000000000031b_0,4131,3120,1290,1840,2482,2800,2981,3148,3208,3542,5,2020-08-08,Calcaric Cambisols,47.98404183296344,1.4658440887727766,740,RMQS1,"{""type"":""MultiPoint"",""coordinates"":[]}"
20200808T105031_20200808T105442_T31UCP_0000000000000000023e_0,3856,2668,1610,1992,2512,2912,3133,3361,3574,3600,5,2020-08-08,Eutric Cambisols,48.56085542396343,1.6729155469005188,509,RMQS1,"{""type"":""MultiPoint"",""coordinates"":[]}"
20200808T105031_20200808T105442_T31UCP_00000000000000000274_0,5303,3202,1716,2392,3604,4043,4386,4885,5204,5424,5,2020-08-08,Eutric Cambisols,48.41561194192563,1.458662749206642,566,RMQS1,"{""type"":""MultiPoint"",""coordinates"":[]}"
20200808T105031_20200808T105442_T31UCP_00000000000000000317_0,4493,3288,1512,1976,2708,3039,3293,3527,3670,3981,5,2020-08-08,Eutric Cambisols,47.97452533653467,0.608767793538443,736,RMQS1,"{""type"":""MultiPoint"",""coordinates"":[]}"
20200808T105031_20200808T105442_T31UCP_00000000000000000272_0,5550,3840,1662,2194,2956,3440,3797,4143,4264,4615,5,2020-08-08,Eutric Retisols,48.411606154539754,1.0265529667530489,564,RMQS1,"{""type"":""MultiPoint"",""coordinates"":[]}"
20200808T105031_20200808T105442_T31UCP_000000000000000002aa_0,5123,3594,1206,1598,2266,3054,3878,4139,4372,4559,5,2020-08-08,Eutric Retisols,48.267773070968104,1.0301448294912523,623,RMQS1,"{""type"":""MultiPoint"",""coordinates"":[]}"
20200808T105031_20200808T105442_T31UCP_000000000000000002e2_0,3606,2230,781,1034,1356,1610,1990,2243,2490,2692,5,2020-08-08,Eutric Retisols,48.123926965867774,1.0337162685273735,681,RMQS1,"{""type"":""MultiPoint"",""coordinates"":[]}"
20200808T105031_20200808T105442_T31UCP_00000000000000000275_0,4056,3318,1650,2056,2644,2951,3041,3248,3450,3573,5,2020-08-08,Haplic Luvisols,48.41702172942115,1.6747395099090712,567,RMQS1,"{""type"":""MultiPoint"",""coordinates"":[]}"
20200808T105031_20200808T105442_T31UCP_00000000000000000319_0,3833,2624,943,1306,1722,2517,3042,3439,2590,3799,5,2020-08-08,Haplic Luvisols,47.98006859464599,1.0372677251420688,738,RMQS1,"{""type"":""MultiPoint"",""coordinates"":[]}"
20200808T105031_20200808T105442_T31UCP_000000000000000002ac_0,2772,2072,938,1332,1748,2008,2119,2256,2246,2395,5,2020-08-08,Luvic Cambisols,48.271768171952196,1.4610694163442626,625,RMQS1,"{""type"":""MultiPoint"",""coordinates"":[]}"
20200808T105031_20200808T105442_T31UCP_000000000000000002ad_0,5321,3695,1406,2096,3120,3612,3887,4110,4352,4823,5,2020-08-08,Luvic Cambisols,48.273173775874774,1.6765533442912048,626,RMQS1,"{""type"":""MultiPoint"",""coordinates"":[]}"
20200808T105031_20200808T105442_T31UCP_0000000000000000034d_0,3443,2598,758,1028,1290,1937,2385,2551,2238,2447,5,2020-08-08,Luvic Cambisols,47.83837519938972,1.254497652282048,794,RMQS1,"{""type"":""MultiPoint"",""coordinates"":[]}"
20200808T105031_20200808T105442_T31UCP_0000000000000000034a_0,5716,3967,1626,2316,3366,3917,4173,4540,4620,5105,5,2020-08-08,Luvic Stagnosols,47.83066980746326,0.6134648025979296,791,RMQS1,"{""type"":""MultiPoint"",""coordinates"":[]}"
20200808T105031_20200808T105442_T31UCP_0000000000000000031c_0,3569,2381,1146,1698,2502,2771,3150,3475,3292,3919,5,2020-08-08,Mollic Umbrisols,47.98543984274541,1.6801538816928248,741,RMQS1,"{""type"":""MultiPoint"",""coordinates"":[]}"
20200808T105031_20200808T105442_T31UCP_0000000000000000034f_0,4214,3399,1500,2114,2776,3158,3193,3390,3428,3618,5,2020-08-08,Mollic Umbrisols,47.84155543400575,1.681939134662969,796,RMQS1,"{""type"":""MultiPoint"",""coordinates"":[]}"
20200808T105031_20200808T105442_T31UDP_00000000000000000071_0,4600,3007,1478,2094,2946,3375,3768,4075,4312,4535,5,2020-08-08,Eutric Cambisols,48.5995654995664,2.512561932350915,SIM42232,HWSDv2,"{""type"":""MultiPoint"",""coordinates"":[]}"
20200808T105031_20200808T105442_T31UDP_0000000000000000020b_0,4818,3081,1240,1868,2862,3497,3806,4105,4252,4736,5,2020-08-08,Calcaric Cambisols,48.704826134191606,2.974812554703716,455,RMQS1,"{""type"":""MultiPoint"",""coordinates"":[]}"
20200808T105031_20200808T105442_T31UDP_00000000000000000242_0,3494,2121,550,881,1044,1582,2057,2312,2492,2669,5,2020-08-08,Calcaric Cambisols,48.56197268484537,2.756366804047027,514,RMQS1,"{""type"":""MultiPoint"",""coordinates"":[]}"
20200808T105031_20200808T105442_T31UDP_00000000000000000276_0,4316,3248,1286,1894,2676,3082,3218,3424,3482,3638,5,2020-08-08,Calcaric Cambisols,48.418035746824685,1.8908275052152994,568,RMQS1,"{""type"":""MultiPoint"",""coordinates"":[]}"
20200808T105031_20200808T105442_T31UDP_0000000000000000027b_0,4320,2766,1244,1894,2858,3631,3975,4187,4344,4536,5,2020-08-08,Calcaric Cambisols,48.41717099961288,2.9713017936535744,573,RMQS1,"{""type"":""MultiPoint"",""coordinates"":[]}"
20200808T105031_20200808T105442_T31UDP_000000000000000002ae_0,4141,3305,1644,1966,2570,2958,3108,3391,3564,3717,5,2020-08-08,Calcaric Cambisols,48.27418519339707,1.8920484065068364,627,RMQS1,"{""type"":""MultiPoint"",""coordinates"":[]}"
20200808T105031_20200808T105442_T31UDP_000000000000000002b1_0,4990,3332,1584,2418,3640,4247,4423,4784,4932,5231,5,2020-08-08,Calcaric Cambisols,48.27485100267507,2.5385623357130096,630,RMQS1,"{""type"":""MultiPoint"",""coordinates"":[]}"
20200808T105031_20200808T105442_T31UDP_000000000000000002e9_0,5556,3808,1532,2070,2872,3387,3917,4302,4464,4828,5,2020-08-08,Calcaric Cambisols,48.13098489367784,2.5380099326487655,688,RMQS1,"{""type"":""MultiPoint"",""coordinates"":[]}"
20200808T105031_20200808T105442_T31UDP_00000000000000000321_0,2942,2287,937,1298,1660,1842,2139,2332,2666,2623,5,2020-08-08,Calcaric Cambisols,47.9865426602432,2.7517886582102737,746,RMQS1,"{""type"":""MultiPoint"",""coordinates"":[]}"
20200808T105031_20200808T105442_T31UDP_000000000000000008c9_0,3803,2483,1240,1572,1928,2367,2941,3331,3474,3699,5,2020-08-08,Dystric Cambisols,47.84255830040598,1.8956764547247618,10797,RMQS1,"{""type"":""MultiPoint"",""coordinates"":[]}"
20200808T105031_20200808T105442_T31UDP_0000000000000000023e_0,3848,2665,1652,2014,2522,2923,3140,3373,3572,3600,5,2020-08-08,Eutric Cambisols,48.56085542396343,1.6729155469005188,509,RMQS1,"{""type"":""MultiPoint"",""coordinates"":[]}"
20200808T105031_20200808T105442_T31UDP_000000000000000002b3_0,3980,2851,1150,1616,2142,2510,2787,3026,3156,3420,5,2020-08-08,Eutric Cambisols,48.273322210503906,2.969561794251821,632,RMQS1,"{""type"":""MultiPoint"",""coordinates"":[]}"
20200808T105031_20200808T105442_T31UDP_000000000000000002eb_0,4145,3558,1426,2072,2592,3004,3297,3482,3464,3598,5,2020-08-08,Eutric Cambisols,48.12946045767385,2.967831265015268,690,RMQS1,"{""type"":""MultiPoint"",""coordinates"":[]}"
20200808T105031_20200808T105442_T31UDP_00000000000000000320_0,2832,1811,1072,1634,1896,2137,2265,2402,2584,2428,5,2020-08-08,Eutric Cambisols,47.98710685394267,2.5374606452271022,745,RMQS1,"{""type"":""MultiPoint"",""coordinates"":[]}"
20200808T105031_20200808T105442_T31UDP_00000000000000000354_0,3618,2315,839,1244,1656,2066,2727,3040,3120,3413,5,2020-08-08,Eutric Cambisols,47.842655087619384,2.7506597579569654,801,RMQS1,"{""type"":""MultiPoint"",""coordinates"":[]}"
20200808T105031_20200808T105442_T31UDP_0000000000000000020a_0,4855,3142,1288,1888,2708,3164,3325,3619,3816,4054,5,2020-08-08,Haplic Luvisols,48.70579528894485,2.7575282555298437,454,RMQS1,"{""type"":""MultiPoint"",""coordinates"":[]}"
20200808T105031_20200808T105442_T31UDP_0000000000000000023f_0,6082,3946,1952,2548,3620,4365,4655,5054,5244,5723,5,2020-08-08,Haplic Luvisols,48.56187240436339,1.8895991857404957,510,RMQS1,"{""type"":""MultiPoint"",""coordinates"":[]}"
20200808T105031_20200808T105442_T31UDP_00000000000000000275_0,4039,3307,1672,2062,2624,2945,3045,3249,3428,3560,5,2020-08-08,Haplic Luvisols,48.41702172942115,1.6747395099090712,567,RMQS1,"{""type"":""MultiPoint"",""coordinates"":[]}"
20200808T105031_20200808T105442_T31UDP_00000000000000000350_0,3803,2483,1240,1572,1928,2367,2941,3331,3474,3699,5,2020-08-08,Haplic Luvisols,47.84255830040598,1.8956764547247618,797,RMQS1,"{""type"":""MultiPoint"",""coordinates"":[]}"
20200808T105031_20200808T105442_T31UDP_00000000000000000277_0,2676,1743,1100,1542,2178,2510,2653,2937,2834,3173,5,2020-08-08,Luvic Cambisols,48.41865449696645,2.1069223823788863,569,RMQS1,"{""type"":""MultiPoint"",""coordinates"":[]}"
20200808T105031_20200808T105442_T31UDP_000000000000000002ad_0,5287,3683,1442,2090,3076,3578,3858,4084,4300,4770,5,2020-08-08,Luvic Cambisols,48.273173775874774,1.6765533442912048,626,RMQS1,"{""type"":""MultiPoint"",""coordinates"":[]}"
20200808T105031_20200808T105442_T31UDP_000000000000000002e6_0,3734,2291,1778,2288,3060,3177,3576,3846,4452,4430,5,2020-08-08,Luvic Cambisols,48.13032151946579,1.893264373324863,685,RMQS1,"{""type"":""MultiPoint"",""coordinates"":[]}"
20200808T105031_20200808T105442_T31UDP_0000000000000000031c_0,3561,2380,1224,1732,2500,2777,3159,3485,3294,3910,5,2020-08-08,Mollic Umbrisols,47.98543984274541,1.6801538816928248,741,RMQS1,"{""type"":""MultiPoint"",""coordinates"":[]}"
20200808T105031_20200808T105442_T31UDP_0000000000000000034f_0,4193,3387,1514,2092,2734,3119,3172,3376,3400,3590,5,2020-08-08,Mollic Umbrisols,47.84155543400575,1.681939134662969,796,RMQS1,"{""type"":""MultiPoint"",""coordinates"":[]}"
20200808T105031_20200808T105442_T31UDP_00000000000000000243_0,4613,2848,1492,2072,2986,3407,3651,3973,4252,4484,5,2020-08-08,Stagnic Gleysols,48.56100580256318,2.9730521545318473,515,RMQS1,"{""type"":""MultiPoint"",""coordinates"":[]}"
20200808T105031_20200808T105442_T31UDQ_0000000000000000020b_0,4793,3074,1238,1860,2830,3463,3782,4078,4232,4711,5,2020-08-08,Calcaric Cambisols,48.704826134191606,2.974812554703716,455,RMQS1,"{""type"":""MultiPoint"",""coordinates"":[]}"
20200808T105031_20200808T105442_T31UDQ_0000000000000000012d_0,5106,3462,1498,2154,3082,3610,3814,4058,4244,4526,5,2020-08-08,Eutric Cambisols,49.425230407063104,2.5430874224563476,200,RMQS1,"{""type"":""MultiPoint"",""coordinates"":[]}"
20200808T105031_20200808T105442_T31UDQ_000000000000000001a2_0,3697,2319,912,1238,1670,2162,2499,2778,2944,3215,5,2020-08-08,Eutric Cambisols,48.993966246076276,2.541368882765616,334,RMQS1,"{""type"":""MultiPoint"",""coordinates"":[]}"
20200808T105031_20200808T105442_T31UDQ_000000000000000001d5_0,3770,2921,1078,1546,2144,2537,2677,2880,3072,3207,5,2020-08-08,Eutric Cambisols,48.849602131036924,2.7586952903870707,393,RMQS1,"{""type"":""MultiPoint"",""coordinates"":[]}"
20200808T105031_20200808T105442_T31UDQ_000000000000000001d4_0,1538,1099,566,727,756,1098,1586,1757,1898,1886,5,2020-08-08,Fluvic Cambisols,48.85017478576778,2.5408021462983257,392,RMQS1,"{""type"":""MultiPoint"",""coordinates"":[]}"
20200808T105031_20200808T105442_T31UDQ_0000000000000000010f_0,4849,4047,1244,1780,2398,2896,3161,3411,3460,3813,5,2020-08-08,Haplic Luvisols,49.56912246415945,2.322706117305429,160,RMQS1,"{""type"":""MultiPoint"",""coordinates"":[]}"
20200808T105031_20200808T105442_T31UDQ_0000000000000000012e_0,4523,3296,1546,2182,3122,3416,3653,3899,4228,4297,5,2020-08-08,Haplic Luvisols,49.424651548880426,2.763424203799449,201,RMQS1,"{""type"":""MultiPoint"",""coordinates"":[]}"
20200808T105031_20200808T105442_T31UDQ_00000000000000000153_0,3545,2920,991,1488,2130,2462,2581,2808,2730,2953,5,2020-08-08,Haplic Luvisols,49.28091769976065,2.7622320159826583,240,RMQS1,"{""type"":""MultiPoint"",""coordinates"":[]}"
20200808T105031_20200808T105442_T31UDQ_00000000000000000177_0,4353,2883,1094,1480,1906,2359,2672,3020,3254,3510,5,2020-08-08,Haplic Luvisols,49.13791455267598,2.3228273594300304,281,RMQS1,"{""type"":""MultiPoint"",""coordinates"":[]}"
20200808T105031_20200808T105442_T31UDQ_0000000000000000020a_0,4828,3135,1278,1870,2674,3129,3296,3592,3786,4031,5,2020-08-08,Haplic Luvisols,48.70579528894485,2.7575282555298437,454,RMQS1,"{""type"":""MultiPoint"",""coordinates"":[]}"
20200808T105031_20200808T105442_T31UDQ_00000000000000000110_0,4634,3427,1468,2056,2778,3251,3576,3874,3860,4228,5,2020-08-08,Luvic Cambisols,49.56894583689343,2.5436666897699416,161,RMQS1,"{""type"":""MultiPoint"",""coordinates"":[]}"
20200808T105031_20200808T105442_T31UDQ_000000000000000001d1_0,911,565,442,510,488,696,1133,1361,1304,1482,5,2020-08-08,Luvic Cambisols,48.84950017407993,1.8871171866162197,389,RMQS1,"{""type"":""MultiPoint"",""coordinates"":[]}"
20200808T105031_20200808T105442_T31UDQ_00000000000000000154_0,3483,3106,980,1482,2044,2453,2542,2715,2548,2816,5,2020-08-08,Luvic Stagnosols,49.27993803977774,2.9819456507417623,241,RMQS1,"{""type"":""MultiPoint"",""coordinates"":[]}"
20200808T105031_20200808T105442_T31UDQ_0000000000000000017a_0,4358,3925,1306,1866,2474,3009,3303,3460,3298,3668,5,2020-08-08,Luvic Stagnosols,49.13618741224519,2.9801472939415725,284,RMQS1,"{""type"":""MultiPoint"",""coordinates"":[]}"
20200808T105031_20200808T105442_T31UDQ_000000000000000001d6_0,4231,2923,1834,2142,2364,2833,3512,3810,4052,4178,5,2020-08-08,Stagnic Gleysols,48.84863060747811,2.976581578756068,394,RMQS1,"{""type"":""MultiPoint"",""coordinates"":[]}"
20200808T105031_20200808T105442_T31UDR_0000000000000000005b_0,4085,3162,900,1152,1042,2198,4111,4811,5792,5134,5,2020-08-08,Calcaric Cambisols,49.938576824963256,1.6964966163882775,SIM382,HWSDv2,"{""type"":""MultiPoint"",""coordinates"":[]}"
20200808T105031_20200808T105442_T31UDR_00000000000000000056_0,5159,3246,1204,1778,2742,3234,3476,3797,4004,4426,5,2020-08-08,Eutric Cambisols,50.15828941114408,2.86617988322367,SIM63940,HWSDv2,"{""type"":""MultiPoint"",""coordinates"":[]}"
20200808T105031_20200808T105442_T31UDR_000000000000000000e1_0,2496,2194,1170,1680,1564,1785,2792,3527,3440,3890,5,2020-08-08,Calcaric Cambisols,49.85473911481898,2.9892386080064637,106,RMQS1,"{""type"":""MultiPoint"",""coordinates"":[]}"
20200808T105031_20200808T105442_T31UDR_000000000000000000f6_0,3502,2636,1514,1734,1940,2291,3071,3473,3376,3812,5,2020-08-08,Calcaric Cambisols,49.71264020753129,2.5442497423135224,132,RMQS1,"{""type"":""MultiPoint"",""coordinates"":[]}"
20200808T105031_20200808T105442_T31UDR_000000000000000000aa_0,2792,2166,1316,1378,1476,1473,2253,2479,2160,2768,5,2020-08-08,Eutric Cambisols,50.43093213840921,2.3224594361607416,37,RMQS1,"{""type"":""MultiPoint"",""coordinates"":[]}"
20200808T105031_20200808T105442_T31UDR_000000000000000000b3_0,4396,3435,1628,2070,2612,3042,3572,3748,3752,4065,5,2020-08-08,Eutric Cambisols,50.28736043598306,2.3225017207889516,50,RMQS1,"{""type"":""MultiPoint"",""coordinates"":[]}"
20200808T105031_20200808T105442_T31UDR_000000000000000000b4_0,4158,3723,1260,1788,2442,2757,2893,3050,3076,3258,5,2020-08-08,Eutric Cambisols,50.28718216659681,2.546611534452438,51,RMQS1,"{""type"":""MultiPoint"",""coordinates"":[]}"
20200808T105031_20200808T105442_T31UDR_000000000000000000b5_0,1951,1369,858,880,926,1165,1706,1787,1372,1853,5,2020-08-08,Eutric Cambisols,50.28659484900255,2.7707172697287374,52,RMQS1,"{""type"":""MultiPoint"",""coordinates"":[]}"
20200808T105031_20200808T105442_T31UDR_000000000000000000cf_0,3106,2531,1222,1490,1874,2181,2382,2503,2648,2561,5,2020-08-08,Eutric Cambisols,49.999375467717336,2.768260418213498,82,RMQS1,"{""type"":""MultiPoint"",""coordinates"":[]}"
20200808T105031_20200808T105442_T31UDR_000000000000000000dc_0,2471,1443,732,902,1208,1625,2112,2363,2454,2707,5,2020-08-08,Eutric Cambisols,49.85562314872213,1.8782091470255609,101,RMQS1,"{""type"":""MultiPoint"",""coordinates"":[]}"
20200808T105031_20200808T105442_T31UDR_000000000000000000df_0,2794,1952,1094,1218,1316,1657,1932,2065,1918,2191,5,2020-08-08,Eutric Cambisols,49.85631247393191,2.5448356402447683,104,RMQS1,"{""type"":""MultiPoint"",""coordinates"":[]}"
20200808T105031_20200808T105442_T31UDR_000000000000000000f4_0,4704,2976,1368,1858,2556,2955,3200,3518,3628,4013,5,2020-08-08,Eutric Cambisols,49.71258809583164,2.101081697148307,130,RMQS1,"{""type"":""MultiPoint"",""coordinates"":[]}"
20200808T105031_20200808T105442_T31UDR_000000000000000000f7_0,5190,3900,1614,2198,3072,3560,3870,4116,4264,4582,5,2020-08-08,Eutric Cambisols,49.7120578590372,2.7658288977798313,133,RMQS1,"{""type"":""MultiPoint"",""coordinates"":[]}"
20200808T105031_20200808T105442_T31UDR_000000000000000000b6_0,4337,3270,1860,2148,2304,2861,3737,4257,4168,4672,5,2020-08-08,Eutric Fluvisols,50.28559823085167,2.9948161370508677,53,RMQS1,"{""type"":""MultiPoint"",""coordinates"":[]}"
20200808T105031_20200808T105442_T31UDR_0000000000000000010f_0,4859,4053,1230,1770,2398,2895,3165,3414,3464,3816,5,2020-08-08,Haplic Luvisols,49.56912246415945,2.322706117305429,160,RMQS1,"{""type"":""MultiPoint"",""coordinates"":[]}"
20200808T105031_20200808T105442_T31UDR_00000000000000000110_0,4642,3430,1472,2068,2808,3266,3574,3874,3876,4225,5,2020-08-08,Luvic Cambisols,49.56894583689343,2.5436666897699416,161,RMQS1,"{""type"":""MultiPoint"",""coordinates"":[]}"
20200808T105031_20200808T105442_T31UDR_000000000000000000c0_0,4759,3308,1310,1854,2554,2946,3238,3522,3716,4065,5,2020-08-08,Regosols (Colluvic),50.14358454537285,2.546016788788959,64,RMQS1,"{""type"":""MultiPoint"",""coordinates"":[]}"
20200808T105031_20200808T105442_T31UDR_000000000000000000c1_0,3986,3198,1074,1592,2144,2461,2661,2795,2874,3038,5,2020-08-08,Regosols (Colluvic),50.14299796037709,2.7694857901814443,65,RMQS1,"{""type"":""MultiPoint"",""coordinates"":[]}"
20200808T105031_20200808T105442_T31UDR_000000000000000000f8_0,4789,4124,1342,1820,2446,2714,2926,3159,3264,3559,5,2020-08-08,Stagnic Gleysols,49.71107115810657,2.9873998831233357,134,RMQS1,"{""type"":""MultiPoint"",""coordinates"":[]}"
20200808T105031_20200808T105442_T31UDS_0000000000000000009a_0,3504,2479,1738,1854,2222,2687,3727,4200,4312,4606,5,2020-08-08,Eutric Cambisols,50.71775963891449,2.096334277499597,18,RMQS1,"{""type"":""MultiPoint"",""coordinates"":[]}"
20200808T105031_20200808T105442_T31UDS_00000000000000000097_0,4270,2972,907,1330,1760,2309,3019,3369,3516,3852,5,2020-08-08,Eutric Stagnosols,50.86130221409984,2.549023491235136,12,RMQS1,"{""type"":""MultiPoint"",""coordinates"":[]}"
20200808T105031_20200808T105442_T31UDS_000000000000000000a4_0,2480,2233,828,1158,1432,1582,1666,1777,1720,1935,5,2020-08-08,Fluvic Cambisols,50.57370842780058,2.773201014166533,29,RMQS1,"{""type"":""MultiPoint"",""coordinates"":[]}"
20200808T105031_20200808T105442_T31UEP_0000000000000000007f_0,4083,3440,1264,1912,2640,2980,3093,3229,3288,3439,5,2020-08-08,Eutric Cambisols,48.71300587349915,3.430504638075634,SIM51527,HWSDv2,"{""type"":""MultiPoint"",""coordinates"":[]}"
20200808T105031_20200808T105442_T31UEP_00000000000000000249_0,4601,2850,1186,1738,2648,3004,3192,3455,3752,4017,5,2020-08-08,Calcaric Cambisols,48.54687807094027,4.272833882779359,521,RMQS1,"{""type"":""MultiPoint"",""coordinates"":[]}"
20200808T105031_20200808T105442_T31UEP_0000000000000000027d_0,4029,3278,1256,1828,2524,2906,3040,3238,3252,3471,5,2020-08-08,Calcaric Cambisols,48.41190469276996,3.6194976604195355,576,RMQS1,"{""type"":""MultiPoint"",""coordinates"":[]}"
20200808T105031_20200808T105442_T31UEP_0000000000000000027f_0,4913,3353,1372,1992,2906,3381,3528,3788,3916,4203,5,2020-08-08,Calcaric Cambisols,48.406418205516395,4.051533416952645,578,RMQS1,"{""type"":""MultiPoint"",""coordinates"":[]}"
20200808T105031_20200808T105442_T31UEP_000000000000000002b4_0,3329,1950,1058,1560,2212,2052,2933,3436,3532,3885,5,2020-08-08,Calcaric Cambisols,48.271965548555634,3.1850485225886964,633,RMQS1,"{""type"":""MultiPoint"",""coordinates"":[]}"
20200808T105031_20200808T105442_T31UEP_000000000000000002b5_0,3403,2417,1042,1516,1906,2420,3036,3354,3464,3729,5,2020-08-08,Calcaric Cambisols,48.270214890027546,3.40052240924141,634,RMQS1,"{""type"":""MultiPoint"",""coordinates"":[]}"
20200808T105031_20200808T105442_T31UEP_00000000000000000329_0,3766,3050,1042,1502,2062,2328,2502,2664,2766,2909,5,2020-08-08,Calcaric Cambisols,47.967910801776064,4.465910681616188,754,RMQS1,"{""type"":""MultiPoint"",""coordinates"":[]}"
20200808T105031_20200808T105442_T31UEP_00000000000000000244_0,4022,3228,1332,1948,2674,3005,3144,3344,3362,3545,5,2020-08-08,Eutric Cambisols,48.55964181413934,3.1897273282320016,516,RMQS1,"{""type"":""MultiPoint"",""coordinates"":[]}"
20200808T105031_20200808T105442_T31UEP_00000000000000000245_0,5112,3262,1672,2348,3488,3866,4106,4379,4632,4893,5,2020-08-08,Eutric Cambisols,48.55788147307679,3.4063886320425496,517,RMQS1,"{""type"":""MultiPoint"",""coordinates"":[]}"
20200808T105031_20200808T105442_T31UEP_0000000000000000035c_0,2808,1877,442,697,928,1389,1859,2121,2254,2401,5,2020-08-08,Eutric Cambisols,47.82407340617893,4.4601231189041926,809,RMQS1,"{""type"":""MultiPoint"",""coordinates"":[]}"
20200808T105031_20200808T105442_T31UEP_00000000000000000247_0,4141,3190,1404,2020,2776,3149,3314,3524,3538,3758,5,2020-08-08,Fluvic Cambisols,48.55317262682796,3.8396575992660655,519,RMQS1,"{""type"":""MultiPoint"",""coordinates"":[]}"
20200808T105031_20200808T105442_T31UEP_00000000000000000326_0,3837,2967,1028,1626,2064,2519,2900,3143,3208,3294,5,2020-08-08,Haplic Luvisols,47.977838510183425,3.8232666387845935,751,RMQS1,"{""type"":""MultiPoint"",""coordinates"":[]}"
20200808T105031_20200808T105442_T31UEP_0000000000000000020d_0,4335,3567,1434,2038,2776,3139,3245,3406,3506,3632,5,2020-08-08,Regosols (Colluvic),48.70169366844977,3.4093457089391372,457,RMQS1,"{""type"":""MultiPoint"",""coordinates"":[]}"
20200808T105031_20200808T105442_T31UEP_0000000000000000027c_0,3556,2666,1022,1306,1682,2246,2681,2933,2482,3399,5,2020-08-08,Regosols (Colluvic),48.41405496172534,3.4034476214968983,575,RMQS1,"{""type"":""MultiPoint"",""coordinates"":[]}"
20200808T105031_20200808T105442_T31UEP_00000000000000000328_0,3474,2859,970,1466,1992,2222,2327,2461,2480,2607,5,2020-08-08,Regosols (Colluvic),47.971611944960706,4.251723526947866,753,RMQS1,"{""type"":""MultiPoint"",""coordinates"":[]}"
20200808T105031_20200808T105442_T31UEP_00000000000000000357_0,3691,2881,1164,1698,2210,2449,2640,2810,2874,2987,5,2020-08-08,Regosols (Colluvic),47.83862082138957,3.39184320342842,804,RMQS1,"{""type"":""MultiPoint"",""coordinates"":[]}"
20200808T105031_20200808T105442_T31UEP_0000000000000000020f_0,3826,2727,995,1360,1870,2670,3561,4063,4232,4416,5,2020-08-08,Rendzic Leptosols,48.69697151537463,3.84381025026381,459,RMQS1,"{""type"":""MultiPoint"",""coordinates"":[]}"
20200808T105031_20200808T105442_T31UEP_00000000000000000210_0,4847,4069,1892,2514,3262,3660,3696,3856,3950,4122,5,2020-08-08,Rendzic Leptosols,48.694014170702346,4.061009738712103,460,RMQS1,"{""type"":""MultiPoint"",""coordinates"":[]}"
20200808T105031_20200808T105442_T31UEP_00000000000000000246_0,4786,3843,1792,2366,3082,3420,3588,3763,3872,4060,5,2020-08-08,Rendzic Leptosols,48.55572508899328,3.623033464744165,518,RMQS1,"{""type"":""MultiPoint"",""coordinates"":[]}"
20200808T105031_20200808T105442_T31UEP_0000000000000000027e_0,4605,3183,1130,1602,2414,2843,3079,3346,3530,3822,5,2020-08-08,Rendzic Leptosols,48.409359388280585,3.835527167897573,577,RMQS1,"{""type"":""MultiPoint"",""coordinates"":[]}"
20200808T105031_20200808T105442_T31UEP_00000000000000000280_0,4714,4075,1562,2128,2856,3146,3227,3420,3548,3657,5,2020-08-08,Rendzic Leptosols,48.40308202138188,4.267513168573883,579,RMQS1,"{""type"":""MultiPoint"",""coordinates"":[]}"
20200808T105031_20200808T105442_T31UEP_000000000000000002b7_0,4647,3458,1554,2192,2874,3211,3354,3536,3710,3829,5,2020-08-08,Rendzic Leptosols,48.265531928145386,3.8314183567168554,636,RMQS1,"{""type"":""MultiPoint"",""coordinates"":[]}"
20200808T105031_20200808T105442_T31UEP_000000000000000002b8_0,3240,2763,1154,1458,1870,2230,2687,2667,2490,2940,5,2020-08-08,Rendzic Leptosols,48.26259874368474,4.046833414678177,637,RMQS1,"{""type"":""MultiPoint"",""coordinates"":[]}"
20200808T105031_20200808T105442_T31UEP_00000000000000000324_0,2439,2235,495,729,808,1079,1225,1382,1288,1544,5,2020-08-08,Rendzic Leptosols,47.982497159296926,3.394720601458198,749,RMQS1,"{""type"":""MultiPoint"",""coordinates"":[]}"
20200808T105031_20200808T105442_T31UEP_00000000000000000359_0,3538,2372,727,1030,1476,2018,2476,2734,2776,3036,5,2020-08-08,Rendzic Leptosols,47.83397449347843,3.819224578897194,806,RMQS1,"{""type"":""MultiPoint"",""coordinates"":[]}"
20200808T105031_20200808T105442_T31UEP_000000000000000002ec_0,3955,3168,1066,1560,2138,2494,2637,2801,2842,3023,5,2020-08-08,Stagnic Gleysols,48.12810780180863,3.1827287684756462,691,RMQS1,"{""type"":""MultiPoint"",""coordinates"":[]}"
20200808T105031_20200808T105442_T31UEP_0000000000000000001b_0,3241,2377,626,808,1004,2203,2531,2600,2260,2753,5,2020-08-08,Calcaric Cambisols,48.17555556,3.7499999999999996,66215,"{WD-eSOTER,WD-WISE}","{""type"":""MultiPoint"",""coordinates"":[]}"
20200808T105031_20200808T105442_T31UEQ_0000000000000000003e_0,4620,3218,1448,2046,2822,3261,3566,3758,3970,4237,5,2020-08-08,Calcaric Cambisols,49.57638025857395,4.196054229208747,SIM60664,HWSDv2,"{""type"":""MultiPoint"",""coordinates"":[]}"
20200808T105031_20200808T105442_T31UEQ_0000000000000000007f_0,4094,3445,1238,1904,2636,2995,3104,3237,3286,3448,5,2020-08-08,Eutric Cambisols,48.71300587349915,3.430504638075634,SIM51527,HWSDv2,"{""type"":""MultiPoint"",""coordinates"":[]}"
20200808T105031_20200808T105442_T31UEQ_00000000000000000113_0,3909,2415,837,1120,1554,1922,2375,2724,2954,3201,5,2020-08-08,Calcaric Cambisols,49.56599192818014,3.2065096326538,164,RMQS1,"{""type"":""MultiPoint"",""coordinates"":[]}"
20200808T105031_20200808T105442_T31UEQ_00000000000000000115_0,3895,3058,1206,1702,2276,2662,2814,2988,2922,3225,5,2020-08-08,Calcaric Cambisols,49.562001469354996,3.6483405966440827,166,RMQS1,"{""type"":""MultiPoint"",""coordinates"":[]}"
20200808T105031_20200808T105442_T31UEQ_00000000000000000133_0,4066,3063,1250,1742,2320,2632,2777,3014,3059,3203,5,2020-08-08,Calcaric Cambisols,49.41570907871767,3.8649294377156487,206,RMQS1,"{""type"":""MultiPoint"",""coordinates"":[]}"
20200808T105031_20200808T105442_T31UEQ_00000000000000000135_0,2435,1834,652,968,1015,1445,2013,2136,2414,2472,5,2020-08-08,Calcaric Cambisols,49.40931256011699,4.305386426131146,208,RMQS1,"{""type"":""MultiPoint"",""coordinates"":[]}"
20200808T105031_20200808T105442_T31UEQ_0000000000000000017b_0,3946,3386,1040,1614,2198,2594,2767,2909,2821,3130,5,2020-08-08,Calcaric Cambisols,49.13480900561818,3.1992372340169237,285,RMQS1,"{""type"":""MultiPoint"",""coordinates"":[]}"
20200808T105031_20200808T105442_T31UEQ_0000000000000000017e_0,2681,1797,866,1268,1500,1507,2339,2617,2854,2881,5,2020-08-08,Calcaric Cambisols,49.128268431433405,3.856408785568261,288,RMQS1,"{""type"":""MultiPoint"",""coordinates"":[]}"
20200808T105031_20200808T105442_T31UEQ_000000000000000001a7_0,2889,1965,624,946,1164,1715,2416,2773,2796,2992,5,2020-08-08,Calcaric Cambisols,48.98709446808667,3.633756216630653,339,RMQS1,"{""type"":""MultiPoint"",""coordinates"":[]}"
20200808T105031_20200808T105442_T31UEQ_000000000000000001db_0,4700,3078,1180,1718,2578,3098,3432,3745,3952,4281,5,2020-08-08,Calcaric Cambisols,48.83778942360765,4.065787310355802,399,RMQS1,"{""type"":""MultiPoint"",""coordinates"":[]}"
20200808T105031_20200808T105442_T31UEQ_00000000000000000157_0,5188,3320,1402,2046,3160,3785,4076,4430,4756,5073,5,2020-08-08,Eutric Cambisols,49.274585829064,3.6410073595306423,244,RMQS1,"{""type"":""MultiPoint"",""coordinates"":[]}"
20200808T105031_20200808T105442_T31UEQ_000000000000000001d9_0,3744,3129,1186,1820,2504,2731,2830,3133,3326,3288,5,2020-08-08,Eutric Cambisols,48.843321770698005,3.630162321173954,397,RMQS1,"{""type"":""MultiPoint"",""coordinates"":[]}"
20200808T105031_20200808T105442_T31UEQ_000000000000000001da_0,4179,3198,1264,1866,2626,2936,3089,3316,3396,3527,5,2020-08-08,Eutric Cambisols,48.84075502171976,3.8479859850554314,398,RMQS1,"{""type"":""MultiPoint"",""coordinates"":[]}"
20200808T105031_20200808T105442_T31UEQ_00000000000000000131_0,3483,2901,1074,1606,2222,2527,2631,2779,2815,2924,5,2020-08-08,Haplic Luvisols,49.42049525316113,3.424376574569905,204,RMQS1,"{""type"":""MultiPoint"",""coordinates"":[]}"
20200808T105031_20200808T105442_T31UEQ_0000000000000000017c_0,4106,2454,1082,1546,2342,2662,2876,3169,3422,3665,5,2020-08-08,Haplic Luvisols,49.13302940640497,3.4183131268373956,286,RMQS1,"{""type"":""MultiPoint"",""coordinates"":[]}"
20200808T105031_20200808T105442_T31UEQ_00000000000000000159_0,4131,3341,1444,1926,2578,2798,2980,3181,3318,3453,5,2020-08-08,Regosols (Colluvic),49.26900917934291,4.080283111786636,246,RMQS1,"{""type"":""MultiPoint"",""coordinates"":[]}"
20200808T105031_20200808T105442_T31UEQ_0000000000000000015a_0,4398,3531,1722,2290,2856,3213,3472,3623,3709,3885,5,2020-08-08,Regosols (Colluvic),49.265619142621546,4.299883218473971,247,RMQS1,"{""type"":""MultiPoint"",""coordinates"":[]}"
20200808T105031_20200808T105442_T31UEQ_000000000000000001a9_0,4635,3255,1256,1864,2740,3172,3328,3600,3886,3995,5,2020-08-08,Regosols (Colluvic),48.9815477887394,4.070591756163375,341,RMQS1,"{""type"":""MultiPoint"",""coordinates"":[]}"
20200808T105031_20200808T105442_T31UEQ_0000000000000000020d_0,4349,3575,1420,2040,2786,3153,3255,3415,3518,3641,5,2020-08-08,Regosols (Colluvic),48.70169366844977,3.4093457089391372,457,RMQS1,"{""type"":""MultiPoint"",""coordinates"":[]}"
20200808T105031_20200808T105442_T31UEQ_000000000000000001dc_0,4592,3394,1188,1750,2608,2932,3080,3338,3718,3815,5,2020-08-08,Rendzic Leptosols,48.83442503518052,4.283563095018126,400,RMQS1,"{""type"":""MultiPoint"",""coordinates"":[]}"
20200808T105031_20200808T105442_T31UEQ_0000000000000000020f_0,3852,2742,976,1354,1878,2693,3592,4103,4268,4454,5,2020-08-08,Rendzic Leptosols,48.69697151537463,3.84381025026381,459,RMQS1,"{""type"":""MultiPoint"",""coordinates"":[]}"
20200808T105031_20200808T105442_T31UEQ_00000000000000000210_0,4863,4073,1892,2532,3288,3688,3709,3868,3964,4137,5,2020-08-08,Rendzic Leptosols,48.694014170702346,4.061009738712103,460,RMQS1,"{""type"":""MultiPoint"",""coordinates"":[]}"
20200808T105031_20200808T105442_T31UEQ_000000000000000001d8_0,4146,2827,1066,1586,2220,2786,3240,3616,3684,3918,5,2020-08-08,Stagnic Gleysols,48.84548989394474,3.4123181623321734,396,RMQS1,"{""type"":""MultiPoint"",""coordinates"":[]}"
20200808T105031_20200808T105442_T31UER_0000000000000000003e_0,4625,3226,1432,2022,2788,3243,3558,3761,3956,4236,5,2020-08-08,Calcaric Cambisols,49.57638025857395,4.196054229208747,SIM60664,HWSDv2,"{""type"":""MultiPoint"",""coordinates"":[]}"
20200808T105031_20200808T105442_T31UER_00000000000000000113_0,3890,2409,831,1112,1534,1905,2366,2719,2942,3190,5,2020-08-08,Calcaric Cambisols,49.56599192818014,3.2065096326538,164,RMQS1,"{""type"":""MultiPoint"",""coordinates"":[]}"
20200808T105031_20200808T105442_T31UER_000000000000000000d5_0,2626,1782,648,952,1328,1593,1790,2025,2172,2348,5,2020-08-08,Eutric Cambisols,49.98731026923445,4.1050002007211415,88,RMQS1,"{""type"":""MultiPoint"",""coordinates"":[]}"
20200808T105031_20200808T105442_T31UER_000000000000000000e3_0,4073,3307,1238,1726,2350,2765,2944,3093,3050,3363,5,2020-08-08,Eutric Cambisols,49.85154127658212,3.433600324543512,108,RMQS1,"{""type"":""MultiPoint"",""coordinates"":[]}"
20200808T105031_20200808T105442_T31UER_000000000000000000c3_0,3801,2929,1088,1556,2092,2377,2607,2916,2720,3306,5,2020-08-08,Eutric Stagnosols,50.14060061368025,3.2163982072147808,67,RMQS1,"{""type"":""MultiPoint"",""coordinates"":[]}"
20200808T105031_20200808T105442_T31UER_000000000000000000e4_0,4118,2979,1262,1914,2732,3213,3435,3661,3648,3937,5,2020-08-08,Haplic Luvisols,49.84933182571976,3.655756320004579,109,RMQS1,"{""type"":""MultiPoint"",""coordinates"":[]}"
20200808T105031_20200808T105442_T31UER_000000000000000000e5_0,3846,2976,930,1354,1906,2208,2413,2685,2806,3053,5,2020-08-08,Haplic Luvisols,49.846716377679186,3.877890881957365,110,RMQS1,"{""type"":""MultiPoint"",""coordinates"":[]}"
20200808T105031_20200808T105442_T31UER_000000000000000000fa_0,4196,3188,1312,1792,2454,2847,3049,3273,3392,3623,5,2020-08-08,Haplic Luvisols,49.70788130389365,3.430508287788286,136,RMQS1,"{""type"":""MultiPoint"",""coordinates"":[]}"
20200808T105031_20200808T105442_T31UER_000000000000000000fb_0,4289,2972,1140,1648,2334,2638,2831,3091,3312,3508,5,2020-08-08,Haplic Luvisols,49.70567786204237,3.652038113507865,137,RMQS1,"{""type"":""MultiPoint"",""coordinates"":[]}"
20200808T105031_20200808T105442_T31UER_000000000000000000b7_0,4229,2990,1194,1694,2354,2560,3042,3449,3432,3877,5,2020-08-08,Luvic Cambisols,50.284191794055914,3.2189050612951036,54,RMQS1,"{""type"":""MultiPoint"",""coordinates"":[]}"
20200808T105031_20200808T105442_T31UER_000000000000000000ba_0,4603,3395,1550,2074,2436,2962,3433,3762,3871,4219,5,2020-08-08,Luvic Cambisols,50.277513811755476,3.891075085094819,57,RMQS1,"{""type"":""MultiPoint"",""coordinates"":[]}"
20200808T105031_20200808T105442_T31UER_000000000000000000e7_0,3146,2457,644,1104,1500,1763,2016,2177,2048,2327,5,2020-08-08,Mollic Umbrisols,49.840267006570215,4.322083069370896,112,RMQS1,"{""type"":""MultiPoint"",""coordinates"":[]}"
20200808T105031_20200808T105442_T31UFP_0000000000000000024a_0,3088,2239,824,1376,1526,2119,2704,2910,2900,3107,5,2020-08-08,Calcaric Cambisols,48.54313673632617,4.4893801670582985,522,RMQS1,"{""type"":""MultiPoint"",""coordinates"":[]}"
20200808T105031_20200808T105442_T31UFP_000000000000000002bb_0,3636,2852,1007,1472,2018,2257,2319,2456,2546,2595,5,2020-08-08,Calcaric Cambisols,48.25143516324276,4.692909482923313,640,RMQS1,"{""type"":""MultiPoint"",""coordinates"":[]}"
20200808T105031_20200808T105442_T31UFP_00000000000000000329_0,3757,3045,1056,1504,2060,2317,2497,2659,2774,2899,5,2020-08-08,Calcaric Cambisols,47.967910801776064,4.465910681616188,754,RMQS1,"{""type"":""MultiPoint"",""coordinates"":[]}"
20200808T105031_20200808T105442_T31UFP_00000000000000000213_0,4244,3353,2150,2676,3112,3133,3411,3411,3636,3634,5,2020-08-08,Eutric Cambisols,48.6827591856006,4.712439211085572,463,RMQS1,"{""type"":""MultiPoint"",""coordinates"":[]}"
20200808T105031_20200808T105442_T31UFP_00000000000000000281_0,3702,2819,1056,1542,2120,2384,2585,2732,2756,2968,5,2020-08-08,Eutric Cambisols,48.399350716545385,4.483464387234075,580,RMQS1,"{""type"":""MultiPoint"",""coordinates"":[]}"
20200808T105031_20200808T105442_T31UFP_0000000000000000035c_0,2801,1874,470,714,940,1394,1864,2129,2250,2405,5,2020-08-08,Eutric Cambisols,47.82407340617893,4.4601231189041926,809,RMQS1,"{""type"":""MultiPoint"",""coordinates"":[]}"
20200808T105031_20200808T105442_T31UFP_00000000000000000212_0,4999,4308,1836,2442,3128,3382,3436,3580,3840,3895,5,2020-08-08,Rendzic Leptosols,48.68690742446665,4.495328388213507,462,RMQS1,"{""type"":""MultiPoint"",""coordinates"":[]}"
20200808T105031_20200808T105442_T31UFQ_0000000000000000011a_0,3678,2351,719,1054,1362,1848,2369,2685,2940,3156,5,2020-08-08,Calcaric Cambisols,49.5449566270371,4.7524901683900715,171,RMQS1,"{""type"":""MultiPoint"",""coordinates"":[]}"
20200808T105031_20200808T105442_T31UFQ_00000000000000000136_0,4487,3703,1580,2150,2856,3214,3314,3483,3510,3750,5,2020-08-08,Calcaric Cambisols,49.40551025571671,4.525570398787132,209,RMQS1,"{""type"":""MultiPoint"",""coordinates"":[]}"
20200808T105031_20200808T105442_T31UFQ_00000000000000000139_0,4052,2694,1168,1672,2370,2865,3195,3340,3620,3779,5,2020-08-08,Calcaric Cambisols,49.39168859178703,5.185901022876382,212,RMQS1,"{""type"":""MultiPoint"",""coordinates"":[]}"
20200808T105031_20200808T105442_T31UFQ_0000000000000000015b_0,4159,3309,1170,1678,2376,2677,2797,3037,3162,3332,5,2020-08-08,Calcaric Cambisols,49.261827045241304,4.519452882190931,248,RMQS1,"{""type"":""MultiPoint"",""coordinates"":[]}"
20200808T105031_20200808T105442_T31UFQ_0000000000000000015c_0,4066,2586,849,1250,1658,2200,2691,3036,3188,3529,5,2020-08-08,Calcaric Cambisols,49.257633159731164,4.738988003066428,249,RMQS1,"{""type"":""MultiPoint"",""coordinates"":[]}"
20200808T105031_20200808T105442_T31UFQ_000000000000000001ab_0,4048,2684,672,1088,1218,2598,3677,4218,4532,4658,5,2020-08-08,Calcaric Cambisols,48.97440230177886,4.507322370591027,343,RMQS1,"{""type"":""MultiPoint"",""coordinates"":[]}"
20200808T105031_20200808T105442_T31UFQ_000000000000000001df_0,4005,2673,861,1344,2048,2430,2582,2893,3108,3320,5,2020-08-08,Calcaric Cambisols,48.821946019086994,4.93669536884499,403,RMQS1,"{""type"":""MultiPoint"",""coordinates"":[]}"
20200808T105031_20200808T105442_T31UFQ_00000000000000000138_0,3419,2724,1058,1588,2054,2369,2534,2638,2570,2795,5,2020-08-08,Eutric Cambisols,49.39669771864854,4.965831391660081,211,RMQS1,"{""type"":""MultiPoint"",""coordinates"":[]}"
20200808T105031_20200808T105442_T31UFQ_00000000000000000213_0,4243,3356,2156,2688,3120,3138,3414,3411,3650,3638,5,2020-08-08,Eutric Cambisols,48.6827591856006,4.712439211085572,463,RMQS1,"{""type"":""MultiPoint"",""coordinates"":[]}"
20200808T105031_20200808T105442_T31UFQ_00000000000000000183_0,3536,2844,944,1506,2114,2440,2529,2663,2622,2825,5,2020-08-08,Mollic Umbrisols,49.104376378414244,5.170026231041101,294,RMQS1,"{""type"":""MultiPoint"",""coordinates"":[]}"
20200808T105031_20200808T105442_T31UFQ_00000000000000000181_0,4797,4219,1598,2172,2820,3159,3223,3393,3514,3686,5,2020-08-08,Rendzic Leptosols,49.11394157902409,4.732294541267736,292,RMQS1,"{""type"":""MultiPoint"",""coordinates"":[]}"
20200808T105031_20200808T105442_T31UFQ_000000000000000001de_0,5114,4454,1778,2280,2964,3367,3556,3712,3840,4034,5,2020-08-08,Rendzic Leptosols,48.82650319106196,4.71902098610247,402,RMQS1,"{""type"":""MultiPoint"",""coordinates"":[]}"
20200808T105031_20200808T105442_T31UFQ_00000000000000000212_0,4999,4310,1838,2446,3134,3382,3435,3579,3848,3896,5,2020-08-08,Rendzic Leptosols,48.68690742446665,4.495328388213507,462,RMQS1,"{""type"":""MultiPoint"",""coordinates"":[]}"
20200808T105031_20200808T105442_T31UFR_000000000000000000c8_0,3144,2396,866,1204,1680,2001,2240,2451,2530,2680,5,2020-08-08,Eutric Cambisols,50.119337054502985,4.77995940105834,73,RMQS1,"{""type"":""MultiPoint"",""coordinates"":[]}"
20200808T105031_20200808T105442_T31UFR_00000000000000000101_0,2403,1668,691,825,979,1279,1755,1971,2094,2223,5,2020-08-08,Eutric Cambisols,49.68395472524528,4.980648981852431,143,RMQS1,"{""type"":""MultiPoint"",""coordinates"":[]}"
20200808T105031_20200808T105442_T31UFR_00000000000000000102_0,4176,2788,614,827,1212,1827,2224,2449,2352,3006,5,2020-08-08,Haplic Luvisols,49.678917855605576,5.201957134936044,144,RMQS1,"{""type"":""MultiPoint"",""coordinates"":[]}"
20200808T105031_20200808T105442_T31UFR_00000000000000000100_0,3624,2291,637,938,1286,1623,2059,2335,2556,2791,5,2020-08-08,Luvic Cambisols,49.688586797675086,4.759299248702548,142,RMQS1,"{""type"":""MultiPoint"",""coordinates"":[]}"
