system:index,B11,B12,B2,B3,B4,B5,B6,B7,B8,B8A,SCL,date,h_wrb4,latitude,longitude,profile_id,source_db,.geo
20200806T101031_20200806T101511_T32TMM_000000000000000008be_0,4286,2567,807,1072,1484,1988,2422,2679,2844,3216,5,2020-08-06,Eutric Cambisols,41.58852524795022,9.022695648407758,2355,RMQS1,"{""type"":""MultiPoint"",""coordinates"":[]}"
20200806T101031_20200806T101511_T32TMM_000000000000000008b8_0,4162,3075,1132,1560,2188,2530,2688,2929,2964,3259,5,2020-08-06,Mollic Umbrisols,41.886619302369944,8.863920950143937,2345,RMQS1,"{""type"":""MultiPoint"",""coordinates"":[]}"
20200806T101031_20200806T101511_T32TNM_000000000000000008be_0,4343,2584,809,1086,1520,2041,2458,2712,2880,3261,5,2020-08-06,Eutric Cambisols,41.58852524795022,9.022695648407758,2355,RMQS1,"{""type"":""MultiPoint"",""coordinates"":[]}"
20200806T101031_20200806T101511_T32TNN_00000000000000000897_0,2733,1854,585,893,1164,1374,2089,2357,2652,2618,5,2020-08-06,Umbric Leptosols,42.58996196562447,9.1383292700287,2288,RMQS1,"{""type"":""MultiPoint"",""coordinates"":[]}"
20200806T105619_20200806T105752_T30TWS_0000000000000000044b_0,4618,3207,753,1040,1542,1991,2266,2587,2918,3099,5,2020-08-06,Eutric Stagnosols,46.90240035460174,-1.8789043482766836,1068,RMQS1,"{""type"":""MultiPoint"",""coordinates"":[]}"
20200806T105619_20200806T105752_T30TWS_00000000000000000473_0,2419,1886,745,944,1078,1342,1710,1935,2344,2072,5,2020-08-06,Eutric Stagnosols,46.76616538875665,-1.658487214209225,1113,RMQS1,"{""type"":""MultiPoint"",""coordinates"":[]}"
20200806T105619_20200806T105752_T30TWS_0000000000000000049a_0,2691,2107,718,945,1152,1583,1965,2187,2454,2387,5,2020-08-06,Luvic Cambisols,46.61491530352095,-1.856505488431847,1153,RMQS1,"{""type"":""MultiPoint"",""coordinates"":[]}"
20200806T105619_20200806T105752_T30TWS_0000000000000000044c_0,4299,3591,1162,1566,2064,2471,2715,2989,3240,3296,5,2020-08-06,Luvic Stagnosols,46.90992528077999,-1.66915941877578,1069,RMQS1,"{""type"":""MultiPoint"",""coordinates"":[]}"
20200806T105619_20200806T105752_T30TWS_0000000000000000049b_0,2574,1954,700,899,1036,1285,1591,1883,1910,2018,5,2020-08-06,Regosols (Colluvic),46.622401223318654,-1.6478714452070151,1154,RMQS1,"{""type"":""MultiPoint"",""coordinates"":[]}"
20200806T105619_20200806T105752_T30TWS_0000000000000000044a_0,3892,2656,717,1023,1498,1993,2287,2509,2842,2982,5,2020-08-06,Tidalic Fluvisols,46.89449146390841,-2.0885901951593606,1067,RMQS1,"{""type"":""MultiPoint"",""coordinates"":[]}"
20200806T105619_20200806T105752_T30TWT_0000000000000000036f_0,4038,2817,1028,1372,1936,2194,2859,3201,3274,3549,5,2020-08-06,Eutric Cambisols,47.62099768741021,-1.9359505851256793,831,RMQS1,"{""type"":""MultiPoint"",""coordinates"":[]}"
20200806T105619_20200806T105752_T30TWT_000000000000000003f8_0,3060,2833,1282,1370,1424,1705,2035,2370,2452,2365,5,2020-08-06,Eutric Stagnosols,47.18986296924984,-1.9015428571110984,979,RMQS1,"{""type"":""MultiPoint"",""coordinates"":[]}"
20200806T105619_20200806T105752_T30TWT_0000000000000000044b_0,4512,3161,805,1066,1504,1934,2253,2576,2896,3058,5,2020-08-06,Eutric Stagnosols,46.90240035460174,-1.8789043482766836,1068,RMQS1,"{""type"":""MultiPoint"",""coordinates"":[]}"
20200806T105619_20200806T105752_T30TWT_0000000000000000039e_0,4101,2943,759,998,1414,1663,2026,2404,2644,2857,5,2020-08-06,Luvic Stagnosols,47.47729537315615,-1.9244201828094953,883,RMQS1,"{""type"":""MultiPoint"",""coordinates"":[]}"
20200806T105619_20200806T105752_T30TWT_0000000000000000039f_0,3652,2367,623,914,1208,1689,2241,2599,2908,3059,5,2020-08-06,Luvic Stagnosols,47.48489909147123,-1.7124199544310186,884,RMQS1,"{""type"":""MultiPoint"",""coordinates"":[]}"
20200806T105619_20200806T105752_T30TWT_000000000000000003f7_0,4557,3310,1556,1880,2258,2783,3264,3594,3858,3939,5,2020-08-06,Luvic Stagnosols,47.18191339451739,-2.112349848353562,978,RMQS1,"{""type"":""MultiPoint"",""coordinates"":[]}"
20200806T105619_20200806T105752_T30TWT_0000000000000000044c_0,4235,3562,1156,1532,1990,2391,2673,2953,3188,3252,5,2020-08-06,Luvic Stagnosols,46.90992528077999,-1.66915941877578,1069,RMQS1,"{""type"":""MultiPoint"",""coordinates"":[]}"
20200806T105619_20200806T105752_T30TWT_000000000000000003cb_0,3785,2338,646,922,1112,1613,2145,2480,2744,2991,5,2020-08-06,Stagnic Gleysols,47.32561369663198,-2.124322175596236,933,RMQS1,"{""type"":""MultiPoint"",""coordinates"":[]}"
20200806T105619_20200806T105752_T30TWT_0000000000000000044a_0,3838,2640,769,1048,1480,1958,2252,2473,2786,2926,5,2020-08-06,Tidalic Fluvisols,46.89449146390841,-2.0885901951593606,1067,RMQS1,"{""type"":""MultiPoint"",""coordinates"":[]}"
20200806T105619_20200806T105752_T30TXN_00000000000000000825_0,3349,2415,718,908,1044,1378,1859,2171,2194,2529,5,2020-08-06,Dystric Cambisols,43.323400884871134,-1.221651459511563,2138,RMQS1,"{""type"":""MultiPoint"",""coordinates"":[]}"
20200806T105619_20200806T105752_T30TXP_0000000000000000077d_0,3470,2965,1058,1272,1478,1697,2075,2266,2502,2563,5,2020-08-06,Albic Podzols,43.90442884344378,-1.0589332679545869,1956,RMQS1,"{""type"":""MultiPoint"",""coordinates"":[]}"
20200806T105619_20200806T105752_T30TXP_00000000000000000825_0,3353,2418,707,902,1042,1377,1862,2172,2198,2530,5,2020-08-06,Dystric Cambisols,43.323400884871134,-1.221651459511563,2138,RMQS1,"{""type"":""MultiPoint"",""coordinates"":[]}"
20200806T105619_20200806T105752_T30TXQ_0000000000000000068b_0,3182,2860,2988,3118,3064,2679,3071,3056,3378,3098,5,2020-08-06,Eutric Cambisols,44.78413733927169,-0.5056548387951271,1696,RMQS1,"{""type"":""MultiPoint"",""coordinates"":[]}"
20200806T105619_20200806T105752_T30TXQ_000000000000000006b2_0,3482,2438,659,960,1304,1647,2146,2462,2554,2825,5,2020-08-06,Eutric Cambisols,44.640327770669494,-0.4983671773063285,1739,RMQS1,"{""type"":""MultiPoint"",""coordinates"":[]}"
20200806T105619_20200806T105752_T30TXQ_0000000000000000063d_0,3397,2345,612,918,1188,1798,2289,2655,2718,2982,5,2020-08-06,Haplic Luvisols,45.07178107831248,-0.520343550682928,1613,RMQS1,"{""type"":""MultiPoint"",""coordinates"":[]}"
20200806T105619_20200806T105752_T30TXQ_00000000000000000689_0,1917,2257,396,437,597,658,677,768,825,909,5,2020-08-06,Rustic Podzols,44.772991152476955,-0.9094512122532907,1694,RMQS1,"{""type"":""MultiPoint"",""coordinates"":[]}"
20200806T105619_20200806T105752_T30TXQ_000000000000000006fb_0,2650,2230,820,971,1242,1642,1876,2006,1954,2321,5,2020-08-06,Rustic Podzols,44.33559660067842,-1.084907903589234,1820,RMQS1,"{""type"":""MultiPoint"",""coordinates"":[]}"
20200806T105619_20200806T105752_T30TXQ_00000000000000000664_0,3622,2475,820,1290,1658,2048,2574,2884,3120,3302,5,2020-08-06,Skeletic Leptosols,44.92795531064549,-0.5129802360448519,1654,RMQS1,"{""type"":""MultiPoint"",""coordinates"":[]}"
20200806T105619_20200806T105752_T30TXQ_0000000000000000068a_0,3335,2807,895,1532,2476,2029,2516,2980,3632,3110,5,2020-08-06,Umbric Podzols,44.77874883782861,-0.707573335382756,1695,RMQS1,"{""type"":""MultiPoint"",""coordinates"":[]}"
20200806T105619_20200806T105752_T30TXQ_000000000000000006d6_0,3293,2882,1124,1370,1516,1887,2315,2573,2498,2933,5,2020-08-06,Umbric Podzols,44.48543835751057,-0.8928506234944198,1779,RMQS1,"{""type"":""MultiPoint"",""coordinates"":[]}"
20200806T105619_20200806T105752_T30TXR_00000000000000000614_0,2881,2354,524,679,835,1096,1530,1743,1688,2022,5,2020-08-06,Albic Podzols,45.204379803857236,-0.9346709185235507,1570,RMQS1,"{""type"":""MultiPoint"",""coordinates"":[]}"
20200806T105619_20200806T105752_T30TXR_00000000000000000558_0,4620,3298,1168,1692,2442,2850,3084,3338,3640,3676,5,2020-08-06,Calcaric Cambisols,45.93484109062398,-0.5653356804339617,1366,RMQS1,"{""type"":""MultiPoint"",""coordinates"":[]}"
20200806T105619_20200806T105752_T30TXR_00000000000000000559_0,5178,3535,1434,2024,2996,3455,3638,3955,4276,4414,5,2020-08-06,Calcaric Cambisols,45.93996642092588,-0.35914842977074507,1367,RMQS1,"{""type"":""MultiPoint"",""coordinates"":[]}"
20200806T105619_20200806T105752_T30TXR_0000000000000000057f_0,2842,2018,863,1140,1300,1699,2223,2545,2596,2828,5,2020-08-06,Calcaric Cambisols,45.796101290683936,-0.35209062396110746,1408,RMQS1,"{""type"":""MultiPoint"",""coordinates"":[]}"
20200806T105619_20200806T105752_T30TXR_000000000000000005a2_0,3347,2645,762,1158,1406,2205,2821,3105,3376,3428,5,2020-08-06,Calcaric Cambisols,45.65223876933945,-0.3450692344122223,1448,RMQS1,"{""type"":""MultiPoint"",""coordinates"":[]}"
20200806T105619_20200806T105752_T30TXR_000000000000000005ef_0,3719,3192,1532,1830,2178,2334,2524,2701,2912,2818,5,2020-08-06,Calcaric Cambisols,45.364523031408005,-0.3311353413334857,1531,RMQS1,"{""type"":""MultiPoint"",""coordinates"":[]}"
20200806T105619_20200806T105752_T30TXR_0000000000000000057d_0,2770,1947,608,1056,1310,1684,2491,2720,3118,2865,5,2020-08-06,Eutric Cambisols,45.78550112756896,-0.7633473909222855,1406,RMQS1,"{""type"":""MultiPoint"",""coordinates"":[]}"
20200806T105619_20200806T105752_T30TXR_000000000000000005a0_0,2766,2101,705,1136,1418,1820,2137,2301,2452,2539,5,2020-08-06,Eutric Cambisols,45.641666296166285,-0.7552546452445758,1446,RMQS1,"{""type"":""MultiPoint"",""coordinates"":[]}"
20200806T105619_20200806T105752_T30TXR_000000000000000005c6_0,3945,2594,526,760,1202,1593,2003,2330,2658,2864,5,2020-08-06,Eutric Cambisols,45.503293891853474,-0.5426637975979558,1488,RMQS1,"{""type"":""MultiPoint"",""coordinates"":[]}"
20200806T105619_20200806T105752_T30TXR_0000000000000000063d_0,3402,2348,606,918,1190,1800,2292,2659,2724,2986,5,2020-08-06,Haplic Luvisols,45.07178107831248,-0.520343550682928,1613,RMQS1,"{""type"":""MultiPoint"",""coordinates"":[]}"
20200806T105619_20200806T105752_T30TXR_000000000000000005c5_0,3282,2035,666,976,1438,1842,2279,2563,2974,3063,5,2020-08-06,Luvic Cambisols,45.49783449185945,-0.747204710895901,1487,RMQS1,"{""type"":""MultiPoint"",""coordinates"":[]}"
20200806T105619_20200806T105752_T30TXR_0000000000000000057c_0,3946,2602,885,1254,1858,2231,2565,2824,3104,3294,5,2020-08-06,Mollic Umbrisols,45.779636372546484,-0.9689136670910115,1405,RMQS1,"{""type"":""MultiPoint"",""coordinates"":[]}"
20200806T105619_20200806T105752_T30TXR_000000000000000005ed_0,3030,2287,727,1094,1224,1382,2022,2330,2630,2591,5,2020-08-06,Skeletic Leptosols,45.34818802227573,-0.9431653634590488,1528,RMQS1,"{""type"":""MultiPoint"",""coordinates"":[]}"
20200806T105619_20200806T105752_T30TXR_00000000000000000556_0,3407,2298,654,954,1372,1897,2320,2579,2906,2984,5,2020-08-06,Stagnic Gleysols,45.92345740043631,-0.9775871171113764,1364,RMQS1,"{""type"":""MultiPoint"",""coordinates"":[]}"
20200806T105619_20200806T105752_T30TXS_00000000000000000038_0,4266,2741,921,1356,1948,2356,2919,3300,3544,3751,5,2020-08-06,Dystric Cambisols,46.480134993254126,-0.3465850028819951,SIM96304,HWSDv2,"{""type"":""MultiPoint"",""coordinates"":[]}"
20200806T105619_20200806T105752_T30TXS_0000000000000000008f_0,3946,2588,683,999,1384,1958,2485,2892,3292,3450,5,2020-08-06,Dystric Cambisols,46.77832542777133,-0.3382411771660767,SIM14697,HWSDv2,"{""type"":""MultiPoint"",""coordinates"":[]}"
20200806T105619_20200806T105752_T30TXS_000000000000000004e9_0,3595,2306,1124,1482,1904,2444,3174,3522,3964,4053,5,2020-08-06,Calcaric Cambisols,46.37156653893897,-0.3805451901586974,1242,RMQS1,"{""type"":""MultiPoint"",""coordinates"":[]}"
20200806T105619_20200806T105752_T30TXS_00000000000000000530_0,3891,2867,1140,1552,2064,2459,2832,3091,3426,3362,5,2020-08-06,Calcaric Cambisols,46.06727972171567,-0.9863064831544274,1322,RMQS1,"{""type"":""MultiPoint"",""coordinates"":[]}"
20200806T105619_20200806T105752_T30TXS_00000000000000000559_0,5174,3536,1424,2010,2978,3437,3627,3944,4264,4403,5,2020-08-06,Calcaric Cambisols,45.93996642092588,-0.35914842977074507,1367,RMQS1,"{""type"":""MultiPoint"",""coordinates"":[]}"
20200806T105619_20200806T105752_T30TXS_00000000000000000476_0,3998,3282,1122,1574,1860,2384,3044,3336,3449,3461,5,2020-08-06,Eutric Cambisols,46.78638388628218,-1.0305987805233539,1116,RMQS1,"{""type"":""MultiPoint"",""coordinates"":[]}"
20200806T105619_20200806T105752_T30TXS_0000000000000000049e_0,4131,3917,836,1282,1900,2131,2273,2453,2553,2614,5,2020-08-06,Eutric Cambisols,46.642567385032066,-1.0216466052080921,1157,RMQS1,"{""type"":""MultiPoint"",""coordinates"":[]}"
20200806T105619_20200806T105752_T30TXS_000000000000000004a0_0,3231,2803,992,1468,2004,2240,2386,2535,2656,2644,5,2020-08-06,Eutric Cambisols,46.65410133385252,-0.6039233335935068,1159,RMQS1,"{""type"":""MultiPoint"",""coordinates"":[]}"
20200806T105619_20200806T105752_T30TXS_000000000000000004c5_0,2871,1909,612,930,1134,1488,2103,2406,2564,2668,5,2020-08-06,Eutric Cambisols,46.504690527674455,-0.8044552022302291,1198,RMQS1,"{""type"":""MultiPoint"",""coordinates"":[]}"
20200806T105619_20200806T105752_T30TXS_0000000000000000050c_0,2906,1993,535,833,1056,1640,2203,2483,2956,2825,5,2020-08-06,Eutric Cambisols,46.19814341135635,-1.4093118441587542,1279,RMQS1,"{""type"":""MultiPoint"",""coordinates"":[]}"
20200806T105619_20200806T105752_T30TXS_0000000000000000044d_0,4076,3499,1094,1630,2142,2502,2752,2868,3076,3125,5,2020-08-06,Eutric Stagnosols,46.91706583511698,-1.4593579521044344,1070,RMQS1,"{""type"":""MultiPoint"",""coordinates"":[]}"
20200806T105619_20200806T105752_T30TXS_00000000000000000473_0,2404,1880,806,990,1094,1362,1753,1983,2367,2103,5,2020-08-06,Eutric Stagnosols,46.76616538875665,-1.658487214209225,1113,RMQS1,"{""type"":""MultiPoint"",""coordinates"":[]}"
20200806T105619_20200806T105752_T30TXS_000000000000000004c3_0,3218,2139,763,1092,1412,1628,2552,2868,2988,3128,5,2020-08-06,Haplic Luvisols,46.492423512732024,-1.2209811254960148,1196,RMQS1,"{""type"":""MultiPoint"",""coordinates"":[]}"
20200806T105619_20200806T105752_T30TXS_0000000000000000044c_0,4234,3560,1178,1544,1994,2396,2676,2956,3194,3251,5,2020-08-06,Luvic Stagnosols,46.90992528077999,-1.66915941877578,1069,RMQS1,"{""type"":""MultiPoint"",""coordinates"":[]}"
20200806T105619_20200806T105752_T30TXS_0000000000000000049b_0,2554,1944,763,941,1054,1308,1651,1938,1960,2065,5,2020-08-06,Regosols (Colluvic),46.622401223318654,-1.6478714452070151,1154,RMQS1,"{""type"":""MultiPoint"",""coordinates"":[]}"
20200806T105619_20200806T105752_T30TXS_00000000000000000531_0,3999,2587,796,1182,1744,2568,3221,3542,3868,4061,5,2020-08-06,Regosols (Colluvic),46.07317598662114,-0.7796609584742306,1323,RMQS1,"{""type"":""MultiPoint"",""coordinates"":[]}"
20200806T105619_20200806T105752_T30TXS_000000000000000004e8_0,3435,3088,810,1234,1852,2031,2171,2332,2450,2475,5,2020-08-06,Rendzic Leptosols,46.36639999485048,-0.5883667267716697,1241,RMQS1,"{""type"":""MultiPoint"",""coordinates"":[]}"
20200806T105619_20200806T105752_T30TXS_00000000000000000510_0,2954,2271,729,1224,1564,1935,2251,2423,2512,2579,5,2020-08-06,Rendzic Leptosols,46.22770007987587,-0.37337542741971824,1284,RMQS1,"{""type"":""MultiPoint"",""coordinates"":[]}"
20200806T105619_20200806T105752_T30TXS_00000000000000000532_0,4272,3479,1104,1600,2294,2588,2799,2982,3112,3228,5,2020-08-06,Rendzic Leptosols,46.07869390365567,-0.5729721220741497,1324,RMQS1,"{""type"":""MultiPoint"",""coordinates"":[]}"
20200806T105619_20200806T105752_T30TXS_000000000000000004e5_0,1862,1207,662,1005,941,1405,1672,1680,1896,2016,5,2020-08-06,Tidalic Fluvisols,46.348618271721726,-1.211573918982826,1238,RMQS1,"{""type"":""MultiPoint"",""coordinates"":[]}"
20200806T105619_20200806T105752_T30TXT_000000000000000003a5_0,2554,1872,865,1058,1200,1512,1910,2227,2586,2415,5,2020-08-06,Calcaric Cambisols,47.52237647548992,-0.43929102008346294,890,RMQS1,"{""type"":""MultiPoint"",""coordinates"":[]}"
20200806T105619_20200806T105752_T30TXT_00000000000000000425_0,4161,3112,821,1048,1436,1768,2094,2398,2614,2819,5,2020-08-06,Dystric Cambisols,47.07400274117138,-1.0486456169071017,1028,RMQS1,"{""type"":""MultiPoint"",""coordinates"":[]}"
20200806T105619_20200806T105752_T30TXT_00000000000000000343_0,4302,3847,1368,1920,2458,2766,2891,3082,3187,3272,5,2020-08-06,Eutric Cambisols,47.799012047458824,-0.8812451601965309,784,RMQS1,"{""type"":""MultiPoint"",""coordinates"":[]}"
20200806T105619_20200806T105752_T30TXT_00000000000000000346_0,2926,1830,634,999,1600,1928,2182,2457,2769,2879,5,2020-08-06,Eutric Cambisols,47.814923149860995,-0.2408778511839764,787,RMQS1,"{""type"":""MultiPoint"",""coordinates"":[]}"
20200806T105619_20200806T105752_T30TXT_000000000000000003a3_0,4306,4042,1220,1764,2216,2533,2748,2980,3082,3182,5,2020-08-06,Eutric Cambisols,47.5114371856529,-0.8638591780283975,888,RMQS1,"{""type"":""MultiPoint"",""coordinates"":[]}"
20200806T105619_20200806T105752_T30TXT_000000000000000003a6_0,3860,2499,838,1240,1762,2227,2693,3047,3305,3466,5,2020-08-06,Eutric Cambisols,47.52726373661135,-0.22694380944694587,891,RMQS1,"{""type"":""MultiPoint"",""coordinates"":[]}"
20200806T105619_20200806T105752_T30TXT_000000000000000003ce_0,4246,3258,1072,1472,2118,2396,2613,2863,3216,3181,5,2020-08-06,Eutric Cambisols,47.34836494238278,-1.4900282927971908,936,RMQS1,"{""type"":""MultiPoint"",""coordinates"":[]}"
20200806T105619_20200806T105752_T30TXT_000000000000000003fd_0,4275,3669,1230,1844,2466,2766,2883,3081,3262,3249,5,2020-08-06,Eutric Cambisols,47.22382482347914,-0.846661047954409,984,RMQS1,"{""type"":""MultiPoint"",""coordinates"":[]}"
20200806T105619_20200806T105752_T30TXT_00000000000000000451_0,4923,4283,1156,1582,2232,2606,2781,3050,3266,3367,5,2020-08-06,Eutric Cambisols,46.9417895615141,-0.6196452491549915,1074,RMQS1,"{""type"":""MultiPoint"",""coordinates"":[]}"
20200806T105619_20200806T105752_T30TXT_00000000000000000452_0,4422,2892,1026,1404,1990,2331,2691,3026,3370,3423,5,2020-08-06,Eutric Cambisols,46.94700987629724,-0.4096035481119666,1075,RMQS1,"{""type"":""MultiPoint"",""coordinates"":[]}"
20200806T105619_20200806T105752_T30TXT_000000000000000003a2_0,4263,3865,1344,1700,2132,2428,2586,2771,2963,3115,5,2020-08-06,Eutric Planosols,47.5053851233505,-1.0760766183038721,887,RMQS1,"{""type"":""MultiPoint"",""coordinates"":[]}"
20200806T105619_20200806T105752_T30TXT_00000000000000000423_0,4180,3252,658,810,1176,1451,1593,1817,2011,2275,5,2020-08-06,Eutric Stagnosols,47.06083858674182,-1.4695277327144516,1026,RMQS1,"{""type"":""MultiPoint"",""coordinates"":[]}"
20200806T105619_20200806T105752_T30TXT_00000000000000000424_0,4139,2820,641,912,1326,1727,2097,2371,2674,2813,5,2020-08-06,Eutric Stagnosols,47.06761295752735,-1.2591121383324968,1027,RMQS1,"{""type"":""MultiPoint"",""coordinates"":[]}"
20200806T105619_20200806T105752_T30TXT_0000000000000000044d_0,4068,3492,1092,1626,2130,2481,2748,2863,3073,3119,5,2020-08-06,Eutric Stagnosols,46.91706583511698,-1.4593579521044344,1070,RMQS1,"{""type"":""MultiPoint"",""coordinates"":[]}"
20200806T105619_20200806T105752_T30TXT_000000000000000003d2_0,3686,2376,715,1005,1274,1796,2344,2657,2800,3019,5,2020-08-06,Fluvic Cambisols,47.373283735905275,-0.6435446460553932,940,RMQS1,"{""type"":""MultiPoint"",""coordinates"":[]}"
20200806T105619_20200806T105752_T30TXT_00000000000000000341_0,3713,2659,753,1064,1270,2094,2591,2958,3254,3299,5,2020-08-06,Luvic Cambisols,47.78645279596832,-1.3079284435771275,782,RMQS1,"{""type"":""MultiPoint"",""coordinates"":[]}"
20200806T105619_20200806T105752_T30TXT_000000000000000003a1_0,4027,2883,1020,1462,1956,2374,2901,3219,3588,3688,5,2020-08-06,Luvic Stagnosols,47.498944685775584,-1.28824436436936,886,RMQS1,"{""type"":""MultiPoint"",""coordinates"":[]}"
20200806T105619_20200806T105752_T30TXT_000000000000000003a4_0,3680,2987,1062,1582,1926,2484,2709,2912,2907,3123,5,2020-08-06,Luvic Stagnosols,47.51710088226913,-0.6515964560312686,889,RMQS1,"{""type"":""MultiPoint"",""coordinates"":[]}"
20200806T105619_20200806T105752_T30TXT_00000000000000000426_0,4153,2890,666,908,1404,1716,1969,2270,2532,2788,5,2020-08-06,Luvic Stagnosols,47.0800075627226,-0.8381303482474657,1029,RMQS1,"{""type"":""MultiPoint"",""coordinates"":[]}"
20200806T105619_20200806T105752_T30TXT_00000000000000000427_0,4501,3137,928,1276,1794,2230,2631,2968,3301,3529,5,2020-08-06,Luvic Stagnosols,47.08562684884006,-0.6275691659890881,1030,RMQS1,"{""type"":""MultiPoint"",""coordinates"":[]}"
20200806T105619_20200806T105752_T30TXT_0000000000000000044c_0,4228,3559,1174,1538,1986,2386,2668,2950,3177,3247,5,2020-08-06,Luvic Stagnosols,46.90992528077999,-1.66915941877578,1069,RMQS1,"{""type"":""MultiPoint"",""coordinates"":[]}"
20200806T105619_20200806T105752_T30TXT_00000000000000000345_0,4341,3832,1332,1944,2552,2847,3014,3244,3288,3464,5,2020-08-06,Umbric Leptosols,47.810009864546274,-0.45437452705414894,786,RMQS1,"{""type"":""MultiPoint"",""coordinates"":[]}"
20200806T105619_20200806T105752_T30TXT_00000000000000000450_0,4283,2955,819,1158,1666,2066,2384,2710,3028,3155,5,2020-08-06,Umbric Leptosols,46.93618477307166,-0.8296446531767723,1073,RMQS1,"{""type"":""MultiPoint"",""coordinates"":[]}"
20200806T105619_20200806T105752_T30TYN_0000000000000000084c_0,3653,2629,700,1072,1386,1880,2349,2608,2808,2868,5,2020-08-06,Eutric Cambisols,43.21642624564816,0.16184093803944713,2184,RMQS1,"{""type"":""MultiPoint"",""coordinates"":[]}"
20200806T105619_20200806T105752_T30TYN_0000000000000000084a_0,2495,1955,648,899,1000,1208,1704,1959,2002,2228,5,2020-08-06,Skeletic Leptosols,43.20775050994949,-0.23107639245802053,2182,RMQS1,"{""type"":""MultiPoint"",""coordinates"":[]}"
20200806T105619_20200806T105752_T30TYP_000000000000000007b0_0,4003,2456,883,1332,1926,2325,2839,2945,3580,3709,5,2020-08-06,Eutric Cambisols,43.79522514265497,0.3383439567382782,2009,RMQS1,"{""type"":""MultiPoint"",""coordinates"":[]}"
20200806T105619_20200806T105752_T30TYP_00000000000000000759_0,3542,2350,833,1202,1676,2041,2516,2767,3000,3143,5,2020-08-06,Haplic Luvisols,44.08281502778731,0.32819314039789665,1916,RMQS1,"{""type"":""MultiPoint"",""coordinates"":[]}"
20200806T105619_20200806T105752_T30TYP_00000000000000000803_0,2972,1852,498,699,1018,1352,1808,2103,2458,2520,5,2020-08-06,Haplic Luvisols,43.50387423018247,0.1509055164147366,2100,RMQS1,"{""type"":""MultiPoint"",""coordinates"":[]}"
20200806T105619_20200806T105752_T30TYQ_0000000000000000063e_0,3605,2411,718,1018,1442,1808,2223,2504,2759,2966,5,2020-08-06,Haplic Luvisols,45.07682572428559,-0.317346758335372,1614,RMQS1,"{""type"":""MultiPoint"",""coordinates"":[]}"
20200806T105619_20200806T105752_T30TYQ_00000000000000000641_0,3984,2402,695,1032,1454,1893,2386,2668,3240,3279,5,2020-08-06,Haplic Luvisols,45.08973181236325,0.2918435407221803,1617,RMQS1,"{""type"":""MultiPoint"",""coordinates"":[]}"
20200806T105619_20200806T105752_T30TYQ_0000000000000000068c_0,3959,2607,713,1068,1478,1922,2383,2722,3052,3214,5,2020-08-06,Haplic Luvisols,44.789155867083174,-0.3036999732697204,1697,RMQS1,"{""type"":""MultiPoint"",""coordinates"":[]}"
20200806T105619_20200806T105752_T30TYQ_0000000000000000068e_0,2563,2125,659,1064,1440,1683,1892,2007,2082,2131,5,2020-08-06,Haplic Luvisols,44.798084038586595,0.1003104414595138,1699,RMQS1,"{""type"":""MultiPoint"",""coordinates"":[]}"
20200806T105619_20200806T105752_T30TYQ_000000000000000006b7_0,3659,2445,879,1208,1670,1881,2350,2629,2874,2911,5,2020-08-06,Haplic Luvisols,44.66167066056686,0.5091410357468154,1744,RMQS1,"{""type"":""MultiPoint"",""coordinates"":[]}"
20200806T105619_20200806T105752_T30TYQ_000000000000000006b8_0,3501,2759,1044,1534,1988,2126,2291,2457,2664,2650,5,2020-08-06,Haplic Luvisols,44.664832562379004,0.7107266218471442,1745,RMQS1,"{""type"":""MultiPoint"",""coordinates"":[]}"
20200806T105619_20200806T105752_T30TYQ_000000000000000006dd_0,3362,2779,986,1490,2030,2209,2404,2547,2796,2715,5,2020-08-06,Haplic Luvisols,44.51781425187794,0.5138181479053451,1786,RMQS1,"{""type"":""MultiPoint"",""coordinates"":[]}"
20200806T105619_20200806T105752_T30TYR_00000000000000000062_0,4331,3701,1234,1814,2546,2887,2982,3190,3269,3346,5,2020-08-06,Calcaric Cambisols,45.9412014057957,0.065289686897003,SIM30965,HWSDv2,"{""type"":""MultiPoint"",""coordinates"":[]}"
20200806T105619_20200806T105752_T30TYR_00000000000000000559_0,5156,3524,1454,2008,2946,3411,3605,3926,4228,4364,5,2020-08-06,Calcaric Cambisols,45.93996642092588,-0.35914842977074507,1367,RMQS1,"{""type"":""MultiPoint"",""coordinates"":[]}"
20200806T105619_20200806T105752_T30TYR_0000000000000000055a_0,2635,1767,786,1126,1358,1549,2026,2360,2641,2502,5,2020-08-06,Calcaric Cambisols,45.944714618679825,-0.15292400530684933,1368,RMQS1,"{""type"":""MultiPoint"",""coordinates"":[]}"
20200806T105619_20200806T105752_T30TYR_0000000000000000055c_0,3411,2185,722,1204,1504,2254,2946,3297,3520,3609,5,2020-08-06,Calcaric Cambisols,45.953079172109106,0.25962637648263687,1370,RMQS1,"{""type"":""MultiPoint"",""coordinates"":[]}"
20200806T105619_20200806T105752_T30TYR_0000000000000000057f_0,2833,2016,904,1158,1304,1697,2223,2546,2592,2821,5,2020-08-06,Calcaric Cambisols,45.796101290683936,-0.35209062396110746,1408,RMQS1,"{""type"":""MultiPoint"",""coordinates"":[]}"
20200806T105619_20200806T105752_T30TYR_00000000000000000580_0,3675,3000,1084,1606,2288,2479,2654,2902,3066,3002,5,2020-08-06,Calcaric Cambisols,45.80083722296923,-0.1464050002597506,1409,RMQS1,"{""type"":""MultiPoint"",""coordinates"":[]}"
20200806T105619_20200806T105752_T30TYR_000000000000000005a2_0,3339,2642,811,1194,1426,2198,2805,3090,3341,3402,5,2020-08-06,Calcaric Cambisols,45.65223876933945,-0.3450692344122223,1448,RMQS1,"{""type"":""MultiPoint"",""coordinates"":[]}"
20200806T105619_20200806T105752_T30TYR_000000000000000005a4_0,3836,2538,1028,1562,2626,3120,3459,3780,4188,4212,5,2020-08-06,Calcaric Cambisols,45.66131000624331,0.0652636300268976,1450,RMQS1,"{""type"":""MultiPoint"",""coordinates"":[]}"
20200806T105619_20200806T105752_T30TYR_000000000000000005a5_0,3328,2419,904,1380,1798,2182,2533,2693,2886,3015,5,2020-08-06,Calcaric Cambisols,45.66528210595559,0.2704780405947115,1451,RMQS1,"{""type"":""MultiPoint"",""coordinates"":[]}"
20200806T105619_20200806T105752_T30TYR_000000000000000005c8_0,3470,2664,1258,1586,2048,2263,2376,2564,2762,2815,5,2020-08-06,Calcaric Cambisols,45.513089622659,-0.13346799206529747,1490,RMQS1,"{""type"":""MultiPoint"",""coordinates"":[]}"
20200806T105619_20200806T105752_T30TYR_000000000000000005ef_0,3719,3196,1542,1824,2154,2331,2539,2721,2909,2830,5,2020-08-06,Calcaric Cambisols,45.364523031408005,-0.3311353413334857,1531,RMQS1,"{""type"":""MultiPoint"",""coordinates"":[]}"
20200806T105619_20200806T105752_T30TYR_000000000000000005f2_0,2880,1793,591,830,1054,1384,1862,2072,2533,2516,5,2020-08-06,Calcaric Cambisols,45.377496694565295,0.2812171796581916,1534,RMQS1,"{""type"":""MultiPoint"",""coordinates"":[]}"
20200806T105619_20200806T105752_T30TYR_00000000000000000583_0,3425,2180,644,928,1338,1866,2092,2364,2784,2964,5,2020-08-06,Eutric Cambisols,45.81278557747988,0.47084500606826707,1412,RMQS1,"{""type"":""MultiPoint"",""coordinates"":[]}"
20200806T105619_20200806T105752_T30TYR_000000000000000005a6_0,3652,2386,673,933,1346,1706,2337,2721,3029,3234,5,2020-08-06,Eutric Cambisols,45.66887858588699,0.4757203299904939,1452,RMQS1,"{""type"":""MultiPoint"",""coordinates"":[]}"
20200806T105619_20200806T105752_T30TYR_000000000000000005f1_0,4083,2945,1092,1510,2192,2511,2745,2956,3256,3326,5,2020-08-06,Eutric Cambisols,45.373545582811104,0.07706807018069811,1533,RMQS1,"{""type"":""MultiPoint"",""coordinates"":[]}"
20200806T105619_20200806T105752_T30TYR_00000000000000000584_0,3449,2191,398,618,807,1468,1954,2438,2514,2807,5,2020-08-06,Haplic Luvisols,45.816014933581755,0.6766496884652615,1413,RMQS1,"{""type"":""MultiPoint"",""coordinates"":[]}"
20200806T105619_20200806T105752_T30TYR_0000000000000000063e_0,3586,2400,722,1016,1432,1793,2212,2496,2750,2949,5,2020-08-06,Haplic Luvisols,45.07682572428559,-0.317346758335372,1614,RMQS1,"{""type"":""MultiPoint"",""coordinates"":[]}"
20200806T105619_20200806T105752_T30TYR_00000000000000000641_0,3976,2401,696,1024,1432,1876,2384,2667,3209,3266,5,2020-08-06,Haplic Luvisols,45.08973181236325,0.2918435407221803,1617,RMQS1,"{""type"":""MultiPoint"",""coordinates"":[]}"
20200806T105619_20200806T105752_T30TYR_0000000000000000055b_0,3564,2923,829,1290,2010,2266,2366,2475,2598,2603,5,2020-08-06,Rendzic Leptosols,45.94908569567597,0.0533355420428352,1369,RMQS1,"{""type"":""MultiPoint"",""coordinates"":[]}"
20200806T105619_20200806T105752_T30TYR_00000000000000000582_0,3942,3397,937,1396,2116,2409,2561,2709,2818,2878,5,2020-08-06,Rendzic Leptosols,45.809179554957446,0.2650661302913653,1411,RMQS1,"{""type"":""MultiPoint"",""coordinates"":[]}"
20200806T105619_20200806T105752_T30TYR_00000000000000000028_0,2997,2524,1040,1346,1548,1594,2036,2373,2630,2493,5,2020-08-06,Eutric Fluvisols,45.89861111,0.00277778,68782,{WD-WISE},"{""type"":""MultiPoint"",""coordinates"":[]}"
20200806T105619_20200806T105752_T30TYR_00000000000000000015_0,2743,1984,780,977,1358,1329,2284,2672,2749,2891,5,2020-08-06,Lithic Leptosols,45.76527778,0.24722222,68783,"{WD-eSOTER,WD-WISE}","{""type"":""MultiPoint"",""coordinates"":[]}"
20200806T105619_20200806T105752_T30TYS_00000000000000000047_0,4146,2882,1342,1766,2422,2778,3008,3215,3416,3553,5,2020-08-06,Calcaric Cambisols,46.824972900619045,0.04966733955390921,SIM21316,HWSDv2,"{""type"":""MultiPoint"",""coordinates"":[]}"
20200806T105619_20200806T105752_T30TYS_0000000000000000005e_0,3965,2676,963,1358,1884,2063,2403,2699,3154,3066,5,2020-08-06,Calcaric Cambisols,46.50806450849034,0.9910526900588258,SIM48183,HWSDv2,"{""type"":""MultiPoint"",""coordinates"":[]}"
20200806T105619_20200806T105752_T30TYS_00000000000000000062_0,4334,3707,1230,1810,2556,2891,2983,3191,3276,3358,5,2020-08-06,Calcaric Cambisols,45.9412014057957,0.065289686897003,SIM30965,HWSDv2,"{""type"":""MultiPoint"",""coordinates"":[]}"
20200806T105619_20200806T105752_T30TYS_00000000000000000038_0,4249,2733,955,1364,1932,2339,2910,3285,3526,3729,5,2020-08-06,Dystric Cambisols,46.480134993254126,-0.3465850028819951,SIM96304,HWSDv2,"{""type"":""MultiPoint"",""coordinates"":[]}"
20200806T105619_20200806T105752_T30TYS_0000000000000000008f_0,3934,2585,724,1020,1388,1953,2480,2889,3272,3433,5,2020-08-06,Dystric Cambisols,46.77832542777133,-0.3382411771660767,SIM14697,HWSDv2,"{""type"":""MultiPoint"",""coordinates"":[]}"
20200806T105619_20200806T105752_T30TYS_0000000000000000047a_0,4525,3161,1168,1534,2170,2497,2863,3168,3474,3631,5,2020-08-06,Calcaric Cambisols,46.807977527995845,-0.1927610664429544,1120,RMQS1,"{""type"":""MultiPoint"",""coordinates"":[]}"
20200806T105619_20200806T105752_T30TYS_0000000000000000047b_0,3850,2435,778,999,1404,1705,1958,2185,2484,2637,5,2020-08-06,Calcaric Cambisols,46.81241770986821,0.0167940237217408,1121,RMQS1,"{""type"":""MultiPoint"",""coordinates"":[]}"
20200806T105619_20200806T105752_T30TYS_000000000000000004a4_0,2797,1866,651,1180,1368,1910,2645,2941,3086,3106,5,2020-08-06,Calcaric Cambisols,46.67258035875013,0.23199594562391013,1163,RMQS1,"{""type"":""MultiPoint"",""coordinates"":[]}"
20200806T105619_20200806T105752_T30TYS_000000000000000004e9_0,3586,2302,1146,1488,1896,2429,3156,3508,3936,4025,5,2020-08-06,Calcaric Cambisols,46.37156653893897,-0.3805451901586974,1242,RMQS1,"{""type"":""MultiPoint"",""coordinates"":[]}"
20200806T105619_20200806T105752_T30TYS_00000000000000000534_0,4450,3609,1254,1830,2604,2868,3033,3213,3470,3502,5,2020-08-06,Calcaric Cambisols,46.08859385191447,-0.1594768947852432,1326,RMQS1,"{""type"":""MultiPoint"",""coordinates"":[]}"
20200806T105619_20200806T105752_T30TYS_00000000000000000559_0,5158,3530,1446,2006,2946,3412,3609,3925,4236,4375,5,2020-08-06,Calcaric Cambisols,45.93996642092588,-0.35914842977074507,1367,RMQS1,"{""type"":""MultiPoint"",""coordinates"":[]}"
20200806T105619_20200806T105752_T30TYS_0000000000000000055a_0,2638,1770,776,1122,1356,1549,2026,2357,2648,2501,5,2020-08-06,Calcaric Cambisols,45.944714618679825,-0.15292400530684933,1368,RMQS1,"{""type"":""MultiPoint"",""coordinates"":[]}"
20200806T105619_20200806T105752_T30TYS_0000000000000000055c_0,3413,2183,712,1198,1506,2255,2948,3299,3522,3616,5,2020-08-06,Calcaric Cambisols,45.953079172109106,0.25962637648263687,1370,RMQS1,"{""type"":""MultiPoint"",""coordinates"":[]}"
20200806T105619_20200806T105752_T30TYS_000000000000000004a2_0,3845,3232,1092,1556,2086,2312,2457,2644,2767,2805,5,2020-08-06,Eutric Cambisols,46.66410545174147,-0.1860336665629188,1161,RMQS1,"{""type"":""MultiPoint"",""coordinates"":[]}"
20200806T105619_20200806T105752_T30TYS_000000000000000004a5_0,3970,3219,1076,1622,2312,2551,2698,2868,3008,3058,5,2020-08-06,Eutric Cambisols,46.67624425670514,0.4410565506621489,1164,RMQS1,"{""type"":""MultiPoint"",""coordinates"":[]}"
20200806T105619_20200806T105752_T30TYS_000000000000000004a7_0,3934,2749,1034,1474,2180,2501,2676,2893,3194,3256,5,2020-08-06,Eutric Cambisols,46.68242330115931,0.8592545683175709,1166,RMQS1,"{""type"":""MultiPoint"",""coordinates"":[]}"
20200806T105619_20200806T105752_T30TYS_000000000000000004eb_0,3543,2362,827,1162,1514,1960,2486,2773,2998,3083,5,2020-08-06,Eutric Cambisols,46.380758268333096,0.035208723464946995,1244,RMQS1,"{""type"":""MultiPoint"",""coordinates"":[]}"
20200806T105619_20200806T105752_T30TYS_00000000000000000511_0,3994,2819,1126,1628,2364,2443,2791,2893,3533,3389,5,2020-08-06,Eutric Cambisols,46.232473574319876,-0.1660639103129587,1285,RMQS1,"{""type"":""MultiPoint"",""coordinates"":[]}"
20200806T105619_20200806T105752_T30TYS_00000000000000000535_0,4755,3262,1344,1876,2696,3127,3337,3650,4038,4096,5,2020-08-06,Eutric Cambisols,46.09297615641257,0.04732481199581941,1327,RMQS1,"{""type"":""MultiPoint"",""coordinates"":[]}"
20200806T105619_20200806T105752_T30TYS_00000000000000000539_0,3555,2207,481,756,996,1493,2037,2465,2856,2818,5,2020-08-06,Eutric Cambisols,46.106719349469095,0.8748159579529682,1331,RMQS1,"{""type"":""MultiPoint"",""coordinates"":[]}"
20200806T105619_20200806T105752_T30TYS_0000000000000000047d_0,2253,1613,697,1284,1194,1899,2507,2697,2928,2840,5,2020-08-06,Haplic Luvisols,46.82014893841074,0.43599984899138555,1123,RMQS1,"{""type"":""MultiPoint"",""coordinates"":[]}"
20200806T105619_20200806T105752_T30TYS_000000000000000004ca_0,3823,2804,902,1296,1728,1909,2548,2839,3338,3300,5,2020-08-06,Haplic Luvisols,46.52868315472322,0.2375799776288461,1203,RMQS1,"{""type"":""MultiPoint"",""coordinates"":[]}"
20200806T105619_20200806T105752_T30TYS_000000000000000004cb_0,3102,2201,697,1042,1244,1714,2335,2756,2585,3042,5,2020-08-06,Haplic Luvisols,46.532337162248965,0.4460865612049353,1204,RMQS1,"{""type"":""MultiPoint"",""coordinates"":[]}"
20200806T105619_20200806T105752_T30TYS_00000000000000000515_0,3614,2258,596,837,1170,1610,2166,2507,2774,2989,5,2020-08-06,Haplic Luvisols,46.247771765350535,0.6635006352149346,1289,RMQS1,"{""type"":""MultiPoint"",""coordinates"":[]}"
20200806T105619_20200806T105752_T30TYS_000000000000000004a3_0,3871,3434,963,1404,1988,2348,2589,2711,2862,3006,5,2020-08-06,Luvic Cambisols,46.66853388036982,0.022964816140841896,1162,RMQS1,"{""type"":""MultiPoint"",""coordinates"":[]}"
20200806T105619_20200806T105752_T30TYS_000000000000000004c9_0,3645,2290,607,940,1164,1749,2355,2721,2846,3044,5,2020-08-06,Luvic Cambisols,46.52464730282354,0.0291027779705774,1202,RMQS1,"{""type"":""MultiPoint"",""coordinates"":[]}"
20200806T105619_20200806T105752_T30TYS_000000000000000004ee_0,3751,2292,686,987,1464,1851,2221,2573,2896,3067,5,2020-08-06,Luvic Cambisols,46.39169124444395,0.65907171951279,1247,RMQS1,"{""type"":""MultiPoint"",""coordinates"":[]}"
20200806T105619_20200806T105752_T30TYS_000000000000000004ef_0,4037,2818,1172,1614,2320,2441,2751,3094,3584,3537,5,2020-08-06,Luvic Cambisols,46.3945739230684,0.8670762593857257,1248,RMQS1,"{""type"":""MultiPoint"",""coordinates"":[]}"
20200806T105619_20200806T105752_T30TYS_00000000000000000513_0,4304,3646,1302,1896,2658,3021,3154,3365,3493,3609,5,2020-08-06,Luvic Cambisols,46.240882187673726,0.2486608574550119,1287,RMQS1,"{""type"":""MultiPoint"",""coordinates"":[]}"
20200806T105619_20200806T105752_T30TYS_00000000000000000538_0,4282,2687,636,962,1550,1901,2229,2504,2952,3148,5,2020-08-06,Luvic Cambisols,46.10385188704361,0.6679061388968742,1330,RMQS1,"{""type"":""MultiPoint"",""coordinates"":[]}"
20200806T105619_20200806T105752_T30TYS_00000000000000000510_0,2952,2273,778,1250,1578,1946,2257,2426,2508,2575,5,2020-08-06,Rendzic Leptosols,46.22770007987587,-0.37337542741971824,1284,RMQS1,"{""type"":""MultiPoint"",""coordinates"":[]}"
20200806T105619_20200806T105752_T30TYS_0000000000000000055b_0,3568,2926,820,1286,2012,2269,2369,2473,2598,2606,5,2020-08-06,Rendzic Leptosols,45.94908569567597,0.0533355420428352,1369,RMQS1,"{""type"":""MultiPoint"",""coordinates"":[]}"
20200806T105619_20200806T105752_T30TYT_0000000000000000007b_0,3113,2636,1392,1824,2262,2169,2929,3310,3271,3410,5,2020-08-06,Eutric Cambisols,47.264197684880784,0.28794287797433366,SIM79186,HWSDv2,"{""type"":""MultiPoint"",""coordinates"":[]}"
20200806T105619_20200806T105752_T30TYT_00000000000000000053_0,3312,2496,1164,1576,2022,2151,2385,2580,2764,2712,5,2020-08-06,Gleyic Cambisols,47.49837804877488,0.14104694691730213,SIM55438,HWSDv2,"{""type"":""MultiPoint"",""coordinates"":[]}"
20200806T105619_20200806T105752_T30TYT_0000000000000000042b_0,3266,2410,728,1044,1306,1669,2328,2652,2884,3001,5,2020-08-06,Calcaric Cambisols,47.10425287092702,0.21506484746405896,1034,RMQS1,"{""type"":""MultiPoint"",""coordinates"":[]}"
20200806T105619_20200806T105752_T30TYT_00000000000000000453_0,4228,3399,1042,1476,2126,2453,2706,2930,3108,3214,5,2020-08-06,Calcaric Cambisols,46.95184611031054,-0.1995238782819994,1076,RMQS1,"{""type"":""MultiPoint"",""coordinates"":[]}"
20200806T105619_20200806T105752_T30TYT_00000000000000000346_0,2922,1832,653,1008,1604,1931,2187,2463,2774,2878,5,2020-08-06,Eutric Cambisols,47.814923149860995,-0.2408778511839764,787,RMQS1,"{""type"":""MultiPoint"",""coordinates"":[]}"
20200806T105619_20200806T105752_T30TYT_0000000000000000037b_0,4742,3467,1090,1496,2154,2567,2882,3204,3404,3715,5,2020-08-06,Eutric Cambisols,47.68680357363322,0.6181369317170614,843,RMQS1,"{""type"":""MultiPoint"",""coordinates"":[]}"
20200806T105619_20200806T105752_T30TYT_0000000000000000037d_0,3504,2965,918,1388,1930,2223,2323,2496,2524,2599,5,2020-08-06,Eutric Cambisols,47.69231735110835,1.0443128583803534,845,RMQS1,"{""type"":""MultiPoint"",""coordinates"":[]}"
20200806T105619_20200806T105752_T30TYT_000000000000000003a6_0,3859,2498,857,1246,1760,2229,2694,3049,3300,3464,5,2020-08-06,Eutric Cambisols,47.52726373661135,-0.22694380944694587,891,RMQS1,"{""type"":""MultiPoint"",""coordinates"":[]}"
20200806T105619_20200806T105752_T30TYT_000000000000000003aa_0,3711,3199,1092,1520,2100,2367,2438,2628,2754,2815,5,2020-08-06,Eutric Cambisols,47.542927371413136,0.6227839914739651,895,RMQS1,"{""type"":""MultiPoint"",""coordinates"":[]}"
20200806T105619_20200806T105752_T30TYT_00000000000000000454_0,4227,3021,1226,1644,2368,2708,2908,3139,3378,3510,5,2020-08-06,Eutric Cambisols,46.956298171951104,0.010590911430724102,1077,RMQS1,"{""type"":""MultiPoint"",""coordinates"":[]}"
20200806T105619_20200806T105752_T30TYT_00000000000000000459_0,4227,2841,837,1134,1616,2058,2589,2934,3194,3432,5,2020-08-06,Eutric Cambisols,46.97278837529007,1.061600350806898,1082,RMQS1,"{""type"":""MultiPoint"",""coordinates"":[]}"
20200806T105619_20200806T105752_T30TYT_00000000000000000456_0,4328,3277,1498,2024,2678,2915,3059,3330,3580,3668,5,2020-08-06,Eutric Planosols,46.96405011215721,0.43091598807012294,1079,RMQS1,"{""type"":""MultiPoint"",""coordinates"":[]}"
20200806T105619_20200806T105752_T30TYT_0000000000000000042f_0,3279,2675,1350,1838,2178,2332,2831,3035,3373,3241,5,2020-08-06,Eutric Retisols,47.11670746180148,1.0581797222389806,1038,RMQS1,"{""type"":""MultiPoint"",""coordinates"":[]}"
20200806T105619_20200806T105752_T30TYT_000000000000000003d4_0,2492,1693,746,760,886,1498,1988,2459,2137,2608,5,2020-08-06,Fluvic Cambisols,47.38342028009009,-0.22003232941304118,942,RMQS1,"{""type"":""MultiPoint"",""coordinates"":[]}"
20200806T105619_20200806T105752_T30TYT_0000000000000000037c_0,4674,3179,1138,1708,2554,2956,3129,3407,3628,3876,5,2020-08-06,Haplic Luvisols,47.68975585042416,0.8312134254903143,844,RMQS1,"{""type"":""MultiPoint"",""coordinates"":[]}"
20200806T105619_20200806T105752_T30TYT_000000000000000003d7_0,3354,2194,684,926,1360,1690,2208,2590,2770,2983,5,2020-08-06,Haplic Luvisols,47.395718283839564,0.4155014966302985,945,RMQS1,"{""type"":""MultiPoint"",""coordinates"":[]}"
20200806T105619_20200806T105752_T30TYT_00000000000000000404_0,3664,2650,1200,1538,1918,1850,2706,3072,3194,3336,5,2020-08-06,Haplic Luvisols,47.25515043152472,0.6320023123013093,991,RMQS1,"{""type"":""MultiPoint"",""coordinates"":[]}"
20200806T105619_20200806T105752_T30TYT_0000000000000000047d_0,2256,1615,681,1276,1192,1899,2505,2694,2930,2845,5,2020-08-06,Haplic Luvisols,46.82014893841074,0.43599984899138555,1123,RMQS1,"{""type"":""MultiPoint"",""coordinates"":[]}"
20200806T105619_20200806T105752_T30TYT_0000000000000000042d_0,3887,2376,1076,1454,1960,2508,3081,3411,3650,3826,5,2020-08-06,Rendzic Leptosols,47.111251889494554,0.6365738313282675,1036,RMQS1,"{""type"":""MultiPoint"",""coordinates"":[]}"
20200806T105619_20200806T105752_T30TYT_00000000000000000457_0,3689,2489,842,1148,1584,1908,2278,2593,2945,3052,5,2020-08-06,Stagnic Gleysols,46.96734759548669,0.6411210616326486,1080,RMQS1,"{""type"":""MultiPoint"",""coordinates"":[]}"
20200806T105619_20200806T105752_T30UWU_0000000000000000022f_0,3727,2575,731,1114,1384,1892,2628,2894,3002,3237,5,2020-08-06,Eutric Cambisols,48.49806019403205,-1.5742748496016117,494,RMQS1,"{""type"":""MultiPoint"",""coordinates"":[]}"
20200806T105619_20200806T105752_T30UWU_00000000000000000266_0,4765,3915,1846,2162,2652,3004,3111,3344,3406,3617,5,2020-08-06,Eutric Cambisols,48.35439323790906,-1.5635404540913678,552,RMQS1,"{""type"":""MultiPoint"",""coordinates"":[]}"
20200806T105619_20200806T105752_T30UWU_0000000000000000030d_0,4396,3963,1360,1860,2478,2782,2908,3120,3284,3336,5,2020-08-06,Eutric Cambisols,47.923307990099566,-1.5316923881437936,726,RMQS1,"{""type"":""MultiPoint"",""coordinates"":[]}"
20200806T105619_20200806T105752_T30UXU_00000000000000000036_0,4652,4092,1282,1864,2644,3153,3285,3536,3421,3503,5,2020-08-06,Calcaric Cambisols,48.10907181593538,-0.735429100079324,SIM13651,HWSDv2,"{""type"":""MultiPoint"",""coordinates"":[]}"
20200806T105619_20200806T105752_T30UXU_0000000000000000008b_0,4761,3367,1134,1570,2224,2501,2726,2965,3226,3366,5,2020-08-06,Dystric Cambisols,48.52399091478998,-0.673988901502019,SIM79294,HWSDv2,"{""type"":""MultiPoint"",""coordinates"":[]}"
20200806T105619_20200806T105752_T30UXU_000000000000000001fb_0,4152,3130,901,1314,1868,2387,2501,2875,2856,3141,5,2020-08-06,Eutric Cambisols,48.67262122250813,-0.5006329176051191,439,RMQS1,"{""type"":""MultiPoint"",""coordinates"":[]}"
20200806T105619_20200806T105752_T30UXU_000000000000000001fc_0,3479,2385,651,958,1358,1722,2113,2340,2676,2750,5,2020-08-06,Eutric Cambisols,48.677612996611664,-0.2836019650586758,440,RMQS1,"{""type"":""MultiPoint"",""coordinates"":[]}"
20200806T105619_20200806T105752_T30UXU_0000000000000000022f_0,3730,2576,747,1122,1390,1897,2631,2898,3002,3237,5,2020-08-06,Eutric Cambisols,48.49806019403205,-1.5742748496016117,494,RMQS1,"{""type"":""MultiPoint"",""coordinates"":[]}"
20200806T105619_20200806T105752_T30UXU_00000000000000000266_0,4765,3916,1860,2172,2652,3009,3115,3348,3407,3619,5,2020-08-06,Eutric Cambisols,48.35439323790906,-1.5635404540913678,552,RMQS1,"{""type"":""MultiPoint"",""coordinates"":[]}"
20200806T105619_20200806T105752_T30UXU_0000000000000000026b_0,3406,2382,569,803,1104,1420,1768,2010,2231,2384,5,2020-08-06,Eutric Cambisols,48.385139338527466,-0.48504228835138363,557,RMQS1,"{""type"":""MultiPoint"",""coordinates"":[]}"
20200806T105619_20200806T105752_T30UXU_000000000000000002a3_0,3887,2662,725,964,1416,1662,1878,2142,2395,2523,5,2020-08-06,Eutric Cambisols,48.24137610155507,-0.47731133756316646,616,RMQS1,"{""type"":""MultiPoint"",""coordinates"":[]}"
20200806T105619_20200806T105752_T30UXU_0000000000000000030d_0,4392,3966,1372,1866,2484,2786,2914,3126,3286,3342,5,2020-08-06,Eutric Cambisols,47.923307990099566,-1.5316923881437936,726,RMQS1,"{""type"":""MultiPoint"",""coordinates"":[]}"
20200806T105619_20200806T105752_T30UXU_00000000000000000310_0,3946,2730,805,1102,1508,2022,2591,2971,3264,3399,5,2020-08-06,Eutric Cambisols,47.942784081852714,-0.8900089523521216,729,RMQS1,"{""type"":""MultiPoint"",""coordinates"":[]}"
20200806T105619_20200806T105752_T30UXU_00000000000000000312_0,4747,3433,1234,1792,2492,2882,3087,3386,3554,3722,5,2020-08-06,Eutric Cambisols,47.95381065424751,-0.4619779530939299,731,RMQS1,"{""type"":""MultiPoint"",""coordinates"":[]}"
20200806T105619_20200806T105752_T30UXU_00000000000000000343_0,4301,3850,1354,1906,2446,2758,2890,3085,3186,3266,5,2020-08-06,Eutric Cambisols,47.799012047458824,-0.8812451601965309,784,RMQS1,"{""type"":""MultiPoint"",""coordinates"":[]}"
20200806T105619_20200806T105752_T30UXU_00000000000000000346_0,2926,1833,633,996,1594,1927,2183,2457,2764,2872,5,2020-08-06,Eutric Cambisols,47.814923149860995,-0.2408778511839764,787,RMQS1,"{""type"":""MultiPoint"",""coordinates"":[]}"
20200806T105619_20200806T105752_T30UXU_00000000000000000231_0,4406,3408,1076,1442,1960,2303,2443,2710,2918,3039,5,2020-08-06,Luvic Cambisols,48.51157877989991,-1.1418468732737403,496,RMQS1,"{""type"":""MultiPoint"",""coordinates"":[]}"
20200806T105619_20200806T105752_T30UXU_000000000000000002a0_0,3672,2529,686,930,1316,1727,2085,2357,2576,2728,5,2020-08-06,Luvic Cambisols,48.22415840796734,-1.12279553866679,613,RMQS1,"{""type"":""MultiPoint"",""coordinates"":[]}"
20200806T105619_20200806T105752_T30UXU_00000000000000000341_0,3711,2655,744,1058,1266,2089,2592,2958,3248,3295,5,2020-08-06,Luvic Cambisols,47.78645279596832,-1.3079284435771275,782,RMQS1,"{""type"":""MultiPoint"",""coordinates"":[]}"
20200806T105619_20200806T105752_T30UXU_00000000000000000313_0,4286,3007,817,1130,1586,1973,2549,2926,3186,3438,5,2020-08-06,Stagnic Gleysols,47.95873693195089,-0.24789978942991164,732,RMQS1,"{""type"":""MultiPoint"",""coordinates"":[]}"
20200806T105619_20200806T105752_T30UXU_00000000000000000345_0,4340,3833,1318,1932,2532,2841,3011,3246,3282,3460,5,2020-08-06,Umbric Leptosols,47.810009864546274,-0.45437452705414894,786,RMQS1,"{""type"":""MultiPoint"",""coordinates"":[]}"
20200806T105619_20200806T105752_T30UXV_00000000000000000145_0,3740,2533,735,1028,1420,1832,2268,2576,2902,3046,5,2020-08-06,Calcaric Cambisols,49.2524296158639,-0.3128849334520717,226,RMQS1,"{""type"":""MultiPoint"",""coordinates"":[]}"
20200806T105619_20200806T105752_T30UXV_00000000000000000122_0,3669,2432,817,1176,1610,2097,2691,3071,3288,3484,5,2020-08-06,Eutric Cambisols,49.37970404115264,-0.9803628221626265,184,RMQS1,"{""type"":""MultiPoint"",""coordinates"":[]}"
20200806T105619_20200806T105752_T30UXV_00000000000000000143_0,3634,2369,719,1021,1344,1903,2371,2696,2922,2970,5,2020-08-06,Eutric Cambisols,49.2419384339,-0.7517416597964705,224,RMQS1,"{""type"":""MultiPoint"",""coordinates"":[]}"
20200806T105619_20200806T105752_T30UXV_0000000000000000016a_0,4423,3040,1004,1460,2074,2646,2989,3280,3500,3736,5,2020-08-06,Eutric Cambisols,49.10372135344036,-0.5243437661677463,268,RMQS1,"{""type"":""MultiPoint"",""coordinates"":[]}"
20200806T105619_20200806T105752_T30UXV_00000000000000000193_0,3820,2814,783,1168,1512,1915,2395,2622,2844,2909,5,2020-08-06,Eutric Cambisols,48.95462129578324,-0.7345870226619744,319,RMQS1,"{""type"":""MultiPoint"",""coordinates"":[]}"
20200806T105619_20200806T105752_T30UXV_000000000000000001c4_0,4422,3267,939,1314,1734,2294,2510,2817,2986,3146,5,2020-08-06,Eutric Cambisols,48.80513502542613,-0.9436204974409174,376,RMQS1,"{""type"":""MultiPoint"",""coordinates"":[]}"
20200806T105619_20200806T105752_T30UXV_000000000000000001c6_0,4052,3526,745,1034,1484,1738,1919,2116,2354,2472,5,2020-08-06,Eutric Cambisols,48.816338549781854,-0.5084927986950427,378,RMQS1,"{""type"":""MultiPoint"",""coordinates"":[]}"
20200806T105619_20200806T105752_T30UXV_000000000000000001c7_0,4469,3330,1188,1674,2270,2577,2887,3176,3422,3496,5,2020-08-06,Eutric Cambisols,48.82134371529216,-0.2908618354209411,379,RMQS1,"{""type"":""MultiPoint"",""coordinates"":[]}"
20200806T105619_20200806T105752_T30UXV_000000000000000001fb_0,4154,3129,896,1312,1868,2388,2501,2874,2858,3140,5,2020-08-06,Eutric Cambisols,48.67262122250813,-0.5006329176051191,439,RMQS1,"{""type"":""MultiPoint"",""coordinates"":[]}"
20200806T105619_20200806T105752_T30UXV_000000000000000001fc_0,3478,2386,645,954,1356,1723,2113,2340,2674,2750,5,2020-08-06,Eutric Cambisols,48.677612996611664,-0.2836019650586758,440,RMQS1,"{""type"":""MultiPoint"",""coordinates"":[]}"
20200806T105619_20200806T105752_T30UXV_00000000000000000192_0,4104,3066,804,1158,1732,2016,2405,2716,3044,3177,5,2020-08-06,Haplic Luvisols,48.94880481462289,-0.9527299848377266,318,RMQS1,"{""type"":""MultiPoint"",""coordinates"":[]}"
20200806T105619_20200806T105752_T30UXV_0000000000000000016b_0,3779,3125,1078,1496,2200,2444,2581,2758,3020,3016,5,2020-08-06,Luvic Cambisols,49.108752955288054,-0.30550346048347665,269,RMQS1,"{""type"":""MultiPoint"",""coordinates"":[]}"
20200806T105619_20200806T105752_T30UXV_00000000000000000169_0,4269,3387,1082,1502,2030,2409,2586,2781,2976,3111,5,2020-08-06,Mollic Umbrisols,49.09828931260999,-0.7431405771634085,267,RMQS1,"{""type"":""MultiPoint"",""coordinates"":[]}"
20200806T105619_20200806T105752_T30UXV_000000000000000001c5_0,3433,2292,527,783,878,1697,2366,2729,3068,3163,5,2020-08-06,Mollic Umbrisols,48.81093551249455,-0.7260804795247493,377,RMQS1,"{""type"":""MultiPoint"",""coordinates"":[]}"
20200806T105619_20200806T105752_T30UYA_000000000000000000d7_0,4111,2791,857,1226,1746,2013,2526,2903,3372,3365,5,2020-08-06,Luvic Cambisols,49.846349960839134,0.7673683666400959,96,RMQS1,"{""type"":""MultiPoint"",""coordinates"":[]}"
20200806T105619_20200806T105752_T30UYA_000000000000000000d8_0,3976,3053,795,1200,1884,2198,2398,2654,2844,3048,5,2020-08-06,Luvic Cambisols,49.849016650928114,0.9895000497549137,97,RMQS1,"{""type"":""MultiPoint"",""coordinates"":[]}"
20200806T105619_20200806T105752_T30UYA_000000000000000000ec_0,1732,1488,962,1021,1036,1285,1445,1503,1544,1506,5,2020-08-06,Luvic Cambisols,49.69617066540041,0.32886089547803965,122,RMQS1,"{""type"":""MultiPoint"",""coordinates"":[]}"
20200806T105619_20200806T105752_T30UYA_000000000000000000ee_0,3823,2732,909,1362,2062,2430,2543,2771,2918,3111,5,2020-08-06,Luvic Cambisols,49.702705011305135,0.7717937299950821,124,RMQS1,"{""type"":""MultiPoint"",""coordinates"":[]}"
20200806T105619_20200806T105752_T30UYA_00000000000000000105_0,3049,2533,885,1214,1376,2016,2771,3081,3176,3302,5,2020-08-06,Luvic Cambisols,49.548657533339856,0.11370765473167845,150,RMQS1,"{""type"":""MultiPoint"",""coordinates"":[]}"
20200806T105619_20200806T105752_T30UYA_00000000000000000109_0,4557,3720,1078,1562,2210,2590,2716,2958,3096,3309,5,2020-08-06,Luvic Cambisols,49.56169025290863,0.9970773776870822,154,RMQS1,"{""type"":""MultiPoint"",""coordinates"":[]}"
20200806T105619_20200806T105752_T30UYA_0000000000000000010a_0,4637,3523,1036,1508,2324,2694,2848,3069,3340,3529,5,2020-08-06,Luvic Cambisols,49.56393970113884,1.217982875699953,155,RMQS1,"{""type"":""MultiPoint"",""coordinates"":[]}"
20200806T105619_20200806T105752_T30UYU_0000000000000000026f_0,4244,3177,1096,1584,2296,2580,2749,2971,3177,3312,5,2020-08-06,Calcaric Cambisols,48.40263291206547,0.37854077177569173,561,RMQS1,"{""type"":""MultiPoint"",""coordinates"":[]}"
20200806T105619_20200806T105752_T30UYU_000000000000000002dd_0,3999,2848,749,1140,1780,2327,2707,3002,3288,3438,5,2020-08-06,Calcaric Cambisols,48.107085541086306,-0.040260188681335705,676,RMQS1,"{""type"":""MultiPoint"",""coordinates"":[]}"
20200806T105619_20200806T105752_T30UYU_00000000000000000200_0,3144,2033,613,931,1310,1768,2428,2793,2963,3248,5,2020-08-06,Dystric Cambisols,48.693612737860555,0.5848867249784298,444,RMQS1,"{""type"":""MultiPoint"",""coordinates"":[]}"
20200806T105619_20200806T105752_T30UYU_00000000000000000236_0,4389,3398,1086,1466,2016,2318,2479,2727,3029,3130,5,2020-08-06,Eutric Cambisols,48.53844952740837,-0.059909198434696706,501,RMQS1,"{""type"":""MultiPoint"",""coordinates"":[]}"
20200806T105619_20200806T105752_T30UYU_00000000000000000270_0,4088,2776,881,1168,1644,2021,2507,2836,3038,3237,5,2020-08-06,Eutric Cambisols,48.40601902556934,0.5945198712599626,562,RMQS1,"{""type"":""MultiPoint"",""coordinates"":[]}"
20200806T105619_20200806T105752_T30UYU_00000000000000000271_0,3313,2265,614,832,1104,1531,2130,2381,2588,2681,5,2020-08-06,Eutric Cambisols,48.409010134253464,0.8105253793290838,563,RMQS1,"{""type"":""MultiPoint"",""coordinates"":[]}"
20200806T105619_20200806T105752_T30UYU_000000000000000002a5_0,3857,3212,1080,1478,1928,2241,2464,2679,2697,2831,5,2020-08-06,Eutric Cambisols,48.250887186349026,-0.0467734134029368,618,RMQS1,"{""type"":""MultiPoint"",""coordinates"":[]}"
20200806T105619_20200806T105752_T30UYU_000000000000000002a8_0,3573,2412,714,977,1272,1858,2325,2638,2839,2976,5,2020-08-06,Eutric Cambisols,48.26220079517753,0.5992960177558793,621,RMQS1,"{""type"":""MultiPoint"",""coordinates"":[]}"
20200806T105619_20200806T105752_T30UYU_000000000000000002e0_0,3673,2390,834,1130,1544,1962,2493,2855,3103,3239,5,2020-08-06,Eutric Cambisols,48.11836931327405,0.6040451597658681,679,RMQS1,"{""type"":""MultiPoint"",""coordinates"":[]}"
20200806T105619_20200806T105752_T30UYU_00000000000000000315_0,2150,2030,1256,1492,1676,1779,1791,1782,1828,1758,5,2020-08-06,Eutric Cambisols,47.96741451532722,0.18037000413400373,734,RMQS1,"{""type"":""MultiPoint"",""coordinates"":[]}"
20200806T105619_20200806T105752_T30UYU_00000000000000000317_0,4311,3535,1108,1604,2258,2569,2797,3012,3222,3329,5,2020-08-06,Eutric Cambisols,47.97452533653467,0.608767793538443,736,RMQS1,"{""type"":""MultiPoint"",""coordinates"":[]}"
20200806T105619_20200806T105752_T30UYU_00000000000000000346_0,2919,1834,646,1007,1602,1933,2186,2458,2768,2875,5,2020-08-06,Eutric Cambisols,47.814923149860995,-0.2408778511839764,787,RMQS1,"{""type"":""MultiPoint"",""coordinates"":[]}"
20200806T105619_20200806T105752_T30UYU_00000000000000000272_0,4458,3226,1176,1612,2220,2646,2821,3063,3233,3462,5,2020-08-06,Eutric Retisols,48.411606154539754,1.0265529667530489,564,RMQS1,"{""type"":""MultiPoint"",""coordinates"":[]}"
20200806T105619_20200806T105752_T30UYU_000000000000000002aa_0,3952,3120,806,1272,1546,2227,2781,3067,3304,3465,5,2020-08-06,Eutric Retisols,48.267773070968104,1.0301448294912523,623,RMQS1,"{""type"":""MultiPoint"",""coordinates"":[]}"
20200806T105619_20200806T105752_T30UYU_000000000000000002e2_0,3850,2638,733,998,1486,1842,2218,2532,2697,2948,5,2020-08-06,Eutric Retisols,48.123926965867774,1.0337162685273735,681,RMQS1,"{""type"":""MultiPoint"",""coordinates"":[]}"
20200806T105619_20200806T105752_T30UYU_000000000000000002a6_0,3117,2139,847,1178,1420,1845,2741,3007,3118,3419,5,2020-08-06,Haplic Luvisols,48.255052202180686,0.16855065210295309,619,RMQS1,"{""type"":""MultiPoint"",""coordinates"":[]}"
20200806T105619_20200806T105752_T30UYU_00000000000000000319_0,3204,2411,865,1306,1744,1641,2191,2718,2951,3072,5,2020-08-06,Haplic Luvisols,47.98006859464599,1.0372677251420688,738,RMQS1,"{""type"":""MultiPoint"",""coordinates"":[]}"
20200806T105619_20200806T105752_T30UYU_000000000000000002a9_0,3923,2961,1030,1328,1730,2421,2592,2933,2780,3170,5,2020-08-06,Luvic Stagnosols,48.265183822455356,0.8147095500113787,622,RMQS1,"{""type"":""MultiPoint"",""coordinates"":[]}"
20200806T105619_20200806T105752_T30UYU_000000000000000002de_0,3684,3113,968,1350,1854,2165,2393,2634,2728,2868,5,2020-08-06,Luvic Stagnosols,48.11123958103847,0.1744763767522216,677,RMQS1,"{""type"":""MultiPoint"",""coordinates"":[]}"
20200806T105619_20200806T105752_T30UYU_0000000000000000034a_0,4929,3609,1246,1828,2678,3196,3374,3715,3849,4085,5,2020-08-06,Luvic Stagnosols,47.83066980746326,0.6134648025979296,791,RMQS1,"{""type"":""MultiPoint"",""coordinates"":[]}"
20200806T105619_20200806T105752_T30UYU_00000000000000000313_0,4287,3007,831,1140,1598,1976,2552,2929,3178,3447,5,2020-08-06,Stagnic Gleysols,47.95873693195089,-0.24789978942991164,732,RMQS1,"{""type"":""MultiPoint"",""coordinates"":[]}"
20200806T105619_20200806T105752_T30UYV_0000000000000000016f_0,4286,3180,1066,1556,2290,2662,3021,3417,3540,3747,5,2020-08-06,Calcaric Cambisols,49.12488144122345,0.5702344231172092,273,RMQS1,"{""type"":""MultiPoint"",""coordinates"":[]}"
20200806T105619_20200806T105752_T30UYV_00000000000000000196_0,3092,2418,1000,1236,1534,1873,2174,2339,2548,2552,5,2020-08-06,Calcaric Cambisols,48.96967678241227,-0.0798881691545023,322,RMQS1,"{""type"":""MultiPoint"",""coordinates"":[]}"
20200806T105619_20200806T105752_T30UYV_00000000000000000200_0,3138,2025,624,940,1316,1776,2422,2789,2950,3229,5,2020-08-06,Dystric Cambisols,48.693612737860555,0.5848867249784298,444,RMQS1,"{""type"":""MultiPoint"",""coordinates"":[]}"
20200806T105619_20200806T105752_T30UYV_00000000000000000198_0,3668,2420,580,867,1308,1730,2104,2412,2698,2843,5,2020-08-06,Eutric Cambisols,48.97771987150982,0.3567683102719968,324,RMQS1,"{""type"":""MultiPoint"",""coordinates"":[]}"
20200806T105619_20200806T105752_T30UYV_0000000000000000019b_0,4223,3196,1124,1644,2476,2829,3004,3240,3415,3531,5,2020-08-06,Eutric Cambisols,48.986789979658724,1.011980189683206,327,RMQS1,"{""type"":""MultiPoint"",""coordinates"":[]}"
20200806T105619_20200806T105752_T30UYV_0000000000000000019c_0,4545,3017,1078,1512,2276,2612,2772,3060,3272,3438,5,2020-08-06,Eutric Cambisols,48.9890140623296,1.2304298587690576,328,RMQS1,"{""type"":""MultiPoint"",""coordinates"":[]}"
20200806T105619_20200806T105752_T30UYV_000000000000000001ca_0,3083,2145,576,914,1194,1688,2046,2341,2431,2610,5,2020-08-06,Eutric Cambisols,48.83397282060019,0.36225692149189026,382,RMQS1,"{""type"":""MultiPoint"",""coordinates"":[]}"
20200806T105619_20200806T105752_T30UYV_000000000000000001cc_0,4288,3222,1250,1778,2592,3011,3196,3389,3550,3719,5,2020-08-06,Eutric Cambisols,48.840401305739185,0.7978300881876609,384,RMQS1,"{""type"":""MultiPoint"",""coordinates"":[]}"
20200806T105619_20200806T105752_T30UYV_000000000000000001cd_0,4553,3329,1604,2258,2874,3508,3731,3801,3984,4279,5,2020-08-06,Eutric Cambisols,48.843018131050385,1.0156540889892636,385,RMQS1,"{""type"":""MultiPoint"",""coordinates"":[]}"
20200806T105619_20200806T105752_T30UYV_0000000000000000014c_0,2304,1731,978,1192,1366,1505,1954,2091,2242,2249,5,2020-08-06,Eutric Fluvisols,49.276515471368825,1.2242410066178666,233,RMQS1,"{""type"":""MultiPoint"",""coordinates"":[]}"
20200806T105619_20200806T105752_T30UYV_00000000000000000199_0,4849,3474,1224,1684,2380,2834,3089,3357,3462,3694,5,2020-08-06,Eutric Planosols,48.98114290150368,0.5751455700546377,325,RMQS1,"{""type"":""MultiPoint"",""coordinates"":[]}"
20200806T105619_20200806T105752_T30UYV_00000000000000000202_0,4414,3405,1152,1648,2344,2790,2910,3141,3234,3456,5,2020-08-06,Eutric Retisols,48.69922952521517,1.0193074302902678,446,RMQS1,"{""type"":""MultiPoint"",""coordinates"":[]}"
20200806T105619_20200806T105752_T30UYV_00000000000000000105_0,3051,2536,896,1216,1376,2015,2770,3078,3164,3298,5,2020-08-06,Luvic Cambisols,49.548657533339856,0.11370765473167845,150,RMQS1,"{""type"":""MultiPoint"",""coordinates"":[]}"
20200806T105619_20200806T105752_T30UYV_00000000000000000109_0,4552,3717,1078,1562,2206,2587,2718,2959,3094,3308,5,2020-08-06,Luvic Cambisols,49.56169025290863,0.9970773776870822,154,RMQS1,"{""type"":""MultiPoint"",""coordinates"":[]}"
20200806T105619_20200806T105752_T30UYV_0000000000000000010a_0,4637,3522,1040,1506,2320,2692,2849,3072,3332,3528,5,2020-08-06,Luvic Cambisols,49.56393970113884,1.217982875699953,155,RMQS1,"{""type"":""MultiPoint"",""coordinates"":[]}"
20200806T105619_20200806T105752_T30UYV_00000000000000000149_0,3756,2908,1258,1814,2524,2551,2991,3275,3474,3600,5,2020-08-06,Luvic Cambisols,49.26860112869975,0.565296427653648,230,RMQS1,"{""type"":""MultiPoint"",""coordinates"":[]}"
20200806T105619_20200806T105752_T30UYV_0000000000000000014a_0,3155,2151,579,775,1174,1335,2063,2377,2118,2706,5,2020-08-06,Luvic Cambisols,49.27164076594713,0.7849214126575961,231,RMQS1,"{""type"":""MultiPoint"",""coordinates"":[]}"
20200806T105619_20200806T105752_T30UYV_00000000000000000170_0,4212,3155,1076,1564,2382,2746,2918,3199,3422,3572,5,2020-08-06,Luvic Cambisols,49.12791303968723,0.7892480550138934,274,RMQS1,"{""type"":""MultiPoint"",""coordinates"":[]}"
20200806T105619_20200806T105752_T30UYV_00000000000000000201_0,3983,2564,692,970,1444,1812,2152,2504,2788,2978,5,2020-08-06,Luvic Cambisols,48.696619717289735,0.80208557736037,445,RMQS1,"{""type"":""MultiPoint"",""coordinates"":[]}"
20200806T105619_20200806T105752_T30UYV_00000000000000000147_0,4372,3291,1118,1962,2562,3158,3336,3369,3076,3153,5,2020-08-06,Luvic Stagnosols,49.26131649624349,0.1261348712753964,228,RMQS1,"{""type"":""MultiPoint"",""coordinates"":[]}"
20200806T105619_20200806T105752_T30UYV_000000000000000001cb_0,3821,2671,963,1468,2220,2694,2973,3259,3550,3654,5,2020-08-06,Stagnic Gleysols,48.83738635502712,0.5800296867218191,383,RMQS1,"{""type"":""MultiPoint"",""coordinates"":[]}"
20200806T105619_20200806T105752_T31TCK_000000000000000006b7_0,3936,2635,888,1216,1670,1982,2335,2602,2774,2880,5,2020-08-06,Haplic Luvisols,44.66167066056686,0.5091410357468154,1744,RMQS1,"{""type"":""MultiPoint"",""coordinates"":[]}"
20200806T105619_20200806T105752_T31TCK_000000000000000006b8_0,3463,2742,1016,1478,1918,2114,2284,2413,2712,2652,5,2020-08-06,Haplic Luvisols,44.664832562379004,0.7107266218471442,1745,RMQS1,"{""type"":""MultiPoint"",""coordinates"":[]}"
20200806T105619_20200806T105752_T31TCK_000000000000000006dd_0,3371,2803,988,1468,1976,2207,2456,2626,2800,2740,5,2020-08-06,Haplic Luvisols,44.51781425187794,0.5138181479053451,1786,RMQS1,"{""type"":""MultiPoint"",""coordinates"":[]}"
20200806T105619_20200806T105752_T31TCL_000000000000000005a6_0,3788,2526,680,960,1366,1740,2332,2755,3018,3236,5,2020-08-06,Eutric Cambisols,45.66887858588699,0.4757203299904939,1452,RMQS1,"{""type"":""MultiPoint"",""coordinates"":[]}"
20200806T105619_20200806T105752_T31TCM_0000000000000000005e_0,3829,2556,950,1332,1858,2090,2507,2820,3116,3191,5,2020-08-06,Calcaric Cambisols,46.50806450849034,0.9910526900588258,SIM48183,HWSDv2,"{""type"":""MultiPoint"",""coordinates"":[]}"
20200806T105619_20200806T105752_T31TCM_00000000000000000480_0,3572,2570,448,742,964,2045,2615,2992,3276,3281,5,2020-08-06,Calcaric Cambisols,46.82886512189024,1.0650028550237045,1126,RMQS1,"{""type"":""MultiPoint"",""coordinates"":[]}"
20200806T105619_20200806T105752_T31TCM_00000000000000000482_0,3943,2581,672,997,1454,1819,2317,2646,2920,3145,5,2020-08-06,Eutric Cambisols,46.83275616712597,1.484434384575593,1128,RMQS1,"{""type"":""MultiPoint"",""coordinates"":[]}"
20200806T105619_20200806T105752_T31TCM_000000000000000004a5_0,3912,3162,1072,1624,2304,2539,2706,2881,2984,3066,5,2020-08-06,Eutric Cambisols,46.67624425670514,0.4410565506621489,1164,RMQS1,"{""type"":""MultiPoint"",""coordinates"":[]}"
20200806T105619_20200806T105752_T31TCM_000000000000000004a7_0,3949,2786,1022,1482,2178,2506,2684,2897,3144,3258,5,2020-08-06,Eutric Cambisols,46.68242330115931,0.8592545683175709,1166,RMQS1,"{""type"":""MultiPoint"",""coordinates"":[]}"
20200806T105619_20200806T105752_T31TCM_000000000000000004ce_0,3781,2352,669,971,1442,1782,2175,2494,2736,2963,5,2020-08-06,Eutric Cambisols,46.54313454001028,1.2803489731979116,1208,RMQS1,"{""type"":""MultiPoint"",""coordinates"":[]}"
20200806T105619_20200806T105752_T31TCM_000000000000000004cf_0,3569,2117,611,945,1296,1705,2326,2718,3134,3086,5,2020-08-06,Eutric Cambisols,46.54487889789519,1.4889590904459031,1209,RMQS1,"{""type"":""MultiPoint"",""coordinates"":[]}"
20200806T105619_20200806T105752_T31TCM_00000000000000000539_0,3692,2317,547,812,1212,1645,2083,2530,2722,2899,5,2020-08-06,Eutric Cambisols,46.106719349469095,0.8748159579529682,1331,RMQS1,"{""type"":""MultiPoint"",""coordinates"":[]}"
20200806T105619_20200806T105752_T31TCM_0000000000000000047d_0,2268,1613,681,1234,1152,1834,2596,2749,3022,2944,5,2020-08-06,Haplic Luvisols,46.82014893841074,0.43599984899138555,1123,RMQS1,"{""type"":""MultiPoint"",""coordinates"":[]}"
20200806T105619_20200806T105752_T31TCM_000000000000000004f0_0,4368,2857,752,1072,1510,2078,2423,2779,3138,3371,5,2020-08-06,Haplic Luvisols,46.39707583850519,1.0751018843272806,1249,RMQS1,"{""type"":""MultiPoint"",""coordinates"":[]}"
20200806T105619_20200806T105752_T31TCM_00000000000000000515_0,3678,2296,606,833,1200,1618,2119,2458,2730,2948,5,2020-08-06,Haplic Luvisols,46.247771765350535,0.6635006352149346,1289,RMQS1,"{""type"":""MultiPoint"",""coordinates"":[]}"
20200806T105619_20200806T105752_T31TCM_000000000000000004ee_0,3687,2262,681,980,1438,1792,2225,2555,2866,3041,5,2020-08-06,Luvic Cambisols,46.39169124444395,0.65907171951279,1247,RMQS1,"{""type"":""MultiPoint"",""coordinates"":[]}"
20200806T105619_20200806T105752_T31TCM_000000000000000004ef_0,4367,2943,1150,1584,2258,2606,2958,3287,3548,3723,5,2020-08-06,Luvic Cambisols,46.3945739230684,0.8670762593857257,1248,RMQS1,"{""type"":""MultiPoint"",""coordinates"":[]}"
20200806T105619_20200806T105752_T31TCM_000000000000000004f1_0,3890,2508,819,1142,1634,1888,2433,2704,3204,3344,5,2020-08-06,Luvic Cambisols,46.39919693196088,1.2831454307949937,1250,RMQS1,"{""type"":""MultiPoint"",""coordinates"":[]}"
20200806T105619_20200806T105752_T31TCM_00000000000000000538_0,4220,2635,655,971,1550,1909,2266,2589,2902,3192,5,2020-08-06,Luvic Cambisols,46.10385188704361,0.6679061388968742,1330,RMQS1,"{""type"":""MultiPoint"",""coordinates"":[]}"
20200806T105619_20200806T105752_T31TCN_00000000000000000409_0,2920,1748,458,676,905,1202,1557,1776,2029,2067,5,2020-08-06,Albic Podzols,47.26592270272634,1.6889836071572726,996,RMQS1,"{""type"":""MultiPoint"",""coordinates"":[]}"
20200806T105619_20200806T105752_T31TCN_000000000000000003ae_0,2991,2428,862,1274,1464,1578,2154,2413,2272,2592,5,2020-08-06,Calcaric Cambisols,47.552368234556766,1.4729089085002178,899,RMQS1,"{""type"":""MultiPoint"",""coordinates"":[]}"
20200806T105619_20200806T105752_T31TCN_0000000000000000045c_0,3778,2808,877,1418,2308,2710,2937,3124,3282,3378,5,2020-08-06,Calcaric Cambisols,46.97806314421428,1.6924498201961606,1085,RMQS1,"{""type"":""MultiPoint"",""coordinates"":[]}"
20200806T105619_20200806T105752_T31TCN_0000000000000000037b_0,4737,3483,1110,1494,2148,2553,2877,3192,3384,3689,5,2020-08-06,Eutric Cambisols,47.68680357363322,0.6181369317170614,843,RMQS1,"{""type"":""MultiPoint"",""coordinates"":[]}"
20200806T105619_20200806T105752_T31TCN_0000000000000000037d_0,3573,3054,968,1422,2016,2282,2384,2560,2604,2668,5,2020-08-06,Eutric Cambisols,47.69231735110835,1.0443128583803534,845,RMQS1,"{""type"":""MultiPoint"",""coordinates"":[]}"
20200806T105619_20200806T105752_T31TCN_000000000000000003aa_0,3747,3233,1104,1542,2090,2396,2475,2651,2754,2829,5,2020-08-06,Eutric Cambisols,47.542927371413136,0.6227839914739651,895,RMQS1,"{""type"":""MultiPoint"",""coordinates"":[]}"
20200806T105619_20200806T105752_T31TCN_00000000000000000432_0,3814,2400,733,1148,1660,2144,2573,2877,3190,3396,5,2020-08-06,Eutric Cambisols,47.121995805732524,1.69072149454457,1041,RMQS1,"{""type"":""MultiPoint"",""coordinates"":[]}"
20200806T105619_20200806T105752_T31TCN_00000000000000000459_0,4394,3022,846,1162,1648,2104,2523,2903,3154,3414,5,2020-08-06,Eutric Cambisols,46.97278837529007,1.061600350806898,1082,RMQS1,"{""type"":""MultiPoint"",""coordinates"":[]}"
20200806T105619_20200806T105752_T31TCN_00000000000000000456_0,4346,3228,1554,2014,2722,2997,3245,3535,3554,3845,5,2020-08-06,Eutric Planosols,46.96405011215721,0.43091598807012294,1079,RMQS1,"{""type"":""MultiPoint"",""coordinates"":[]}"
20200806T105619_20200806T105752_T31TCN_0000000000000000042f_0,3101,2461,1264,1736,1992,2214,2723,2919,3241,3127,5,2020-08-06,Eutric Retisols,47.11670746180148,1.0581797222389806,1038,RMQS1,"{""type"":""MultiPoint"",""coordinates"":[]}"
20200806T105619_20200806T105752_T31TCN_00000000000000000431_0,2914,2159,943,1432,1570,1925,2653,2928,3151,3308,5,2020-08-06,Eutric Retisols,47.120619712342474,1.4798610993880554,1040,RMQS1,"{""type"":""MultiPoint"",""coordinates"":[]}"
20200806T105619_20200806T105752_T31TCN_0000000000000000045a_0,3961,2443,902,1294,1836,2322,2779,3117,3418,3573,5,2020-08-06,Eutric Retisols,46.97493184897627,1.2718698805445425,1083,RMQS1,"{""type"":""MultiPoint"",""coordinates"":[]}"
20200806T105619_20200806T105752_T31TCN_0000000000000000037c_0,4686,3124,1194,1692,2494,2970,3134,3475,3618,3959,5,2020-08-06,Haplic Luvisols,47.68975585042416,0.8312134254903143,844,RMQS1,"{""type"":""MultiPoint"",""coordinates"":[]}"
20200806T105619_20200806T105752_T31TCN_000000000000000003d7_0,3476,2308,689,931,1312,1756,2204,2556,2820,2979,5,2020-08-06,Haplic Luvisols,47.395718283839564,0.4155014966302985,945,RMQS1,"{""type"":""MultiPoint"",""coordinates"":[]}"
20200806T105619_20200806T105752_T31TCN_00000000000000000404_0,3650,2626,1226,1548,1916,1841,2711,3088,3215,3352,5,2020-08-06,Haplic Luvisols,47.25515043152472,0.6320023123013093,991,RMQS1,"{""type"":""MultiPoint"",""coordinates"":[]}"
20200806T105619_20200806T105752_T31TCN_0000000000000000034d_0,3067,2331,791,1028,1302,1678,2046,2281,2210,2500,5,2020-08-06,Luvic Cambisols,47.83837519938972,1.254497652282048,794,RMQS1,"{""type"":""MultiPoint"",""coordinates"":[]}"
20200806T105619_20200806T105752_T31TCN_0000000000000000045b_0,3659,2514,563,788,1118,1396,1756,2041,2236,2411,5,2020-08-06,Luvic Cambisols,46.976690235974914,1.4821539910955996,1084,RMQS1,"{""type"":""MultiPoint"",""coordinates"":[]}"
20200806T105619_20200806T105752_T31TCN_0000000000000000034f_0,3846,3272,1350,1808,2480,2690,2814,3027,3138,3231,5,2020-08-06,Mollic Umbrisols,47.84155543400575,1.681939134662969,796,RMQS1,"{""type"":""MultiPoint"",""coordinates"":[]}"
20200806T105619_20200806T105752_T31TCN_0000000000000000042d_0,3871,2358,1088,1454,1952,2415,3030,3350,3623,3730,5,2020-08-06,Rendzic Leptosols,47.111251889494554,0.6365738313282675,1036,RMQS1,"{""type"":""MultiPoint"",""coordinates"":[]}"
20200806T105619_20200806T105752_T31TCN_00000000000000000457_0,3514,2366,858,1118,1422,1883,2269,2569,2798,2975,5,2020-08-06,Stagnic Gleysols,46.96734759548669,0.6411210616326486,1080,RMQS1,"{""type"":""MultiPoint"",""coordinates"":[]}"
20200806T105619_20200806T105752_T31TDN_00000000000000000409_0,2956,1761,427,655,902,1206,1546,1763,2018,2063,5,2020-08-06,Albic Podzols,47.26592270272634,1.6889836071572726,996,RMQS1,"{""type"":""MultiPoint"",""coordinates"":[]}"
20200806T105619_20200806T105752_T31TDN_0000000000000000045c_0,3791,2810,847,1406,2320,2729,2963,3152,3310,3403,5,2020-08-06,Calcaric Cambisols,46.97806314421428,1.6924498201961606,1085,RMQS1,"{""type"":""MultiPoint"",""coordinates"":[]}"
20200806T105619_20200806T105752_T31TDN_000000000000000008c9_0,3655,2543,947,1228,1688,1860,2396,2635,2968,2992,5,2020-08-06,Dystric Cambisols,47.84255830040598,1.8956764547247618,10797,RMQS1,"{""type"":""MultiPoint"",""coordinates"":[]}"
20200806T105619_20200806T105752_T31TDN_00000000000000000432_0,3838,2404,711,1140,1676,2165,2587,2893,3210,3422,5,2020-08-06,Eutric Cambisols,47.121995805732524,1.69072149454457,1041,RMQS1,"{""type"":""MultiPoint"",""coordinates"":[]}"
20200806T105619_20200806T105752_T31TDN_00000000000000000381_0,4938,4138,1938,2522,3074,3106,3266,3503,4184,3874,5,2020-08-06,Eutric Planosols,47.698660425916756,1.8968722804991947,849,RMQS1,"{""type"":""MultiPoint"",""coordinates"":[]}"
20200806T105619_20200806T105752_T31TDN_00000000000000000350_0,3655,2543,947,1228,1688,1860,2396,2635,2968,2992,5,2020-08-06,Haplic Luvisols,47.84255830040598,1.8956764547247618,797,RMQS1,"{""type"":""MultiPoint"",""coordinates"":[]}"
20200806T105619_20200806T105752_T31TDN_0000000000000000034f_0,3867,3282,1362,1828,2514,2722,2836,3046,3156,3248,5,2020-08-06,Mollic Umbrisols,47.84155543400575,1.681939134662969,796,RMQS1,"{""type"":""MultiPoint"",""coordinates"":[]}"
20200806T105619_20200806T105752_T31UCP_0000000000000000026f_0,4287,3225,1192,1666,2358,2621,2789,2989,3286,3294,5,2020-08-06,Calcaric Cambisols,48.40263291206547,0.37854077177569173,561,RMQS1,"{""type"":""MultiPoint"",""coordinates"":[]}"
20200806T105619_20200806T105752_T31UCP_0000000000000000031b_0,3510,2725,1070,1466,2062,2275,2510,2714,2796,3017,5,2020-08-06,Calcaric Cambisols,47.98404183296344,1.4658440887727766,740,RMQS1,"{""type"":""MultiPoint"",""coordinates"":[]}"
20200806T105619_20200806T105752_T31UCP_00000000000000000200_0,3147,2069,644,990,1414,1777,2205,2507,2888,2913,5,2020-08-06,Dystric Cambisols,48.693612737860555,0.5848867249784298,444,RMQS1,"{""type"":""MultiPoint"",""coordinates"":[]}"
20200806T105619_20200806T105752_T31UCP_00000000000000000203_0,3916,3462,1182,1650,2278,2527,2631,2772,2877,2986,5,2020-08-06,Eutric Cambisols,48.701441663313894,1.2365494017005343,447,RMQS1,"{""type"":""MultiPoint"",""coordinates"":[]}"
20200806T105619_20200806T105752_T31UCP_0000000000000000023e_0,4224,3009,1106,1570,2308,2697,2878,3139,3254,3541,5,2020-08-06,Eutric Cambisols,48.56085542396343,1.6729155469005188,509,RMQS1,"{""type"":""MultiPoint"",""coordinates"":[]}"
20200806T105619_20200806T105752_T31UCP_00000000000000000270_0,4044,2715,888,1176,1632,1996,2482,2815,3010,3248,5,2020-08-06,Eutric Cambisols,48.40601902556934,0.5945198712599626,562,RMQS1,"{""type"":""MultiPoint"",""coordinates"":[]}"
20200806T105619_20200806T105752_T31UCP_00000000000000000271_0,3279,2229,617,833,1086,1495,2129,2378,2579,2688,5,2020-08-06,Eutric Cambisols,48.409010134253464,0.8105253793290838,563,RMQS1,"{""type"":""MultiPoint"",""coordinates"":[]}"
20200806T105619_20200806T105752_T31UCP_00000000000000000274_0,3852,2515,1284,1852,2812,2983,3293,3729,4139,4141,5,2020-08-06,Eutric Cambisols,48.41561194192563,1.458662749206642,566,RMQS1,"{""type"":""MultiPoint"",""coordinates"":[]}"
20200806T105619_20200806T105752_T31UCP_000000000000000002a8_0,3525,2386,749,1016,1324,1876,2371,2722,2864,3004,5,2020-08-06,Eutric Cambisols,48.26220079517753,0.5992960177558793,621,RMQS1,"{""type"":""MultiPoint"",""coordinates"":[]}"
20200806T105619_20200806T105752_T31UCP_000000000000000002e0_0,3667,2379,850,1142,1560,1969,2558,2921,3140,3351,5,2020-08-06,Eutric Cambisols,48.11836931327405,0.6040451597658681,679,RMQS1,"{""type"":""MultiPoint"",""coordinates"":[]}"
20200806T105619_20200806T105752_T31UCP_00000000000000000317_0,4220,3460,1114,1592,2240,2504,2693,2934,3204,3237,5,2020-08-06,Eutric Cambisols,47.97452533653467,0.608767793538443,736,RMQS1,"{""type"":""MultiPoint"",""coordinates"":[]}"
20200806T105619_20200806T105752_T31UCP_00000000000000000202_0,4354,3363,1200,1666,2326,2727,2865,3095,3242,3394,5,2020-08-06,Eutric Retisols,48.69922952521517,1.0193074302902678,446,RMQS1,"{""type"":""MultiPoint"",""coordinates"":[]}"
20200806T105619_20200806T105752_T31UCP_00000000000000000272_0,4474,3206,1188,1630,2222,2613,2825,3077,3256,3433,5,2020-08-06,Eutric Retisols,48.411606154539754,1.0265529667530489,564,RMQS1,"{""type"":""MultiPoint"",""coordinates"":[]}"
20200806T105619_20200806T105752_T31UCP_000000000000000002aa_0,3982,3152,865,1326,1610,2263,2810,3079,3338,3470,5,2020-08-06,Eutric Retisols,48.267773070968104,1.0301448294912523,623,RMQS1,"{""type"":""MultiPoint"",""coordinates"":[]}"
20200806T105619_20200806T105752_T31UCP_000000000000000002e2_0,3840,2626,747,1003,1504,1787,2211,2542,2740,2957,5,2020-08-06,Eutric Retisols,48.123926965867774,1.0337162685273735,681,RMQS1,"{""type"":""MultiPoint"",""coordinates"":[]}"
20200806T105619_20200806T105752_T31UCP_0000000000000000023c_0,3459,2274,741,1156,1568,1810,2285,2677,3196,3212,5,2020-08-06,Haplic Luvisols,48.55763156265125,1.2395833408114696,507,RMQS1,"{""type"":""MultiPoint"",""coordinates"":[]}"
20200806T105619_20200806T105752_T31UCP_0000000000000000023d_0,4337,3126,855,1232,1758,2415,2664,2923,2776,3332,5,2020-08-06,Haplic Luvisols,48.55944180120869,1.4562426837976599,508,RMQS1,"{""type"":""MultiPoint"",""coordinates"":[]}"
20200806T105619_20200806T105752_T31UCP_00000000000000000275_0,4096,3575,1208,1738,2436,2767,2857,3079,3172,3324,5,2020-08-06,Haplic Luvisols,48.41702172942115,1.6747395099090712,567,RMQS1,"{""type"":""MultiPoint"",""coordinates"":[]}"
20200806T105619_20200806T105752_T31UCP_00000000000000000319_0,3540,2682,745,1136,1504,1999,2344,2773,2732,3169,5,2020-08-06,Haplic Luvisols,47.98006859464599,1.0372677251420688,738,RMQS1,"{""type"":""MultiPoint"",""coordinates"":[]}"
20200806T105619_20200806T105752_T31UCP_00000000000000000201_0,3990,2590,698,980,1470,1809,2198,2526,2762,3011,5,2020-08-06,Luvic Cambisols,48.696619717289735,0.80208557736037,445,RMQS1,"{""type"":""MultiPoint"",""coordinates"":[]}"
20200806T105619_20200806T105752_T31UCP_00000000000000000273_0,4413,3378,1178,1704,2492,2887,3032,3293,3360,3626,5,2020-08-06,Luvic Cambisols,48.413806679517975,1.24259966485196,565,RMQS1,"{""type"":""MultiPoint"",""coordinates"":[]}"
20200806T105619_20200806T105752_T31UCP_000000000000000002ac_0,3783,3166,1154,1686,2386,2659,2721,2919,3038,3119,5,2020-08-06,Luvic Cambisols,48.271768171952196,1.4610694163442626,625,RMQS1,"{""type"":""MultiPoint"",""coordinates"":[]}"
20200806T105619_20200806T105752_T31UCP_000000000000000002ad_0,3886,2913,1116,1596,2430,2538,2733,3004,3420,3417,5,2020-08-06,Luvic Cambisols,48.273173775874774,1.6765533442912048,626,RMQS1,"{""type"":""MultiPoint"",""coordinates"":[]}"
20200806T105619_20200806T105752_T31UCP_0000000000000000034d_0,3071,2334,783,1024,1300,1681,2042,2279,2208,2498,5,2020-08-06,Luvic Cambisols,47.83837519938972,1.254497652282048,794,RMQS1,"{""type"":""MultiPoint"",""coordinates"":[]}"
20200806T105619_20200806T105752_T31UCP_000000000000000002a9_0,3464,2548,1108,1468,1928,2052,2449,2691,2940,3067,5,2020-08-06,Luvic Stagnosols,48.265183822455356,0.8147095500113787,622,RMQS1,"{""type"":""MultiPoint"",""coordinates"":[]}"
20200806T105619_20200806T105752_T31UCP_000000000000000002ab_0,4507,2878,1128,1678,2554,2737,3060,3298,3746,3839,5,2020-08-06,Luvic Stagnosols,48.2699679529574,1.2455987878276893,624,RMQS1,"{""type"":""MultiPoint"",""coordinates"":[]}"
20200806T105619_20200806T105752_T31UCP_0000000000000000034a_0,4939,3602,1282,1894,2742,3193,3428,3759,3938,4168,5,2020-08-06,Luvic Stagnosols,47.83066980746326,0.6134648025979296,791,RMQS1,"{""type"":""MultiPoint"",""coordinates"":[]}"
20200806T105619_20200806T105752_T31UCP_0000000000000000031c_0,4216,2938,1306,1880,2788,3086,3346,3588,3886,3964,5,2020-08-06,Mollic Umbrisols,47.98543984274541,1.6801538816928248,741,RMQS1,"{""type"":""MultiPoint"",""coordinates"":[]}"
20200806T105619_20200806T105752_T31UCP_0000000000000000034f_0,3848,3274,1344,1802,2482,2695,2813,3024,3134,3228,5,2020-08-06,Mollic Umbrisols,47.84155543400575,1.681939134662969,796,RMQS1,"{""type"":""MultiPoint"",""coordinates"":[]}"
20200806T105619_20200806T105752_T31UCP_000000000000000002e5_0,3879,2333,997,1438,2252,2637,2861,3228,3566,3784,5,2020-08-06,Rendzic Leptosols,48.129312960797584,1.6783584655939348,684,RMQS1,"{""type"":""MultiPoint"",""coordinates"":[]}"
20200806T105619_20200806T105752_T31UCQ_0000000000000000016f_0,4334,3293,1056,1538,2292,2706,2970,3244,3515,3701,5,2020-08-06,Calcaric Cambisols,49.12488144122345,0.5702344231172092,273,RMQS1,"{""type"":""MultiPoint"",""coordinates"":[]}"
20200806T105619_20200806T105752_T31UCQ_00000000000000000174_0,4388,3149,1184,1646,2450,2765,2943,3127,3499,3641,5,2020-08-06,Calcaric Cambisols,49.136032669120816,1.665509084487337,278,RMQS1,"{""type"":""MultiPoint"",""coordinates"":[]}"
20200806T105619_20200806T105752_T31UCQ_00000000000000000200_0,3144,2069,635,985,1412,1778,2205,2508,2885,2907,5,2020-08-06,Dystric Cambisols,48.693612737860555,0.5848867249784298,444,RMQS1,"{""type"":""MultiPoint"",""coordinates"":[]}"
20200806T105619_20200806T105752_T31UCQ_00000000000000000198_0,3652,2393,621,878,1342,1772,2135,2429,2645,2902,5,2020-08-06,Eutric Cambisols,48.97771987150982,0.3567683102719968,324,RMQS1,"{""type"":""MultiPoint"",""coordinates"":[]}"
20200806T105619_20200806T105752_T31UCQ_0000000000000000019b_0,4223,3213,1124,1668,2504,2843,2996,3214,3442,3532,5,2020-08-06,Eutric Cambisols,48.986789979658724,1.011980189683206,327,RMQS1,"{""type"":""MultiPoint"",""coordinates"":[]}"
20200806T105619_20200806T105752_T31UCQ_0000000000000000019c_0,4554,3031,1092,1522,2290,2598,2774,3044,3276,3417,5,2020-08-06,Eutric Cambisols,48.9890140623296,1.2304298587690576,328,RMQS1,"{""type"":""MultiPoint"",""coordinates"":[]}"
20200806T105619_20200806T105752_T31UCQ_0000000000000000019e_0,3819,2776,907,1266,1754,2019,2227,2513,2723,2815,5,2020-08-06,Eutric Cambisols,48.99226395558002,1.667375833412688,330,RMQS1,"{""type"":""MultiPoint"",""coordinates"":[]}"
20200806T105619_20200806T105752_T31UCQ_000000000000000001ca_0,3078,2215,661,935,1202,1464,1764,1967,2306,2201,5,2020-08-06,Eutric Cambisols,48.83397282060019,0.36225692149189026,382,RMQS1,"{""type"":""MultiPoint"",""coordinates"":[]}"
20200806T105619_20200806T105752_T31UCQ_000000000000000001cc_0,4250,3239,1272,1778,2590,2895,3095,3291,3507,3636,5,2020-08-06,Eutric Cambisols,48.840401305739185,0.7978300881876609,384,RMQS1,"{""type"":""MultiPoint"",""coordinates"":[]}"
20200806T105619_20200806T105752_T31UCQ_000000000000000001cd_0,4524,3303,1626,2258,2876,3463,3677,3735,3980,4232,5,2020-08-06,Eutric Cambisols,48.843018131050385,1.0156540889892636,385,RMQS1,"{""type"":""MultiPoint"",""coordinates"":[]}"
20200806T105619_20200806T105752_T31UCQ_00000000000000000203_0,3921,3462,1168,1642,2270,2525,2633,2773,2879,2982,5,2020-08-06,Eutric Cambisols,48.701441663313894,1.2365494017005343,447,RMQS1,"{""type"":""MultiPoint"",""coordinates"":[]}"
20200806T105619_20200806T105752_T31UCQ_00000000000000000199_0,4707,3453,1218,1674,2376,2829,3020,3320,3450,3734,5,2020-08-06,Eutric Planosols,48.98114290150368,0.5751455700546377,325,RMQS1,"{""type"":""MultiPoint"",""coordinates"":[]}"
20200806T105619_20200806T105752_T31UCQ_00000000000000000202_0,4373,3381,1188,1670,2330,2735,2878,3112,3257,3402,5,2020-08-06,Eutric Retisols,48.69922952521517,1.0193074302902678,446,RMQS1,"{""type"":""MultiPoint"",""coordinates"":[]}"
20200806T105619_20200806T105752_T31UCQ_00000000000000000109_0,4523,3705,1086,1576,2198,2587,2716,2954,3110,3258,5,2020-08-06,Luvic Cambisols,49.56169025290863,0.9970773776870822,154,RMQS1,"{""type"":""MultiPoint"",""coordinates"":[]}"
20200806T105619_20200806T105752_T31UCQ_0000000000000000010a_0,4622,3475,1068,1560,2404,2753,2880,3235,3511,3571,5,2020-08-06,Luvic Cambisols,49.56393970113884,1.217982875699953,155,RMQS1,"{""type"":""MultiPoint"",""coordinates"":[]}"
20200806T105619_20200806T105752_T31UCQ_00000000000000000128_0,4279,3953,1230,1638,2254,2532,2655,2863,3007,3065,5,2020-08-06,Luvic Cambisols,49.42207764226659,1.4414246711124157,195,RMQS1,"{""type"":""MultiPoint"",""coordinates"":[]}"
20200806T105619_20200806T105752_T31UCQ_00000000000000000149_0,3834,2974,1284,1818,2546,2685,3055,3321,3514,3671,5,2020-08-06,Luvic Cambisols,49.26860112869975,0.565296427653648,230,RMQS1,"{""type"":""MultiPoint"",""coordinates"":[]}"
20200806T105619_20200806T105752_T31UCQ_0000000000000000014a_0,3190,2089,576,760,1112,1447,1959,2278,2155,2756,5,2020-08-06,Luvic Cambisols,49.27164076594713,0.7849214126575961,231,RMQS1,"{""type"":""MultiPoint"",""coordinates"":[]}"
20200806T105619_20200806T105752_T31UCQ_0000000000000000014e_0,4368,2853,1186,1694,2522,3098,3221,3472,3508,3962,5,2020-08-06,Luvic Cambisols,49.279783234787686,1.6636314749754055,235,RMQS1,"{""type"":""MultiPoint"",""coordinates"":[]}"
20200806T105619_20200806T105752_T31UCQ_00000000000000000170_0,4224,3116,1098,1582,2382,2758,2935,3220,3400,3607,5,2020-08-06,Luvic Cambisols,49.12791303968723,0.7892480550138934,274,RMQS1,"{""type"":""MultiPoint"",""coordinates"":[]}"
20200806T105619_20200806T105752_T31UCQ_000000000000000001ce_0,3825,3075,1023,1576,2280,2584,2727,2935,3030,3165,5,2020-08-06,Luvic Cambisols,48.84523623220538,1.233498240194126,386,RMQS1,"{""type"":""MultiPoint"",""coordinates"":[]}"
20200806T105619_20200806T105752_T31UCQ_00000000000000000201_0,3988,2586,687,976,1464,1803,2196,2532,2756,3009,5,2020-08-06,Luvic Cambisols,48.696619717289735,0.80208557736037,445,RMQS1,"{""type"":""MultiPoint"",""coordinates"":[]}"
20200806T105619_20200806T105752_T31UCQ_000000000000000001cb_0,3757,2605,931,1428,2126,2665,2970,3266,3538,3670,5,2020-08-06,Stagnic Gleysols,48.83738635502712,0.5800296867218191,383,RMQS1,"{""type"":""MultiPoint"",""coordinates"":[]}"
20200806T105619_20200806T105752_T31UCR_000000000000000000bc_0,3793,3065,901,1234,1808,1928,2086,2370,2556,2622,5,2020-08-06,Eutric Cambisols,50.14184543087868,1.6521414189885952,60,RMQS1,"{""type"":""MultiPoint"",""coordinates"":[]}"
20200806T105619_20200806T105752_T31UCR_000000000000000000c9_0,4127,3133,923,1238,1784,2069,2259,2485,2662,2829,5,2020-08-06,Luvic Cambisols,49.996771823054615,1.4312656624062745,76,RMQS1,"{""type"":""MultiPoint"",""coordinates"":[]}"
20200806T105619_20200806T105752_T31UCR_000000000000000000ca_0,4229,3260,945,1344,1978,2321,2519,2780,3010,3184,5,2020-08-06,Luvic Cambisols,49.99822488625304,1.654081486582689,77,RMQS1,"{""type"":""MultiPoint"",""coordinates"":[]}"
20200806T105619_20200806T105752_T31UCR_000000000000000000d7_0,4103,2765,810,1152,1656,2025,2570,2966,3328,3399,5,2020-08-06,Luvic Cambisols,49.846349960839134,0.7673683666400959,96,RMQS1,"{""type"":""MultiPoint"",""coordinates"":[]}"
20200806T105619_20200806T105752_T31UCR_000000000000000000d8_0,3968,3049,797,1186,1868,2198,2392,2655,2798,3053,5,2020-08-06,Luvic Cambisols,49.849016650928114,0.9895000497549137,97,RMQS1,"{""type"":""MultiPoint"",""coordinates"":[]}"
20200806T105619_20200806T105752_T31UCR_000000000000000000ec_0,1698,1374,977,1072,1166,1109,1426,1566,1454,1633,5,2020-08-06,Luvic Cambisols,49.69617066540041,0.32886089547803965,122,RMQS1,"{""type"":""MultiPoint"",""coordinates"":[]}"
20200806T105619_20200806T105752_T31UCR_000000000000000000ee_0,3879,2740,928,1404,2144,2632,2719,2952,3022,3326,5,2020-08-06,Luvic Cambisols,49.702705011305135,0.7717937299950821,124,RMQS1,"{""type"":""MultiPoint"",""coordinates"":[]}"
20200806T105619_20200806T105752_T31UCR_00000000000000000109_0,4541,3723,1078,1572,2194,2595,2728,2967,3112,3273,5,2020-08-06,Luvic Cambisols,49.56169025290863,0.9970773776870822,154,RMQS1,"{""type"":""MultiPoint"",""coordinates"":[]}"
20200806T105619_20200806T105752_T31UCR_0000000000000000010a_0,4642,3490,1058,1554,2400,2764,2891,3246,3510,3586,5,2020-08-06,Luvic Cambisols,49.56393970113884,1.217982875699953,155,RMQS1,"{""type"":""MultiPoint"",""coordinates"":[]}"
20200806T105619_20200806T105752_T31UCS_00000000000000000039_0,2140,1510,458,667,888,1126,1517,1724,1952,2054,5,2020-08-06,Calcaric Cambisols,50.65641267424932,1.6510873564702908,SIM4474,HWSDv2,"{""type"":""MultiPoint"",""coordinates"":[]}"
20200806T105619_20200806T105752_T31UCS_0000000000000000009f_0,3363,2335,1974,2596,2404,2375,3162,3753,4528,3807,5,2020-08-06,Rendzic Leptosols,50.57254339082955,1.6462577899891515,24,RMQS1,"{""type"":""MultiPoint"",""coordinates"":[]}"
20200806T105619_20200806T105752_T31UDP_00000000000000000276_0,3811,3041,1074,1576,2302,2614,2714,2892,3052,3171,5,2020-08-06,Calcaric Cambisols,48.418035746824685,1.8908275052152994,568,RMQS1,"{""type"":""MultiPoint"",""coordinates"":[]}"
20200806T105619_20200806T105752_T31UDP_000000000000000002ae_0,3306,2793,1013,1470,2082,2340,2432,2577,2604,2726,5,2020-08-06,Calcaric Cambisols,48.27418519339707,1.8920484065068364,627,RMQS1,"{""type"":""MultiPoint"",""coordinates"":[]}"
20200806T105619_20200806T105752_T31UDP_000000000000000002af_0,2528,2560,1019,1236,1408,1728,1774,2001,2002,2073,5,2020-08-06,Calcaric Cambisols,48.274802304958676,2.1075512406430126,628,RMQS1,"{""type"":""MultiPoint"",""coordinates"":[]}"
20200806T105619_20200806T105752_T31UDP_000000000000000008c9_0,3621,2531,946,1216,1652,1835,2375,2613,2944,2967,5,2020-08-06,Dystric Cambisols,47.84255830040598,1.8956764547247618,10797,RMQS1,"{""type"":""MultiPoint"",""coordinates"":[]}"
20200806T105619_20200806T105752_T31UDP_00000000000000000208_0,2456,1803,525,664,792,1320,1981,2258,2218,2459,5,2020-08-06,Eutric Cambisols,48.70654040780868,2.3229440563732178,452,RMQS1,"{""type"":""MultiPoint"",""coordinates"":[]}"
20200806T105619_20200806T105752_T31UDP_0000000000000000023e_0,4216,3004,1122,1572,2308,2693,2875,3135,3252,3534,5,2020-08-06,Eutric Cambisols,48.56085542396343,1.6729155469005188,509,RMQS1,"{""type"":""MultiPoint"",""coordinates"":[]}"
20200806T105619_20200806T105752_T31UDP_000000000000000002e7_0,5174,3401,1714,2404,3604,4120,4274,4566,4864,5051,5,2020-08-06,Eutric Cambisols,48.13093680610043,2.108177321905969,686,RMQS1,"{""type"":""MultiPoint"",""coordinates"":[]}"
20200806T105619_20200806T105752_T31UDP_0000000000000000031d_0,3944,2407,932,1256,1782,2275,2603,2919,3086,3392,5,2020-08-06,Eutric Planosols,47.98644564029198,1.8944738375183001,742,RMQS1,"{""type"":""MultiPoint"",""coordinates"":[]}"
20200806T105619_20200806T105752_T31UDP_0000000000000000031e_0,3456,2288,525,771,1104,1752,2358,2602,2570,3112,5,2020-08-06,Eutric Planosols,47.98705892971446,2.108800514791813,743,RMQS1,"{""type"":""MultiPoint"",""coordinates"":[]}"
20200806T105619_20200806T105752_T31UDP_0000000000000000023f_0,4579,3208,1424,1892,2722,3197,3384,3642,3782,4099,5,2020-08-06,Haplic Luvisols,48.56187240436339,1.8895991857404957,510,RMQS1,"{""type"":""MultiPoint"",""coordinates"":[]}"
20200806T105619_20200806T105752_T31UDP_00000000000000000275_0,4089,3570,1228,1756,2450,2765,2854,3077,3184,3322,5,2020-08-06,Haplic Luvisols,48.41702172942115,1.6747395099090712,567,RMQS1,"{""type"":""MultiPoint"",""coordinates"":[]}"
20200806T105619_20200806T105752_T31UDP_00000000000000000278_0,3635,2738,1154,1636,2254,2107,2662,2706,3308,3045,5,2020-08-06,Haplic Luvisols,48.418877511932216,2.3230202148648296,570,RMQS1,"{""type"":""MultiPoint"",""coordinates"":[]}"
20200806T105619_20200806T105752_T31UDP_00000000000000000350_0,3621,2531,946,1216,1652,1835,2375,2613,2944,2967,5,2020-08-06,Haplic Luvisols,47.84255830040598,1.8956764547247618,797,RMQS1,"{""type"":""MultiPoint"",""coordinates"":[]}"
20200806T105619_20200806T105752_T31UDP_00000000000000000277_0,5041,3324,1696,2472,3790,4190,4583,4740,5248,5328,5,2020-08-06,Luvic Cambisols,48.41865449696645,2.1069223823788863,569,RMQS1,"{""type"":""MultiPoint"",""coordinates"":[]}"
20200806T105619_20200806T105752_T31UDP_000000000000000002ad_0,3903,2924,1130,1600,2436,2548,2745,3020,3416,3427,5,2020-08-06,Luvic Cambisols,48.273173775874774,1.6765533442912048,626,RMQS1,"{""type"":""MultiPoint"",""coordinates"":[]}"
20200806T105619_20200806T105752_T31UDP_000000000000000002e6_0,4671,3083,1578,2264,3438,3493,3782,4288,4960,4751,5,2020-08-06,Luvic Cambisols,48.13032151946579,1.893264373324863,685,RMQS1,"{""type"":""MultiPoint"",""coordinates"":[]}"
20200806T105619_20200806T105752_T31UDP_0000000000000000031c_0,4211,2935,1320,1888,2790,3084,3342,3583,3880,3962,5,2020-08-06,Mollic Umbrisols,47.98543984274541,1.6801538816928248,741,RMQS1,"{""type"":""MultiPoint"",""coordinates"":[]}"
20200806T105619_20200806T105752_T31UDP_0000000000000000034f_0,3844,3269,1362,1810,2480,2691,2810,3021,3132,3224,5,2020-08-06,Mollic Umbrisols,47.84155543400575,1.681939134662969,796,RMQS1,"{""type"":""MultiPoint"",""coordinates"":[]}"
20200806T105619_20200806T105752_T31UDP_000000000000000002e5_0,3874,2329,1013,1444,2258,2635,2861,3226,3562,3780,5,2020-08-06,Rendzic Leptosols,48.129312960797584,1.6783584655939348,684,RMQS1,"{""type"":""MultiPoint"",""coordinates"":[]}"
20200806T105619_20200806T105752_T31UDQ_0000000000000000007d_0,4186,3813,1116,1632,2346,2647,2739,2926,3032,3136,5,2020-08-06,Protoargic Arenosols,49.58589898837661,1.8391604822330379,SIM46907,HWSDv2,"{""type"":""MultiPoint"",""coordinates"":[]}"
20200806T105619_20200806T105752_T31UDQ_00000000000000000174_0,4362,3127,1206,1660,2448,2757,2928,3111,3482,3623,5,2020-08-06,Calcaric Cambisols,49.136032669120816,1.665509084487337,278,RMQS1,"{""type"":""MultiPoint"",""coordinates"":[]}"
20200806T105619_20200806T105752_T31UDQ_0000000000000000012d_0,4426,3093,1314,1838,2696,3026,3251,3502,3776,3911,5,2020-08-06,Eutric Cambisols,49.425230407063104,2.5430874224563476,200,RMQS1,"{""type"":""MultiPoint"",""coordinates"":[]}"
20200806T105619_20200806T105752_T31UDQ_0000000000000000019e_0,3816,2769,933,1282,1760,2022,2229,2510,2730,2816,5,2020-08-06,Eutric Cambisols,48.99226395558002,1.667375833412688,330,RMQS1,"{""type"":""MultiPoint"",""coordinates"":[]}"
20200806T105619_20200806T105752_T31UDQ_000000000000000001a2_0,3355,2143,827,1118,1466,1928,2305,2539,2766,2934,5,2020-08-06,Eutric Cambisols,48.993966246076276,2.541368882765616,334,RMQS1,"{""type"":""MultiPoint"",""coordinates"":[]}"
20200806T105619_20200806T105752_T31UDQ_00000000000000000208_0,2460,1801,525,666,793,1318,1978,2256,2220,2459,5,2020-08-06,Eutric Cambisols,48.70654040780868,2.3229440563732178,452,RMQS1,"{""type"":""MultiPoint"",""coordinates"":[]}"
20200806T105619_20200806T105752_T31UDQ_0000000000000000010e_0,4207,2958,1244,1708,2504,2479,2752,3117,3378,3406,5,2020-08-06,Eutric Stagnosols,49.56889381763422,2.101746362836863,159,RMQS1,"{""type"":""MultiPoint"",""coordinates"":[]}"
20200806T105619_20200806T105752_T31UDQ_0000000000000000012b_0,2000,1869,1166,1284,1456,1423,1756,1929,1930,1997,5,2020-08-06,Fibric Histosols,49.42517865837183,2.1024074145428684,198,RMQS1,"{""type"":""MultiPoint"",""coordinates"":[]}"
20200806T105619_20200806T105752_T31UDQ_000000000000000001a0_0,2442,2147,877,1048,1158,1419,1765,1865,1896,2052,5,2020-08-06,Fluvic Cambisols,48.99391509715455,2.1043645797039217,332,RMQS1,"{""type"":""MultiPoint"",""coordinates"":[]}"
20200806T105619_20200806T105752_T31UDQ_00000000000000000111_0,2729,2147,287,382,443,1263,1971,2345,2084,2500,5,2020-08-06,Haplic Luvisols,49.56836528159111,2.764623053140729,162,RMQS1,"{""type"":""MultiPoint"",""coordinates"":[]}"
20200806T105619_20200806T105752_T31UDQ_0000000000000000014f_0,4589,2914,1376,1952,2906,3323,3425,3754,4144,4236,5,2020-08-06,Haplic Luvisols,49.280814464529655,1.88334428108737,236,RMQS1,"{""type"":""MultiPoint"",""coordinates"":[]}"
20200806T105619_20200806T105752_T31UDQ_00000000000000000153_0,3246,2756,865,1310,1886,2201,2297,2447,2546,2640,5,2020-08-06,Haplic Luvisols,49.28091769976065,2.7622320159826583,240,RMQS1,"{""type"":""MultiPoint"",""coordinates"":[]}"
20200806T105619_20200806T105752_T31UDQ_00000000000000000177_0,3825,2662,957,1250,1738,1957,2304,2588,2856,2977,5,2020-08-06,Haplic Luvisols,49.13791455267598,2.3228273594300304,281,RMQS1,"{""type"":""MultiPoint"",""coordinates"":[]}"
20200806T105619_20200806T105752_T31UDQ_00000000000000000110_0,4420,3147,1224,1798,2720,3122,3326,3639,3876,4044,5,2020-08-06,Luvic Cambisols,49.56894583689343,2.5436666897699416,161,RMQS1,"{""type"":""MultiPoint"",""coordinates"":[]}"
20200806T105619_20200806T105752_T31UDQ_0000000000000000014e_0,4364,2849,1218,1720,2544,3102,3225,3471,3528,3963,5,2020-08-06,Luvic Cambisols,49.279783234787686,1.6636314749754055,235,RMQS1,"{""type"":""MultiPoint"",""coordinates"":[]}"
20200806T105619_20200806T105752_T31UDQ_00000000000000000175_0,4675,3239,1632,2210,3056,3531,3674,3964,4156,4370,5,2020-08-06,Luvic Cambisols,49.13706124741972,1.8846092571838453,279,RMQS1,"{""type"":""MultiPoint"",""coordinates"":[]}"
20200806T105619_20200806T105752_T31UDQ_000000000000000001a1_0,2149,1691,380,625,777,1048,1863,2190,2300,2302,5,2020-08-06,Luvic Cambisols,48.99414055184198,2.3228665430640922,333,RMQS1,"{""type"":""MultiPoint"",""coordinates"":[]}"
20200806T105619_20200806T105752_T31UDQ_0000000000000000010d_0,3336,2632,915,1256,1554,1818,2253,2340,2626,2626,5,2020-08-06,Luvic Stagnosols,49.56826098013314,1.8807904892721603,158,RMQS1,"{""type"":""MultiPoint"",""coordinates"":[]}"
20200806T105619_20200806T105752_T31UDQ_0000000000000000012c_0,4583,3086,1248,1758,2618,2950,3159,3414,3682,3891,5,2020-08-06,Luvic Stagnosols,49.42540614057504,2.3227471558419417,199,RMQS1,"{""type"":""MultiPoint"",""coordinates"":[]}"
20200806T105619_20200806T105752_T31UDQ_00000000000000000150_0,3245,2287,1622,1906,2118,1974,2623,3059,3376,3117,5,2020-08-06,Luvic Stagnosols,49.28144329184339,2.103064062809696,237,RMQS1,"{""type"":""MultiPoint"",""coordinates"":[]}"
20200806T105619_20200806T105752_T31UDQ_000000000000000001d3_0,1847,1883,1386,1702,1694,1420,1710,1489,1758,1644,5,2020-08-06,Technosols,48.85034873690586,2.322905488238686,391,RMQS1,"{""type"":""MultiPoint"",""coordinates"":[]}"
20200806T105619_20200806T105752_T31UDR_00000000000000000056_0,4634,3029,1064,1564,2416,2835,3039,3365,3594,3931,5,2020-08-06,Eutric Cambisols,50.15828941114408,2.86617988322367,SIM63940,HWSDv2,"{""type"":""MultiPoint"",""coordinates"":[]}"
20200806T105619_20200806T105752_T31UDR_0000000000000000007d_0,4185,3814,1108,1632,2354,2650,2736,2921,3040,3136,5,2020-08-06,Protoargic Arenosols,49.58589898837661,1.8391604822330379,SIM46907,HWSDv2,"{""type"":""MultiPoint"",""coordinates"":[]}"
20200806T105619_20200806T105752_T31UDR_000000000000000000f6_0,2382,1835,981,1126,1208,1427,1994,2264,2202,2531,5,2020-08-06,Calcaric Cambisols,49.71264020753129,2.5442497423135224,132,RMQS1,"{""type"":""MultiPoint"",""coordinates"":[]}"
20200806T105619_20200806T105752_T31UDR_000000000000000000a9_0,3257,2875,849,1324,1754,2071,2255,2426,2454,2543,5,2020-08-06,Eutric Cambisols,50.43070046559016,2.0977104657606827,36,RMQS1,"{""type"":""MultiPoint"",""coordinates"":[]}"
20200806T105619_20200806T105752_T31UDR_000000000000000000aa_0,1980,1666,918,945,1036,1108,1534,1789,1450,1985,5,2020-08-06,Eutric Cambisols,50.43093213840921,2.3224594361607416,37,RMQS1,"{""type"":""MultiPoint"",""coordinates"":[]}"
20200806T105619_20200806T105752_T31UDR_000000000000000000ac_0,1803,1602,941,943,1000,1064,1277,1314,1412,1418,5,2020-08-06,Eutric Cambisols,50.430165085295194,2.7719553311287974,39,RMQS1,"{""type"":""MultiPoint"",""coordinates"":[]}"
20200806T105619_20200806T105752_T31UDR_000000000000000000ad_0,2557,1873,1066,1190,1366,1673,2375,2713,2730,2958,5,2020-08-06,Eutric Cambisols,50.42916619393928,2.996695634941413,40,RMQS1,"{""type"":""MultiPoint"",""coordinates"":[]}"
20200806T105619_20200806T105752_T31UDR_000000000000000000b3_0,3402,2907,1154,1540,2014,2308,2447,2659,2780,2853,5,2020-08-06,Eutric Cambisols,50.28736043598306,2.3225017207889516,50,RMQS1,"{""type"":""MultiPoint"",""coordinates"":[]}"
20200806T105619_20200806T105752_T31UDR_000000000000000000b4_0,3486,3124,1172,1538,2056,2323,2462,2686,2806,2859,5,2020-08-06,Eutric Cambisols,50.28718216659681,2.546611534452438,51,RMQS1,"{""type"":""MultiPoint"",""coordinates"":[]}"
20200806T105619_20200806T105752_T31UDR_000000000000000000bc_0,3789,3063,929,1250,1824,1933,2084,2365,2552,2622,5,2020-08-06,Eutric Cambisols,50.14184543087868,1.6521414189885952,60,RMQS1,"{""type"":""MultiPoint"",""coordinates"":[]}"
20200806T105619_20200806T105752_T31UDR_000000000000000000cb_0,3929,2776,866,1252,1832,2213,2354,2556,2626,2945,5,2020-08-06,Eutric Cambisols,49.99927003977352,1.8769088733350434,78,RMQS1,"{""type"":""MultiPoint"",""coordinates"":[]}"
20200806T105619_20200806T105752_T31UDR_000000000000000000d0_0,4133,2893,1174,1600,2200,2467,2663,2931,3208,3240,5,2020-08-06,Eutric Cambisols,49.99838355325251,2.991087849150008,83,RMQS1,"{""type"":""MultiPoint"",""coordinates"":[]}"
20200806T105619_20200806T105752_T31UDR_000000000000000000df_0,2516,1913,949,1070,1250,1492,1791,1936,1816,2078,5,2020-08-06,Eutric Cambisols,49.85631247393191,2.5448356402447683,104,RMQS1,"{""type"":""MultiPoint"",""coordinates"":[]}"
20200806T105619_20200806T105752_T31UDR_000000000000000000f4_0,3918,2751,982,1356,2016,2271,2329,2568,2798,2926,5,2020-08-06,Eutric Cambisols,49.71258809583164,2.101081697148307,130,RMQS1,"{""type"":""MultiPoint"",""coordinates"":[]}"
20200806T105619_20200806T105752_T31UDR_000000000000000000f7_0,4135,2849,1072,1488,2204,2586,2782,3014,3274,3476,5,2020-08-06,Eutric Cambisols,49.7120578590372,2.7658288977798313,133,RMQS1,"{""type"":""MultiPoint"",""coordinates"":[]}"
20200806T105619_20200806T105752_T31UDR_000000000000000000b6_0,3541,2453,778,1046,1278,1701,2379,2757,2966,3138,5,2020-08-06,Eutric Fluvisols,50.28559823085167,2.9948161370508677,53,RMQS1,"{""type"":""MultiPoint"",""coordinates"":[]}"
20200806T105619_20200806T105752_T31UDR_0000000000000000010e_0,4206,2961,1246,1714,2524,2483,2752,3119,3406,3412,5,2020-08-06,Eutric Stagnosols,49.56889381763422,2.101746362836863,159,RMQS1,"{""type"":""MultiPoint"",""coordinates"":[]}"
20200806T105619_20200806T105752_T31UDR_00000000000000000111_0,2715,2160,268,369,423,1270,1972,2340,2078,2496,5,2020-08-06,Haplic Luvisols,49.56836528159111,2.764623053140729,162,RMQS1,"{""type"":""MultiPoint"",""coordinates"":[]}"
20200806T105619_20200806T105752_T31UDR_000000000000000000ca_0,4228,3255,973,1362,1992,2329,2517,2778,3022,3188,5,2020-08-06,Luvic Cambisols,49.99822488625304,1.654081486582689,77,RMQS1,"{""type"":""MultiPoint"",""coordinates"":[]}"
20200806T105619_20200806T105752_T31UDR_000000000000000000f5_0,3313,2882,946,1354,1934,2161,2253,2444,2496,2569,5,2020-08-06,Luvic Cambisols,49.7128174628079,2.3226656536691292,131,RMQS1,"{""type"":""MultiPoint"",""coordinates"":[]}"
20200806T105619_20200806T105752_T31UDR_00000000000000000110_0,4417,3148,1224,1804,2736,3131,3325,3635,3886,4049,5,2020-08-06,Luvic Cambisols,49.56894583689343,2.5436666897699416,161,RMQS1,"{""type"":""MultiPoint"",""coordinates"":[]}"
20200806T105619_20200806T105752_T31UDR_0000000000000000010d_0,3339,2630,907,1246,1540,1817,2250,2335,2630,2626,5,2020-08-06,Luvic Stagnosols,49.56826098013314,1.8807904892721603,158,RMQS1,"{""type"":""MultiPoint"",""coordinates"":[]}"
20200806T105619_20200806T105752_T31UDR_000000000000000000cc_0,3892,3130,1058,1360,1832,2419,2676,2912,3160,3257,5,2020-08-06,Rendzic Leptosols,49.999907534519636,2.099745350209818,79,RMQS1,"{""type"":""MultiPoint"",""coordinates"":[]}"
20200806T105619_20200806T105752_T31UDR_000000000000000000b2_0,4252,3079,904,1242,1830,2154,2414,2695,2888,3109,5,2020-08-06,Umbric Leptosols,50.28712929849958,2.098392586975514,49,RMQS1,"{""type"":""MultiPoint"",""coordinates"":[]}"
20200806T105619_20200806T105752_T31UDS_00000000000000000039_0,2131,1504,508,701,901,1135,1534,1740,1962,2062,5,2020-08-06,Calcaric Cambisols,50.65641267424932,1.6510873564702908,SIM4474,HWSDv2,"{""type"":""MultiPoint"",""coordinates"":[]}"
20200806T105619_20200806T105752_T31UDS_00000000000000000094_0,3602,3495,1015,1410,1878,2086,2264,2440,2502,2577,5,2020-08-06,Eutric Cambisols,50.860597017905235,1.868950662715976,9,RMQS1,"{""type"":""MultiPoint"",""coordinates"":[]}"
20200806T105619_20200806T105752_T31UDS_00000000000000000097_0,3548,2608,845,1218,1650,2012,2475,2814,3008,3184,5,2020-08-06,Eutric Stagnosols,50.86130221409984,2.549023491235136,12,RMQS1,"{""type"":""MultiPoint"",""coordinates"":[]}"
20200806T105619_20200806T105752_T31UDS_000000000000000000a4_0,2015,1837,761,979,1198,1321,1475,1629,1580,1742,5,2020-08-06,Fluvic Cambisols,50.57370842780058,2.773201014166533,29,RMQS1,"{""type"":""MultiPoint"",""coordinates"":[]}"
20200806T105619_20200806T105752_T31UDS_00000000000000000091_0,1687,1443,849,973,966,1082,1445,1584,1432,1491,5,2020-08-06,Fluvic Stagnosols,51.00493790256749,2.3222866091527186,6,RMQS1,"{""type"":""MultiPoint"",""coordinates"":[]}"
20200806T105619_20200806T105752_T31UDS_0000000000000000009f_0,3348,2327,1974,2544,2372,2358,3133,3711,4468,3774,5,2020-08-06,Rendzic Leptosols,50.57254339082955,1.6462577899891515,24,RMQS1,"{""type"":""MultiPoint"",""coordinates"":[]}"
20200806T105619_20200806T105752_T31UER_000000000000000000b7_0,3604,2583,1012,1392,1956,2204,2566,2905,3012,3232,5,2020-08-06,Luvic Cambisols,50.284191794055914,3.2189050612951036,54,RMQS1,"{""type"":""MultiPoint"",""coordinates"":[]}"
