system:index,B11,B12,B2,B3,B4,B5,B6,B7,B8,B8A,SCL,date,h_wrb4,latitude,longitude,profile_id,source_db,.geo
20210224T105031_20210224T105442_T30TXN_0000000000000000006c_0,2208,1489,622,1094,1114,1555,2504,2690,2830,2836,5,2021-02-24,Calcaric Fluvisols,43.24731944408375,-0.6918296171328728,SIM91024,HWSDv2,"{""type"":""MultiPoint"",""coordinates"":[]}"
20210224T105031_20210224T105442_T30TXP_0000000000000000006c_0,2189,1483,672,1116,1122,1559,2492,2678,2818,2826,5,2021-02-24,Calcaric Fluvisols,43.24731944408375,-0.6918296171328728,SIM91024,HWSDv2,"{""type"":""MultiPoint"",""coordinates"":[]}"
20210224T105031_20210224T105442_T30TXP_0000000000000000077f_0,1918,1165,350,564,658,1033,1412,1700,1714,2014,5,2021-02-24,Dystric Cambisols,43.916129478739634,-0.66133567063098,1958,RMQS1,"{""type"":""MultiPoint"",""coordinates"":[]}"
20210224T105031_20210224T105442_T30TXP_00000000000000000827_0,2591,1565,542,786,980,1288,1868,2194,2352,2555,5,2021-02-24,Haplic Luvisols,43.335697109929015,-0.8281133342133432,2140,RMQS1,"{""type"":""MultiPoint"",""coordinates"":[]}"
20210224T105031_20210224T105442_T30TXP_00000000000000000755_0,2516,1718,689,1064,1188,1585,2182,2450,2600,2560,5,2021-02-24,Luvic Stagnosols,44.0651892036956,-0.46958380015658663,1912,RMQS1,"{""type"":""MultiPoint"",""coordinates"":[]}"
20210224T105031_20210224T105442_T30TXP_00000000000000000780_0,2002,1276,548,821,921,1143,1719,1970,2192,2335,5,2021-02-24,Rustic Podzols,43.92143400859786,-0.4624790159413434,1959,RMQS1,"{""type"":""MultiPoint"",""coordinates"":[]}"
20210224T105031_20210224T105442_T30TXQ_0000000000000000068b_0,2865,2551,3498,3940,3746,2730,2893,2821,3852,2884,5,2021-02-24,Eutric Cambisols,44.78413733927169,-0.5056548387951271,1696,RMQS1,"{""type"":""MultiPoint"",""coordinates"":[]}"
20210224T105031_20210224T105442_T30TXQ_000000000000000006fe_0,2888,2309,834,1180,1122,1719,2575,2764,2956,3030,5,2021-02-24,Umbric Podzols,44.35273678130907,-0.4839019913906256,1823,RMQS1,"{""type"":""MultiPoint"",""coordinates"":[]}"
20210224T105031_20210224T105442_T30TYN_00000000000000000879_0,2491,1678,495,740,928,1321,1918,2216,2048,2428,5,2021-02-24,Eutric Cambisols,42.91556813443344,-0.4137347196183648,2244,RMQS1,"{""type"":""MultiPoint"",""coordinates"":[]}"
20210224T105031_20210224T105442_T30TYN_0000000000000000087c_0,1685,1081,304,476,656,837,1257,1475,1892,1720,5,2021-02-24,Eutric Cambisols,42.93282862092441,0.3681914995850775,2248,RMQS1,"{""type"":""MultiPoint"",""coordinates"":[]}"
20210224T105031_20210224T105442_T30TYN_0000000000000000087e_0,2253,1647,498,688,954,1508,1671,1860,2014,2132,5,2021-02-24,Eutric Cambisols,42.93931480823404,0.7593104679881422,2250,RMQS1,"{""type"":""MultiPoint"",""coordinates"":[]}"
20210224T105031_20210224T105442_T30TYN_0000000000000000087d_0,2714,1699,536,836,1156,1356,1823,2207,2874,2479,5,2021-02-24,Fibric Histosols,42.93625055232636,0.5637405651906553,2249,RMQS1,"{""type"":""MultiPoint"",""coordinates"":[]}"
20210224T105031_20210224T105442_T30TYP_00000000000000000030_0,2483,1884,616,1024,1182,1544,1783,1892,2040,2076,5,2021-02-24,Calcaric Cambisols,44.033238784443746,0.32947762226575067,SIM783,HWSDv2,"{""type"":""MultiPoint"",""coordinates"":[]}"
20210224T105031_20210224T105442_T30TYP_00000000000000000046_0,2844,1955,739,1398,1400,2057,2766,2940,3043,3003,5,2021-02-24,Gleyic Cambisols,43.74950007383431,0.1370914792787227,SIM91955,HWSDv2,"{""type"":""MultiPoint"",""coordinates"":[]}"
20210224T105031_20210224T105442_T30TYP_00000000000000000757_0,2140,1317,476,756,951,1216,1789,2049,2141,2324,5,2021-02-24,Albic Podzols,44.074732152290785,-0.07075846884607669,1914,RMQS1,"{""type"":""MultiPoint"",""coordinates"":[]}"
20210224T105031_20210224T105442_T30TYP_0000000000000000075a_0,2236,1423,556,1116,1144,1513,2178,2268,2388,2416,5,2021-02-24,Calcaric Cambisols,44.08630866803374,0.5277088899999789,1917,RMQS1,"{""type"":""MultiPoint"",""coordinates"":[]}"
20210224T105031_20210224T105442_T30TYP_00000000000000000784_0,2496,1839,614,971,1212,1445,1600,1700,1804,1830,5,2021-02-24,Calcaric Cambisols,43.939013384960546,0.3332815597688434,1963,RMQS1,"{""type"":""MultiPoint"",""coordinates"":[]}"
20210224T105031_20210224T105442_T30TYP_000000000000000007b2_0,3161,2368,766,1440,1660,1905,2490,2598,2670,2796,5,2021-02-24,Calcaric Cambisols,43.801814078706926,0.7353863730644742,2011,RMQS1,"{""type"":""MultiPoint"",""coordinates"":[]}"
20210224T105031_20210224T105442_T30TYP_000000000000000007dd_0,3020,2349,659,1256,1614,1923,2071,2214,2210,2239,5,2021-02-24,Calcaric Cambisols,43.65802295237102,0.7394234284125767,2057,RMQS1,"{""type"":""MultiPoint"",""coordinates"":[]}"
20210224T105031_20210224T105442_T30TYP_00000000000000000806_0,3130,2338,733,1476,1672,2143,2455,2594,2645,2646,5,2021-02-24,Calcaric Cambisols,43.51424709370381,0.7434401003762473,2103,RMQS1,"{""type"":""MultiPoint"",""coordinates"":[]}"
20210224T105031_20210224T105442_T30TYP_000000000000000007b1_0,2563,1661,484,1098,1032,1595,2310,2493,2375,2588,5,2021-02-24,Eutric Cambisols,43.79870099823677,0.5368540129522552,2010,RMQS1,"{""type"":""MultiPoint"",""coordinates"":[]}"
20210224T105031_20210224T105442_T30TYP_00000000000000000759_0,3008,2459,852,1366,1668,1947,2144,2229,2358,2412,5,2021-02-24,Haplic Luvisols,44.08281502778731,0.32819314039789665,1916,RMQS1,"{""type"":""MultiPoint"",""coordinates"":[]}"
20210224T105031_20210224T105442_T30TYP_0000000000000000082b_0,3019,2049,628,1096,1212,1836,2662,2920,3107,3203,5,2021-02-24,Haplic Luvisols,43.36014192458075,0.15638714441469706,2145,RMQS1,"{""type"":""MultiPoint"",""coordinates"":[]}"
20210224T105031_20210224T105442_T30TYP_00000000000000000755_0,2538,1726,684,1058,1184,1594,2199,2473,2607,2580,5,2021-02-24,Luvic Stagnosols,44.0651892036956,-0.46958380015658663,1912,RMQS1,"{""type"":""MultiPoint"",""coordinates"":[]}"
20210224T105031_20210224T105442_T30TYP_0000000000000000075b_0,2448,1740,708,1138,1252,1751,2225,2310,2468,2565,5,2021-02-24,Mollic Umbrisols,44.08943792205592,0.7272481499870546,1918,RMQS1,"{""type"":""MultiPoint"",""coordinates"":[]}"
20210224T105031_20210224T105442_T30TYP_000000000000000007af_0,2354,1413,260,529,651,1073,1586,1875,2026,2254,5,2021-02-24,Mollic Umbrisols,43.79138624679632,0.1398598578511022,2008,RMQS1,"{""type"":""MultiPoint"",""coordinates"":[]}"
20210224T105031_20210224T105442_T30TYP_00000000000000000780_0,2018,1281,545,812,913,1130,1721,1972,2203,2352,5,2021-02-24,Rustic Podzols,43.92143400859786,-0.4624790159413434,1959,RMQS1,"{""type"":""MultiPoint"",""coordinates"":[]}"
20210224T105031_20210224T105442_T30TYP_0000000000000000082a_0,3289,2473,764,1158,1520,1817,2043,2259,2444,2513,5,2021-02-24,Umbrisols (Vermic),43.35597330765503,-0.0405779924292423,2144,RMQS1,"{""type"":""MultiPoint"",""coordinates"":[]}"
20210224T105031_20210224T105442_T30TYQ_00000000000000000701_0,3563,2976,1180,1816,2026,2536,2979,3108,3334,3294,5,2021-02-24,Calcaric Cambisols,44.36657602891278,0.11743191867862429,1826,RMQS1,"{""type"":""MultiPoint"",""coordinates"":[]}"
20210224T105031_20210224T105442_T30TYQ_000000000000000006db_0,2742,2474,1150,1710,2090,2375,2469,2492,2480,2555,5,2021-02-24,Eutric Fluvisols,44.51040280255146,0.11175365966486718,1784,RMQS1,"{""type"":""MultiPoint"",""coordinates"":[]}"
20210224T105031_20210224T105442_T30TYQ_00000000000000000702_0,2488,2190,778,1306,1648,1993,2088,2166,2162,2241,5,2021-02-24,Eutric Fluvisols,44.37045570221343,0.31793828823070713,1827,RMQS1,"{""type"":""MultiPoint"",""coordinates"":[]}"
20210224T105031_20210224T105442_T30TYQ_0000000000000000063e_0,3016,1837,1230,1466,1268,1976,3508,4046,4243,4237,5,2021-02-24,Haplic Luvisols,45.07682572428559,-0.317346758335372,1614,RMQS1,"{""type"":""MultiPoint"",""coordinates"":[]}"
20210224T105031_20210224T105442_T30TYQ_000000000000000006b8_0,3426,2699,941,1626,1920,2138,2445,2587,2723,2701,5,2021-02-24,Haplic Luvisols,44.664832562379004,0.7107266218471442,1745,RMQS1,"{""type"":""MultiPoint"",""coordinates"":[]}"
20210224T105031_20210224T105442_T30TYQ_000000000000000006dd_0,3427,2640,827,1368,1584,2165,2606,2746,2942,2993,5,2021-02-24,Haplic Luvisols,44.51781425187794,0.5138181479053451,1786,RMQS1,"{""type"":""MultiPoint"",""coordinates"":[]}"
20210224T105031_20210224T105442_T30TYQ_00000000000000000691_0,2256,1360,306,559,688,1081,1440,1654,1697,1927,5,2021-02-24,Luvic Cambisols,44.808706456853045,0.7065437283644227,1702,RMQS1,"{""type"":""MultiPoint"",""coordinates"":[]}"
20210224T105031_20210224T105442_T30TYQ_0000000000000000072d_0,2761,2098,594,1064,1288,1667,1962,2134,2370,2446,5,2021-02-24,Luvic Cambisols,44.230132383061516,0.5231018340485758,1871,RMQS1,"{""type"":""MultiPoint"",""coordinates"":[]}"
20210224T105031_20210224T105442_T30TYQ_00000000000000000668_0,1857,1125,261,393,619,722,1101,1312,1482,1552,5,2021-02-24,Mollic Umbrisols,44.94585947668485,0.2971163753139567,1658,RMQS1,"{""type"":""MultiPoint"",""coordinates"":[]}"
20210224T105031_20210224T105442_T30TYQ_00000000000000000669_0,2908,1771,383,596,923,1297,1644,1895,2053,2366,5,2021-02-24,Mollic Umbrisols,44.94941033435976,0.49971586144971286,1659,RMQS1,"{""type"":""MultiPoint"",""coordinates"":[]}"
20210224T105031_20210224T105442_T30TYQ_00000000000000000692_0,2598,1684,408,625,926,1187,1589,1772,1968,2044,5,2021-02-24,Rendzic Leptosols,44.811507211882365,0.9086684261965275,1703,RMQS1,"{""type"":""MultiPoint"",""coordinates"":[]}"
20210224T105031_20210224T105442_T30TYQ_0000000000000000072a_0,3042,1883,594,884,1232,1576,1893,2141,2396,2499,5,2021-02-24,Rustic Podzols,44.218525062282644,-0.0768860659739211,1868,RMQS1,"{""type"":""MultiPoint"",""coordinates"":[]}"
20210224T105031_20210224T105442_T30TYQ_000000000000000006fe_0,2941,2325,710,1120,1070,1727,2652,2852,3040,3125,5,2021-02-24,Umbric Podzols,44.35273678130907,-0.4839019913906256,1823,RMQS1,"{""type"":""MultiPoint"",""coordinates"":[]}"
20210224T105031_20210224T105442_T30TYR_00000000000000000062_0,2946,1953,589,1068,1164,1780,2734,2941,3060,3168,5,2021-02-24,Calcaric Cambisols,45.9412014057957,0.065289686897003,SIM30965,HWSDv2,"{""type"":""MultiPoint"",""coordinates"":[]}"
20210224T105031_20210224T105442_T30TYR_00000000000000000581_0,2644,1789,491,791,959,1375,1569,1841,1660,2076,5,2021-02-24,Calcaric Cambisols,45.80519683137868,0.059315101682322416,1410,RMQS1,"{""type"":""MultiPoint"",""coordinates"":[]}"
20210224T105031_20210224T105442_T30TYR_000000000000000005a4_0,3317,2484,889,1444,1580,2164,2881,3089,3022,3145,5,2021-02-24,Calcaric Cambisols,45.66131000624331,0.0652636300268976,1450,RMQS1,"{""type"":""MultiPoint"",""coordinates"":[]}"
20210224T105031_20210224T105442_T30TYR_000000000000000005a5_0,3285,2185,894,1598,1566,2314,3427,3605,3838,3715,5,2021-02-24,Calcaric Cambisols,45.66528210595559,0.2704780405947115,1451,RMQS1,"{""type"":""MultiPoint"",""coordinates"":[]}"
20210224T105031_20210224T105442_T30TYR_000000000000000005c8_0,3152,2383,1242,1596,1818,2042,2255,2351,2568,2560,5,2021-02-24,Calcaric Cambisols,45.513089622659,-0.13346799206529747,1490,RMQS1,"{""type"":""MultiPoint"",""coordinates"":[]}"
20210224T105031_20210224T105442_T30TYR_000000000000000005cd_0,2434,1475,357,604,761,1095,1508,1746,1976,2091,5,2021-02-24,Dystric Cambisols,45.53102549248425,0.8900595391276002,1495,RMQS1,"{""type"":""MultiPoint"",""coordinates"":[]}"
20210224T105031_20210224T105442_T30TYR_0000000000000000055d_0,3024,2347,783,1216,1462,1841,2083,2261,2316,2384,5,2021-02-24,Eutric Cambisols,45.95669494331757,0.4659446369728208,1371,RMQS1,"{""type"":""MultiPoint"",""coordinates"":[]}"
20210224T105031_20210224T105442_T30TYR_000000000000000005f1_0,3490,2926,1188,1756,2034,2547,2801,2866,2940,3008,5,2021-02-24,Eutric Cambisols,45.373545582811104,0.07706807018069811,1533,RMQS1,"{""type"":""MultiPoint"",""coordinates"":[]}"
20210224T105031_20210224T105442_T30TYR_0000000000000000063e_0,3013,1837,1212,1458,1260,1969,3493,4030,4228,4226,5,2021-02-24,Haplic Luvisols,45.07682572428559,-0.317346758335372,1614,RMQS1,"{""type"":""MultiPoint"",""coordinates"":[]}"
20210224T105031_20210224T105442_T30TYR_00000000000000000619_0,2679,1837,632,1036,1192,1632,2233,2441,2562,2820,5,2021-02-24,Luvic Cambisols,45.22967037836249,0.0829237907257251,1575,RMQS1,"{""type"":""MultiPoint"",""coordinates"":[]}"
20210224T105031_20210224T105442_T30TYR_00000000000000000643_0,2007,1205,260,475,560,935,1405,1667,1890,1942,5,2021-02-24,Luvic Cambisols,45.09647889115612,0.6981141771760151,1619,RMQS1,"{""type"":""MultiPoint"",""coordinates"":[]}"
20210224T105031_20210224T105442_T30TYR_00000000000000000644_0,2114,1292,290,539,692,952,1459,1632,1842,1856,5,2021-02-24,Luvic Stagnosols,45.09929510727043,0.9012833888857089,1620,RMQS1,"{""type"":""MultiPoint"",""coordinates"":[]}"
20210224T105031_20210224T105442_T30TYR_000000000000000005c9_0,2914,2023,901,1316,1338,1954,2652,2792,2952,2975,5,2021-02-24,Regosols (Colluvic),45.51742584404047,0.07118138304806058,1491,RMQS1,"{""type"":""MultiPoint"",""coordinates"":[]}"
20210224T105031_20210224T105442_T30TYR_000000000000000005f3_0,2109,1601,342,756,953,1140,1289,1373,1398,1421,5,2021-02-24,Rendzic Leptosols,45.38107425208028,0.4853942395465012,1535,RMQS1,"{""type"":""MultiPoint"",""coordinates"":[]}"
20210224T105031_20210224T105442_T30TYR_00000000000000000028_0,2611,2031,574,940,1136,1512,2059,2259,2192,2326,5,2021-02-24,Eutric Fluvisols,45.89861111,0.00277778,68782,{WD-WISE},"{""type"":""MultiPoint"",""coordinates"":[]}"
20210224T105031_20210224T105442_T30TYS_0000000000000000005e_0,3136,2248,1016,1582,1692,2055,2857,3075,3220,3208,5,2021-02-24,Calcaric Cambisols,46.50806450849034,0.9910526900588258,SIM48183,HWSDv2,"{""type"":""MultiPoint"",""coordinates"":[]}"
20210224T105031_20210224T105442_T30TYS_00000000000000000062_0,2949,1955,562,1054,1158,1775,2731,2939,3062,3169,5,2021-02-24,Calcaric Cambisols,45.9412014057957,0.065289686897003,SIM30965,HWSDv2,"{""type"":""MultiPoint"",""coordinates"":[]}"
20210224T105031_20210224T105442_T30TYS_0000000000000000047c_0,2959,2158,425,791,990,1280,1671,1893,2136,2159,5,2021-02-24,Calcaric Cambisols,46.81647502906954,0.2263821490651051,1122,RMQS1,"{""type"":""MultiPoint"",""coordinates"":[]}"
20210224T105031_20210224T105442_T30TYS_00000000000000000512_0,2188,1317,339,667,703,1093,1636,1874,2188,2111,5,2021-02-24,Calcaric Stagnosols,46.23686758524333,0.0412826508080623,1286,RMQS1,"{""type"":""MultiPoint"",""coordinates"":[]}"
20210224T105031_20210224T105442_T30TYS_000000000000000004a6_0,1990,1268,292,487,618,918,1298,1483,1652,1772,5,2021-02-24,Eutric Cambisols,46.67952531374118,0.6501434335032911,1165,RMQS1,"{""type"":""MultiPoint"",""coordinates"":[]}"
20210224T105031_20210224T105442_T30TYS_000000000000000004eb_0,2624,1940,451,868,1132,1417,1683,1808,1912,1959,5,2021-02-24,Eutric Cambisols,46.380758268333096,0.035208723464946995,1244,RMQS1,"{""type"":""MultiPoint"",""coordinates"":[]}"
20210224T105031_20210224T105442_T30TYS_0000000000000000055d_0,3049,2366,758,1204,1456,1849,2095,2275,2314,2402,5,2021-02-24,Eutric Cambisols,45.95669494331757,0.4659446369728208,1371,RMQS1,"{""type"":""MultiPoint"",""coordinates"":[]}"
20210224T105031_20210224T105442_T30TYS_0000000000000000047d_0,2531,1691,487,904,995,1518,2365,2583,2624,2780,5,2021-02-24,Haplic Luvisols,46.82014893841074,0.43599984899138555,1123,RMQS1,"{""type"":""MultiPoint"",""coordinates"":[]}"
20210224T105031_20210224T105442_T30TYS_00000000000000000536_0,2708,2335,612,1048,1516,1728,1975,2130,2228,2293,5,2021-02-24,Luvic Cambisols,46.09698040593662,0.2541578951208035,1328,RMQS1,"{""type"":""MultiPoint"",""coordinates"":[]}"
20210224T105031_20210224T105442_T30TYT_0000000000000000037d_0,3065,2294,624,1180,1512,1908,2333,2445,2492,2536,5,2021-02-24,Eutric Cambisols,47.69231735110835,1.0443128583803534,845,RMQS1,"{""type"":""MultiPoint"",""coordinates"":[]}"
20210224T105031_20210224T105442_T30TYT_000000000000000003aa_0,2811,2001,615,1074,1330,1767,1976,2115,2234,2302,5,2021-02-24,Eutric Cambisols,47.542927371413136,0.6227839914739651,895,RMQS1,"{""type"":""MultiPoint"",""coordinates"":[]}"
20210224T105031_20210224T105442_T30TYT_0000000000000000037c_0,2194,1590,495,853,1154,1416,1641,1751,1960,1981,5,2021-02-24,Haplic Luvisols,47.68975585042416,0.8312134254903143,844,RMQS1,"{""type"":""MultiPoint"",""coordinates"":[]}"
20210224T105031_20210224T105442_T30TYT_000000000000000003ac_0,2495,1621,300,568,785,1096,1432,1659,1808,2028,5,2021-02-24,Haplic Luvisols,47.54842634489564,1.0478077768911012,897,RMQS1,"{""type"":""MultiPoint"",""coordinates"":[]}"
20210224T105031_20210224T105442_T30TYT_00000000000000000404_0,2533,1690,694,979,1234,1267,1703,2056,2404,2195,5,2021-02-24,Haplic Luvisols,47.25515043152472,0.6320023123013093,991,RMQS1,"{""type"":""MultiPoint"",""coordinates"":[]}"
20210224T105031_20210224T105442_T30TYT_0000000000000000047d_0,2535,1700,528,937,1016,1536,2375,2591,2640,2790,5,2021-02-24,Haplic Luvisols,46.82014893841074,0.43599984899138555,1123,RMQS1,"{""type"":""MultiPoint"",""coordinates"":[]}"
20210224T105031_20210224T105442_T30TYT_000000000000000003da_0,2722,1791,554,1144,1288,1890,2511,2684,2790,2790,5,2021-02-24,Luvic Cambisols,47.404526962741336,1.0512838631524177,948,RMQS1,"{""type"":""MultiPoint"",""coordinates"":[]}"
20210224T105031_20210224T105442_T30UYU_00000000000000000272_0,2732,1866,783,1378,1478,2149,2800,2985,3084,3106,5,2021-02-24,Eutric Retisols,48.411606154539754,1.0265529667530489,564,RMQS1,"{""type"":""MultiPoint"",""coordinates"":[]}"
20210224T105031_20210224T105442_T30UYU_000000000000000002a9_0,2355,1701,677,1064,1246,1689,2012,2135,2224,2361,5,2021-02-24,Luvic Stagnosols,48.265183822455356,0.8147095500113787,622,RMQS1,"{""type"":""MultiPoint"",""coordinates"":[]}"
20210224T105031_20210224T105442_T31TCH_00000000000000000852_0,2245,1587,814,1310,1586,1499,2077,2323,2193,2338,5,2021-02-24,Calcaric Cambisols,43.233830788422544,1.3411659095380064,2190,RMQS1,"{""type"":""MultiPoint"",""coordinates"":[]}"
20210224T105031_20210224T105442_T31TCH_0000000000000000088e_0,2974,1892,470,721,979,1265,1711,1950,2294,2311,5,2021-02-24,Cambic Umbrisols,42.80429186699147,1.5437373172803144,2277,RMQS1,"{""type"":""MultiPoint"",""coordinates"":[]}"
20210224T105031_20210224T105442_T31TCH_0000000000000000087e_0,2141,1588,484,681,897,1343,1629,1785,1944,1943,5,2021-02-24,Eutric Cambisols,42.93931480823404,0.7593104679881422,2250,RMQS1,"{""type"":""MultiPoint"",""coordinates"":[]}"
20210224T105031_20210224T105442_T31TCH_0000000000000000087d_0,2897,1820,630,898,1198,1426,2075,2398,3294,2786,5,2021-02-24,Fibric Histosols,42.93625055232636,0.5637405651906553,2249,RMQS1,"{""type"":""MultiPoint"",""coordinates"":[]}"
20210224T105031_20210224T105442_T31TCH_0000000000000000086e_0,2836,2005,704,1160,1266,1905,2653,2855,3096,3128,5,2021-02-24,Luvic Stagnosols,43.0930077715907,1.7359034787467902,2227,RMQS1,"{""type"":""MultiPoint"",""coordinates"":[]}"
20210224T105031_20210224T105442_T31TCH_00000000000000000854_0,2084,1388,584,1120,1110,1623,2297,2452,2591,2517,5,2021-02-24,Mollic Umbrisols,43.23675734912461,1.7343973183347328,2192,RMQS1,"{""type"":""MultiPoint"",""coordinates"":[]}"
20210224T105031_20210224T105442_T31TCJ_00000000000000000083_0,2161,1575,846,1204,1346,1302,1840,2146,2409,2180,5,2021-02-24,Calcaric Cambisols,43.78608327784773,1.3843490695106873,SIM27892,HWSDv2,"{""type"":""MultiPoint"",""coordinates"":[]}"
20210224T105031_20210224T105442_T31TCJ_00000000000000000731_0,3144,2488,749,1138,1426,1685,1925,1982,2152,2236,5,2021-02-24,Calcaric Cambisols,44.2404851063561,1.3234055011692607,1875,RMQS1,"{""type"":""MultiPoint"",""coordinates"":[]}"
20210224T105031_20210224T105442_T31TCJ_00000000000000000732_0,3236,2176,774,1316,1628,2017,2490,2691,2966,3019,5,2021-02-24,Calcaric Cambisols,44.24215747682371,1.5235202230528846,1876,RMQS1,"{""type"":""MultiPoint"",""coordinates"":[]}"
20210224T105031_20210224T105442_T31TCJ_0000000000000000075a_0,2255,1467,595,1084,1096,1542,2179,2283,2383,2409,5,2021-02-24,Calcaric Cambisols,44.08630866803374,0.5277088899999789,1917,RMQS1,"{""type"":""MultiPoint"",""coordinates"":[]}"
20210224T105031_20210224T105442_T31TCJ_000000000000000007b2_0,3216,2448,830,1476,1628,2013,2444,2562,2733,2698,5,2021-02-24,Calcaric Cambisols,43.801814078706926,0.7353863730644742,2011,RMQS1,"{""type"":""MultiPoint"",""coordinates"":[]}"
20210224T105031_20210224T105442_T31TCJ_000000000000000007b3_0,2654,2101,797,1388,1634,1921,2002,2083,2105,2116,5,2021-02-24,Calcaric Cambisols,43.804563518724855,0.9339386706927577,2012,RMQS1,"{""type"":""MultiPoint"",""coordinates"":[]}"
20210224T105031_20210224T105442_T31TCJ_000000000000000007dd_0,2949,2318,709,1288,1594,1889,2043,2147,2200,2189,5,2021-02-24,Calcaric Cambisols,43.65802295237102,0.7394234284125767,2057,RMQS1,"{""type"":""MultiPoint"",""coordinates"":[]}"
20210224T105031_20210224T105442_T31TCJ_000000000000000007de_0,3200,2514,789,1382,1728,1980,2139,2364,2439,2417,5,2021-02-24,Calcaric Cambisols,43.6607654692577,0.9374759088034046,2058,RMQS1,"{""type"":""MultiPoint"",""coordinates"":[]}"
20210224T105031_20210224T105442_T31TCJ_000000000000000007e1_0,2634,1871,770,1396,1664,1916,2192,2361,2242,2434,5,2021-02-24,Calcaric Cambisols,43.66811185509377,1.7298359782939583,2062,RMQS1,"{""type"":""MultiPoint"",""coordinates"":[]}"
20210224T105031_20210224T105442_T31TCJ_00000000000000000806_0,3032,2255,763,1444,1650,2068,2403,2531,2578,2563,5,2021-02-24,Calcaric Cambisols,43.51424709370381,0.7434401003762473,2103,RMQS1,"{""type"":""MultiPoint"",""coordinates"":[]}"
20210224T105031_20210224T105442_T31TCJ_00000000000000000807_0,2552,1780,1011,1410,1610,1504,2339,2574,2568,2680,5,2021-02-24,Calcaric Cambisols,43.51698261740234,0.9409952712103028,2104,RMQS1,"{""type"":""MultiPoint"",""coordinates"":[]}"
20210224T105031_20210224T105442_T31TCJ_00000000000000000832_0,2450,1879,476,766,924,1155,1374,1481,1655,1622,5,2021-02-24,Calcaric Cambisols,43.379238151330306,1.5357705717025496,2152,RMQS1,"{""type"":""MultiPoint"",""coordinates"":[]}"
20210224T105031_20210224T105442_T31TCJ_000000000000000007b1_0,2506,1605,560,1104,1014,1596,2275,2423,2434,2549,5,2021-02-24,Eutric Cambisols,43.79870099823677,0.5368540129522552,2010,RMQS1,"{""type"":""MultiPoint"",""coordinates"":[]}"
20210224T105031_20210224T105442_T31TCJ_0000000000000000080a_0,2444,1565,469,860,924,1417,2058,2247,2464,2422,5,2021-02-24,Eutric Cambisols,43.52302003271735,1.5337542549797725,2107,RMQS1,"{""type"":""MultiPoint"",""coordinates"":[]}"
20210224T105031_20210224T105442_T31TCJ_0000000000000000075c_0,2471,1948,792,1232,1390,1899,2395,2521,2570,2580,5,2021-02-24,Eutric Fluvisols,44.09220210607855,0.9268088875590461,1919,RMQS1,"{""type"":""MultiPoint"",""coordinates"":[]}"
20210224T105031_20210224T105442_T31TCJ_00000000000000000787_0,2472,1752,783,1354,1406,1968,2636,2808,3044,2940,5,2021-02-24,Haplic Luvisols,43.94837598617865,0.9303829200773381,1966,RMQS1,"{""type"":""MultiPoint"",""coordinates"":[]}"
20210224T105031_20210224T105442_T31TCJ_0000000000000000075b_0,2406,1706,761,1138,1242,1752,2151,2305,2436,2458,5,2021-02-24,Mollic Umbrisols,44.08943792205592,0.7272481499870546,1918,RMQS1,"{""type"":""MultiPoint"",""coordinates"":[]}"
20210224T105031_20210224T105442_T31TCJ_000000000000000007b4_0,1952,1223,271,489,564,926,1353,1553,1774,1885,5,2021-02-24,Mollic Umbrisols,43.80694972273113,1.1325087340679219,2013,RMQS1,"{""type"":""MultiPoint"",""coordinates"":[]}"
20210224T105031_20210224T105442_T31TCJ_000000000000000007df_0,2416,1761,622,1246,1282,1806,2237,2366,2387,2389,5,2021-02-24,Regosols (Colluvic),43.663145610161905,1.1355461494338939,2059,RMQS1,"{""type"":""MultiPoint"",""coordinates"":[]}"
20210224T105031_20210224T105442_T31TCJ_00000000000000000833_0,2268,1733,589,1007,1188,1574,1829,2050,2100,2034,5,2021-02-24,Regosols (Colluvic),43.3805251082789,1.7328839686620165,2153,RMQS1,"{""type"":""MultiPoint"",""coordinates"":[]}"
20210224T105031_20210224T105442_T31TCJ_00000000000000000809_0,1831,1285,572,894,956,1066,1837,2087,1870,2256,5,2021-02-24,Technosols,43.521369132715655,1.336155148233926,2106,RMQS1,"{""type"":""MultiPoint"",""coordinates"":[]}"
20210224T105031_20210224T105442_T31TCK_00000000000000000707_0,2650,1717,356,642,764,1271,1687,1991,2082,2357,5,2021-02-24,Calcaric Cambisols,44.384347996292206,1.3208166726054913,1832,RMQS1,"{""type"":""MultiPoint"",""coordinates"":[]}"
20210224T105031_20210224T105442_T31TCK_00000000000000000731_0,3140,2486,728,1132,1422,1689,1925,1976,2143,2230,5,2021-02-24,Calcaric Cambisols,44.2404851063561,1.3234055011692607,1875,RMQS1,"{""type"":""MultiPoint"",""coordinates"":[]}"
20210224T105031_20210224T105442_T31TCK_00000000000000000732_0,3233,2173,747,1308,1622,2019,2505,2706,2976,3033,5,2021-02-24,Calcaric Cambisols,44.24215747682371,1.5235202230528846,1876,RMQS1,"{""type"":""MultiPoint"",""coordinates"":[]}"
20210224T105031_20210224T105442_T31TCK_000000000000000006e1_0,2435,1584,530,847,948,1208,1923,2233,2595,2376,5,2021-02-24,Chromic Cambisols,44.52822162360067,1.318215247363333,1790,RMQS1,"{""type"":""MultiPoint"",""coordinates"":[]}"
20210224T105031_20210224T105442_T31TCK_00000000000000000694_0,2735,1994,510,1026,1186,1648,2284,2539,2692,2785,5,2021-02-24,Eutric Cambisols,44.81599910342824,1.312972402777045,1705,RMQS1,"{""type"":""MultiPoint"",""coordinates"":[]}"
20210224T105031_20210224T105442_T31TCK_00000000000000000705_0,2715,1964,805,1266,1336,1687,2262,2441,3027,2654,5,2021-02-24,Eutric Cambisols,44.37989169422893,0.9196071815825417,1830,RMQS1,"{""type"":""MultiPoint"",""coordinates"":[]}"
20210224T105031_20210224T105442_T31TCK_000000000000000006b7_0,2330,1699,796,1174,1302,1520,1638,1738,1821,1854,5,2021-02-24,Haplic Luvisols,44.66167066056686,0.5091410357468154,1744,RMQS1,"{""type"":""MultiPoint"",""coordinates"":[]}"
20210224T105031_20210224T105442_T31TCK_000000000000000006b8_0,3356,2646,1042,1656,1908,2101,2423,2671,2739,2808,5,2021-02-24,Haplic Luvisols,44.664832562379004,0.7107266218471442,1745,RMQS1,"{""type"":""MultiPoint"",""coordinates"":[]}"
20210224T105031_20210224T105442_T31TCK_000000000000000006dd_0,3355,2569,825,1354,1506,2097,2629,2778,2978,3016,5,2021-02-24,Haplic Luvisols,44.51781425187794,0.5138181479053451,1786,RMQS1,"{""type"":""MultiPoint"",""coordinates"":[]}"
20210224T105031_20210224T105442_T31TCK_00000000000000000691_0,2132,1297,383,602,703,1031,1347,1535,1663,1804,5,2021-02-24,Luvic Cambisols,44.808706456853045,0.7065437283644227,1702,RMQS1,"{""type"":""MultiPoint"",""coordinates"":[]}"
20210224T105031_20210224T105442_T31TCK_0000000000000000072d_0,2558,1938,670,1096,1318,1624,1880,2061,2343,2320,5,2021-02-24,Luvic Cambisols,44.230132383061516,0.5231018340485758,1871,RMQS1,"{""type"":""MultiPoint"",""coordinates"":[]}"
20210224T105031_20210224T105442_T31TCK_00000000000000000644_0,2019,1204,383,619,709,958,1466,1656,1789,1881,5,2021-02-24,Luvic Stagnosols,45.09929510727043,0.9012833888857089,1620,RMQS1,"{""type"":""MultiPoint"",""coordinates"":[]}"
20210224T105031_20210224T105442_T31TCK_00000000000000000647_0,2507,1614,516,766,873,1275,1778,2007,2272,2347,5,2021-02-24,Mollic Umbrisols,45.105510375764,1.510893120472391,1623,RMQS1,"{""type"":""MultiPoint"",""coordinates"":[]}"
20210224T105031_20210224T105442_T31TCK_00000000000000000669_0,2817,1741,460,657,976,1287,1613,1867,2085,2290,5,2021-02-24,Mollic Umbrisols,44.94941033435976,0.49971586144971286,1659,RMQS1,"{""type"":""MultiPoint"",""coordinates"":[]}"
20210224T105031_20210224T105442_T31TCK_000000000000000006df_0,2123,1319,416,599,686,1041,1477,1714,1904,2005,5,2021-02-24,Mollic Umbrisols,44.523753347356845,0.9159798666139246,1788,RMQS1,"{""type"":""MultiPoint"",""coordinates"":[]}"
20210224T105031_20210224T105442_T31TCK_00000000000000000692_0,2578,1612,508,698,964,1191,1609,1834,1955,2140,5,2021-02-24,Rendzic Leptosols,44.811507211882365,0.9086684261965275,1703,RMQS1,"{""type"":""MultiPoint"",""coordinates"":[]}"
20210224T105031_20210224T105442_T31TCK_000000000000000006bc_0,1945,1173,293,508,576,940,1402,1613,1685,1916,5,2021-02-24,Rendzic Leptosols,44.673791614703994,1.517255178519555,1749,RMQS1,"{""type"":""MultiPoint"",""coordinates"":[]}"
20210224T105031_20210224T105442_T31TCK_000000000000000006bd_0,2305,1345,296,602,676,1068,1531,1878,1946,2117,5,2021-02-24,Rendzic Leptosols,44.675108652254636,1.7189202827054855,1750,RMQS1,"{""type"":""MultiPoint"",""coordinates"":[]}"
20210224T105031_20210224T105442_T31TCK_000000000000000006e3_0,2291,1387,344,628,750,1045,1529,1689,2050,2033,5,2021-02-24,Rendzic Leptosols,44.53121665338119,1.720502862514033,1792,RMQS1,"{""type"":""MultiPoint"",""coordinates"":[]}"
20210224T105031_20210224T105442_T31TCK_00000000000000000708_0,2892,1810,388,703,860,1363,1960,2222,2420,2594,5,2021-02-24,Rendzic Leptosols,44.38602476828511,1.521442151457929,1833,RMQS1,"{""type"":""MultiPoint"",""coordinates"":[]}"
20210224T105031_20210224T105442_T31TCK_00000000000000000001_0,2578,1875,529,882,858,1634,2322,2540,2893,2889,5,2021-02-24,Dystric Gleysols,44.98055556,1.7166666699999997,66214,"{WD-eSOTER,WD-WISE}","{""type"":""MultiPoint"",""coordinates"":[]}"
20210224T105031_20210224T105442_T31TCL_000000000000000005cd_0,2420,1468,390,623,777,1094,1502,1741,1982,2077,5,2021-02-24,Dystric Cambisols,45.53102549248425,0.8900595391276002,1495,RMQS1,"{""type"":""MultiPoint"",""coordinates"":[]}"
20210224T105031_20210224T105442_T31TCL_0000000000000000055d_0,3049,2401,816,1238,1462,1840,2174,2308,2309,2465,5,2021-02-24,Eutric Cambisols,45.95669494331757,0.4659446369728208,1371,RMQS1,"{""type"":""MultiPoint"",""coordinates"":[]}"
20210224T105031_20210224T105442_T31TCL_00000000000000000621_0,2352,1750,593,871,1042,1330,1776,1977,2574,2294,5,2021-02-24,Eutric Cambisols,45.25076202798201,1.712506248180715,1583,RMQS1,"{""type"":""MultiPoint"",""coordinates"":[]}"
20210224T105031_20210224T105442_T31TCL_00000000000000000644_0,2048,1217,298,565,677,928,1442,1644,1782,1878,5,2021-02-24,Luvic Stagnosols,45.09929510727043,0.9012833888857089,1620,RMQS1,"{""type"":""MultiPoint"",""coordinates"":[]}"
20210224T105031_20210224T105442_T31TCL_00000000000000000647_0,2534,1625,434,711,846,1247,1752,1988,2286,2342,5,2021-02-24,Mollic Umbrisols,45.105510375764,1.510893120472391,1623,RMQS1,"{""type"":""MultiPoint"",""coordinates"":[]}"
20210224T105031_20210224T105442_T31TCL_000000000000000005f3_0,2145,1656,367,739,941,1172,1312,1407,1404,1483,5,2021-02-24,Rendzic Leptosols,45.38107425208028,0.4853942395465012,1535,RMQS1,"{""type"":""MultiPoint"",""coordinates"":[]}"
20210224T105031_20210224T105442_T31TCM_0000000000000000005e_0,3122,2262,999,1562,1686,2078,2848,3039,3259,3151,5,2021-02-24,Calcaric Cambisols,46.50806450849034,0.9910526900588258,SIM48183,HWSDv2,"{""type"":""MultiPoint"",""coordinates"":[]}"
20210224T105031_20210224T105442_T31TCM_0000000000000000053c_0,2383,1441,356,617,738,1090,1695,1942,2122,2275,5,2021-02-24,Cambic Umbrisols,46.114401881969904,1.702631890325821,1335,RMQS1,"{""type"":""MultiPoint"",""coordinates"":[]}"
20210224T105031_20210224T105442_T31TCM_00000000000000000483_0,2162,1714,541,733,743,1245,1973,2122,2368,2246,5,2021-02-24,Eutric Cambisols,46.834125907327305,1.6941691786867756,1129,RMQS1,"{""type"":""MultiPoint"",""coordinates"":[]}"
20210224T105031_20210224T105442_T31TCM_000000000000000004a6_0,1975,1241,299,485,613,898,1337,1506,1620,1821,5,2021-02-24,Eutric Cambisols,46.67952531374118,0.6501434335032911,1165,RMQS1,"{""type"":""MultiPoint"",""coordinates"":[]}"
20210224T105031_20210224T105442_T31TCM_0000000000000000055d_0,3057,2405,785,1228,1470,1835,2163,2303,2325,2458,5,2021-02-24,Eutric Cambisols,45.95669494331757,0.4659446369728208,1371,RMQS1,"{""type"":""MultiPoint"",""coordinates"":[]}"
20210224T105031_20210224T105442_T31TCM_0000000000000000047d_0,2572,1743,570,956,1011,1524,2353,2568,2654,2795,5,2021-02-24,Haplic Luvisols,46.82014893841074,0.43599984899138555,1123,RMQS1,"{""type"":""MultiPoint"",""coordinates"":[]}"
20210224T105031_20210224T105442_T31TCN_000000000000000003ae_0,2244,1642,465,754,833,1270,1862,1961,1680,2220,5,2021-02-24,Calcaric Cambisols,47.552368234556766,1.4729089085002178,899,RMQS1,"{""type"":""MultiPoint"",""coordinates"":[]}"
20210224T105031_20210224T105442_T31TCN_0000000000000000037d_0,3069,2291,643,1190,1506,1929,2369,2503,2546,2595,5,2021-02-24,Eutric Cambisols,47.69231735110835,1.0443128583803534,845,RMQS1,"{""type"":""MultiPoint"",""coordinates"":[]}"
20210224T105031_20210224T105442_T31TCN_000000000000000003aa_0,2878,2043,647,1078,1396,1799,1989,2133,2224,2309,5,2021-02-24,Eutric Cambisols,47.542927371413136,0.6227839914739651,895,RMQS1,"{""type"":""MultiPoint"",""coordinates"":[]}"
20210224T105031_20210224T105442_T31TCN_0000000000000000037c_0,2206,1594,453,792,1096,1349,1592,1706,1750,1887,5,2021-02-24,Haplic Luvisols,47.68975585042416,0.8312134254903143,844,RMQS1,"{""type"":""MultiPoint"",""coordinates"":[]}"
20210224T105031_20210224T105442_T31TCN_000000000000000003ac_0,2476,1607,305,565,781,1087,1422,1650,1800,2003,5,2021-02-24,Haplic Luvisols,47.54842634489564,1.0478077768911012,897,RMQS1,"{""type"":""MultiPoint"",""coordinates"":[]}"
20210224T105031_20210224T105442_T31TCN_00000000000000000403_0,2222,1375,326,583,681,1103,1563,1805,2114,2242,5,2021-02-24,Haplic Luvisols,47.25183515832772,0.4206669900667218,990,RMQS1,"{""type"":""MultiPoint"",""coordinates"":[]}"
20210224T105031_20210224T105442_T31TCN_00000000000000000404_0,2536,1692,697,968,1224,1264,1705,2058,2404,2198,5,2021-02-24,Haplic Luvisols,47.25515043152472,0.6320023123013093,991,RMQS1,"{""type"":""MultiPoint"",""coordinates"":[]}"
20210224T105031_20210224T105442_T31TCN_00000000000000000430_0,2165,1289,308,533,669,1016,1543,1775,1910,2099,5,2021-02-24,Haplic Luvisols,47.11885658828794,1.2690127975174943,1039,RMQS1,"{""type"":""MultiPoint"",""coordinates"":[]}"
20210224T105031_20210224T105442_T31TCN_0000000000000000034d_0,2316,1623,304,636,623,1268,2084,2415,2144,2432,5,2021-02-24,Luvic Cambisols,47.83837519938972,1.254497652282048,794,RMQS1,"{""type"":""MultiPoint"",""coordinates"":[]}"
20210224T105031_20210224T105442_T31TCN_000000000000000003da_0,2755,1796,564,1148,1302,1847,2528,2605,2788,2814,5,2021-02-24,Luvic Cambisols,47.404526962741336,1.0512838631524177,948,RMQS1,"{""type"":""MultiPoint"",""coordinates"":[]}"
20210224T105031_20210224T105442_T31TCN_000000000000000003db_0,2653,1837,766,1244,1468,1989,2540,2760,2874,2929,5,2021-02-24,Luvic Cambisols,47.40668735158221,1.2632529913235573,949,RMQS1,"{""type"":""MultiPoint"",""coordinates"":[]}"
20210224T105031_20210224T105442_T31TCN_0000000000000000034e_0,2369,1546,331,580,789,1039,1383,1588,1870,1961,5,2021-02-24,Luvic Stagnosols,47.84016084763797,1.4682119105928768,795,RMQS1,"{""type"":""MultiPoint"",""coordinates"":[]}"
20210224T105031_20210224T105442_T31TCN_000000000000000003ad_0,2535,1706,343,603,774,1173,1471,1708,1862,2003,5,2021-02-24,Luvic Stagnosols,47.55059190446798,1.2603501431723405,898,RMQS1,"{""type"":""MultiPoint"",""coordinates"":[]}"
20210224T105031_20210224T105442_T31TCN_000000000000000003af_0,2440,1561,270,504,670,993,1253,1441,1694,1787,5,2021-02-24,Luvic Stagnosols,47.55375537462604,1.685480171523393,900,RMQS1,"{""type"":""MultiPoint"",""coordinates"":[]}"
20210224T105031_20210224T105442_T31TCN_0000000000000000037e_0,2092,1329,232,423,566,911,1287,1513,1488,1782,5,2021-02-24,Mollic Umbrisols,47.69448819042784,1.2574316936219125,846,RMQS1,"{""type"":""MultiPoint"",""coordinates"":[]}"
20210224T105031_20210224T105442_T31TCN_0000000000000000037f_0,2372,1570,505,881,943,1435,2113,2292,2332,2483,5,2021-02-24,Rendzic Leptosols,47.696269219574035,1.4705667746731201,847,RMQS1,"{""type"":""MultiPoint"",""coordinates"":[]}"
20210224T105031_20210224T105442_T31TCN_00000000000000000457_0,2748,1757,658,1003,993,1544,2434,2748,2888,3020,5,2021-02-24,Stagnic Gleysols,46.96734759548669,0.6411210616326486,1080,RMQS1,"{""type"":""MultiPoint"",""coordinates"":[]}"
20210224T105031_20210224T105442_T31TDH_0000000000000000086f_0,1716,1051,413,589,696,924,1378,1537,1636,1770,5,2021-02-24,Calcaric Cambisols,43.09392951863373,1.9320413187199543,2228,RMQS1,"{""type"":""MultiPoint"",""coordinates"":[]}"
20210224T105031_20210224T105442_T31TDH_00000000000000000870_0,2214,1442,494,861,896,1320,1972,2241,2390,2343,5,2021-02-24,Calcaric Cambisols,43.094492232872064,2.1281842266731097,2229,RMQS1,"{""type"":""MultiPoint"",""coordinates"":[]}"
20210224T105031_20210224T105442_T31TDH_0000000000000000089a_0,2009,1346,320,434,552,767,937,1057,1176,1373,5,2021-02-24,Mollic Umbrisols,42.66334998625166,2.1297418230729743,2300,RMQS1,"{""type"":""MultiPoint"",""coordinates"":[]}"
20210224T105031_20210224T105442_T31TDH_000000000000000008a6_0,2767,1802,591,873,1124,1449,1983,2252,2510,2545,5,2021-02-24,Regosols (Colluvic),42.51967799126664,2.1302565886024913,2314,RMQS1,"{""type"":""MultiPoint"",""coordinates"":[]}"
20210224T105031_20210224T105442_T31TDH_00000000000000000855_0,2258,1619,666,1038,1196,1433,1462,1581,1740,1677,5,2021-02-24,Rendzic Leptosols,43.237681525941696,1.9310260055678181,2193,RMQS1,"{""type"":""MultiPoint"",""coordinates"":[]}"
20210224T105031_20210224T105442_T31TDJ_0000000000000000078c_0,2759,2211,766,1108,1354,1775,2543,2480,2684,2617,5,2021-02-24,Calcaric Cambisols,43.9572674411978,2.1250002129640184,1972,RMQS1,"{""type"":""MultiPoint"",""coordinates"":[]}"
20210224T105031_20210224T105442_T31TDJ_000000000000000007e3_0,2905,2213,838,1242,1396,1809,2403,2629,2626,2830,5,2021-02-24,Calcaric Cambisols,43.66961104280001,2.1260713188749483,2064,RMQS1,"{""type"":""MultiPoint"",""coordinates"":[]}"
20210224T105031_20210224T105442_T31TDJ_000000000000000007e2_0,2638,2021,799,1222,1412,1715,2132,2318,2292,2483,5,2021-02-24,Luvic Cambisols,43.669042809087784,1.9279512878727754,2063,RMQS1,"{""type"":""MultiPoint"",""coordinates"":[]}"
20210224T105031_20210224T105442_T31TDJ_000000000000000007b8_0,2456,1887,705,1021,1238,1464,1635,1752,1832,1894,5,2021-02-24,Rendzic Leptosols,43.81343217854103,2.1255375569197064,2018,RMQS1,"{""type"":""MultiPoint"",""coordinates"":[]}"
20210224T105031_20210224T105442_T31TDJ_00000000000000000765_0,1825,1127,281,449,523,770,1191,1298,1729,1560,5,2021-02-24,Umbric Leptosols,44.09975448158712,2.9229781145275946,1929,RMQS1,"{""type"":""MultiPoint"",""coordinates"":[]}"
20210224T105031_20210224T105442_T31TDK_0000000000000000069c_0,1850,1143,336,535,633,912,1273,1468,1645,1785,5,2021-02-24,Albic Podzols,44.819159463001164,2.930508278624638,1713,RMQS1,"{""type"":""MultiPoint"",""coordinates"":[]}"
20210224T105031_20210224T105442_T31TDK_000000000000000006be_0,2623,1957,750,918,907,1329,2120,2232,2228,2507,5,2021-02-24,Calcaric Cambisols,44.67605628734128,1.9205934098289061,1751,RMQS1,"{""type"":""MultiPoint"",""coordinates"":[]}"
20210224T105031_20210224T105442_T31TDK_00000000000000000698_0,1806,1239,512,765,892,1003,1354,1408,1748,1696,5,2021-02-24,Eutric Cambisols,44.82053997861645,2.1217179082375526,1709,RMQS1,"{""type"":""MultiPoint"",""coordinates"":[]}"
20210224T105031_20210224T105442_T31TDK_000000000000000006c0_0,1891,1184,441,637,706,921,1538,1735,2034,2001,5,2021-02-24,Mollic Umbrisols,44.67684373072123,2.323952618271598,1753,RMQS1,"{""type"":""MultiPoint"",""coordinates"":[]}"
20210224T105031_20210224T105442_T31TDK_0000000000000000064c_0,2718,1725,572,781,1130,1307,1707,1935,2293,2268,5,2021-02-24,Regosols (Colluvic),45.1084273146216,2.5270939178683403,1628,RMQS1,"{""type"":""MultiPoint"",""coordinates"":[]}"
20210224T105031_20210224T105442_T31TDK_00000000000000000675_0,1749,1134,378,505,596,793,1160,1230,1500,1504,5,2021-02-24,Regosols (Colluvic),44.96306933301204,2.9320368934532275,1671,RMQS1,"{""type"":""MultiPoint"",""coordinates"":[]}"
20210224T105031_20210224T105442_T31TDK_000000000000000006c1_0,2315,1518,705,991,1082,1212,1838,2027,2135,2297,5,2021-02-24,Umbric Leptosols,44.67668487875769,2.5256338930123405,1754,RMQS1,"{""type"":""MultiPoint"",""coordinates"":[]}"
20210224T105031_20210224T105442_T31TDK_00000000000000000674_0,3360,2207,760,1066,1326,1809,2639,2940,3232,3314,5,2021-02-24,Vitric Andosols,44.96397307996938,2.7293236704161887,1670,RMQS1,"{""type"":""MultiPoint"",""coordinates"":[]}"
20210224T105031_20210224T105442_T31TDK_0000000000000000001e_0,2355,1711,496,761,791,1234,1837,1974,2143,2192,5,2021-02-24,Dystric Gleysols,45.09722222,2.1222222199999994,68781,"{WD-eSOTER,WD-WISE}","{""type"":""MultiPoint"",""coordinates"":[]}"
20210224T105031_20210224T105442_T31TDL_000000000000000005fb_0,1830,1189,446,598,622,964,1411,1553,1679,1778,5,2021-02-24,Eutric Cambisols,45.39623916848508,2.1194751386586534,1543,RMQS1,"{""type"":""MultiPoint"",""coordinates"":[]}"
20210224T105031_20210224T105442_T31TDL_00000000000000000622_0,2306,1404,454,658,824,1110,1521,1882,2172,2175,5,2021-02-24,Eutric Cambisols,45.25171988526513,1.9162702201574473,1584,RMQS1,"{""type"":""MultiPoint"",""coordinates"":[]}"
20210224T105031_20210224T105442_T31TDL_00000000000000000624_0,1905,1186,393,547,617,917,1319,1502,1657,1839,5,2021-02-24,Mollic Umbrisols,45.25251710264944,2.3238129372134235,1586,RMQS1,"{""type"":""MultiPoint"",""coordinates"":[]}"
20210224T105031_20210224T105442_T31TDL_000000000000000005d4_0,1977,1268,458,625,689,988,1303,1522,1715,1834,5,2021-02-24,Regosols (Colluvic),45.54039122965766,2.3237405605672454,1502,RMQS1,"{""type"":""MultiPoint"",""coordinates"":[]}"
20210224T105031_20210224T105442_T31TDL_000000000000000005d7_0,3255,2140,896,1282,1526,1905,2696,3021,3353,3311,5,2021-02-24,Regosols (Colluvic),45.538779056202344,2.9382322952196582,1505,RMQS1,"{""type"":""MultiPoint"",""coordinates"":[]}"
20210224T105031_20210224T105442_T31TDL_0000000000000000064c_0,2676,1696,558,768,1112,1285,1677,1908,2260,2239,5,2021-02-24,Regosols (Colluvic),45.1084273146216,2.5270939178683403,1628,RMQS1,"{""type"":""MultiPoint"",""coordinates"":[]}"
20210224T105031_20210224T105442_T31TDL_00000000000000000566_0,1995,1274,491,673,718,1137,1760,1933,1955,2234,5,2021-02-24,Stagnic Gleysols,45.97223315865334,2.3236322063133965,1380,RMQS1,"{""type"":""MultiPoint"",""coordinates"":[]}"
20210224T105031_20210224T105442_T31TDL_00000000000000000623_0,1923,1208,420,568,658,967,1280,1443,1644,1724,5,2021-02-24,Umbric Leptosols,45.252305065181154,2.1200401088709957,1585,RMQS1,"{""type"":""MultiPoint"",""coordinates"":[]}"
20210224T105031_20210224T105442_T31TDL_000000000000000005d6_0,2202,1413,458,641,770,1050,1337,1635,1772,2008,5,2021-02-24,Vitric Andosols,45.53969190249292,2.73340613386993,1504,RMQS1,"{""type"":""MultiPoint"",""coordinates"":[]}"
20210224T105031_20210224T105442_T31TDL_000000000000000005ff_0,3423,2217,755,1058,1346,1806,2377,2656,2840,3008,5,2021-02-24,Vitric Andosols,45.39484323367162,2.9366701801357777,1547,RMQS1,"{""type"":""MultiPoint"",""coordinates"":[]}"
20210224T105031_20210224T105442_T31TDL_0000000000000000001e_0,2347,1705,491,761,791,1232,1836,1970,2145,2186,5,2021-02-24,Dystric Gleysols,45.09722222,2.1222222199999994,68781,"{WD-eSOTER,WD-WISE}","{""type"":""MultiPoint"",""coordinates"":[]}"
20210224T105031_20210224T105442_T31TDM_000000000000000004b1_0,2512,1523,460,655,844,1156,1570,1802,2017,2111,5,2021-02-24,Albic Podzols,46.69033501204828,2.951027483892543,1176,RMQS1,"{""type"":""MultiPoint"",""coordinates"":[]}"
20210224T105031_20210224T105442_T31TDM_00000000000000000541_0,1865,1162,207,385,501,731,1097,1276,1320,1491,5,2021-02-24,Dystric Cambisols,46.11547610507911,2.7375779630846195,1340,RMQS1,"{""type"":""MultiPoint"",""coordinates"":[]}"
20210224T105031_20210224T105442_T31TDM_00000000000000000483_0,2166,1715,536,725,734,1242,1978,2128,2380,2253,5,2021-02-24,Eutric Cambisols,46.834125907327305,1.6941691786867756,1129,RMQS1,"{""type"":""MultiPoint"",""coordinates"":[]}"
20210224T105031_20210224T105442_T31TDM_00000000000000000485_0,2496,1580,397,736,820,1288,1955,2159,2239,2332,5,2021-02-24,Eutric Cambisols,46.83571406015219,2.1136631169214275,1131,RMQS1,"{""type"":""MultiPoint"",""coordinates"":[]}"
20210224T105031_20210224T105442_T31TDM_00000000000000000488_0,2774,1922,863,1444,1706,2180,2778,3012,3128,3175,5,2021-02-24,Eutric Retisols,46.835211482898934,2.7429212005666344,1134,RMQS1,"{""type"":""MultiPoint"",""coordinates"":[]}"
20210224T105031_20210224T105442_T31TDM_000000000000000004ac_0,2026,1252,386,822,820,1220,1924,2122,2478,2276,5,2021-02-24,Haplic Luvisols,46.69116882903263,1.9050655942545336,1171,RMQS1,"{""type"":""MultiPoint"",""coordinates"":[]}"
20210224T105031_20210224T105442_T31TDM_00000000000000000484_0,2332,1330,175,367,623,933,1268,1538,1801,2021,5,2021-02-24,Luvic Stagnosols,46.83511215025718,1.903913250940825,1130,RMQS1,"{""type"":""MultiPoint"",""coordinates"":[]}"
20210224T105031_20210224T105442_T31TDM_00000000000000000566_0,2025,1282,265,518,624,1075,1711,1897,1910,2223,5,2021-02-24,Stagnic Gleysols,45.97223315865334,2.3236322063133965,1380,RMQS1,"{""type"":""MultiPoint"",""coordinates"":[]}"
20210224T105031_20210224T105442_T31TDM_000000000000000004f7_0,2647,1760,458,810,971,1439,2039,2364,2384,2563,5,2021-02-24,Stagnic Luvisols,46.40392131704465,2.5316118780338015,1256,RMQS1,"{""type"":""MultiPoint"",""coordinates"":[]}"
20210224T105031_20210224T105442_T31TDM_00000000000000000013_0,2329,1465,371,599,829,1108,1437,1678,1870,2019,5,2021-02-24,Eutric Planosols,46.45416667,2.90416667,66250,"{WD-eSOTER,WD-WISE}","{""type"":""MultiPoint"",""coordinates"":[]}"
20210224T105031_20210224T105442_T31TDN_00000000000000000352_0,2284,1600,535,805,902,1362,1967,2217,2464,2314,5,2021-02-24,Calcaric Arenosols,47.84338994552523,2.3231668611929046,799,RMQS1,"{""type"":""MultiPoint"",""coordinates"":[]}"
20210224T105031_20210224T105442_T31TDN_0000000000000000045e_0,2717,2125,647,1122,1300,1700,2053,2187,2330,2322,5,2021-02-24,Calcaric Cambisols,46.979654960882996,2.113066139748655,1087,RMQS1,"{""type"":""MultiPoint"",""coordinates"":[]}"
20210224T105031_20210224T105442_T31TDN_00000000000000000460_0,3036,2069,602,1206,1226,1934,3065,3339,3388,3542,5,2021-02-24,Calcaric Cambisols,46.97970429233507,2.533695643621074,1089,RMQS1,"{""type"":""MultiPoint"",""coordinates"":[]}"
20210224T105031_20210224T105442_T31TDN_0000000000000000045f_0,2791,2015,621,1072,1252,1692,2380,2588,2636,2794,5,2021-02-24,Eutric Cambisols,46.979872395224476,2.3233806506173393,1088,RMQS1,"{""type"":""MultiPoint"",""coordinates"":[]}"
20210224T105031_20210224T105442_T31TDN_00000000000000000384_0,2209,1607,523,968,795,1309,2322,2298,3149,2603,5,2021-02-24,Eutric Planosols,47.69931950140868,2.536370775781721,852,RMQS1,"{""type"":""MultiPoint"",""coordinates"":[]}"
20210224T105031_20210224T105442_T31TDN_00000000000000000385_0,2352,1464,408,629,771,1117,1509,1754,2004,2124,5,2021-02-24,Haplic Luvisols,47.69875797277295,2.7495364077078186,853,RMQS1,"{""type"":""MultiPoint"",""coordinates"":[]}"
20210224T105031_20210224T105442_T31TDN_000000000000000003b1_0,1963,1255,314,537,669,1001,1392,1578,1679,1815,5,2021-02-24,Haplic Luvisols,47.55536198956178,2.110649378619429,902,RMQS1,"{""type"":""MultiPoint"",""coordinates"":[]}"
20210224T105031_20210224T105442_T31TDN_000000000000000003de_0,2591,1641,436,631,839,1167,1495,1707,2004,2145,5,2021-02-24,Haplic Luvisols,47.41083785321567,1.8992444177900463,952,RMQS1,"{""type"":""MultiPoint"",""coordinates"":[]}"
20210224T105031_20210224T105442_T31TDN_0000000000000000040b_0,2424,1550,393,636,863,1101,1352,1565,1820,1924,5,2021-02-24,Haplic Luvisols,47.267521264322355,2.111864230118998,998,RMQS1,"{""type"":""MultiPoint"",""coordinates"":[]}"
20210224T105031_20210224T105442_T31TDN_00000000000000000437_0,1922,1186,308,545,649,973,1474,1692,1840,1975,5,2021-02-24,Haplic Luvisols,47.123085526991936,2.7451013407598692,1046,RMQS1,"{""type"":""MultiPoint"",""coordinates"":[]}"
20210224T105031_20210224T105442_T31TDN_000000000000000003e1_0,2932,1912,946,1478,1624,2128,2780,2920,3000,3053,5,2021-02-24,Luvic Cambisols,47.4114954439109,2.535292013761814,955,RMQS1,"{""type"":""MultiPoint"",""coordinates"":[]}"
20210224T105031_20210224T105442_T31TDN_00000000000000000382_0,2035,1254,321,497,611,959,1319,1492,1680,1750,5,2021-02-24,Luvic Stagnosols,47.69927055188357,2.110036582535589,850,RMQS1,"{""type"":""MultiPoint"",""coordinates"":[]}"
20210224T105031_20210224T105442_T31TDN_000000000000000003af_0,2462,1576,287,513,673,1006,1269,1456,1700,1801,5,2021-02-24,Luvic Stagnosols,47.55375537462604,1.685480171523393,900,RMQS1,"{""type"":""MultiPoint"",""coordinates"":[]}"
20210224T105031_20210224T105442_T31TDN_000000000000000003b0_0,3214,2077,539,784,1122,1497,1871,2132,2404,2562,5,2021-02-24,Luvic Stagnosols,47.55475321205493,1.8980614971854999,901,RMQS1,"{""type"":""MultiPoint"",""coordinates"":[]}"
20210224T105031_20210224T105442_T31TDN_0000000000000000040d_0,2455,1586,442,666,875,1242,1668,1847,2156,2210,5,2021-02-24,Luvic Stagnosols,47.26757126704432,2.534756615805063,1000,RMQS1,"{""type"":""MultiPoint"",""coordinates"":[]}"
20210224T105031_20210224T105442_T31TDN_00000000000000000438_0,2081,1313,383,579,728,985,1305,1467,1654,1734,5,2021-02-24,Luvic Stagnosols,47.12214399573959,2.955972510572236,1047,RMQS1,"{""type"":""MultiPoint"",""coordinates"":[]}"
20210224T105031_20210224T105442_T31TDN_00000000000000000462_0,2366,1559,457,709,852,1188,1560,1800,2006,2113,5,2021-02-24,Luvic Stagnosols,46.978212301094295,2.9543150388494333,1091,RMQS1,"{""type"":""MultiPoint"",""coordinates"":[]}"
20210224T105031_20210224T105442_T31TDN_000000000000000003e0_0,2050,1237,307,512,647,1040,1406,1635,1702,1888,5,2021-02-24,Mollic Umbrisols,47.41166456921813,2.3232751210454485,954,RMQS1,"{""type"":""MultiPoint"",""coordinates"":[]}"
20210224T105031_20210224T105442_T31TDN_0000000000000000040c_0,1996,1228,330,502,578,942,1253,1420,1542,1698,5,2021-02-24,Mollic Umbrisols,47.26774013973242,2.3233101114925017,999,RMQS1,"{""type"":""MultiPoint"",""coordinates"":[]}"
20210224T105031_20210224T105442_T31TDN_0000000000000000040e_0,1891,1167,310,540,621,930,1316,1487,1638,1752,5,2021-02-24,Rendzic Leptosols,47.26701446803521,2.746200948427763,1001,RMQS1,"{""type"":""MultiPoint"",""coordinates"":[]}"
20210224T105031_20210224T105442_T31TDN_000000000000000003b4_0,2044,1301,343,545,664,1045,1373,1516,1716,1856,5,2021-02-24,Stagnic Gleysols,47.554851880662206,2.7484189630750824,905,RMQS1,"{""type"":""MultiPoint"",""coordinates"":[]}"
20210224T105031_20210224T105442_T31TEK_000000000000000006c4_0,3369,2223,655,982,1246,1588,2069,2269,2554,2604,5,2021-02-24,Regosols (Colluvic),44.67399079291431,3.1306526990206116,1757,RMQS1,"{""type"":""MultiPoint"",""coordinates"":[]}"
20210224T105031_20210224T105442_T31TEL_00000000000000000067_0,2074,1259,527,781,783,1107,1667,1900,2082,2179,5,2021-02-24,Dystric Cambisols,45.29334128425273,3.5361465215230745,SIM70375,HWSDv2,"{""type"":""MultiPoint"",""coordinates"":[]}"
20210224T105031_20210224T105442_T31TEL_0000000000000000056d_0,2456,1587,566,796,877,1094,1683,1981,2136,2286,5,2021-02-24,Dystric Cambisols,45.96314342306875,3.768621822622398,1387,RMQS1,"{""type"":""MultiPoint"",""coordinates"":[]}"
20210224T105031_20210224T105442_T31TEL_0000000000000000056a_0,2565,1742,602,902,910,1340,2128,2290,2482,2521,5,2021-02-24,Eutric Cambisols,45.969307702721736,3.14940195717346,1384,RMQS1,"{""type"":""MultiPoint"",""coordinates"":[]}"
20210224T105031_20210224T105442_T31TEL_00000000000000000590_0,2245,2103,655,906,1158,1560,1702,1795,1880,2047,5,2021-02-24,Eutric Cambisols,45.82536654174085,3.14727434954861,1425,RMQS1,"{""type"":""MultiPoint"",""coordinates"":[]}"
20210224T105031_20210224T105442_T31TEL_000000000000000005b3_0,2603,1664,467,712,803,1238,1808,2021,2072,2342,5,2021-02-24,Eutric Cambisols,45.679759432740475,3.3505003055685014,1466,RMQS1,"{""type"":""MultiPoint"",""coordinates"":[]}"
20210224T105031_20210224T105442_T31TEL_000000000000000005b4_0,3063,2015,708,1160,1218,1765,2688,2904,3100,2972,5,2021-02-24,Eutric Cambisols,45.67771547268617,3.5558301744653895,1467,RMQS1,"{""type"":""MultiPoint"",""coordinates"":[]}"
20210224T105031_20210224T105442_T31TEL_000000000000000005d8_0,2209,1529,576,802,901,1293,1930,2123,2102,2362,5,2021-02-24,Haplic Vertisols,45.53749059550481,3.1430513588344695,1506,RMQS1,"{""type"":""MultiPoint"",""coordinates"":[]}"
20210224T105031_20210224T105442_T31TEL_0000000000000000056b_0,2133,1729,815,1050,1186,1325,1534,1643,1700,1722,5,2021-02-24,Regosols (Colluvic),45.96763063983362,3.355823049470566,1385,RMQS1,"{""type"":""MultiPoint"",""coordinates"":[]}"
20210224T105031_20210224T105442_T31TEL_000000000000000005b2_0,2244,1825,783,1028,1218,1476,1785,1907,1996,2050,5,2021-02-24,Regosols (Colluvic),45.681427208986456,3.1451570403686984,1465,RMQS1,"{""type"":""MultiPoint"",""coordinates"":[]}"
20210224T105031_20210224T105442_T31TEM_00000000000000000544_0,2204,1373,156,476,654,961,1393,1575,1946,1971,5,2021-02-24,Calcaric Cambisols,46.111568791030955,3.3585052335869405,1343,RMQS1,"{""type"":""MultiPoint"",""coordinates"":[]}"
20210224T105031_20210224T105442_T31TEM_0000000000000000056d_0,2535,1658,353,658,795,1057,1657,1960,2110,2279,5,2021-02-24,Dystric Cambisols,45.96314342306875,3.768621822622398,1387,RMQS1,"{""type"":""MultiPoint"",""coordinates"":[]}"
20210224T105031_20210224T105442_T31TEM_0000000000000000056a_0,2638,1763,345,743,795,1280,2161,2343,2540,2601,5,2021-02-24,Eutric Cambisols,45.969307702721736,3.14940195717346,1384,RMQS1,"{""type"":""MultiPoint"",""coordinates"":[]}"
20210224T105031_20210224T105442_T31TEM_0000000000000000048c_0,2267,1456,437,689,784,1160,1617,1844,2102,2219,5,2021-02-24,Haplic Luvisols,46.8291636975537,3.58184375664266,1138,RMQS1,"{""type"":""MultiPoint"",""coordinates"":[]}"
20210224T105031_20210224T105442_T31TEM_00000000000000000522_0,2087,1241,262,503,619,976,1733,1973,2200,2306,5,2021-02-24,Luvic Stagnosols,46.255507775069894,3.361201397542774,1302,RMQS1,"{""type"":""MultiPoint"",""coordinates"":[]}"
20210224T105031_20210224T105442_T31TEM_0000000000000000056b_0,2167,1736,670,973,1166,1281,1453,1569,1634,1663,5,2021-02-24,Regosols (Colluvic),45.96763063983362,3.355823049470566,1385,RMQS1,"{""type"":""MultiPoint"",""coordinates"":[]}"
20210224T105031_20210224T105442_T31TEM_0000000000000000000d_0,2618,1648,360,631,861,1205,1581,1866,2116,2315,5,2021-02-24,Chromic Luvisols,46.594444440000004,3.41805556,66248,"{WD-eSOTER,WD-WISE}","{""type"":""MultiPoint"",""coordinates"":[]}"
20210224T105031_20210224T105442_T31TEM_0000000000000000000c_0,2392,1738,553,865,1096,1315,1427,1647,1792,1832,5,2021-02-24,Haplic Vertisols,46.32222222,3.46388889,68777,"{WD-eSOTER,WD-WISE}","{""type"":""MultiPoint"",""coordinates"":[]}"
20210224T105031_20210224T105442_T31TEN_0000000000000000007c_0,2360,2015,623,987,1296,1499,1654,1734,1814,1879,5,2021-02-24,Calcaric Cambisols,47.676614112368384,4.047817177848944,SIM59109,HWSDv2,"{""type"":""MultiPoint"",""coordinates"":[]}"
20210224T105031_20210224T105442_T31TEN_0000000000000000038c_0,2575,2035,672,1074,1358,1649,1970,2132,2172,2180,5,2021-02-24,Calcaric Cambisols,47.683907057906545,4.241339670233422,860,RMQS1,"{""type"":""MultiPoint"",""coordinates"":[]}"
20210224T105031_20210224T105442_T31TEN_00000000000000000410_0,2180,1356,430,599,736,1040,1481,1691,1886,2001,5,2021-02-24,Calcaric Cambisols,47.264739385203924,3.1690686102287096,1003,RMQS1,"{""type"":""MultiPoint"",""coordinates"":[]}"
20210224T105031_20210224T105442_T31TEN_00000000000000000411_0,1986,1215,443,609,679,998,1441,1620,1822,1916,5,2021-02-24,Calcaric Cambisols,47.263021868659344,3.3804863691710905,1004,RMQS1,"{""type"":""MultiPoint"",""coordinates"":[]}"
20210224T105031_20210224T105442_T31TEN_000000000000000003e8_0,2031,1260,481,701,669,1082,1599,1768,1808,2058,5,2021-02-24,Dystric Cambisols,47.39943950389872,4.019160514608587,962,RMQS1,"{""type"":""MultiPoint"",""coordinates"":[]}"
20210224T105031_20210224T105442_T31TEN_00000000000000000414_0,1764,1095,482,657,744,942,1378,1578,1874,1895,5,2021-02-24,Dystric Cambisols,47.25554852791703,4.0146366803332665,1007,RMQS1,"{""type"":""MultiPoint"",""coordinates"":[]}"
20210224T105031_20210224T105442_T31TEN_0000000000000000035b_0,2302,1483,597,862,902,1284,1631,1814,2036,2136,5,2021-02-24,Eutric Cambisols,47.82776473819446,4.246517265301541,808,RMQS1,"{""type"":""MultiPoint"",""coordinates"":[]}"
20210224T105031_20210224T105442_T31TEN_0000000000000000035c_0,2386,1721,670,1014,1238,1615,2157,2334,2420,2461,5,2021-02-24,Eutric Cambisols,47.82407340617893,4.4601231189041926,809,RMQS1,"{""type"":""MultiPoint"",""coordinates"":[]}"
20210224T105031_20210224T105442_T31TEN_0000000000000000038a_0,2641,2023,727,1172,1414,1786,2090,2231,2320,2305,5,2021-02-24,Eutric Cambisols,47.69010033133988,3.81520383273741,858,RMQS1,"{""type"":""MultiPoint"",""coordinates"":[]}"
20210224T105031_20210224T105442_T31TEN_000000000000000003e4_0,2363,1560,551,1054,1092,1582,2385,2556,2644,2699,5,2021-02-24,Eutric Cambisols,47.40865578006737,3.171315212024671,958,RMQS1,"{""type"":""MultiPoint"",""coordinates"":[]}"
20210224T105031_20210224T105442_T31TEN_00000000000000000467_0,2293,1389,540,790,919,1261,1795,2010,2370,2411,5,2021-02-24,Eutric Cambisols,46.967746588158896,4.005661754150026,1096,RMQS1,"{""type"":""MultiPoint"",""coordinates"":[]}"
20210224T105031_20210224T105442_T31TEN_00000000000000000439_0,2047,1339,426,588,737,999,1293,1488,1692,1775,5,2021-02-24,Haplic Luvisols,47.12081648332485,3.166834936155968,1048,RMQS1,"{""type"":""MultiPoint"",""coordinates"":[]}"
20210224T105031_20210224T105442_T31TEN_0000000000000000035a_0,2051,1312,527,706,848,1096,1365,1539,1736,1838,5,2021-02-24,Luvic Cambisols,47.831065184730285,4.032883282733883,807,RMQS1,"{""type"":""MultiPoint"",""coordinates"":[]}"
20210224T105031_20210224T105442_T31TEN_00000000000000000358_0,2317,1459,481,766,835,1199,1571,1797,1970,2119,5,2021-02-24,Luvic Stagnosols,47.83649278861352,3.6055433677437523,805,RMQS1,"{""type"":""MultiPoint"",""coordinates"":[]}"
20210224T105031_20210224T105442_T31TEN_00000000000000000359_0,2895,1983,578,971,1028,1684,2472,2697,2894,2946,5,2021-02-24,Rendzic Leptosols,47.83397449347843,3.819224578897194,806,RMQS1,"{""type"":""MultiPoint"",""coordinates"":[]}"
20210224T105031_20210224T105442_T31TEN_000000000000000003b8_0,3164,2504,791,1154,1398,2102,2307,2441,2468,2630,5,2021-02-24,Rendzic Leptosols,47.54872203789853,3.598677838598693,909,RMQS1,"{""type"":""MultiPoint"",""coordinates"":[]}"
20210224T105031_20210224T105442_T31TFN_0000000000000000035c_0,2383,1719,669,1004,1224,1610,2156,2333,2404,2462,5,2021-02-24,Eutric Cambisols,47.82407340617893,4.4601231189041926,809,RMQS1,"{""type"":""MultiPoint"",""coordinates"":[]}"
20210224T105031_20210224T105442_T31UCP_0000000000000000031b_0,2539,1928,498,971,1120,1559,2276,2594,2564,2767,5,2021-02-24,Calcaric Cambisols,47.98404183296344,1.4658440887727766,740,RMQS1,"{""type"":""MultiPoint"",""coordinates"":[]}"
20210224T105031_20210224T105442_T31UCP_00000000000000000204_0,1935,1210,240,458,565,833,1176,1341,1684,1685,5,2021-02-24,Dystric Cambisols,48.70325680260776,1.453808158227529,448,RMQS1,"{""type"":""MultiPoint"",""coordinates"":[]}"
20210224T105031_20210224T105442_T31UCP_0000000000000000023e_0,2611,1999,506,832,1158,1442,1762,2003,1954,2138,5,2021-02-24,Eutric Cambisols,48.56085542396343,1.6729155469005188,509,RMQS1,"{""type"":""MultiPoint"",""coordinates"":[]}"
20210224T105031_20210224T105442_T31UCP_00000000000000000272_0,2737,1879,798,1362,1462,2152,2835,3013,3086,3144,5,2021-02-24,Eutric Retisols,48.411606154539754,1.0265529667530489,564,RMQS1,"{""type"":""MultiPoint"",""coordinates"":[]}"
20210224T105031_20210224T105442_T31UCP_00000000000000000275_0,2597,1902,642,1150,1274,1819,2430,2603,2706,2721,5,2021-02-24,Haplic Luvisols,48.41702172942115,1.6747395099090712,567,RMQS1,"{""type"":""MultiPoint"",""coordinates"":[]}"
20210224T105031_20210224T105442_T31UCP_00000000000000000273_0,2330,1507,567,1068,1146,1735,2501,2707,2696,2853,5,2021-02-24,Luvic Cambisols,48.413806679517975,1.24259966485196,565,RMQS1,"{""type"":""MultiPoint"",""coordinates"":[]}"
20210224T105031_20210224T105442_T31UCP_0000000000000000034d_0,2319,1629,366,682,661,1290,2104,2423,2142,2439,5,2021-02-24,Luvic Cambisols,47.83837519938972,1.254497652282048,794,RMQS1,"{""type"":""MultiPoint"",""coordinates"":[]}"
20210224T105031_20210224T105442_T31UCP_000000000000000002a9_0,2328,1623,691,1098,1306,1550,2129,2346,2224,2550,5,2021-02-24,Luvic Stagnosols,48.265183822455356,0.8147095500113787,622,RMQS1,"{""type"":""MultiPoint"",""coordinates"":[]}"
20210224T105031_20210224T105442_T31UCP_0000000000000000034a_0,2560,1718,522,1006,1058,1689,2240,2468,2574,2639,5,2021-02-24,Luvic Stagnosols,47.83066980746326,0.6134648025979296,791,RMQS1,"{""type"":""MultiPoint"",""coordinates"":[]}"
20210224T105031_20210224T105442_T31UCP_0000000000000000034e_0,2348,1539,380,613,808,1045,1377,1576,1852,1941,5,2021-02-24,Luvic Stagnosols,47.84016084763797,1.4682119105928768,795,RMQS1,"{""type"":""MultiPoint"",""coordinates"":[]}"
20210224T105031_20210224T105442_T31UCP_0000000000000000031c_0,2523,1996,583,956,1202,1536,1797,1917,1990,2047,5,2021-02-24,Mollic Umbrisols,47.98543984274541,1.6801538816928248,741,RMQS1,"{""type"":""MultiPoint"",""coordinates"":[]}"
20210224T105031_20210224T105442_T31UCP_000000000000000002e5_0,3224,2621,584,855,1216,1404,1492,1616,1770,1833,5,2021-02-24,Rendzic Leptosols,48.129312960797584,1.6783584655939348,684,RMQS1,"{""type"":""MultiPoint"",""coordinates"":[]}"
20210224T105031_20210224T105442_T31UCQ_00000000000000000174_0,2361,1615,707,1252,1434,1709,2456,2683,2718,2805,5,2021-02-24,Calcaric Cambisols,49.136032669120816,1.665509084487337,278,RMQS1,"{""type"":""MultiPoint"",""coordinates"":[]}"
20210224T105031_20210224T105442_T31UCQ_000000000000000001cf_0,2316,1471,376,555,720,1051,1383,1578,1808,1955,5,2021-02-24,Dystric Cambisols,48.847056007321356,1.4513589163107052,387,RMQS1,"{""type"":""MultiPoint"",""coordinates"":[]}"
20210224T105031_20210224T105442_T31UCQ_00000000000000000204_0,1927,1212,289,501,592,869,1212,1371,1694,1698,5,2021-02-24,Dystric Cambisols,48.70325680260776,1.453808158227529,448,RMQS1,"{""type"":""MultiPoint"",""coordinates"":[]}"
20210224T105031_20210224T105442_T31UCQ_0000000000000000014c_0,2181,1619,801,1058,1202,1407,1731,1879,1806,1995,5,2021-02-24,Eutric Fluvisols,49.276515471368825,1.2242410066178666,233,RMQS1,"{""type"":""MultiPoint"",""coordinates"":[]}"
20210224T105031_20210224T105442_T31UCQ_00000000000000000128_0,2487,1751,526,874,1148,1543,1815,1984,2210,2262,5,2021-02-24,Luvic Cambisols,49.42207764226659,1.4414246711124157,195,RMQS1,"{""type"":""MultiPoint"",""coordinates"":[]}"
20210224T105031_20210224T105442_T31UCQ_0000000000000000014e_0,2322,1580,552,979,1078,1532,2083,2248,2380,2397,5,2021-02-24,Luvic Cambisols,49.279783234787686,1.6636314749754055,235,RMQS1,"{""type"":""MultiPoint"",""coordinates"":[]}"
20210224T105031_20210224T105442_T31UCR_000000000000000000c9_0,2403,2101,516,775,1158,1282,1395,1547,1678,1737,5,2021-02-24,Luvic Cambisols,49.996771823054615,1.4312656624062745,76,RMQS1,"{""type"":""MultiPoint"",""coordinates"":[]}"
20210224T105031_20210224T105442_T31UCR_000000000000000000ca_0,2460,1664,535,1032,1086,1665,2395,2559,2768,2719,5,2021-02-24,Luvic Cambisols,49.99822488625304,1.654081486582689,77,RMQS1,"{""type"":""MultiPoint"",""coordinates"":[]}"
20210224T105031_20210224T105442_T31UCR_000000000000000000db_0,2490,1766,696,1108,1392,1755,2146,2385,2540,2498,5,2021-02-24,Luvic Cambisols,49.85458077799602,1.6560118173559046,100,RMQS1,"{""type"":""MultiPoint"",""coordinates"":[]}"
20210224T105031_20210224T105442_T31UCR_000000000000000000b0_0,2633,1732,1028,1356,1362,1849,2732,2934,2976,3191,5,2021-02-24,Tidalic Fluvisols,50.28543938910523,1.6501915864712242,47,RMQS1,"{""type"":""MultiPoint"",""coordinates"":[]}"
20210224T105031_20210224T105442_T31UCS_0000000000000000009f_0,4137,2811,2434,2796,2864,2584,3173,3589,4524,3949,5,2021-02-24,Rendzic Leptosols,50.57254339082955,1.6462577899891515,24,RMQS1,"{""type"":""MultiPoint"",""coordinates"":[]}"
20210224T105031_20210224T105442_T31UDP_00000000000000000071_0,2269,1934,606,1009,1280,1473,1546,1645,1684,1742,5,2021-02-24,Eutric Cambisols,48.5995654995664,2.512561932350915,SIM42232,HWSDv2,"{""type"":""MultiPoint"",""coordinates"":[]}"
20210224T105031_20210224T105442_T31UDP_00000000000000000352_0,2273,1604,561,821,911,1365,1966,2212,2448,2299,5,2021-02-24,Calcaric Arenosols,47.84338994552523,2.3231668611929046,799,RMQS1,"{""type"":""MultiPoint"",""coordinates"":[]}"
20210224T105031_20210224T105442_T31UDP_0000000000000000020b_0,2434,2037,590,990,1304,1498,1720,1843,1928,1973,5,2021-02-24,Calcaric Cambisols,48.704826134191606,2.974812554703716,455,RMQS1,"{""type"":""MultiPoint"",""coordinates"":[]}"
20210224T105031_20210224T105442_T31UDP_00000000000000000276_0,2142,1379,419,870,904,1392,2249,2462,2476,2554,5,2021-02-24,Calcaric Cambisols,48.418035746824685,1.8908275052152994,568,RMQS1,"{""type"":""MultiPoint"",""coordinates"":[]}"
20210224T105031_20210224T105442_T31UDP_0000000000000000027b_0,2293,1884,628,1001,1212,1497,1788,1888,1941,2065,5,2021-02-24,Calcaric Cambisols,48.41717099961288,2.9713017936535744,573,RMQS1,"{""type"":""MultiPoint"",""coordinates"":[]}"
20210224T105031_20210224T105442_T31UDP_000000000000000002ae_0,2873,2483,608,1080,1554,1801,1867,1968,2058,2059,5,2021-02-24,Calcaric Cambisols,48.27418519339707,1.8920484065068364,627,RMQS1,"{""type"":""MultiPoint"",""coordinates"":[]}"
20210224T105031_20210224T105442_T31UDP_000000000000000002b0_0,2161,1482,462,888,910,1389,2189,2389,2448,2456,5,2021-02-24,Calcaric Cambisols,48.27502436219857,2.323057007667784,629,RMQS1,"{""type"":""MultiPoint"",""coordinates"":[]}"
20210224T105031_20210224T105442_T31UDP_000000000000000002b1_0,2033,1348,459,868,902,1429,2165,2363,2412,2427,5,2021-02-24,Calcaric Cambisols,48.27485100267507,2.5385623357130096,630,RMQS1,"{""type"":""MultiPoint"",""coordinates"":[]}"
20210224T105031_20210224T105442_T31UDP_000000000000000002e8_0,2548,2232,634,1058,1408,1596,1752,1847,1964,1963,5,2021-02-24,Calcaric Cambisols,48.13115799145747,2.3230934450304686,687,RMQS1,"{""type"":""MultiPoint"",""coordinates"":[]}"
20210224T105031_20210224T105442_T31UDP_000000000000000002e9_0,2744,1839,560,1060,1146,1625,2375,2625,2698,2784,5,2021-02-24,Calcaric Cambisols,48.13098489367784,2.5380099326487655,688,RMQS1,"{""type"":""MultiPoint"",""coordinates"":[]}"
20210224T105031_20210224T105442_T31UDP_00000000000000000321_0,2089,1573,489,935,908,1355,1933,2132,2548,2315,5,2021-02-24,Calcaric Cambisols,47.9865426602432,2.7517886582102737,746,RMQS1,"{""type"":""MultiPoint"",""coordinates"":[]}"
20210224T105031_20210224T105442_T31UDP_00000000000000000206_0,2333,1589,328,534,708,947,1294,1434,1660,1834,5,2021-02-24,Dystric Cambisols,48.70569412739061,1.8883618939285025,450,RMQS1,"{""type"":""MultiPoint"",""coordinates"":[]}"
20210224T105031_20210224T105442_T31UDP_0000000000000000023e_0,2617,2001,499,822,1156,1439,1753,1995,1939,2131,5,2021-02-24,Eutric Cambisols,48.56085542396343,1.6729155469005188,509,RMQS1,"{""type"":""MultiPoint"",""coordinates"":[]}"
20210224T105031_20210224T105442_T31UDP_000000000000000002e7_0,3258,2741,789,1288,1672,2115,2254,2399,2406,2668,5,2021-02-24,Eutric Cambisols,48.13093680610043,2.108177321905969,686,RMQS1,"{""type"":""MultiPoint"",""coordinates"":[]}"
20210224T105031_20210224T105442_T31UDP_0000000000000000020a_0,2334,1550,448,855,904,1411,2104,2263,2421,2449,5,2021-02-24,Haplic Luvisols,48.70579528894485,2.7575282555298437,454,RMQS1,"{""type"":""MultiPoint"",""coordinates"":[]}"
20210224T105031_20210224T105442_T31UDP_00000000000000000240_0,2820,1750,347,677,789,1255,1748,1942,2176,2299,5,2021-02-24,Haplic Luvisols,48.56249270831224,2.1062892289302053,511,RMQS1,"{""type"":""MultiPoint"",""coordinates"":[]}"
20210224T105031_20210224T105442_T31UDP_00000000000000000275_0,2606,1905,642,1152,1274,1827,2441,2617,2715,2734,5,2021-02-24,Haplic Luvisols,48.41702172942115,1.6747395099090712,567,RMQS1,"{""type"":""MultiPoint"",""coordinates"":[]}"
20210224T105031_20210224T105442_T31UDP_00000000000000000278_0,2513,1870,615,969,1268,1451,1668,1920,2238,2118,5,2021-02-24,Haplic Luvisols,48.418877511932216,2.3230202148648296,570,RMQS1,"{""type"":""MultiPoint"",""coordinates"":[]}"
20210224T105031_20210224T105442_T31UDP_00000000000000000207_0,1826,1139,183,350,456,742,1031,1224,1347,1433,5,2021-02-24,Luvic Cambisols,48.70631626902977,2.1056510607167827,451,RMQS1,"{""type"":""MultiPoint"",""coordinates"":[]}"
20210224T105031_20210224T105442_T31UDP_00000000000000000209_0,1793,1330,700,937,1036,1249,1744,1946,2114,1971,5,2021-02-24,Luvic Cambisols,48.70636671812621,2.5402378321558636,453,RMQS1,"{""type"":""MultiPoint"",""coordinates"":[]}"
20210224T105031_20210224T105442_T31UDP_00000000000000000277_0,2265,1857,564,993,1260,1544,1613,1727,1828,1846,5,2021-02-24,Luvic Cambisols,48.41865449696645,2.1069223823788863,569,RMQS1,"{""type"":""MultiPoint"",""coordinates"":[]}"
20210224T105031_20210224T105442_T31UDP_000000000000000002e6_0,2185,1648,507,897,1204,1357,1954,2168,1832,2231,5,2021-02-24,Luvic Cambisols,48.13032151946579,1.893264373324863,685,RMQS1,"{""type"":""MultiPoint"",""coordinates"":[]}"
20210224T105031_20210224T105442_T31UDP_0000000000000000031f_0,2138,1388,356,572,717,957,1236,1403,1594,1676,5,2021-02-24,Luvic Stagnosols,47.987279423923,2.323130198940761,744,RMQS1,"{""type"":""MultiPoint"",""coordinates"":[]}"
20210224T105031_20210224T105442_T31UDP_00000000000000000279_0,2294,1404,334,547,763,1064,1392,1590,1885,1905,5,2021-02-24,Mollic Umbrisols,48.41870398002866,2.539117747277582,571,RMQS1,"{""type"":""MultiPoint"",""coordinates"":[]}"
20210224T105031_20210224T105442_T31UDP_0000000000000000031c_0,2532,2001,580,953,1202,1540,1800,1921,1996,2051,5,2021-02-24,Mollic Umbrisols,47.98543984274541,1.6801538816928248,741,RMQS1,"{""type"":""MultiPoint"",""coordinates"":[]}"
20210224T105031_20210224T105442_T31UDP_000000000000000002e5_0,3240,2628,584,849,1212,1404,1488,1612,1766,1833,5,2021-02-24,Rendzic Leptosols,48.129312960797584,1.6783584655939348,684,RMQS1,"{""type"":""MultiPoint"",""coordinates"":[]}"
20210224T105031_20210224T105442_T31UDP_00000000000000000243_0,2443,2027,662,1124,1426,1697,1807,1890,1910,2015,5,2021-02-24,Stagnic Gleysols,48.56100580256318,2.9730521545318473,515,RMQS1,"{""type"":""MultiPoint"",""coordinates"":[]}"
20210224T105031_20210224T105442_T31UDQ_0000000000000000007d_0,1992,1332,268,735,1009,1395,1825,1985,2166,2138,5,2021-02-24,Protoargic Arenosols,49.58589898837661,1.8391604822330379,SIM46907,HWSDv2,"{""type"":""MultiPoint"",""coordinates"":[]}"
20210224T105031_20210224T105442_T31UDQ_00000000000000000152_0,2109,1372,162,333,491,802,1094,1224,1440,1670,5,2021-02-24,Calcaric Cambisols,49.28149486599512,2.542511496476948,239,RMQS1,"{""type"":""MultiPoint"",""coordinates"":[]}"
20210224T105031_20210224T105442_T31UDQ_00000000000000000174_0,2371,1604,614,1226,1432,1712,2476,2713,2732,2833,5,2021-02-24,Calcaric Cambisols,49.136032669120816,1.665509084487337,278,RMQS1,"{""type"":""MultiPoint"",""coordinates"":[]}"
20210224T105031_20210224T105442_T31UDQ_0000000000000000020b_0,2438,2037,519,951,1290,1489,1706,1829,1916,1963,5,2021-02-24,Calcaric Cambisols,48.704826134191606,2.974812554703716,455,RMQS1,"{""type"":""MultiPoint"",""coordinates"":[]}"
20210224T105031_20210224T105442_T31UDQ_00000000000000000206_0,2360,1605,269,499,694,944,1295,1438,1670,1854,5,2021-02-24,Dystric Cambisols,48.70569412739061,1.8883618939285025,450,RMQS1,"{""type"":""MultiPoint"",""coordinates"":[]}"
20210224T105031_20210224T105442_T31UDQ_0000000000000000012d_0,2445,1689,466,1036,1202,1713,2353,2532,2699,2689,5,2021-02-24,Eutric Cambisols,49.425230407063104,2.5430874224563476,200,RMQS1,"{""type"":""MultiPoint"",""coordinates"":[]}"
20210224T105031_20210224T105442_T31UDQ_0000000000000000012f_0,2079,1387,147,362,541,828,1046,1257,1534,1627,5,2021-02-24,Eutric Cambisols,49.423669310575036,2.9837540423979068,202,RMQS1,"{""type"":""MultiPoint"",""coordinates"":[]}"
20210224T105031_20210224T105442_T31UDQ_000000000000000001a2_0,3213,2070,432,875,1001,1664,2383,2605,2817,2959,5,2021-02-24,Eutric Cambisols,48.993966246076276,2.541368882765616,334,RMQS1,"{""type"":""MultiPoint"",""coordinates"":[]}"
20210224T105031_20210224T105442_T31UDQ_000000000000000001a3_0,2424,1654,488,1100,1172,1801,2501,2662,2719,2735,5,2021-02-24,Eutric Cambisols,48.99339209206418,2.7598678192779644,335,RMQS1,"{""type"":""MultiPoint"",""coordinates"":[]}"
20210224T105031_20210224T105442_T31UDQ_0000000000000000012b_0,1889,1568,792,1038,1304,1289,1521,1519,1818,1689,5,2021-02-24,Fibric Histosols,49.42517865837183,2.1024074145428684,198,RMQS1,"{""type"":""MultiPoint"",""coordinates"":[]}"
20210224T105031_20210224T105442_T31UDQ_000000000000000001a0_0,2087,1784,543,768,1312,1390,1584,1551,2028,1679,5,2021-02-24,Fluvic Cambisols,48.99391509715455,2.1043645797039217,332,RMQS1,"{""type"":""MultiPoint"",""coordinates"":[]}"
20210224T105031_20210224T105442_T31UDQ_000000000000000001d4_0,2324,1904,491,704,822,1262,1776,1969,2210,2015,5,2021-02-24,Fluvic Cambisols,48.85017478576778,2.5408021462983257,392,RMQS1,"{""type"":""MultiPoint"",""coordinates"":[]}"
20210224T105031_20210224T105442_T31UDQ_00000000000000000153_0,2217,1408,326,769,890,1459,2225,2435,2482,2502,5,2021-02-24,Haplic Luvisols,49.28091769976065,2.7622320159826583,240,RMQS1,"{""type"":""MultiPoint"",""coordinates"":[]}"
20210224T105031_20210224T105442_T31UDQ_000000000000000001d2_0,2078,1304,146,375,540,879,1368,1574,1875,1895,5,2021-02-24,Haplic Luvisols,48.85012398363996,2.105009339674595,390,RMQS1,"{""type"":""MultiPoint"",""coordinates"":[]}"
20210224T105031_20210224T105442_T31UDQ_0000000000000000020a_0,2338,1552,379,819,880,1407,2109,2270,2432,2458,5,2021-02-24,Haplic Luvisols,48.70579528894485,2.7575282555298437,454,RMQS1,"{""type"":""MultiPoint"",""coordinates"":[]}"
20210224T105031_20210224T105442_T31UDQ_00000000000000000110_0,2618,1999,830,1444,1998,2309,2454,2556,2584,2603,5,2021-02-24,Luvic Cambisols,49.56894583689343,2.5436666897699416,161,RMQS1,"{""type"":""MultiPoint"",""coordinates"":[]}"
20210224T105031_20210224T105442_T31UDQ_0000000000000000014e_0,2351,1581,436,913,1032,1517,2086,2257,2396,2420,5,2021-02-24,Luvic Cambisols,49.279783234787686,1.6636314749754055,235,RMQS1,"{""type"":""MultiPoint"",""coordinates"":[]}"
20210224T105031_20210224T105442_T31UDQ_000000000000000001a1_0,1723,1316,124,293,449,845,1251,1385,1166,1513,5,2021-02-24,Luvic Cambisols,48.99414055184198,2.3228665430640922,333,RMQS1,"{""type"":""MultiPoint"",""coordinates"":[]}"
20210224T105031_20210224T105442_T31UDQ_000000000000000001d1_0,1773,1325,82,330,552,922,1544,1836,1722,2016,5,2021-02-24,Luvic Cambisols,48.84950017407993,1.8871171866162197,389,RMQS1,"{""type"":""MultiPoint"",""coordinates"":[]}"
20210224T105031_20210224T105442_T31UDQ_00000000000000000207_0,1807,1125,123,309,426,720,1003,1199,1324,1411,5,2021-02-24,Luvic Cambisols,48.70631626902977,2.1056510607167827,451,RMQS1,"{""type"":""MultiPoint"",""coordinates"":[]}"
20210224T105031_20210224T105442_T31UDQ_00000000000000000209_0,1795,1331,637,902,1016,1239,1741,1945,2114,1967,5,2021-02-24,Luvic Cambisols,48.70636671812621,2.5402378321558636,453,RMQS1,"{""type"":""MultiPoint"",""coordinates"":[]}"
20210224T105031_20210224T105442_T31UDQ_0000000000000000010d_0,2744,1825,489,901,1102,1378,1815,2009,2448,2350,5,2021-02-24,Luvic Stagnosols,49.56826098013314,1.8807904892721603,158,RMQS1,"{""type"":""MultiPoint"",""coordinates"":[]}"
20210224T105031_20210224T105442_T31UDQ_000000000000000001d6_0,2021,1214,265,716,788,1239,2119,2373,2513,2497,5,2021-02-24,Stagnic Gleysols,48.84863060747811,2.976581578756068,394,RMQS1,"{""type"":""MultiPoint"",""coordinates"":[]}"
20210224T105031_20210224T105442_T31UDQ_000000000000000001d3_0,1552,1387,1158,1490,1348,1338,1193,1219,1671,1242,5,2021-02-24,Technosols,48.85034873690586,2.322905488238686,391,RMQS1,"{""type"":""MultiPoint"",""coordinates"":[]}"
20210224T105031_20210224T105442_T31UDR_0000000000000000007d_0,1980,1326,335,775,1028,1397,1828,1982,2158,2132,5,2021-02-24,Protoargic Arenosols,49.58589898837661,1.8391604822330379,SIM46907,HWSDv2,"{""type"":""MultiPoint"",""coordinates"":[]}"
20210224T105031_20210224T105442_T31UDR_000000000000000000de_0,2293,1732,369,766,1068,1410,1754,1902,2014,1978,5,2021-02-24,Calcaric Cambisols,49.85648964531181,2.3226256379824948,103,RMQS1,"{""type"":""MultiPoint"",""coordinates"":[]}"
20210224T105031_20210224T105442_T31UDR_000000000000000000f6_0,1816,1317,365,599,587,996,1674,1770,1798,2076,5,2021-02-24,Calcaric Cambisols,49.71264020753129,2.5442497423135224,132,RMQS1,"{""type"":""MultiPoint"",""coordinates"":[]}"
20210224T105031_20210224T105442_T31UDR_000000000000000000b3_0,2269,1562,394,708,958,1343,1822,1969,2117,2283,5,2021-02-24,Eutric Cambisols,50.28736043598306,2.3225017207889516,50,RMQS1,"{""type"":""MultiPoint"",""coordinates"":[]}"
20210224T105031_20210224T105442_T31UDR_000000000000000000b4_0,2230,1599,481,879,1148,1561,1949,2107,2274,2298,5,2021-02-24,Eutric Cambisols,50.28718216659681,2.546611534452438,51,RMQS1,"{""type"":""MultiPoint"",""coordinates"":[]}"
20210224T105031_20210224T105442_T31UDR_000000000000000000c2_0,2546,1983,692,1260,1680,2032,2210,2357,2418,2417,5,2021-02-24,Eutric Cambisols,50.14200369750157,2.992946997301806,66,RMQS1,"{""type"":""MultiPoint"",""coordinates"":[]}"
20210224T105031_20210224T105442_T31UDR_000000000000000000ce_0,2427,1832,591,1108,1470,1855,2114,2236,2322,2329,5,2021-02-24,Eutric Cambisols,49.99996105481551,2.545424692034341,81,RMQS1,"{""type"":""MultiPoint"",""coordinates"":[]}"
20210224T105031_20210224T105442_T31UDR_000000000000000000f4_0,2140,1581,502,929,1230,1458,1574,1675,1812,1709,5,2021-02-24,Eutric Cambisols,49.71258809583164,2.101081697148307,130,RMQS1,"{""type"":""MultiPoint"",""coordinates"":[]}"
20210224T105031_20210224T105442_T31UDR_000000000000000000f7_0,2246,1871,462,926,1296,1557,1628,1685,1716,1780,5,2021-02-24,Eutric Cambisols,49.7120578590372,2.7658288977798313,133,RMQS1,"{""type"":""MultiPoint"",""coordinates"":[]}"
20210224T105031_20210224T105442_T31UDR_000000000000000000ca_0,2487,1672,457,996,1056,1669,2425,2596,2812,2755,5,2021-02-24,Luvic Cambisols,49.99822488625304,1.654081486582689,77,RMQS1,"{""type"":""MultiPoint"",""coordinates"":[]}"
20210224T105031_20210224T105442_T31UDR_000000000000000000db_0,2520,1776,646,1090,1400,1772,2159,2411,2562,2521,5,2021-02-24,Luvic Cambisols,49.85458077799602,1.6560118173559046,100,RMQS1,"{""type"":""MultiPoint"",""coordinates"":[]}"
20210224T105031_20210224T105442_T31UDR_000000000000000000f5_0,1944,1575,288,706,1086,1263,1383,1438,1526,1537,5,2021-02-24,Luvic Cambisols,49.7128174628079,2.3226656536691292,131,RMQS1,"{""type"":""MultiPoint"",""coordinates"":[]}"
20210224T105031_20210224T105442_T31UDR_00000000000000000110_0,2594,1988,855,1448,1970,2260,2419,2522,2568,2566,5,2021-02-24,Luvic Cambisols,49.56894583689343,2.5436666897699416,161,RMQS1,"{""type"":""MultiPoint"",""coordinates"":[]}"
20210224T105031_20210224T105442_T31UDR_0000000000000000010d_0,2716,1815,543,932,1116,1381,1824,2014,2426,2333,5,2021-02-24,Luvic Stagnosols,49.56826098013314,1.8807904892721603,158,RMQS1,"{""type"":""MultiPoint"",""coordinates"":[]}"
20210224T105031_20210224T105442_T31UDR_000000000000000000c0_0,2521,1713,630,1212,1272,1836,2672,2790,3152,2925,5,2021-02-24,Regosols (Colluvic),50.14358454537285,2.546016788788959,64,RMQS1,"{""type"":""MultiPoint"",""coordinates"":[]}"
20210224T105031_20210224T105442_T31UDR_000000000000000000c1_0,2472,1671,300,634,939,1299,1489,1759,1992,2082,5,2021-02-24,Regosols (Colluvic),50.14299796037709,2.7694857901814443,65,RMQS1,"{""type"":""MultiPoint"",""coordinates"":[]}"
20210224T105031_20210224T105442_T31UDR_000000000000000000cc_0,2630,1742,642,1076,1210,1606,2409,2640,2666,2825,5,2021-02-24,Rendzic Leptosols,49.999907534519636,2.099745350209818,79,RMQS1,"{""type"":""MultiPoint"",""coordinates"":[]}"
20210224T105031_20210224T105442_T31UDR_000000000000000000b2_0,1875,1550,234,520,844,1031,1080,1182,1246,1228,5,2021-02-24,Umbric Leptosols,50.28712929849958,2.098392586975514,49,RMQS1,"{""type"":""MultiPoint"",""coordinates"":[]}"
20210224T105031_20210224T105442_T31UDS_000000000000000000a5_0,2244,1546,467,1046,1026,1612,2371,2483,2634,2655,5,2021-02-24,Eutric Cambisols,50.57270752289153,2.998585579809683,30,RMQS1,"{""type"":""MultiPoint"",""coordinates"":[]}"
20210224T105031_20210224T105442_T31UDS_00000000000000000095_0,2558,1850,647,1112,1260,1816,2338,2471,2426,2624,5,2021-02-24,Eutric Stagnosols,50.86124579589512,2.0956387227174256,10,RMQS1,"{""type"":""MultiPoint"",""coordinates"":[]}"
20210224T105031_20210224T105442_T31UDS_00000000000000000096_0,2224,1744,612,1094,1390,1684,1775,1860,2024,2053,5,2021-02-24,Eutric Stagnosols,50.86148089192363,2.3223306827555734,11,RMQS1,"{""type"":""MultiPoint"",""coordinates"":[]}"
20210224T105031_20210224T105442_T31UDS_0000000000000000009c_0,2058,1461,260,658,775,1065,1430,1600,1776,1853,5,2021-02-24,Fluvic Stagnosols,50.71781507092251,2.5484152413342684,20,RMQS1,"{""type"":""MultiPoint"",""coordinates"":[]}"
20210224T105031_20210224T105442_T31UDS_0000000000000000009b_0,2273,1843,849,1120,1144,1614,2031,2155,2260,2440,5,2021-02-24,Luvic Cambisols,50.71799364650035,2.3223741982983093,19,RMQS1,"{""type"":""MultiPoint"",""coordinates"":[]}"
20210224T105031_20210224T105442_T31UDS_000000000000000000a2_0,2475,2061,818,1414,1780,2040,2112,2170,2402,2221,5,2021-02-24,Luvic Cambisols,50.57447695337615,2.3224170220486497,27,RMQS1,"{""type"":""MultiPoint"",""coordinates"":[]}"
20210224T105031_20210224T105442_T31UDS_0000000000000000009f_0,4158,2821,2474,2822,2880,2612,3204,3624,4544,3992,5,2021-02-24,Rendzic Leptosols,50.57254339082955,1.6462577899891515,24,RMQS1,"{""type"":""MultiPoint"",""coordinates"":[]}"
20210224T105031_20210224T105442_T31UEP_0000000000000000020c_0,2419,1801,666,1146,1374,1734,2046,2198,2292,2325,5,2021-02-24,Calcaric Cambisols,48.703458736127025,3.1920859181167343,456,RMQS1,"{""type"":""MultiPoint"",""coordinates"":[]}"
20210224T105031_20210224T105442_T31UEP_0000000000000000027f_0,2609,1642,670,1078,1136,1735,2672,2863,3006,3099,5,2021-02-24,Calcaric Cambisols,48.406418205516395,4.051533416952645,578,RMQS1,"{""type"":""MultiPoint"",""coordinates"":[]}"
20210224T105031_20210224T105442_T31UEP_00000000000000000245_0,2548,2000,708,1164,1410,1725,1962,2067,2138,2207,5,2021-02-24,Eutric Cambisols,48.55788147307679,3.4063886320425496,517,RMQS1,"{""type"":""MultiPoint"",""coordinates"":[]}"
20210224T105031_20210224T105442_T31UEP_0000000000000000035b_0,2320,1494,560,838,885,1278,1641,1828,2040,2157,5,2021-02-24,Eutric Cambisols,47.82776473819446,4.246517265301541,808,RMQS1,"{""type"":""MultiPoint"",""coordinates"":[]}"
20210224T105031_20210224T105442_T31UEP_0000000000000000035c_0,2381,1717,634,992,1220,1597,2151,2329,2422,2460,5,2021-02-24,Eutric Cambisols,47.82407340617893,4.4601231189041926,809,RMQS1,"{""type"":""MultiPoint"",""coordinates"":[]}"
20210224T105031_20210224T105442_T31UEP_00000000000000000247_0,3054,2667,850,1404,1814,2137,2290,2426,2460,2533,5,2021-02-24,Fluvic Cambisols,48.55317262682796,3.8396575992660655,519,RMQS1,"{""type"":""MultiPoint"",""coordinates"":[]}"
20210224T105031_20210224T105442_T31UEP_0000000000000000020e_0,1814,1109,227,400,519,823,1227,1433,1716,1790,5,2021-02-24,Haplic Luvisols,48.6995313336802,3.626588347174376,458,RMQS1,"{""type"":""MultiPoint"",""coordinates"":[]}"
20210224T105031_20210224T105442_T31UEP_000000000000000002ed_0,2217,1454,475,661,781,1102,1463,1639,1888,2003,5,2021-02-24,Luvic Cambisols,48.1263620086628,3.397613536599305,692,RMQS1,"{""type"":""MultiPoint"",""coordinates"":[]}"
20210224T105031_20210224T105442_T31UEP_000000000000000002ee_0,2204,1413,480,686,822,1161,1485,1718,1876,2058,5,2021-02-24,Luvic Cambisols,48.12422320780374,3.612482100567829,693,RMQS1,"{""type"":""MultiPoint"",""coordinates"":[]}"
20210224T105031_20210224T105442_T31UEP_0000000000000000035a_0,2044,1308,493,683,827,1077,1359,1535,1730,1836,5,2021-02-24,Luvic Cambisols,47.831065184730285,4.032883282733883,807,RMQS1,"{""type"":""MultiPoint"",""coordinates"":[]}"
20210224T105031_20210224T105442_T31UEP_000000000000000002ba_0,2356,1514,655,1042,1130,1510,2121,2274,2774,2588,5,2021-02-24,Luvic Stagnosols,48.2555502989698,4.477580917578768,639,RMQS1,"{""type"":""MultiPoint"",""coordinates"":[]}"
20210224T105031_20210224T105442_T31UEP_00000000000000000358_0,2343,1476,446,743,819,1198,1585,1815,1976,2145,5,2021-02-24,Luvic Stagnosols,47.83649278861352,3.6055433677437523,805,RMQS1,"{""type"":""MultiPoint"",""coordinates"":[]}"
20210224T105031_20210224T105442_T31UEP_000000000000000002ef_0,2471,1591,471,708,927,1269,1540,1805,2046,2127,5,2021-02-24,Mollic Umbrisols,48.12169135736008,3.827331260481271,694,RMQS1,"{""type"":""MultiPoint"",""coordinates"":[]}"
20210224T105031_20210224T105442_T31UEP_00000000000000000328_0,2151,1330,663,1086,1212,1631,2413,2546,2596,2821,5,2021-02-24,Regosols (Colluvic),47.971611944960706,4.251723526947866,753,RMQS1,"{""type"":""MultiPoint"",""coordinates"":[]}"
20210224T105031_20210224T105442_T31UEP_0000000000000000020f_0,2870,1936,1030,1432,1808,2234,2635,2823,2906,3057,5,2021-02-24,Rendzic Leptosols,48.69697151537463,3.84381025026381,459,RMQS1,"{""type"":""MultiPoint"",""coordinates"":[]}"
20210224T105031_20210224T105442_T31UEP_00000000000000000210_0,2880,2049,767,1172,1382,1854,2245,2424,2510,2634,5,2021-02-24,Rendzic Leptosols,48.694014170702346,4.061009738712103,460,RMQS1,"{""type"":""MultiPoint"",""coordinates"":[]}"
20210224T105031_20210224T105442_T31UEP_00000000000000000246_0,3070,2194,1106,1710,1818,2369,2844,2985,3112,3186,5,2021-02-24,Rendzic Leptosols,48.55572508899328,3.623033464744165,518,RMQS1,"{""type"":""MultiPoint"",""coordinates"":[]}"
20210224T105031_20210224T105442_T31UEP_0000000000000000027e_0,3343,2654,691,1064,1372,1698,1944,2136,2312,2357,5,2021-02-24,Rendzic Leptosols,48.409359388280585,3.835527167897573,577,RMQS1,"{""type"":""MultiPoint"",""coordinates"":[]}"
20210224T105031_20210224T105442_T31UEP_000000000000000002b7_0,2884,1907,761,1258,1328,1858,2769,2939,3260,3195,5,2021-02-24,Rendzic Leptosols,48.265531928145386,3.8314183567168554,636,RMQS1,"{""type"":""MultiPoint"",""coordinates"":[]}"
20210224T105031_20210224T105442_T31UEP_000000000000000002b8_0,2906,2501,996,1372,1506,2331,2574,2430,2300,2816,5,2021-02-24,Rendzic Leptosols,48.26259874368474,4.046833414678177,637,RMQS1,"{""type"":""MultiPoint"",""coordinates"":[]}"
20210224T105031_20210224T105442_T31UEP_00000000000000000324_0,1968,1846,462,666,786,985,1152,1282,1282,1437,5,2021-02-24,Rendzic Leptosols,47.982497159296926,3.394720601458198,749,RMQS1,"{""type"":""MultiPoint"",""coordinates"":[]}"
20210224T105031_20210224T105442_T31UEP_00000000000000000359_0,2892,1981,550,954,1015,1672,2466,2694,2894,2945,5,2021-02-24,Rendzic Leptosols,47.83397449347843,3.819224578897194,806,RMQS1,"{""type"":""MultiPoint"",""coordinates"":[]}"
20210224T105031_20210224T105442_T31UEP_00000000000000000248_0,2273,1539,460,716,840,1273,1649,1808,1854,1962,5,2021-02-24,Stagnic Gleysols,48.55022351049886,4.056258695022438,520,RMQS1,"{""type"":""MultiPoint"",""coordinates"":[]}"
20210224T105031_20210224T105442_T31UEP_000000000000000002ec_0,2661,1865,903,1522,1664,2083,2670,2775,2946,2865,5,2021-02-24,Stagnic Gleysols,48.12810780180863,3.1827287684756462,691,RMQS1,"{""type"":""MultiPoint"",""coordinates"":[]}"
20210224T105031_20210224T105442_T31UEP_00000000000000000024_0,2289,1464,462,698,833,1251,1631,1823,2072,2194,5,2021-02-24,Eutric Planosols,47.93888889,3.68333333,66251,"{WD-eSOTER,WD-WISE}","{""type"":""MultiPoint"",""coordinates"":[]}"
20210224T105031_20210224T105442_T31UEQ_00000000000000000115_0,2913,2619,769,1218,1592,1824,1918,2060,2142,2230,5,2021-02-24,Calcaric Cambisols,49.562001469354996,3.6483405966440827,166,RMQS1,"{""type"":""MultiPoint"",""coordinates"":[]}"
20210224T105031_20210224T105442_T31UEQ_00000000000000000116_0,1945,1252,183,400,539,935,1387,1564,1562,1921,5,2021-02-24,Calcaric Cambisols,49.559399992076244,3.869226130607295,167,RMQS1,"{""type"":""MultiPoint"",""coordinates"":[]}"
20210224T105031_20210224T105442_T31UEQ_00000000000000000134_0,2780,1791,661,1188,1230,1849,2902,3087,3152,3334,5,2021-02-24,Calcaric Cambisols,49.412712015559535,4.085171344798594,207,RMQS1,"{""type"":""MultiPoint"",""coordinates"":[]}"
20210224T105031_20210224T105442_T31UEQ_00000000000000000135_0,2011,1465,515,816,808,1137,1848,1979,2066,2130,5,2021-02-24,Calcaric Cambisols,49.40931256011699,4.305386426131146,208,RMQS1,"{""type"":""MultiPoint"",""coordinates"":[]}"
20210224T105031_20210224T105442_T31UEQ_0000000000000000017b_0,2329,1477,434,955,1064,1669,2586,2802,2986,2991,5,2021-02-24,Calcaric Cambisols,49.13480900561818,3.1992372340169237,285,RMQS1,"{""type"":""MultiPoint"",""coordinates"":[]}"
20210224T105031_20210224T105442_T31UEQ_0000000000000000017d_0,2018,1480,268,498,579,964,1441,1730,1734,1847,5,2021-02-24,Calcaric Cambisols,49.13084901775118,3.6373714391895806,287,RMQS1,"{""type"":""MultiPoint"",""coordinates"":[]}"
20210224T105031_20210224T105442_T31UEQ_0000000000000000017e_0,2785,2027,626,1030,1100,1550,2229,2348,2644,2641,5,2021-02-24,Calcaric Cambisols,49.128268431433405,3.856408785568261,288,RMQS1,"{""type"":""MultiPoint"",""coordinates"":[]}"
20210224T105031_20210224T105442_T31UEQ_000000000000000001a7_0,2916,2158,642,951,1130,1593,2035,2259,2398,2472,5,2021-02-24,Calcaric Cambisols,48.98709446808667,3.633756216630653,339,RMQS1,"{""type"":""MultiPoint"",""coordinates"":[]}"
20210224T105031_20210224T105442_T31UEQ_000000000000000001db_0,2731,1751,803,1332,1522,2095,2974,3173,3354,3344,5,2021-02-24,Calcaric Cambisols,48.83778942360765,4.065787310355802,399,RMQS1,"{""type"":""MultiPoint"",""coordinates"":[]}"
20210224T105031_20210224T105442_T31UEQ_0000000000000000020c_0,2419,1801,634,1128,1366,1733,2048,2204,2292,2326,5,2021-02-24,Calcaric Cambisols,48.703458736127025,3.1920859181167343,456,RMQS1,"{""type"":""MultiPoint"",""coordinates"":[]}"
20210224T105031_20210224T105442_T31UEQ_000000000000000001da_0,2382,1624,543,1016,1142,1615,2186,2363,2500,2503,5,2021-02-24,Eutric Cambisols,48.84075502171976,3.8479859850554314,398,RMQS1,"{""type"":""MultiPoint"",""coordinates"":[]}"
20210224T105031_20210224T105442_T31UEQ_000000000000000008c1_0,2037,1331,330,533,719,1069,1322,1525,1648,1875,5,2021-02-24,Eutric Cambisols,49.12528769510129,4.075423287142203,10289,RMQS1,"{""type"":""MultiPoint"",""coordinates"":[]}"
20210224T105031_20210224T105442_T31UEQ_00000000000000000131_0,1975,1640,402,819,1230,1384,1443,1521,1600,1611,5,2021-02-24,Haplic Luvisols,49.42049525316113,3.424376574569905,204,RMQS1,"{""type"":""MultiPoint"",""coordinates"":[]}"
20210224T105031_20210224T105442_T31UEQ_0000000000000000017c_0,1993,1553,476,868,1210,1502,1591,1652,1624,1770,5,2021-02-24,Haplic Luvisols,49.13302940640497,3.4183131268373956,286,RMQS1,"{""type"":""MultiPoint"",""coordinates"":[]}"
20210224T105031_20210224T105442_T31UEQ_0000000000000000020e_0,1810,1106,202,391,514,821,1229,1438,1718,1788,5,2021-02-24,Haplic Luvisols,48.6995313336802,3.626588347174376,458,RMQS1,"{""type"":""MultiPoint"",""coordinates"":[]}"
20210224T105031_20210224T105442_T31UEQ_00000000000000000114_0,2285,1512,278,519,766,1105,1392,1644,1978,2051,5,2021-02-24,Luvic Stagnosols,49.564198739367406,3.42743370535925,165,RMQS1,"{""type"":""MultiPoint"",""coordinates"":[]}"
20210224T105031_20210224T105442_T31UEQ_000000000000000001a6_0,1880,1190,269,476,583,838,1278,1474,1812,1765,5,2021-02-24,Luvic Stagnosols,48.98926866862988,3.4153067989899237,338,RMQS1,"{""type"":""MultiPoint"",""coordinates"":[]}"
20210224T105031_20210224T105442_T31UEQ_000000000000000001d7_0,2100,1384,170,387,489,1012,1506,1787,1572,2087,5,2021-02-24,Luvic Stagnosols,48.84725988004231,3.194456849024544,395,RMQS1,"{""type"":""MultiPoint"",""coordinates"":[]}"
20210224T105031_20210224T105442_T31UEQ_00000000000000000159_0,2977,2387,1019,1416,1750,1949,2220,2329,2434,2542,5,2021-02-24,Regosols (Colluvic),49.26900917934291,4.080283111786636,246,RMQS1,"{""type"":""MultiPoint"",""coordinates"":[]}"
20210224T105031_20210224T105442_T31UEQ_0000000000000000015a_0,2586,1538,777,1290,1360,2032,3033,3363,3540,3537,5,2021-02-24,Regosols (Colluvic),49.265619142621546,4.299883218473971,247,RMQS1,"{""type"":""MultiPoint"",""coordinates"":[]}"
20210224T105031_20210224T105442_T31UEQ_000000000000000001dc_0,3153,2400,1034,1462,1888,2177,2421,2671,2740,2828,5,2021-02-24,Rendzic Leptosols,48.83442503518052,4.283563095018126,400,RMQS1,"{""type"":""MultiPoint"",""coordinates"":[]}"
20210224T105031_20210224T105442_T31UEQ_0000000000000000020f_0,2890,1949,1005,1432,1814,2248,2653,2843,2928,3075,5,2021-02-24,Rendzic Leptosols,48.69697151537463,3.84381025026381,459,RMQS1,"{""type"":""MultiPoint"",""coordinates"":[]}"
20210224T105031_20210224T105442_T31UEQ_00000000000000000210_0,2876,2047,731,1154,1374,1850,2242,2422,2508,2627,5,2021-02-24,Rendzic Leptosols,48.694014170702346,4.061009738712103,460,RMQS1,"{""type"":""MultiPoint"",""coordinates"":[]}"
20210224T105031_20210224T105442_T31UER_000000000000000000b9_0,2175,1609,518,1088,1252,1690,2225,2343,2355,2388,5,2021-02-24,Eutric Cambisols,50.280149853725916,3.667038667407024,56,RMQS1,"{""type"":""MultiPoint"",""coordinates"":[]}"
20210224T105031_20210224T105442_T31UER_000000000000000000d1_0,2207,1454,457,929,1086,1600,2663,2860,3111,3052,5,2021-02-24,Eutric Cambisols,49.99698425992098,3.2139053697907163,84,RMQS1,"{""type"":""MultiPoint"",""coordinates"":[]}"
20210224T105031_20210224T105442_T31UER_000000000000000000d5_0,2224,1636,615,1046,1408,1721,1892,2061,2085,2089,5,2021-02-24,Eutric Cambisols,49.98731026923445,4.1050002007211415,88,RMQS1,"{""type"":""MultiPoint"",""coordinates"":[]}"
20210224T105031_20210224T105442_T31UER_000000000000000000e3_0,2219,1603,395,796,1178,1377,1445,1548,1657,1727,5,2021-02-24,Eutric Cambisols,49.85154127658212,3.433600324543512,108,RMQS1,"{""type"":""MultiPoint"",""coordinates"":[]}"
20210224T105031_20210224T105442_T31UER_000000000000000000fb_0,1892,1525,368,873,1226,1372,1426,1494,1570,1572,5,2021-02-24,Haplic Luvisols,49.70567786204237,3.652038113507865,137,RMQS1,"{""type"":""MultiPoint"",""coordinates"":[]}"
20210224T105031_20210224T105442_T31UER_000000000000000000fd_0,2306,1496,453,994,1066,1680,2635,2862,2968,2979,5,2021-02-24,Haplic Luvisols,49.700056004656744,4.095030212917225,139,RMQS1,"{""type"":""MultiPoint"",""coordinates"":[]}"
20210224T105031_20210224T105442_T31UER_00000000000000000114_0,2307,1524,251,506,763,1108,1396,1652,1974,2066,5,2021-02-24,Luvic Stagnosols,49.564198739367406,3.42743370535925,165,RMQS1,"{""type"":""MultiPoint"",""coordinates"":[]}"
20210224T105031_20210224T105442_T31UFP_0000000000000000024a_0,2935,2217,812,1254,1508,1914,2319,2447,2544,2623,5,2021-02-24,Calcaric Cambisols,48.54313673632617,4.4893801670582985,522,RMQS1,"{""type"":""MultiPoint"",""coordinates"":[]}"
20210224T105031_20210224T105442_T31UFP_000000000000000002bb_0,3093,2458,1011,1472,1814,1999,2171,2270,2448,2406,5,2021-02-24,Calcaric Cambisols,48.25143516324276,4.692909482923313,640,RMQS1,"{""type"":""MultiPoint"",""coordinates"":[]}"
20210224T105031_20210224T105442_T31UFP_00000000000000000213_0,3131,2394,1458,1844,2036,2226,2477,2632,2778,2787,5,2021-02-24,Eutric Cambisols,48.6827591856006,4.712439211085572,463,RMQS1,"{""type"":""MultiPoint"",""coordinates"":[]}"
20210224T105031_20210224T105442_T31UFP_00000000000000000281_0,2675,1845,738,1122,1184,1727,2551,2825,3042,3084,5,2021-02-24,Eutric Cambisols,48.399350716545385,4.483464387234075,580,RMQS1,"{""type"":""MultiPoint"",""coordinates"":[]}"
20210224T105031_20210224T105442_T31UFP_0000000000000000035c_0,2381,1717,645,995,1220,1600,2159,2339,2426,2467,5,2021-02-24,Eutric Cambisols,47.82407340617893,4.4601231189041926,809,RMQS1,"{""type"":""MultiPoint"",""coordinates"":[]}"
20210224T105031_20210224T105442_T31UFP_00000000000000000214_0,2202,1433,522,746,890,1117,1404,1573,1898,1894,5,2021-02-24,Haplic Luvisols,48.67821437273791,4.929513217351333,464,RMQS1,"{""type"":""MultiPoint"",""coordinates"":[]}"
20210224T105031_20210224T105442_T31UFP_000000000000000002ba_0,2356,1514,672,1064,1144,1520,2137,2285,2800,2598,5,2021-02-24,Luvic Stagnosols,48.2555502989698,4.477580917578768,639,RMQS1,"{""type"":""MultiPoint"",""coordinates"":[]}"
20210224T105031_20210224T105442_T31UFP_00000000000000000212_0,3353,2435,1404,1974,2224,2633,2824,2869,3028,3133,5,2021-02-24,Rendzic Leptosols,48.68690742446665,4.495328388213507,462,RMQS1,"{""type"":""MultiPoint"",""coordinates"":[]}"
20210224T105031_20210224T105442_T31UFQ_0000000000000000011c_0,2590,1841,492,865,1236,1425,1673,1846,2056,2032,5,2021-02-24,Calcaric Cambisols,49.53531421563954,5.1939061262094794,173,RMQS1,"{""type"":""MultiPoint"",""coordinates"":[]}"
20210224T105031_20210224T105442_T31UFQ_00000000000000000136_0,2987,2280,803,1216,1576,1901,2062,2222,2336,2449,5,2021-02-24,Calcaric Cambisols,49.40551025571671,4.525570398787132,209,RMQS1,"{""type"":""MultiPoint"",""coordinates"":[]}"
20210224T105031_20210224T105442_T31UFQ_00000000000000000139_0,2340,1497,526,916,864,1544,2477,2736,3042,2906,5,2021-02-24,Calcaric Cambisols,49.39168859178703,5.185901022876382,212,RMQS1,"{""type"":""MultiPoint"",""coordinates"":[]}"
20210224T105031_20210224T105442_T31UFQ_0000000000000000015b_0,3088,2539,868,1258,1646,1893,2031,2160,2286,2292,5,2021-02-24,Calcaric Cambisols,49.261827045241304,4.519452882190931,248,RMQS1,"{""type"":""MultiPoint"",""coordinates"":[]}"
20210224T105031_20210224T105442_T31UFQ_0000000000000000015e_0,2155,1343,359,601,790,1111,1456,1652,1866,2078,5,2021-02-24,Calcaric Cambisols,49.24804220732922,5.177941315731915,251,RMQS1,"{""type"":""MultiPoint"",""coordinates"":[]}"
20210224T105031_20210224T105442_T31UFQ_000000000000000001ab_0,2877,2051,640,1068,1286,1944,2341,2486,2540,2642,5,2021-02-24,Calcaric Cambisols,48.97440230177886,4.507322370591027,343,RMQS1,"{""type"":""MultiPoint"",""coordinates"":[]}"
20210224T105031_20210224T105442_T31UFQ_000000000000000001df_0,2684,2076,863,1296,1490,1703,1860,1966,2120,2176,5,2021-02-24,Calcaric Cambisols,48.821946019086994,4.93669536884499,403,RMQS1,"{""type"":""MultiPoint"",""coordinates"":[]}"
20210224T105031_20210224T105442_T31UFQ_00000000000000000213_0,3124,2396,1448,1842,2030,2222,2468,2616,2770,2773,5,2021-02-24,Eutric Cambisols,48.6827591856006,4.712439211085572,463,RMQS1,"{""type"":""MultiPoint"",""coordinates"":[]}"
20210224T105031_20210224T105442_T31UFQ_000000000000000001dd_0,2912,2204,905,1404,1538,2008,2375,2508,2570,2724,5,2021-02-24,Eutric Fluvisols,48.83066283755028,4.501308939409007,401,RMQS1,"{""type"":""MultiPoint"",""coordinates"":[]}"
20210224T105031_20210224T105442_T31UFQ_0000000000000000011d_0,2674,1852,631,998,1132,1546,2043,2195,2298,2245,5,2021-02-24,Eutric Stagnosols,49.52988794759481,5.4145479932327865,174,RMQS1,"{""type"":""MultiPoint"",""coordinates"":[]}"
20210224T105031_20210224T105442_T31UFQ_0000000000000000015d_0,2068,1334,417,641,791,1024,1329,1462,1826,1808,5,2021-02-24,Haplic Luvisols,49.253038026442226,4.9584854591189,250,RMQS1,"{""type"":""MultiPoint"",""coordinates"":[]}"
20210224T105031_20210224T105442_T31UFQ_00000000000000000214_0,2198,1432,503,738,880,1107,1392,1560,1888,1881,5,2021-02-24,Haplic Luvisols,48.67821437273791,4.929513217351333,464,RMQS1,"{""type"":""MultiPoint"",""coordinates"":[]}"
20210224T105031_20210224T105442_T31UFQ_00000000000000000183_0,2427,1559,621,1092,1176,1712,2483,2714,2866,2852,5,2021-02-24,Mollic Umbrisols,49.104376378414244,5.170026231041101,294,RMQS1,"{""type"":""MultiPoint"",""coordinates"":[]}"
20210224T105031_20210224T105442_T31UFQ_00000000000000000181_0,2976,2068,831,1332,1570,2048,2558,2750,2906,2999,5,2021-02-24,Rendzic Leptosols,49.11394157902409,4.732294541267736,292,RMQS1,"{""type"":""MultiPoint"",""coordinates"":[]}"
20210224T105031_20210224T105442_T31UFQ_00000000000000000212_0,3370,2447,1394,1980,2230,2642,2834,2881,3052,3147,5,2021-02-24,Rendzic Leptosols,48.68690742446665,4.495328388213507,462,RMQS1,"{""type"":""MultiPoint"",""coordinates"":[]}"
20210224T105031_20210224T105442_T31UFQ_00000000000000000119_0,2063,1509,495,849,884,1346,1785,1870,1898,2040,5,2021-02-24,Vertic Cambisols,49.54917309265782,4.5317230180671295,170,RMQS1,"{""type"":""MultiPoint"",""coordinates"":[]}"
20210224T105031_20210224T105442_T31UFR_00000000000000000102_0,2244,1373,387,586,676,1040,1498,1644,1794,2003,5,2021-02-24,Haplic Luvisols,49.678917855605576,5.201957134936044,144,RMQS1,"{""type"":""MultiPoint"",""coordinates"":[]}"
